hssd_id,category,review_tier,access_sides,current_axis,current_confidence,current_front_view_image_index,current_validation_status,render_complete,render_dir
03ba174d13db7f909a79cb64d4319383c6fa99ee,armoire,high_priority_semantic_front,front,"[0.0,0.0,1.0]",0.2,,pending_asset_front_audit,True,/data/task3_2/share_data/scenesmith/hssd_rendered_assets/03ba174d13db7f909a79cb64d4319383c6fa99ee
0435460643f982a6b247ee4cd009c9a56eb133cb,armoire,high_priority_semantic_front,front,"[0.0,0.0,1.0]",0.2,,pending_asset_front_audit,True,/data/task3_2/share_data/scenesmith/hssd_rendered_assets/0435460643f982a6b247ee4cd009c9a56eb133cb
0486ae7dd0b011240a162dc0ff1d96e2cac23dca,armoire,high_priority_semantic_front,front,"[0.0,0.0,1.0]",0.2,,pending_asset_front_audit,True,/data/task3_2/share_data/scenesmith/hssd_rendered_assets/0486ae7dd0b011240a162dc0ff1d96e2cac23dca
0546a524f6584d5beeaf8a72b3df494f9ceeec90,armoire,high_priority_semantic_front,front,"[0.0,0.0,1.0]",0.2,,pending_asset_front_audit,True,/data/task3_2/share_data/scenesmith/hssd_rendered_assets/0546a524f6584d5beeaf8a72b3df494f9ceeec90
06764d11dcec69878cc762c36482be5ef2865443,armoire,high_priority_semantic_front,front,"[0.0,0.0,1.0]",0.2,,pending_asset_front_audit,True,/data/task3_2/share_data/scenesmith/hssd_rendered_assets/06764d11dcec69878cc762c36482be5ef2865443
0760a3dd43bd9dd9c0ec1ea4e033c6e121d92df5,armoire,high_priority_semantic_front,front,"[0.0,0.0,1.0]",0.2,,pending_asset_front_audit,True,/data/task3_2/share_data/scenesmith/hssd_rendered_assets/0760a3dd43bd9dd9c0ec1ea4e033c6e121d92df5
08045ba4de0a267910c938a065e0842159d3c0e6,armoire,high_priority_semantic_front,front,"[0.0,0.0,1.0]",0.2,,pending_asset_front_audit,True,/data/task3_2/share_data/scenesmith/hssd_rendered_assets/08045ba4de0a267910c938a065e0842159d3c0e6
09a06a10e1fb974571bbf56cbf80598ca2dea07b,armoire,high_priority_semantic_front,front,"[0.0,0.0,1.0]",0.2,,pending_asset_front_audit,True,/data/task3_2/share_data/scenesmith/hssd_rendered_assets/09a06a10e1fb974571bbf56cbf80598ca2dea07b
0c5661f4da12434fca0546701f1b00c22edd563f,armoire,high_priority_semantic_front,front,"[0.0,0.0,1.0]",0.2,,pending_asset_front_audit,True,/data/task3_2/share_data/scenesmith/hssd_rendered_assets/0c5661f4da12434fca0546701f1b00c22edd563f
11f8b552a802c6233a1332713568f05f901b725c,armoire,high_priority_semantic_front,front,"[0.0,0.0,1.0]",0.2,,pending_asset_front_audit,True,/data/task3_2/share_data/scenesmith/hssd_rendered_assets/11f8b552a802c6233a1332713568f05f901b725c
12001de4686bf2e4b9c721c93b35a424dd48249f,armoire,high_priority_semantic_front,front,"[0.0,0.0,1.0]",0.2,,pending_asset_front_audit,True,/data/task3_2/share_data/scenesmith/hssd_rendered_assets/12001de4686bf2e4b9c721c93b35a424dd48249f
12279170351af560f40ced884359cc539984e111,armoire,high_priority_semantic_front,front,"[0.0,0.0,1.0]",0.2,,pending_asset_front_audit,True,/data/task3_2/share_data/scenesmith/hssd_rendered_assets/12279170351af560f40ced884359cc539984e111
128b5f2d072869004b7a218ab674f93f73a66670,armoire,high_priority_semantic_front,front,"[0.0,0.0,1.0]",0.2,,pending_asset_front_audit,True,/data/task3_2/share_data/scenesmith/hssd_rendered_assets/128b5f2d072869004b7a218ab674f93f73a66670
14b974e9ef733a0a753ea88b1633551271031a0d,armoire,high_priority_semantic_front,front,"[0.0,0.0,1.0]",0.2,,pending_asset_front_audit,True,/data/task3_2/share_data/scenesmith/hssd_rendered_assets/14b974e9ef733a0a753ea88b1633551271031a0d
16b93d86d1a466f5982e60c8d322ddd8f312056e,armoire,high_priority_semantic_front,front,"[0.0,0.0,1.0]",0.2,,pending_asset_front_audit,True,/data/task3_2/share_data/scenesmith/hssd_rendered_assets/16b93d86d1a466f5982e60c8d322ddd8f312056e
17a563b45ad4ccdd0ec9e026cacb949657536e48,armoire,high_priority_semantic_front,front,"[0.0,0.0,1.0]",0.2,,pending_asset_front_audit,True,/data/task3_2/share_data/scenesmith/hssd_rendered_assets/17a563b45ad4ccdd0ec9e026cacb949657536e48
19bc84c6aca89995b69259a0ec179eaa5532ba2b,armoire,high_priority_semantic_front,front,"[0.0,0.0,1.0]",0.2,,pending_asset_front_audit,True,/data/task3_2/share_data/scenesmith/hssd_rendered_assets/19bc84c6aca89995b69259a0ec179eaa5532ba2b
19d770d71094e9160fdcdfec57bed4683afcd1e4,armoire,high_priority_semantic_front,front,"[0.0,0.0,1.0]",0.2,,pending_asset_front_audit,True,/data/task3_2/share_data/scenesmith/hssd_rendered_assets/19d770d71094e9160fdcdfec57bed4683afcd1e4
1a83f76b3e1e0d00521c4cc2c791e94ae7af4f5a,armoire,high_priority_semantic_front,front,"[0.0,0.0,1.0]",0.2,,pending_asset_front_audit,True,/data/task3_2/share_data/scenesmith/hssd_rendered_assets/1a83f76b3e1e0d00521c4cc2c791e94ae7af4f5a
1ffa630662e8feac26e3f7f6c41f8afc66a81928,armoire,high_priority_semantic_front,front,"[0.0,0.0,1.0]",0.2,,pending_asset_front_audit,True,/data/task3_2/share_data/scenesmith/hssd_rendered_assets/1ffa630662e8feac26e3f7f6c41f8afc66a81928
21558be8922692da15d54962cb7e5ab2c4fb6653,armoire,high_priority_semantic_front,front,"[0.0,0.0,1.0]",0.2,,pending_asset_front_audit,True,/data/task3_2/share_data/scenesmith/hssd_rendered_assets/21558be8922692da15d54962cb7e5ab2c4fb6653
24f8284e4bdef4397e5b12dc4f2b74a137d63dbb,armoire,high_priority_semantic_front,front,"[0.0,0.0,1.0]",0.2,,pending_asset_front_audit,True,/data/task3_2/share_data/scenesmith/hssd_rendered_assets/24f8284e4bdef4397e5b12dc4f2b74a137d63dbb
277958364721b09b0ac36c6ac1c4382f37e406c9,armoire,high_priority_semantic_front,front,"[0.0,0.0,1.0]",0.2,,pending_asset_front_audit,True,/data/task3_2/share_data/scenesmith/hssd_rendered_assets/277958364721b09b0ac36c6ac1c4382f37e406c9
277a090638f90cdcd36bb8289cbb5aa153032fad,armoire,high_priority_semantic_front,front,"[0.0,0.0,1.0]",0.2,,pending_asset_front_audit,True,/data/task3_2/share_data/scenesmith/hssd_rendered_assets/277a090638f90cdcd36bb8289cbb5aa153032fad
27eda9b8daae5b3b6748bc329fe7e312cbd9d232,armoire,high_priority_semantic_front,front,"[0.0,0.0,1.0]",0.2,,pending_asset_front_audit,True,/data/task3_2/share_data/scenesmith/hssd_rendered_assets/27eda9b8daae5b3b6748bc329fe7e312cbd9d232
28555a5e8afd0f7833d23fb947b228461bd5baf1,armoire,high_priority_semantic_front,front,"[0.0,0.0,1.0]",0.2,,pending_asset_front_audit,True,/data/task3_2/share_data/scenesmith/hssd_rendered_assets/28555a5e8afd0f7833d23fb947b228461bd5baf1
29a397a12d8afa897fc37a580a5b040632ae4303,armoire,high_priority_semantic_front,front,"[0.0,0.0,1.0]",0.2,,pending_asset_front_audit,True,/data/task3_2/share_data/scenesmith/hssd_rendered_assets/29a397a12d8afa897fc37a580a5b040632ae4303
2c31adfeb4c1596fba2992437c4ce203633dce21,armoire,high_priority_semantic_front,front,"[0.0,0.0,1.0]",0.2,,pending_asset_front_audit,True,/data/task3_2/share_data/scenesmith/hssd_rendered_assets/2c31adfeb4c1596fba2992437c4ce203633dce21
2e32ff526dbeb03092164450a309d084a99879cd,armoire,high_priority_semantic_front,front,"[0.0,0.0,1.0]",0.2,,pending_asset_front_audit,True,/data/task3_2/share_data/scenesmith/hssd_rendered_assets/2e32ff526dbeb03092164450a309d084a99879cd
2f9d7000ad830a8f5cab7de9041a427447b6d6af,armoire,high_priority_semantic_front,front,"[0.0,0.0,1.0]",0.2,,pending_asset_front_audit,True,/data/task3_2/share_data/scenesmith/hssd_rendered_assets/2f9d7000ad830a8f5cab7de9041a427447b6d6af
3033be75f2ac15885e8f4813dc55e168af09e91f,armoire,high_priority_semantic_front,front,"[0.0,0.0,1.0]",0.2,,pending_asset_front_audit,True,/data/task3_2/share_data/scenesmith/hssd_rendered_assets/3033be75f2ac15885e8f4813dc55e168af09e91f
30ebb83f48ea03738e4530f17940775b8a251b03,armoire,high_priority_semantic_front,front,"[0.0,0.0,1.0]",0.2,,pending_asset_front_audit,True,/data/task3_2/share_data/scenesmith/hssd_rendered_assets/30ebb83f48ea03738e4530f17940775b8a251b03
31f68105b89b6bc24eb8d5e238ed42ae382fc78f,armoire,high_priority_semantic_front,front,"[0.0,0.0,1.0]",0.2,,pending_asset_front_audit,True,/data/task3_2/share_data/scenesmith/hssd_rendered_assets/31f68105b89b6bc24eb8d5e238ed42ae382fc78f
3a48ae6d5886879be81acaec677cbd8cdbd3f2db,armoire,high_priority_semantic_front,front,"[0.0,0.0,1.0]",0.2,,pending_asset_front_audit,True,/data/task3_2/share_data/scenesmith/hssd_rendered_assets/3a48ae6d5886879be81acaec677cbd8cdbd3f2db
3bc24e0ea79ade13d4703ca23ece1e4019f9b70b,armoire,high_priority_semantic_front,front,"[0.0,0.0,1.0]",0.2,,pending_asset_front_audit,True,/data/task3_2/share_data/scenesmith/hssd_rendered_assets/3bc24e0ea79ade13d4703ca23ece1e4019f9b70b
3e40038f7ac311b80e217680e2db1043f3ac12ec,armoire,high_priority_semantic_front,front,"[0.0,0.0,1.0]",0.2,,pending_asset_front_audit,True,/data/task3_2/share_data/scenesmith/hssd_rendered_assets/3e40038f7ac311b80e217680e2db1043f3ac12ec
41bafa470b4e4eb9ed3a8fb57a8d4ba5b321a939,armoire,high_priority_semantic_front,front,"[0.0,0.0,1.0]",0.2,,pending_asset_front_audit,True,/data/task3_2/share_data/scenesmith/hssd_rendered_assets/41bafa470b4e4eb9ed3a8fb57a8d4ba5b321a939
47c0662e06b5b13479b44aca8a3b9094cc99ee46,armoire,high_priority_semantic_front,front,"[0.0,0.0,1.0]",0.2,,pending_asset_front_audit,True,/data/task3_2/share_data/scenesmith/hssd_rendered_assets/47c0662e06b5b13479b44aca8a3b9094cc99ee46
49c43df0f4010e965d68f8f748c9810b335ca4a7,armoire,high_priority_semantic_front,front,"[0.0,0.0,1.0]",0.2,,pending_asset_front_audit,True,/data/task3_2/share_data/scenesmith/hssd_rendered_assets/49c43df0f4010e965d68f8f748c9810b335ca4a7
4b02240753963be92086f8fb2e1ec3e2a3259e77,armoire,high_priority_semantic_front,front,"[0.0,0.0,1.0]",0.2,,pending_asset_front_audit,True,/data/task3_2/share_data/scenesmith/hssd_rendered_assets/4b02240753963be92086f8fb2e1ec3e2a3259e77
4ba52fb378a3d5f0e77f42146cc0d9c248479ace,armoire,high_priority_semantic_front,front,"[0.0,0.0,1.0]",0.2,,pending_asset_front_audit,True,/data/task3_2/share_data/scenesmith/hssd_rendered_assets/4ba52fb378a3d5f0e77f42146cc0d9c248479ace
4c246a64de4bb9fcce09ff4523db1661f42d2d95,armoire,high_priority_semantic_front,front,"[0.0,0.0,1.0]",0.2,,pending_asset_front_audit,True,/data/task3_2/share_data/scenesmith/hssd_rendered_assets/4c246a64de4bb9fcce09ff4523db1661f42d2d95
4e0a645fa6515ad09308a5243cd77e3975e4c4da,armoire,high_priority_semantic_front,front,"[0.0,0.0,1.0]",0.2,,pending_asset_front_audit,True,/data/task3_2/share_data/scenesmith/hssd_rendered_assets/4e0a645fa6515ad09308a5243cd77e3975e4c4da
50eb135790c20484ce0067c57c4ff3414312429b,armoire,high_priority_semantic_front,front,"[0.0,0.0,1.0]",0.2,,pending_asset_front_audit,True,/data/task3_2/share_data/scenesmith/hssd_rendered_assets/50eb135790c20484ce0067c57c4ff3414312429b
51b1228d7e9384c9c8b70e2de4a86426b0c2d818,armoire,high_priority_semantic_front,front,"[0.0,0.0,1.0]",0.2,,pending_asset_front_audit,True,/data/task3_2/share_data/scenesmith/hssd_rendered_assets/51b1228d7e9384c9c8b70e2de4a86426b0c2d818
5234e3e43ed32fc53724bb4052eb1bce39109e02,armoire,high_priority_semantic_front,front,"[0.0,0.0,1.0]",0.2,,pending_asset_front_audit,True,/data/task3_2/share_data/scenesmith/hssd_rendered_assets/5234e3e43ed32fc53724bb4052eb1bce39109e02
52ece22f4c47ace86f4635ce5d3498d1e7a09689,armoire,high_priority_semantic_front,front,"[0.0,0.0,1.0]",0.2,,pending_asset_front_audit,True,/data/task3_2/share_data/scenesmith/hssd_rendered_assets/52ece22f4c47ace86f4635ce5d3498d1e7a09689
5596617b6e256dd94a6af0aaf0a70dd0121262f0,armoire,high_priority_semantic_front,front,"[0.0,0.0,1.0]",0.2,,pending_asset_front_audit,True,/data/task3_2/share_data/scenesmith/hssd_rendered_assets/5596617b6e256dd94a6af0aaf0a70dd0121262f0
562cfdfd85a00ffbefbfba9fb6f54e171c99294c,armoire,high_priority_semantic_front,front,"[0.0,0.0,1.0]",0.2,,pending_asset_front_audit,True,/data/task3_2/share_data/scenesmith/hssd_rendered_assets/562cfdfd85a00ffbefbfba9fb6f54e171c99294c
57966e0a857591dab70815223ad393ffb6134f5b,armoire,high_priority_semantic_front,front,"[0.0,0.0,1.0]",0.2,,pending_asset_front_audit,True,/data/task3_2/share_data/scenesmith/hssd_rendered_assets/57966e0a857591dab70815223ad393ffb6134f5b
57f69b32d5b69de30730fccc2d15b660f08a6aa8,armoire,high_priority_semantic_front,front,"[0.0,0.0,1.0]",0.2,,pending_asset_front_audit,True,/data/task3_2/share_data/scenesmith/hssd_rendered_assets/57f69b32d5b69de30730fccc2d15b660f08a6aa8
5855df4f61c036448115abedf5aa947a6383b1ce,armoire,high_priority_semantic_front,front,"[0.0,0.0,1.0]",0.2,,pending_asset_front_audit,True,/data/task3_2/share_data/scenesmith/hssd_rendered_assets/5855df4f61c036448115abedf5aa947a6383b1ce
5cf876c569c3225eab848d4269c7baa489f85014,armoire,high_priority_semantic_front,front,"[0.0,0.0,1.0]",0.2,,pending_asset_front_audit,True,/data/task3_2/share_data/scenesmith/hssd_rendered_assets/5cf876c569c3225eab848d4269c7baa489f85014
5e74de078d0d0bd18ecb9f41feb1fd2aef42d478,armoire,high_priority_semantic_front,front,"[0.0,0.0,1.0]",0.2,,pending_asset_front_audit,True,/data/task3_2/share_data/scenesmith/hssd_rendered_assets/5e74de078d0d0bd18ecb9f41feb1fd2aef42d478
602e95402b712af5ac6273ce4d2d2e6f57229516,armoire,high_priority_semantic_front,front,"[0.0,0.0,1.0]",0.2,,pending_asset_front_audit,True,/data/task3_2/share_data/scenesmith/hssd_rendered_assets/602e95402b712af5ac6273ce4d2d2e6f57229516
622f74d682e7ffa33598568e362f5a0d3cd8a144,armoire,high_priority_semantic_front,front,"[0.0,0.0,1.0]",0.2,,pending_asset_front_audit,True,/data/task3_2/share_data/scenesmith/hssd_rendered_assets/622f74d682e7ffa33598568e362f5a0d3cd8a144
674b628a31866a0ccef740fbb4836d8aca5a5d51,armoire,high_priority_semantic_front,front,"[0.0,0.0,1.0]",0.2,,pending_asset_front_audit,True,/data/task3_2/share_data/scenesmith/hssd_rendered_assets/674b628a31866a0ccef740fbb4836d8aca5a5d51
68e0c3ea856e5d85c915e534db8f7ce071012e58,armoire,high_priority_semantic_front,front,"[0.0,0.0,1.0]",0.2,,pending_asset_front_audit,True,/data/task3_2/share_data/scenesmith/hssd_rendered_assets/68e0c3ea856e5d85c915e534db8f7ce071012e58
69340d8678701e72f39cc01890da1b8af3fd603d,armoire,high_priority_semantic_front,front,"[0.0,0.0,1.0]",0.2,,pending_asset_front_audit,True,/data/task3_2/share_data/scenesmith/hssd_rendered_assets/69340d8678701e72f39cc01890da1b8af3fd603d
6bb6bee19a1dd2034abea1ba84107ef7264897ae,armoire,high_priority_semantic_front,front,"[0.0,0.0,1.0]",0.2,,pending_asset_front_audit,True,/data/task3_2/share_data/scenesmith/hssd_rendered_assets/6bb6bee19a1dd2034abea1ba84107ef7264897ae
6f2bb312036ebbae505dbdc84cd4316e48736776,armoire,high_priority_semantic_front,front,"[0.0,0.0,1.0]",0.2,,pending_asset_front_audit,True,/data/task3_2/share_data/scenesmith/hssd_rendered_assets/6f2bb312036ebbae505dbdc84cd4316e48736776
7094e30496b2735c235819e99c509769dc30502d,armoire,high_priority_semantic_front,front,"[0.0,0.0,1.0]",0.2,,pending_asset_front_audit,True,/data/task3_2/share_data/scenesmith/hssd_rendered_assets/7094e30496b2735c235819e99c509769dc30502d
70c22b0935fa1ab0e9fcfe5dd52ddc7ff94f47a7,armoire,high_priority_semantic_front,front,"[0.0,0.0,1.0]",0.2,,pending_asset_front_audit,True,/data/task3_2/share_data/scenesmith/hssd_rendered_assets/70c22b0935fa1ab0e9fcfe5dd52ddc7ff94f47a7
74da20ef257e10a06164a588ce1e2f80c43f543c,armoire,high_priority_semantic_front,front,"[0.0,0.0,1.0]",0.2,,pending_asset_front_audit,True,/data/task3_2/share_data/scenesmith/hssd_rendered_assets/74da20ef257e10a06164a588ce1e2f80c43f543c
7629cab57668d2f1befe0a554e212d4f36849056,armoire,high_priority_semantic_front,front,"[0.0,0.0,1.0]",0.2,,pending_asset_front_audit,True,/data/task3_2/share_data/scenesmith/hssd_rendered_assets/7629cab57668d2f1befe0a554e212d4f36849056
7e7d4081032a219390bc671fc4a88f2ef0a466ff,armoire,high_priority_semantic_front,front,"[0.0,0.0,1.0]",0.2,,pending_asset_front_audit,True,/data/task3_2/share_data/scenesmith/hssd_rendered_assets/7e7d4081032a219390bc671fc4a88f2ef0a466ff
83d5a78a042210c917fd7d14d57ac69feb6988f0,armoire,high_priority_semantic_front,front,"[0.0,0.0,1.0]",0.2,,pending_asset_front_audit,True,/data/task3_2/share_data/scenesmith/hssd_rendered_assets/83d5a78a042210c917fd7d14d57ac69feb6988f0
84aa04a73ce6d41924c80ae06dee7761cc4308bf,armoire,high_priority_semantic_front,front,"[0.0,0.0,1.0]",0.2,,pending_asset_front_audit,True,/data/task3_2/share_data/scenesmith/hssd_rendered_assets/84aa04a73ce6d41924c80ae06dee7761cc4308bf
866b15a5849b5fa280d8130033062720684aa283,armoire,high_priority_semantic_front,front,"[0.0,0.0,1.0]",0.2,,pending_asset_front_audit,True,/data/task3_2/share_data/scenesmith/hssd_rendered_assets/866b15a5849b5fa280d8130033062720684aa283
8adff54532c5b497625e63c05997fa166786f5f3,armoire,high_priority_semantic_front,front,"[0.0,0.0,1.0]",0.2,,pending_asset_front_audit,True,/data/task3_2/share_data/scenesmith/hssd_rendered_assets/8adff54532c5b497625e63c05997fa166786f5f3
8c9040d12b61c83a5708ee399ff38ddd14450e35,armoire,high_priority_semantic_front,front,"[0.0,0.0,1.0]",0.2,,pending_asset_front_audit,True,/data/task3_2/share_data/scenesmith/hssd_rendered_assets/8c9040d12b61c83a5708ee399ff38ddd14450e35
917eb4faafe8d1c12b815376f9742eefbe5b8f75,armoire,high_priority_semantic_front,front,"[0.0,0.0,1.0]",0.2,,pending_asset_front_audit,True,/data/task3_2/share_data/scenesmith/hssd_rendered_assets/917eb4faafe8d1c12b815376f9742eefbe5b8f75
95c48a9ba1e1531fe26ca7068d11f3e3ebdf178c,armoire,high_priority_semantic_front,front,"[0.0,0.0,1.0]",0.2,,pending_asset_front_audit,True,/data/task3_2/share_data/scenesmith/hssd_rendered_assets/95c48a9ba1e1531fe26ca7068d11f3e3ebdf178c
9632613e4d36e2ff4f077317f732bdf0fd0ce876,armoire,high_priority_semantic_front,front,"[0.0,0.0,1.0]",0.2,,pending_asset_front_audit,True,/data/task3_2/share_data/scenesmith/hssd_rendered_assets/9632613e4d36e2ff4f077317f732bdf0fd0ce876
9e738f6b2ba6fe3bace3de086e55370ecb4c1a79,armoire,high_priority_semantic_front,front,"[0.0,0.0,1.0]",0.2,,pending_asset_front_audit,True,/data/task3_2/share_data/scenesmith/hssd_rendered_assets/9e738f6b2ba6fe3bace3de086e55370ecb4c1a79
a2546f59391df58427404b45a53dbfbdc70f77bd,armoire,high_priority_semantic_front,front,"[0.0,0.0,1.0]",0.2,,pending_asset_front_audit,True,/data/task3_2/share_data/scenesmith/hssd_rendered_assets/a2546f59391df58427404b45a53dbfbdc70f77bd
a279753d53f40ac43e222bf0cc86b08ce0911d50,armoire,high_priority_semantic_front,front,"[0.0,0.0,1.0]",0.2,,pending_asset_front_audit,True,/data/task3_2/share_data/scenesmith/hssd_rendered_assets/a279753d53f40ac43e222bf0cc86b08ce0911d50
a72d7403a0ea8133a89bff0bfc266d443613420a,armoire,high_priority_semantic_front,front,"[0.0,0.0,1.0]",0.2,,pending_asset_front_audit,True,/data/task3_2/share_data/scenesmith/hssd_rendered_assets/a72d7403a0ea8133a89bff0bfc266d443613420a
ab56aaa7f6e5e1baf9382b507d105db411484a50,armoire,high_priority_semantic_front,front,"[0.0,0.0,1.0]",0.2,,pending_asset_front_audit,True,/data/task3_2/share_data/scenesmith/hssd_rendered_assets/ab56aaa7f6e5e1baf9382b507d105db411484a50
af45703d9d6e1e327161f253cb6bde9dd479c232,armoire,high_priority_semantic_front,front,"[0.0,0.0,1.0]",0.2,,pending_asset_front_audit,True,/data/task3_2/share_data/scenesmith/hssd_rendered_assets/af45703d9d6e1e327161f253cb6bde9dd479c232
b15e1d3e55fa2b36c327471ac84c3b42b562aa1e,armoire,high_priority_semantic_front,front,"[0.0,0.0,1.0]",0.2,,pending_asset_front_audit,True,/data/task3_2/share_data/scenesmith/hssd_rendered_assets/b15e1d3e55fa2b36c327471ac84c3b42b562aa1e
b89676c68f7f6513c6b3fe07d46350e427acd54b,armoire,high_priority_semantic_front,front,"[0.0,0.0,1.0]",0.2,,pending_asset_front_audit,True,/data/task3_2/share_data/scenesmith/hssd_rendered_assets/b89676c68f7f6513c6b3fe07d46350e427acd54b
bbbd1200db14a6d56f7e0ec9b761c4cd011794fc,armoire,high_priority_semantic_front,front,"[0.0,0.0,1.0]",0.2,,pending_asset_front_audit,True,/data/task3_2/share_data/scenesmith/hssd_rendered_assets/bbbd1200db14a6d56f7e0ec9b761c4cd011794fc
bd66ae3b3a35cd718f3befa8d2dc74205d537c74,armoire,high_priority_semantic_front,front,"[0.0,0.0,1.0]",0.2,,pending_asset_front_audit,True,/data/task3_2/share_data/scenesmith/hssd_rendered_assets/bd66ae3b3a35cd718f3befa8d2dc74205d537c74
c2ad39c5fadc51ab84f17820b783af71a3cf8f68,armoire,high_priority_semantic_front,front,"[0.0,0.0,1.0]",0.2,,pending_asset_front_audit,True,/data/task3_2/share_data/scenesmith/hssd_rendered_assets/c2ad39c5fadc51ab84f17820b783af71a3cf8f68
c58f80fee5a4b2d9463effc9618e33b68eb7a9c5,armoire,high_priority_semantic_front,front,"[0.0,0.0,1.0]",0.2,,pending_asset_front_audit,True,/data/task3_2/share_data/scenesmith/hssd_rendered_assets/c58f80fee5a4b2d9463effc9618e33b68eb7a9c5
c7a970b36a90760399672531f4a75e0ffe9ba35e,armoire,high_priority_semantic_front,front,"[0.0,0.0,1.0]",0.2,,pending_asset_front_audit,True,/data/task3_2/share_data/scenesmith/hssd_rendered_assets/c7a970b36a90760399672531f4a75e0ffe9ba35e
c7c5a1b22bc45672ee746040a0113a80f8e85531,armoire,high_priority_semantic_front,front,"[0.0,0.0,1.0]",0.2,,pending_asset_front_audit,True,/data/task3_2/share_data/scenesmith/hssd_rendered_assets/c7c5a1b22bc45672ee746040a0113a80f8e85531
cab394212d39fd2760c820003ea5dd7511e4727e,armoire,high_priority_semantic_front,front,"[0.0,0.0,1.0]",0.2,,pending_asset_front_audit,True,/data/task3_2/share_data/scenesmith/hssd_rendered_assets/cab394212d39fd2760c820003ea5dd7511e4727e
cd17a7b8d78ee79bc52015841577a2652f9e0625,armoire,high_priority_semantic_front,front,"[0.0,0.0,1.0]",0.2,,pending_asset_front_audit,True,/data/task3_2/share_data/scenesmith/hssd_rendered_assets/cd17a7b8d78ee79bc52015841577a2652f9e0625
cd6cfef40870510516a4cdc79c3168924284cbec,armoire,high_priority_semantic_front,front,"[0.0,0.0,1.0]",0.2,,pending_asset_front_audit,True,/data/task3_2/share_data/scenesmith/hssd_rendered_assets/cd6cfef40870510516a4cdc79c3168924284cbec
d34539104b7eb3776fa7e3259c2b5ba6e21154a1,armoire,high_priority_semantic_front,front,"[0.0,0.0,1.0]",0.2,,pending_asset_front_audit,True,/data/task3_2/share_data/scenesmith/hssd_rendered_assets/d34539104b7eb3776fa7e3259c2b5ba6e21154a1
d47861b542c4f2e8fe9adcf86d55e26e12d1a213,armoire,high_priority_semantic_front,front,"[0.0,0.0,1.0]",0.2,,pending_asset_front_audit,True,/data/task3_2/share_data/scenesmith/hssd_rendered_assets/d47861b542c4f2e8fe9adcf86d55e26e12d1a213
d595ed74fb59b637c5175d3d775421788ab9cfed,armoire,high_priority_semantic_front,front,"[0.0,0.0,1.0]",0.2,,pending_asset_front_audit,True,/data/task3_2/share_data/scenesmith/hssd_rendered_assets/d595ed74fb59b637c5175d3d775421788ab9cfed
d5d3d6b8376d50b96e2c1f4333847dcbd4724b59,armoire,high_priority_semantic_front,front,"[0.0,0.0,1.0]",0.2,,pending_asset_front_audit,True,/data/task3_2/share_data/scenesmith/hssd_rendered_assets/d5d3d6b8376d50b96e2c1f4333847dcbd4724b59
d6a8ea7841967baf3eb2dcb20eff191c0382c9cb,armoire,high_priority_semantic_front,front,"[0.0,0.0,1.0]",0.2,,pending_asset_front_audit,True,/data/task3_2/share_data/scenesmith/hssd_rendered_assets/d6a8ea7841967baf3eb2dcb20eff191c0382c9cb
d6f84b02f76e72be86c7e9b374c6781752270735,armoire,high_priority_semantic_front,front,"[0.0,0.0,1.0]",0.2,,pending_asset_front_audit,True,/data/task3_2/share_data/scenesmith/hssd_rendered_assets/d6f84b02f76e72be86c7e9b374c6781752270735
daa2bae8cc5b6febde6578bf827b310107619caa,armoire,high_priority_semantic_front,front,"[0.0,0.0,1.0]",0.2,,pending_asset_front_audit,True,/data/task3_2/share_data/scenesmith/hssd_rendered_assets/daa2bae8cc5b6febde6578bf827b310107619caa
db19f85684c964132250926f988da86ac513baa6,armoire,high_priority_semantic_front,front,"[0.0,0.0,1.0]",0.2,,pending_asset_front_audit,True,/data/task3_2/share_data/scenesmith/hssd_rendered_assets/db19f85684c964132250926f988da86ac513baa6
db99ea06891a3dbce721816075f0f8de683dbde1,armoire,high_priority_semantic_front,front,"[0.0,0.0,1.0]",0.2,,pending_asset_front_audit,True,/data/task3_2/share_data/scenesmith/hssd_rendered_assets/db99ea06891a3dbce721816075f0f8de683dbde1
de265a1735dcff9dd247bef674803fdc80861c33,armoire,high_priority_semantic_front,front,"[0.0,0.0,1.0]",0.2,,pending_asset_front_audit,True,/data/task3_2/share_data/scenesmith/hssd_rendered_assets/de265a1735dcff9dd247bef674803fdc80861c33
e073005a5e9c826bea7bb60485c7c7fc12901017,armoire,high_priority_semantic_front,front,"[0.0,0.0,1.0]",0.2,,pending_asset_front_audit,True,/data/task3_2/share_data/scenesmith/hssd_rendered_assets/e073005a5e9c826bea7bb60485c7c7fc12901017
e1085698f8090a287a6115006d23e8f6dc68e92b,armoire,high_priority_semantic_front,front,"[0.0,0.0,1.0]",0.2,,pending_asset_front_audit,True,/data/task3_2/share_data/scenesmith/hssd_rendered_assets/e1085698f8090a287a6115006d23e8f6dc68e92b
e1bd0f66a94b27878f1114d2341c3abce3491189,armoire,high_priority_semantic_front,front,"[0.0,0.0,1.0]",0.2,,pending_asset_front_audit,True,/data/task3_2/share_data/scenesmith/hssd_rendered_assets/e1bd0f66a94b27878f1114d2341c3abce3491189
e3d12cbfbbc6405329d010928c738dee3ce3be67,armoire,high_priority_semantic_front,front,"[0.0,0.0,1.0]",0.2,,pending_asset_front_audit,True,/data/task3_2/share_data/scenesmith/hssd_rendered_assets/e3d12cbfbbc6405329d010928c738dee3ce3be67
e432bd2619cb6eb619e6bf72ffa6a39892c92b7d,armoire,high_priority_semantic_front,front,"[0.0,0.0,1.0]",0.2,,pending_asset_front_audit,True,/data/task3_2/share_data/scenesmith/hssd_rendered_assets/e432bd2619cb6eb619e6bf72ffa6a39892c92b7d
e9b2d3685968b69c60f5e058c220412eaffaea1c,armoire,high_priority_semantic_front,front,"[0.0,0.0,1.0]",0.2,,pending_asset_front_audit,True,/data/task3_2/share_data/scenesmith/hssd_rendered_assets/e9b2d3685968b69c60f5e058c220412eaffaea1c
ed3ac6c284f74cdb9212dbfb8f166c8602df82a4,armoire,high_priority_semantic_front,front,"[0.0,0.0,1.0]",0.2,,pending_asset_front_audit,True,/data/task3_2/share_data/scenesmith/hssd_rendered_assets/ed3ac6c284f74cdb9212dbfb8f166c8602df82a4
f19f4eb60204eef42a4dc3b073ef9006916a2c0b,armoire,high_priority_semantic_front,front,"[0.0,0.0,1.0]",0.2,,pending_asset_front_audit,True,/data/task3_2/share_data/scenesmith/hssd_rendered_assets/f19f4eb60204eef42a4dc3b073ef9006916a2c0b
f4bc230471d6dd823233c7305235aa2ed2a4f98b,armoire,high_priority_semantic_front,front,"[0.0,0.0,1.0]",0.2,,pending_asset_front_audit,True,/data/task3_2/share_data/scenesmith/hssd_rendered_assets/f4bc230471d6dd823233c7305235aa2ed2a4f98b
f5bf7b0f14752c987cd026abe7b1238fb25ff9b3,armoire,high_priority_semantic_front,front,"[0.0,0.0,1.0]",0.2,,pending_asset_front_audit,True,/data/task3_2/share_data/scenesmith/hssd_rendered_assets/f5bf7b0f14752c987cd026abe7b1238fb25ff9b3
f927182d95b842ce7ae5898ffd9963b5c4733796,armoire,high_priority_semantic_front,front,"[0.0,0.0,1.0]",0.2,,pending_asset_front_audit,True,/data/task3_2/share_data/scenesmith/hssd_rendered_assets/f927182d95b842ce7ae5898ffd9963b5c4733796
f9aa6e3c89a05941c1eb6859bade56571bc54a1a,armoire,high_priority_semantic_front,front,"[0.0,0.0,1.0]",0.2,,pending_asset_front_audit,True,/data/task3_2/share_data/scenesmith/hssd_rendered_assets/f9aa6e3c89a05941c1eb6859bade56571bc54a1a
fa4b1d6372666ce51c59b0cb1d82d2c8fdc9d2ab,armoire,high_priority_semantic_front,front,"[0.0,0.0,1.0]",0.2,,pending_asset_front_audit,True,/data/task3_2/share_data/scenesmith/hssd_rendered_assets/fa4b1d6372666ce51c59b0cb1d82d2c8fdc9d2ab
fa786f463631d9e8ab7b794d8df610a233a445eb,armoire,high_priority_semantic_front,front,"[0.0,0.0,1.0]",0.2,,pending_asset_front_audit,True,/data/task3_2/share_data/scenesmith/hssd_rendered_assets/fa786f463631d9e8ab7b794d8df610a233a445eb
fc040dfa1829155fc4f46ad9fc0061cac3772621,armoire,high_priority_semantic_front,front,"[0.0,0.0,1.0]",0.2,,pending_asset_front_audit,True,/data/task3_2/share_data/scenesmith/hssd_rendered_assets/fc040dfa1829155fc4f46ad9fc0061cac3772621
fc9f8dd33db0aad0f8179a4e1e448cbb46bbcddd,armoire,high_priority_semantic_front,front,"[0.0,0.0,1.0]",0.2,,pending_asset_front_audit,True,/data/task3_2/share_data/scenesmith/hssd_rendered_assets/fc9f8dd33db0aad0f8179a4e1e448cbb46bbcddd
ff669aa38f01ecdebf16fc376b4d5606c1d1bef3,armoire,high_priority_semantic_front,front,"[0.0,0.0,1.0]",0.2,,pending_asset_front_audit,True,/data/task3_2/share_data/scenesmith/hssd_rendered_assets/ff669aa38f01ecdebf16fc376b4d5606c1d1bef3
048dc9201fecb8866e67aaae1a35dcfe5bf59024,bookcase,high_priority_semantic_front,front,"[0.0,0.0,1.0]",0.2,,pending_asset_front_audit,True,/data/task3_2/share_data/scenesmith/hssd_rendered_assets/048dc9201fecb8866e67aaae1a35dcfe5bf59024
071adbd63516406c01906131b0d8da1bb2a5eed9,bookcase,high_priority_semantic_front,front,"[0.0,0.0,1.0]",0.2,,pending_asset_front_audit,True,/data/task3_2/share_data/scenesmith/hssd_rendered_assets/071adbd63516406c01906131b0d8da1bb2a5eed9
087ca4ab0efbee318a9265d5bbfeaf0a6c551a8c,bookcase,high_priority_semantic_front,front,"[0.0,0.0,1.0]",0.2,,pending_asset_front_audit,True,/data/task3_2/share_data/scenesmith/hssd_rendered_assets/087ca4ab0efbee318a9265d5bbfeaf0a6c551a8c
09bf641c92f5ff9f2ccf9eece94c33ab793130ed,bookcase,high_priority_semantic_front,front,"[0.0,0.0,1.0]",0.2,,pending_asset_front_audit,True,/data/task3_2/share_data/scenesmith/hssd_rendered_assets/09bf641c92f5ff9f2ccf9eece94c33ab793130ed
0a500013049449fc711c82c961cb71620c8fb8a5,bookcase,high_priority_semantic_front,front,"[0.0,0.0,1.0]",0.2,,pending_asset_front_audit,True,/data/task3_2/share_data/scenesmith/hssd_rendered_assets/0a500013049449fc711c82c961cb71620c8fb8a5
0b314c9f8e63327d8c8e0293ecdfe4343dadb5b2,bookcase,high_priority_semantic_front,front,"[0.0,0.0,1.0]",0.2,,pending_asset_front_audit,True,/data/task3_2/share_data/scenesmith/hssd_rendered_assets/0b314c9f8e63327d8c8e0293ecdfe4343dadb5b2
0d769b5521783a39876fcff11dc02e515bfe046e,bookcase,high_priority_semantic_front,front,"[0.0,0.0,1.0]",0.2,,pending_asset_front_audit,True,/data/task3_2/share_data/scenesmith/hssd_rendered_assets/0d769b5521783a39876fcff11dc02e515bfe046e
0d8931055c366e725f69bf5444f2d91331d16966,bookcase,high_priority_semantic_front,front,"[0.0,0.0,1.0]",0.2,,pending_asset_front_audit,True,/data/task3_2/share_data/scenesmith/hssd_rendered_assets/0d8931055c366e725f69bf5444f2d91331d16966
0de5288928717b30ef111c44a6af982247c279b6,bookcase,high_priority_semantic_front,front,"[0.0,0.0,1.0]",0.2,,pending_asset_front_audit,True,/data/task3_2/share_data/scenesmith/hssd_rendered_assets/0de5288928717b30ef111c44a6af982247c279b6
0ef97f65cbf5ec5a97e982db08cfb42533d8dc12,bookcase,high_priority_semantic_front,front,"[0.0,0.0,1.0]",0.2,,pending_asset_front_audit,True,/data/task3_2/share_data/scenesmith/hssd_rendered_assets/0ef97f65cbf5ec5a97e982db08cfb42533d8dc12
15c9b29a5b9fca8a71064714b0d2c9ba0dab7246,bookcase,high_priority_semantic_front,front,"[0.0,0.0,1.0]",0.2,,pending_asset_front_audit,True,/data/task3_2/share_data/scenesmith/hssd_rendered_assets/15c9b29a5b9fca8a71064714b0d2c9ba0dab7246
163cdd355d2d228880dd6ed6f3fc5b49f7ba538a,bookcase,high_priority_semantic_front,front,"[0.0,0.0,1.0]",0.2,,pending_asset_front_audit,True,/data/task3_2/share_data/scenesmith/hssd_rendered_assets/163cdd355d2d228880dd6ed6f3fc5b49f7ba538a
17a8f7c040254439fe8771f66f1c526c71d24904,bookcase,high_priority_semantic_front,front,"[0.0,0.0,1.0]",0.2,,pending_asset_front_audit,True,/data/task3_2/share_data/scenesmith/hssd_rendered_assets/17a8f7c040254439fe8771f66f1c526c71d24904
17bf8b2b6b9eedd4d31a2b1c183b89dc7cf9d15f,bookcase,high_priority_semantic_front,front,"[0.0,0.0,1.0]",0.2,,pending_asset_front_audit,True,/data/task3_2/share_data/scenesmith/hssd_rendered_assets/17bf8b2b6b9eedd4d31a2b1c183b89dc7cf9d15f
1b11564b8adeb14a283bdf533e4996ebf70a2438,bookcase,high_priority_semantic_front,front,"[0.0,0.0,1.0]",0.2,,pending_asset_front_audit,True,/data/task3_2/share_data/scenesmith/hssd_rendered_assets/1b11564b8adeb14a283bdf533e4996ebf70a2438
1f5ab750519f7b292ead923edb57421f9652249b,bookcase,high_priority_semantic_front,front,"[0.0,0.0,1.0]",0.2,,pending_asset_front_audit,True,/data/task3_2/share_data/scenesmith/hssd_rendered_assets/1f5ab750519f7b292ead923edb57421f9652249b
2008d8ac79f55bb3bad47a4bc7af494f0a7fe9f8,bookcase,high_priority_semantic_front,front,"[0.0,0.0,1.0]",0.2,,pending_asset_front_audit,True,/data/task3_2/share_data/scenesmith/hssd_rendered_assets/2008d8ac79f55bb3bad47a4bc7af494f0a7fe9f8
243d95c5e20176e0ee7d044a8b197bd95f337815,bookcase,high_priority_semantic_front,front,"[0.0,0.0,1.0]",0.2,,pending_asset_front_audit,True,/data/task3_2/share_data/scenesmith/hssd_rendered_assets/243d95c5e20176e0ee7d044a8b197bd95f337815
2ad85bce6b2b0aa63f224958abe390b9be0ab72f,bookcase,high_priority_semantic_front,front,"[0.0,0.0,1.0]",0.2,,pending_asset_front_audit,True,/data/task3_2/share_data/scenesmith/hssd_rendered_assets/2ad85bce6b2b0aa63f224958abe390b9be0ab72f
2b290ba18b792b01daa268d57f2bc0a55b955cd0,bookcase,high_priority_semantic_front,front,"[0.0,0.0,1.0]",0.2,,pending_asset_front_audit,True,/data/task3_2/share_data/scenesmith/hssd_rendered_assets/2b290ba18b792b01daa268d57f2bc0a55b955cd0
2b393e6753431ebb33d38e8cef4c74c73434a9da,bookcase,high_priority_semantic_front,front,"[0.0,0.0,1.0]",0.2,,pending_asset_front_audit,True,/data/task3_2/share_data/scenesmith/hssd_rendered_assets/2b393e6753431ebb33d38e8cef4c74c73434a9da
2c681d7e64e0410d76156f500cd2df798975a25d,bookcase,high_priority_semantic_front,front,"[0.0,0.0,1.0]",0.2,,pending_asset_front_audit,True,/data/task3_2/share_data/scenesmith/hssd_rendered_assets/2c681d7e64e0410d76156f500cd2df798975a25d
2e31f5738287feec7ea00dfb6878754d1725212a,bookcase,high_priority_semantic_front,front,"[0.0,0.0,1.0]",0.2,,pending_asset_front_audit,True,/data/task3_2/share_data/scenesmith/hssd_rendered_assets/2e31f5738287feec7ea00dfb6878754d1725212a
3211ec61a38b297d17a14a89f793da26414c3608,bookcase,high_priority_semantic_front,front,"[0.0,0.0,1.0]",0.2,,pending_asset_front_audit,True,/data/task3_2/share_data/scenesmith/hssd_rendered_assets/3211ec61a38b297d17a14a89f793da26414c3608
33680fb643944477c1ab95c1446385407cad544b,bookcase,high_priority_semantic_front,front,"[0.0,0.0,1.0]",0.2,,pending_asset_front_audit,True,/data/task3_2/share_data/scenesmith/hssd_rendered_assets/33680fb643944477c1ab95c1446385407cad544b
35e14cc1dfbbee53a4a98b7cd6b62f17f041f6e4,bookcase,high_priority_semantic_front,front,"[0.0,0.0,1.0]",0.2,,pending_asset_front_audit,True,/data/task3_2/share_data/scenesmith/hssd_rendered_assets/35e14cc1dfbbee53a4a98b7cd6b62f17f041f6e4
3637d32cdd9638a7e430319da9283407b33e2129,bookcase,high_priority_semantic_front,front,"[0.0,0.0,1.0]",0.2,,pending_asset_front_audit,True,/data/task3_2/share_data/scenesmith/hssd_rendered_assets/3637d32cdd9638a7e430319da9283407b33e2129
36d7feaf2471b67aa638609fe2c2278fba4a15a0,bookcase,high_priority_semantic_front,front,"[0.0,0.0,1.0]",0.2,,pending_asset_front_audit,True,/data/task3_2/share_data/scenesmith/hssd_rendered_assets/36d7feaf2471b67aa638609fe2c2278fba4a15a0
36d90c43b90a526247d61e709f349b3ed54081e2,bookcase,high_priority_semantic_front,front,"[0.0,0.0,1.0]",0.2,,pending_asset_front_audit,True,/data/task3_2/share_data/scenesmith/hssd_rendered_assets/36d90c43b90a526247d61e709f349b3ed54081e2
37900f115f8b270f59566b4dc0dd560a75df554d,bookcase,high_priority_semantic_front,front,"[0.0,0.0,1.0]",0.2,,pending_asset_front_audit,True,/data/task3_2/share_data/scenesmith/hssd_rendered_assets/37900f115f8b270f59566b4dc0dd560a75df554d
380b4a882030ca89152063c54db3f8d7d239ae94,bookcase,high_priority_semantic_front,front,"[0.0,0.0,1.0]",0.2,,pending_asset_front_audit,True,/data/task3_2/share_data/scenesmith/hssd_rendered_assets/380b4a882030ca89152063c54db3f8d7d239ae94
3a2f0856e56373e215107682721c8c03e90a095f,bookcase,high_priority_semantic_front,front,"[0.0,0.0,1.0]",0.2,,pending_asset_front_audit,True,/data/task3_2/share_data/scenesmith/hssd_rendered_assets/3a2f0856e56373e215107682721c8c03e90a095f
3b558ce715c88cca63b307f8e0e9b665ca57ef43,bookcase,high_priority_semantic_front,front,"[0.0,0.0,1.0]",0.2,,pending_asset_front_audit,True,/data/task3_2/share_data/scenesmith/hssd_rendered_assets/3b558ce715c88cca63b307f8e0e9b665ca57ef43
3f8843df4c90130d433e81ec43ed93c27b8b49c6,bookcase,high_priority_semantic_front,front,"[0.0,0.0,1.0]",0.2,,pending_asset_front_audit,True,/data/task3_2/share_data/scenesmith/hssd_rendered_assets/3f8843df4c90130d433e81ec43ed93c27b8b49c6
41e40cd17772be73536acf7567572fa5ecfc915c,bookcase,high_priority_semantic_front,front,"[0.0,0.0,1.0]",0.2,,pending_asset_front_audit,True,/data/task3_2/share_data/scenesmith/hssd_rendered_assets/41e40cd17772be73536acf7567572fa5ecfc915c
421574222ed69cc1c73bc5433dba4477b6b61647,bookcase,high_priority_semantic_front,front,"[0.0,0.0,1.0]",0.2,,pending_asset_front_audit,True,/data/task3_2/share_data/scenesmith/hssd_rendered_assets/421574222ed69cc1c73bc5433dba4477b6b61647
439abf63fef28beeecc21540c74b3b933714e85f,bookcase,high_priority_semantic_front,front,"[0.0,0.0,1.0]",0.2,,pending_asset_front_audit,True,/data/task3_2/share_data/scenesmith/hssd_rendered_assets/439abf63fef28beeecc21540c74b3b933714e85f
44641367282a6a9616c91439944d4160a0e6f66a,bookcase,high_priority_semantic_front,front,"[0.0,0.0,1.0]",0.2,,pending_asset_front_audit,True,/data/task3_2/share_data/scenesmith/hssd_rendered_assets/44641367282a6a9616c91439944d4160a0e6f66a
4561530bfb8b3aeacadf64388d82000b2d2e56d1,bookcase,high_priority_semantic_front,front,"[0.0,0.0,1.0]",0.2,,pending_asset_front_audit,True,/data/task3_2/share_data/scenesmith/hssd_rendered_assets/4561530bfb8b3aeacadf64388d82000b2d2e56d1
458fbf1ed33949dfeacc3e20047cde5c1d774561,bookcase,high_priority_semantic_front,front,"[0.0,0.0,1.0]",0.2,,pending_asset_front_audit,True,/data/task3_2/share_data/scenesmith/hssd_rendered_assets/458fbf1ed33949dfeacc3e20047cde5c1d774561
470fcc6effc8ec2382010990c5d232f02b9c3c5e,bookcase,high_priority_semantic_front,front,"[0.0,0.0,1.0]",0.2,,pending_asset_front_audit,True,/data/task3_2/share_data/scenesmith/hssd_rendered_assets/470fcc6effc8ec2382010990c5d232f02b9c3c5e
47d96f4f231b1bb06623a601bfb3020b18d9bba9,bookcase,high_priority_semantic_front,front,"[0.0,0.0,1.0]",0.2,,pending_asset_front_audit,True,/data/task3_2/share_data/scenesmith/hssd_rendered_assets/47d96f4f231b1bb06623a601bfb3020b18d9bba9
480111a853f06b59b206ceae1b31a8780b97625b,bookcase,high_priority_semantic_front,front,"[0.0,0.0,1.0]",0.2,,pending_asset_front_audit,True,/data/task3_2/share_data/scenesmith/hssd_rendered_assets/480111a853f06b59b206ceae1b31a8780b97625b
499dd12f83d3fcb655a0bc2373e4da020a67008a,bookcase,high_priority_semantic_front,front,"[0.0,0.0,1.0]",0.2,,pending_asset_front_audit,True,/data/task3_2/share_data/scenesmith/hssd_rendered_assets/499dd12f83d3fcb655a0bc2373e4da020a67008a
4ba5032a1ede242f49f624a4bad79f71b415bc7f,bookcase,high_priority_semantic_front,front,"[0.0,0.0,1.0]",0.2,,pending_asset_front_audit,True,/data/task3_2/share_data/scenesmith/hssd_rendered_assets/4ba5032a1ede242f49f624a4bad79f71b415bc7f
4c355b695ac09b08703f86e3f64bbec6267a6f8b,bookcase,high_priority_semantic_front,front,"[0.0,0.0,1.0]",0.2,,pending_asset_front_audit,True,/data/task3_2/share_data/scenesmith/hssd_rendered_assets/4c355b695ac09b08703f86e3f64bbec6267a6f8b
4e2b003e2f5648b1898a95325d8ec0d01a1ed055,bookcase,high_priority_semantic_front,front,"[0.0,0.0,1.0]",0.2,,pending_asset_front_audit,True,/data/task3_2/share_data/scenesmith/hssd_rendered_assets/4e2b003e2f5648b1898a95325d8ec0d01a1ed055
4e2b33c2792d3b207a6e7cd685645fa7a92441cb,bookcase,high_priority_semantic_front,front,"[0.0,0.0,1.0]",0.2,,pending_asset_front_audit,True,/data/task3_2/share_data/scenesmith/hssd_rendered_assets/4e2b33c2792d3b207a6e7cd685645fa7a92441cb
4ea211502b27bdf851c4b4fd8650019b452a27b7,bookcase,high_priority_semantic_front,front,"[0.0,0.0,1.0]",0.2,,pending_asset_front_audit,True,/data/task3_2/share_data/scenesmith/hssd_rendered_assets/4ea211502b27bdf851c4b4fd8650019b452a27b7
4f89b3cd70cb8d85fa7e9f050ea71aed1c3d80cb,bookcase,high_priority_semantic_front,front,"[0.0,0.0,1.0]",0.2,,pending_asset_front_audit,True,/data/task3_2/share_data/scenesmith/hssd_rendered_assets/4f89b3cd70cb8d85fa7e9f050ea71aed1c3d80cb
4ff59e8070d5ea9934152438923cccb3c0a94c20,bookcase,high_priority_semantic_front,front,"[0.0,0.0,1.0]",0.2,,pending_asset_front_audit,True,/data/task3_2/share_data/scenesmith/hssd_rendered_assets/4ff59e8070d5ea9934152438923cccb3c0a94c20
52247b2b696aa99d97893c29cb9917ec691fc9c4,bookcase,high_priority_semantic_front,front,"[0.0,0.0,1.0]",0.2,,pending_asset_front_audit,True,/data/task3_2/share_data/scenesmith/hssd_rendered_assets/52247b2b696aa99d97893c29cb9917ec691fc9c4
52bdd23748a19431efd4ad86d309db484afba63a,bookcase,high_priority_semantic_front,front,"[0.0,0.0,1.0]",0.2,,pending_asset_front_audit,True,/data/task3_2/share_data/scenesmith/hssd_rendered_assets/52bdd23748a19431efd4ad86d309db484afba63a
56cdf6d6bb23064b72dadcf4803682b412e38c4e,bookcase,high_priority_semantic_front,front,"[0.0,0.0,1.0]",0.2,,pending_asset_front_audit,True,/data/task3_2/share_data/scenesmith/hssd_rendered_assets/56cdf6d6bb23064b72dadcf4803682b412e38c4e
5c60be6945490b8be0256760b447608e49c55150,bookcase,high_priority_semantic_front,front,"[0.0,0.0,1.0]",0.2,,pending_asset_front_audit,True,/data/task3_2/share_data/scenesmith/hssd_rendered_assets/5c60be6945490b8be0256760b447608e49c55150
5daef17352f94d2a0b201842ddd53b43a72930c4,bookcase,high_priority_semantic_front,front,"[0.0,0.0,1.0]",0.2,,pending_asset_front_audit,True,/data/task3_2/share_data/scenesmith/hssd_rendered_assets/5daef17352f94d2a0b201842ddd53b43a72930c4
5e4dc96bd21164fb491cc34e6352b6bcd442cd22,bookcase,high_priority_semantic_front,front,"[0.0,0.0,1.0]",0.2,,pending_asset_front_audit,True,/data/task3_2/share_data/scenesmith/hssd_rendered_assets/5e4dc96bd21164fb491cc34e6352b6bcd442cd22
5f8513890116c03390485628eaef563b4ee15e7a,bookcase,high_priority_semantic_front,front,"[0.0,0.0,1.0]",0.2,,pending_asset_front_audit,True,/data/task3_2/share_data/scenesmith/hssd_rendered_assets/5f8513890116c03390485628eaef563b4ee15e7a
622cffd07510979a13e8ad163d474512eff41c17,bookcase,high_priority_semantic_front,front,"[0.0,0.0,1.0]",0.2,,pending_asset_front_audit,True,/data/task3_2/share_data/scenesmith/hssd_rendered_assets/622cffd07510979a13e8ad163d474512eff41c17
62e17098cd98d650bfdc58c89622e32eb1ded142,bookcase,high_priority_semantic_front,front,"[0.0,0.0,1.0]",0.2,,pending_asset_front_audit,True,/data/task3_2/share_data/scenesmith/hssd_rendered_assets/62e17098cd98d650bfdc58c89622e32eb1ded142
672f1c3f10e750e5e18755acda87ff4ba6eb93bb,bookcase,high_priority_semantic_front,front,"[0.0,0.0,1.0]",0.2,,pending_asset_front_audit,True,/data/task3_2/share_data/scenesmith/hssd_rendered_assets/672f1c3f10e750e5e18755acda87ff4ba6eb93bb
68333b64226ceb3585f2355a154a77cfa3276c21,bookcase,high_priority_semantic_front,front,"[0.0,0.0,1.0]",0.2,,pending_asset_front_audit,True,/data/task3_2/share_data/scenesmith/hssd_rendered_assets/68333b64226ceb3585f2355a154a77cfa3276c21
6b6665b0b7d736d1f41588cd8bae3d48c7a4c768,bookcase,high_priority_semantic_front,front,"[0.0,0.0,1.0]",0.2,,pending_asset_front_audit,True,/data/task3_2/share_data/scenesmith/hssd_rendered_assets/6b6665b0b7d736d1f41588cd8bae3d48c7a4c768
6b8855c3db6f28bd69099154eecdaf5df16415ee,bookcase,high_priority_semantic_front,front,"[0.0,0.0,1.0]",0.2,,pending_asset_front_audit,True,/data/task3_2/share_data/scenesmith/hssd_rendered_assets/6b8855c3db6f28bd69099154eecdaf5df16415ee
7037b91aa95b4455af64b832f3b5c2cf2ffafa17,bookcase,high_priority_semantic_front,front,"[0.0,0.0,1.0]",0.2,,pending_asset_front_audit,True,/data/task3_2/share_data/scenesmith/hssd_rendered_assets/7037b91aa95b4455af64b832f3b5c2cf2ffafa17
72b25f0b1834fd8d6adc08a3dd2041f1d1ab4390,bookcase,high_priority_semantic_front,front,"[0.0,0.0,1.0]",0.2,,pending_asset_front_audit,True,/data/task3_2/share_data/scenesmith/hssd_rendered_assets/72b25f0b1834fd8d6adc08a3dd2041f1d1ab4390
7b395deb580a75ca10a361d25b5e10b1bab8464b,bookcase,high_priority_semantic_front,front,"[0.0,0.0,1.0]",0.2,,pending_asset_front_audit,True,/data/task3_2/share_data/scenesmith/hssd_rendered_assets/7b395deb580a75ca10a361d25b5e10b1bab8464b
7ea8cf3577b6be995849734b877dc5a51510998e,bookcase,high_priority_semantic_front,front,"[0.0,0.0,1.0]",0.2,,pending_asset_front_audit,True,/data/task3_2/share_data/scenesmith/hssd_rendered_assets/7ea8cf3577b6be995849734b877dc5a51510998e
807b4b90e8db3613e508a745cd0b821b780bd8cb,bookcase,high_priority_semantic_front,front,"[0.0,0.0,1.0]",0.2,,pending_asset_front_audit,True,/data/task3_2/share_data/scenesmith/hssd_rendered_assets/807b4b90e8db3613e508a745cd0b821b780bd8cb
815d5aedcfbc8867d4e7f6c22eb2264274461e0e,bookcase,high_priority_semantic_front,front,"[0.0,0.0,1.0]",0.2,,pending_asset_front_audit,True,/data/task3_2/share_data/scenesmith/hssd_rendered_assets/815d5aedcfbc8867d4e7f6c22eb2264274461e0e
820ea07804eb9ae17207aace1c6e0913d1282c8c,bookcase,high_priority_semantic_front,front,"[0.0,0.0,1.0]",0.2,,pending_asset_front_audit,True,/data/task3_2/share_data/scenesmith/hssd_rendered_assets/820ea07804eb9ae17207aace1c6e0913d1282c8c
86b43eb3f22b6766fc1561bd986356c709b260b2,bookcase,high_priority_semantic_front,front,"[0.0,0.0,1.0]",0.2,,pending_asset_front_audit,True,/data/task3_2/share_data/scenesmith/hssd_rendered_assets/86b43eb3f22b6766fc1561bd986356c709b260b2
884106247b520205b75c6aa595766cb231977dcc,bookcase,high_priority_semantic_front,front,"[0.0,0.0,1.0]",0.2,,pending_asset_front_audit,True,/data/task3_2/share_data/scenesmith/hssd_rendered_assets/884106247b520205b75c6aa595766cb231977dcc
897e7615d4488fca5aeb35c34e037b6615388b44,bookcase,high_priority_semantic_front,front,"[0.0,0.0,1.0]",0.2,,pending_asset_front_audit,True,/data/task3_2/share_data/scenesmith/hssd_rendered_assets/897e7615d4488fca5aeb35c34e037b6615388b44
8b3ad7f96cefa754be3171921c4c970be2d20b02,bookcase,high_priority_semantic_front,front,"[0.0,0.0,1.0]",0.2,,pending_asset_front_audit,True,/data/task3_2/share_data/scenesmith/hssd_rendered_assets/8b3ad7f96cefa754be3171921c4c970be2d20b02
8d66efd0c3b8736032a09ab217ac38aebcae4641,bookcase,high_priority_semantic_front,front,"[0.0,0.0,1.0]",0.2,,pending_asset_front_audit,True,/data/task3_2/share_data/scenesmith/hssd_rendered_assets/8d66efd0c3b8736032a09ab217ac38aebcae4641
93ca3ca5a4d3284bb1e870b571e7ff3b6358232d,bookcase,high_priority_semantic_front,front,"[0.0,0.0,1.0]",0.2,,pending_asset_front_audit,True,/data/task3_2/share_data/scenesmith/hssd_rendered_assets/93ca3ca5a4d3284bb1e870b571e7ff3b6358232d
9418cb5d4e1b7ff0ebd469e28dfdbaa99bc61f4d,bookcase,high_priority_semantic_front,front,"[0.0,0.0,1.0]",0.2,,pending_asset_front_audit,True,/data/task3_2/share_data/scenesmith/hssd_rendered_assets/9418cb5d4e1b7ff0ebd469e28dfdbaa99bc61f4d
946913c8a3a1656edbd532cbd5c90015c41f8c3d,bookcase,high_priority_semantic_front,front,"[0.0,0.0,1.0]",0.2,,pending_asset_front_audit,True,/data/task3_2/share_data/scenesmith/hssd_rendered_assets/946913c8a3a1656edbd532cbd5c90015c41f8c3d
979ae06f639a0a37dd07202282f5d65c3cba8425,bookcase,high_priority_semantic_front,front,"[0.0,0.0,1.0]",0.2,,pending_asset_front_audit,True,/data/task3_2/share_data/scenesmith/hssd_rendered_assets/979ae06f639a0a37dd07202282f5d65c3cba8425
9abd8759d66aa8e8bb0de742c0865cc70c057603,bookcase,high_priority_semantic_front,front,"[0.0,0.0,1.0]",0.2,,pending_asset_front_audit,True,/data/task3_2/share_data/scenesmith/hssd_rendered_assets/9abd8759d66aa8e8bb0de742c0865cc70c057603
9c61e7e98634fda17cd2276857cea3c03ad1024d,bookcase,high_priority_semantic_front,front,"[0.0,0.0,1.0]",0.2,,pending_asset_front_audit,True,/data/task3_2/share_data/scenesmith/hssd_rendered_assets/9c61e7e98634fda17cd2276857cea3c03ad1024d
9ca2f0d06e506af080cb7bf4f27b0b2144ad20e4,bookcase,high_priority_semantic_front,front,"[0.0,0.0,1.0]",0.2,,pending_asset_front_audit,True,/data/task3_2/share_data/scenesmith/hssd_rendered_assets/9ca2f0d06e506af080cb7bf4f27b0b2144ad20e4
9f0427019d5a329e5410547e4291b2c4b8b20195,bookcase,high_priority_semantic_front,front,"[0.0,0.0,1.0]",0.2,,pending_asset_front_audit,True,/data/task3_2/share_data/scenesmith/hssd_rendered_assets/9f0427019d5a329e5410547e4291b2c4b8b20195
a11e6d0578b9fa33ec154c78b9fdf75f19526b73,bookcase,high_priority_semantic_front,front,"[0.0,0.0,1.0]",0.2,,pending_asset_front_audit,True,/data/task3_2/share_data/scenesmith/hssd_rendered_assets/a11e6d0578b9fa33ec154c78b9fdf75f19526b73
a194a188dfcd8e3796529c0263448ba047ce632f,bookcase,high_priority_semantic_front,front,"[0.0,0.0,1.0]",0.2,,pending_asset_front_audit,True,/data/task3_2/share_data/scenesmith/hssd_rendered_assets/a194a188dfcd8e3796529c0263448ba047ce632f
a3adcc07e1656ec5f67c332587ad30ce080a3e89,bookcase,high_priority_semantic_front,front,"[0.0,0.0,1.0]",0.2,,pending_asset_front_audit,True,/data/task3_2/share_data/scenesmith/hssd_rendered_assets/a3adcc07e1656ec5f67c332587ad30ce080a3e89
a4d5f40495323c3bd9def72797e5079c68483fe2,bookcase,high_priority_semantic_front,front,"[0.0,0.0,1.0]",0.2,,pending_asset_front_audit,True,/data/task3_2/share_data/scenesmith/hssd_rendered_assets/a4d5f40495323c3bd9def72797e5079c68483fe2
a5ceb39dcca171665cdf5b5afe8791c6298eb9e7,bookcase,high_priority_semantic_front,front,"[0.0,0.0,1.0]",0.2,,pending_asset_front_audit,True,/data/task3_2/share_data/scenesmith/hssd_rendered_assets/a5ceb39dcca171665cdf5b5afe8791c6298eb9e7
a5d4b9f023a6a7686c5f973a53cb554e8d108d84,bookcase,high_priority_semantic_front,front,"[0.0,0.0,1.0]",0.2,,pending_asset_front_audit,True,/data/task3_2/share_data/scenesmith/hssd_rendered_assets/a5d4b9f023a6a7686c5f973a53cb554e8d108d84
a73ab435a592f804b7caa9c3a79f03122c536476,bookcase,high_priority_semantic_front,front,"[0.0,0.0,1.0]",0.2,,pending_asset_front_audit,True,/data/task3_2/share_data/scenesmith/hssd_rendered_assets/a73ab435a592f804b7caa9c3a79f03122c536476
af4838430fb5f2c214a137581b98d1601d5584ed,bookcase,high_priority_semantic_front,front,"[0.0,0.0,1.0]",0.2,,pending_asset_front_audit,True,/data/task3_2/share_data/scenesmith/hssd_rendered_assets/af4838430fb5f2c214a137581b98d1601d5584ed
afac556a45574d445236962a9e625298aea43f47,bookcase,high_priority_semantic_front,front,"[0.0,0.0,1.0]",0.2,,pending_asset_front_audit,True,/data/task3_2/share_data/scenesmith/hssd_rendered_assets/afac556a45574d445236962a9e625298aea43f47
b136d105af1f63f9caaae98c3942a9415123fd0c,bookcase,high_priority_semantic_front,front,"[0.0,0.0,1.0]",0.2,,pending_asset_front_audit,True,/data/task3_2/share_data/scenesmith/hssd_rendered_assets/b136d105af1f63f9caaae98c3942a9415123fd0c
b327a81554761221992e56b367cc58fcebd3386b,bookcase,high_priority_semantic_front,front,"[0.0,0.0,1.0]",0.2,,pending_asset_front_audit,True,/data/task3_2/share_data/scenesmith/hssd_rendered_assets/b327a81554761221992e56b367cc58fcebd3386b
b5e6c0882a9ecd6af938e2b712d5b5b78d9d75ca,bookcase,high_priority_semantic_front,front,"[0.0,0.0,1.0]",0.2,,pending_asset_front_audit,True,/data/task3_2/share_data/scenesmith/hssd_rendered_assets/b5e6c0882a9ecd6af938e2b712d5b5b78d9d75ca
b814d9a5edd6c262cd42215a923092a60ad5d532,bookcase,high_priority_semantic_front,front,"[0.0,0.0,1.0]",0.2,,pending_asset_front_audit,True,/data/task3_2/share_data/scenesmith/hssd_rendered_assets/b814d9a5edd6c262cd42215a923092a60ad5d532
b8e0a03abc828fdd7f55889d0218cca38a8aafb7,bookcase,high_priority_semantic_front,front,"[0.0,0.0,1.0]",0.2,,pending_asset_front_audit,True,/data/task3_2/share_data/scenesmith/hssd_rendered_assets/b8e0a03abc828fdd7f55889d0218cca38a8aafb7
b8e36ac6fc006b0b7aaa4dabcbce9fa3108abcc2,bookcase,high_priority_semantic_front,front,"[0.0,0.0,1.0]",0.2,,pending_asset_front_audit,True,/data/task3_2/share_data/scenesmith/hssd_rendered_assets/b8e36ac6fc006b0b7aaa4dabcbce9fa3108abcc2
be3ab4192446e0130e2a97ad857bfc5dc7de7ec1,bookcase,high_priority_semantic_front,front,"[0.0,0.0,1.0]",0.2,,pending_asset_front_audit,True,/data/task3_2/share_data/scenesmith/hssd_rendered_assets/be3ab4192446e0130e2a97ad857bfc5dc7de7ec1
c075ced257f48c753d22d3bd3400186d6de319da,bookcase,high_priority_semantic_front,front,"[0.0,0.0,1.0]",0.2,,pending_asset_front_audit,True,/data/task3_2/share_data/scenesmith/hssd_rendered_assets/c075ced257f48c753d22d3bd3400186d6de319da
c2a2376b3ffd55be86194e9be4a8d48c8f1ff46b,bookcase,high_priority_semantic_front,front,"[0.0,0.0,1.0]",0.2,,pending_asset_front_audit,True,/data/task3_2/share_data/scenesmith/hssd_rendered_assets/c2a2376b3ffd55be86194e9be4a8d48c8f1ff46b
c53f8c9652f6caf6fff6a42e17117d024586d89c,bookcase,high_priority_semantic_front,front,"[0.0,0.0,1.0]",0.2,,pending_asset_front_audit,True,/data/task3_2/share_data/scenesmith/hssd_rendered_assets/c53f8c9652f6caf6fff6a42e17117d024586d89c
c5518a32252e621fcb1d32275d0e505d9d8d0e67,bookcase,high_priority_semantic_front,front,"[0.0,0.0,1.0]",0.2,,pending_asset_front_audit,True,/data/task3_2/share_data/scenesmith/hssd_rendered_assets/c5518a32252e621fcb1d32275d0e505d9d8d0e67
c940633bf604b8d2f274ab83828d9ede95672ac8,bookcase,high_priority_semantic_front,front,"[0.0,0.0,1.0]",0.2,,pending_asset_front_audit,True,/data/task3_2/share_data/scenesmith/hssd_rendered_assets/c940633bf604b8d2f274ab83828d9ede95672ac8
c9b182bd0b8f66bb311a3438d0e1b4ece1b28076,bookcase,high_priority_semantic_front,front,"[0.0,0.0,1.0]",0.2,,pending_asset_front_audit,True,/data/task3_2/share_data/scenesmith/hssd_rendered_assets/c9b182bd0b8f66bb311a3438d0e1b4ece1b28076
caa025e170f62cafa6fb28af82b0206646c442f7,bookcase,high_priority_semantic_front,front,"[0.0,0.0,1.0]",0.2,,pending_asset_front_audit,True,/data/task3_2/share_data/scenesmith/hssd_rendered_assets/caa025e170f62cafa6fb28af82b0206646c442f7
ccc3a05acbdd0ca79a82f36a71cd775f2781eb62,bookcase,high_priority_semantic_front,front,"[0.0,0.0,1.0]",0.2,,pending_asset_front_audit,True,/data/task3_2/share_data/scenesmith/hssd_rendered_assets/ccc3a05acbdd0ca79a82f36a71cd775f2781eb62
ce84e86311acac3aa2a5a1f86bcf204130e9030c,bookcase,high_priority_semantic_front,front,"[0.0,0.0,1.0]",0.2,,pending_asset_front_audit,True,/data/task3_2/share_data/scenesmith/hssd_rendered_assets/ce84e86311acac3aa2a5a1f86bcf204130e9030c
cf3140a9b17b1de888dc3670dd00799488566d19,bookcase,high_priority_semantic_front,front,"[0.0,0.0,1.0]",0.2,,pending_asset_front_audit,True,/data/task3_2/share_data/scenesmith/hssd_rendered_assets/cf3140a9b17b1de888dc3670dd00799488566d19
cff54dd6df371fea7a23bda408acec1ed26488c6,bookcase,high_priority_semantic_front,front,"[0.0,0.0,1.0]",0.2,,pending_asset_front_audit,True,/data/task3_2/share_data/scenesmith/hssd_rendered_assets/cff54dd6df371fea7a23bda408acec1ed26488c6
d1d1e0cdaba797ee70882e63f66055675c3f1e7f,bookcase,high_priority_semantic_front,front,"[0.0,0.0,1.0]",0.2,,pending_asset_front_audit,True,/data/task3_2/share_data/scenesmith/hssd_rendered_assets/d1d1e0cdaba797ee70882e63f66055675c3f1e7f
d1dcd1f97add20cdfae40490897226bb2d4d6e7f,bookcase,high_priority_semantic_front,front,"[0.0,0.0,1.0]",0.2,,pending_asset_front_audit,True,/data/task3_2/share_data/scenesmith/hssd_rendered_assets/d1dcd1f97add20cdfae40490897226bb2d4d6e7f
d2f7d40d8e1a56ede42103027842e000d9cacd3e,bookcase,high_priority_semantic_front,front,"[0.0,0.0,1.0]",0.2,,pending_asset_front_audit,True,/data/task3_2/share_data/scenesmith/hssd_rendered_assets/d2f7d40d8e1a56ede42103027842e000d9cacd3e
d5ba163ba97f94c7aa4a4a625eb0547b8894e1a5,bookcase,high_priority_semantic_front,front,"[0.0,0.0,1.0]",0.2,,pending_asset_front_audit,True,/data/task3_2/share_data/scenesmith/hssd_rendered_assets/d5ba163ba97f94c7aa4a4a625eb0547b8894e1a5
d60fbdc8c2c70c5d9e0372159480dfca523af81c,bookcase,high_priority_semantic_front,front,"[0.0,0.0,1.0]",0.2,,pending_asset_front_audit,True,/data/task3_2/share_data/scenesmith/hssd_rendered_assets/d60fbdc8c2c70c5d9e0372159480dfca523af81c
d71c1dcf721ac9b424b25ff44ab21ed0fd9d5c35,bookcase,high_priority_semantic_front,front,"[0.0,0.0,1.0]",0.2,,pending_asset_front_audit,True,/data/task3_2/share_data/scenesmith/hssd_rendered_assets/d71c1dcf721ac9b424b25ff44ab21ed0fd9d5c35
d9d97893c7448d727a5c586f18f57698ce81cf64,bookcase,high_priority_semantic_front,front,"[0.0,0.0,1.0]",0.2,,pending_asset_front_audit,True,/data/task3_2/share_data/scenesmith/hssd_rendered_assets/d9d97893c7448d727a5c586f18f57698ce81cf64
db2898f0ca03bd9754d809c8fa66b6b183222671,bookcase,high_priority_semantic_front,front,"[0.0,0.0,1.0]",0.2,,pending_asset_front_audit,True,/data/task3_2/share_data/scenesmith/hssd_rendered_assets/db2898f0ca03bd9754d809c8fa66b6b183222671
e0403fbd528f79fd0ac6c9dbc42ace8284553c91,bookcase,high_priority_semantic_front,front,"[0.0,0.0,1.0]",0.2,,pending_asset_front_audit,True,/data/task3_2/share_data/scenesmith/hssd_rendered_assets/e0403fbd528f79fd0ac6c9dbc42ace8284553c91
e26bc61bb239cfd5baebbe979936f598d90dc736,bookcase,high_priority_semantic_front,front,"[0.0,0.0,1.0]",0.2,,pending_asset_front_audit,True,/data/task3_2/share_data/scenesmith/hssd_rendered_assets/e26bc61bb239cfd5baebbe979936f598d90dc736
e3631a629a1ac3b71a75dff721192b90d26246e0,bookcase,high_priority_semantic_front,front,"[0.0,0.0,1.0]",0.2,,pending_asset_front_audit,True,/data/task3_2/share_data/scenesmith/hssd_rendered_assets/e3631a629a1ac3b71a75dff721192b90d26246e0
ed844f9299e98d600fa64ba5432ff9ffc2c88430,bookcase,high_priority_semantic_front,front,"[0.0,0.0,1.0]",0.2,,pending_asset_front_audit,True,/data/task3_2/share_data/scenesmith/hssd_rendered_assets/ed844f9299e98d600fa64ba5432ff9ffc2c88430
ed95c877f692c3fad1b50a96e21ea1e02101dd42,bookcase,high_priority_semantic_front,front,"[0.0,0.0,1.0]",0.2,,pending_asset_front_audit,True,/data/task3_2/share_data/scenesmith/hssd_rendered_assets/ed95c877f692c3fad1b50a96e21ea1e02101dd42
f05bd29fb90510885dfdcd048dd7af8234dd7d01,bookcase,high_priority_semantic_front,front,"[0.0,0.0,1.0]",0.2,,pending_asset_front_audit,True,/data/task3_2/share_data/scenesmith/hssd_rendered_assets/f05bd29fb90510885dfdcd048dd7af8234dd7d01
f3a44ddf958c20d90a14a0be660a587c0a3123c4,bookcase,high_priority_semantic_front,front,"[0.0,0.0,1.0]",0.2,,pending_asset_front_audit,True,/data/task3_2/share_data/scenesmith/hssd_rendered_assets/f3a44ddf958c20d90a14a0be660a587c0a3123c4
f57a3f79ec71a075d7f30c57debb2ac6a41db024,bookcase,high_priority_semantic_front,front,"[0.0,0.0,1.0]",0.2,,pending_asset_front_audit,True,/data/task3_2/share_data/scenesmith/hssd_rendered_assets/f57a3f79ec71a075d7f30c57debb2ac6a41db024
f58947f958c50e143449786ec29f1fdbaf9a7570,bookcase,high_priority_semantic_front,front,"[0.0,0.0,1.0]",0.2,,pending_asset_front_audit,True,/data/task3_2/share_data/scenesmith/hssd_rendered_assets/f58947f958c50e143449786ec29f1fdbaf9a7570
f7ee6c8391e90873c461cc15f93f1b067270b620,bookcase,high_priority_semantic_front,front,"[0.0,0.0,1.0]",0.2,,pending_asset_front_audit,True,/data/task3_2/share_data/scenesmith/hssd_rendered_assets/f7ee6c8391e90873c461cc15f93f1b067270b620
f9aecdeacbd79cb2d5025786210f20e2dd38ea11,bookcase,high_priority_semantic_front,front,"[0.0,0.0,1.0]",0.2,,pending_asset_front_audit,True,/data/task3_2/share_data/scenesmith/hssd_rendered_assets/f9aecdeacbd79cb2d5025786210f20e2dd38ea11
fa73b902e5dd017b68d67f478dab0c58aa2e7e74,bookcase,high_priority_semantic_front,front,"[0.0,0.0,1.0]",0.2,,pending_asset_front_audit,True,/data/task3_2/share_data/scenesmith/hssd_rendered_assets/fa73b902e5dd017b68d67f478dab0c58aa2e7e74
fa9fad081c332992f46a272b980da186e2a15619,bookcase,high_priority_semantic_front,front,"[0.0,0.0,1.0]",0.2,,pending_asset_front_audit,True,/data/task3_2/share_data/scenesmith/hssd_rendered_assets/fa9fad081c332992f46a272b980da186e2a15619
fdd21bfd043b04019d8f4ed769177ae197c76fec,bookcase,high_priority_semantic_front,front,"[0.0,0.0,1.0]",0.2,,pending_asset_front_audit,True,/data/task3_2/share_data/scenesmith/hssd_rendered_assets/fdd21bfd043b04019d8f4ed769177ae197c76fec
ffa1b3baa11cd5cee0cafd1aa6c6d374a371e400,bookcase,high_priority_semantic_front,front,"[0.0,0.0,1.0]",0.2,,pending_asset_front_audit,True,/data/task3_2/share_data/scenesmith/hssd_rendered_assets/ffa1b3baa11cd5cee0cafd1aa6c6d374a371e400
xxxxedd99980xebeax4c23xabb2xdf610602fc13,bookcase,high_priority_semantic_front,front,"[0.0,0.0,1.0]",0.2,,pending_asset_front_audit,True,/data/task3_2/share_data/scenesmith/hssd_rendered_assets/xxxxedd99980xebeax4c23xabb2xdf610602fc13
0673c8be2931d0d95d101732908129d9b607bea6,cabinet,high_priority_semantic_front,front,"[0.0,0.0,1.0]",0.2,,pending_asset_front_audit,True,/data/task3_2/share_data/scenesmith/hssd_rendered_assets/0673c8be2931d0d95d101732908129d9b607bea6
08c022d1c4603d259da265a9725b24ce8f5fda07,cabinet,high_priority_semantic_front,front,"[0.0,0.0,1.0]",0.2,,pending_asset_front_audit,True,/data/task3_2/share_data/scenesmith/hssd_rendered_assets/08c022d1c4603d259da265a9725b24ce8f5fda07
092e835bb098736815db26efc98cf8ca90c65dc1,cabinet,high_priority_semantic_front,front,"[0.0,0.0,1.0]",0.2,,pending_asset_front_audit,True,/data/task3_2/share_data/scenesmith/hssd_rendered_assets/092e835bb098736815db26efc98cf8ca90c65dc1
0c2315f49c061def72461bb659cf5af7dd179a21,cabinet,high_priority_semantic_front,front,"[0.0,0.0,1.0]",0.2,,pending_asset_front_audit,True,/data/task3_2/share_data/scenesmith/hssd_rendered_assets/0c2315f49c061def72461bb659cf5af7dd179a21
0ea4b67131a00b8273dd4ac308aa5d11b840a99c,cabinet,high_priority_semantic_front,front,"[0.0,0.0,1.0]",0.2,,pending_asset_front_audit,True,/data/task3_2/share_data/scenesmith/hssd_rendered_assets/0ea4b67131a00b8273dd4ac308aa5d11b840a99c
12f2b36812411b47a61f2a949e82e5127ce04557,cabinet,high_priority_semantic_front,front,"[0.0,0.0,1.0]",0.2,,pending_asset_front_audit,True,/data/task3_2/share_data/scenesmith/hssd_rendered_assets/12f2b36812411b47a61f2a949e82e5127ce04557
14510d4af57832b9517f8f5df9e83d77c7218719,cabinet,high_priority_semantic_front,front,"[0.0,0.0,1.0]",0.2,,pending_asset_front_audit,True,/data/task3_2/share_data/scenesmith/hssd_rendered_assets/14510d4af57832b9517f8f5df9e83d77c7218719
14532900bdcd0f7a4599249c4a3a8a74c7facb3f,cabinet,high_priority_semantic_front,front,"[0.0,0.0,1.0]",0.2,,pending_asset_front_audit,True,/data/task3_2/share_data/scenesmith/hssd_rendered_assets/14532900bdcd0f7a4599249c4a3a8a74c7facb3f
14710f3f528e3728a6228b9f56d41076c0d8cabe,cabinet,high_priority_semantic_front,front,"[0.0,0.0,1.0]",0.2,,pending_asset_front_audit,True,/data/task3_2/share_data/scenesmith/hssd_rendered_assets/14710f3f528e3728a6228b9f56d41076c0d8cabe
14a55d7cdd6f72794835d1580ec491b47e16155e,cabinet,high_priority_semantic_front,front,"[0.0,0.0,1.0]",0.2,,pending_asset_front_audit,True,/data/task3_2/share_data/scenesmith/hssd_rendered_assets/14a55d7cdd6f72794835d1580ec491b47e16155e
15f53f8b627d71783e56db67e71fe075a018959c,cabinet,high_priority_semantic_front,front,"[0.0,0.0,1.0]",0.2,,pending_asset_front_audit,True,/data/task3_2/share_data/scenesmith/hssd_rendered_assets/15f53f8b627d71783e56db67e71fe075a018959c
18cdc18b9629a5f1bfb31f035cfe28007f6540ba,cabinet,high_priority_semantic_front,front,"[0.0,0.0,1.0]",0.2,,pending_asset_front_audit,True,/data/task3_2/share_data/scenesmith/hssd_rendered_assets/18cdc18b9629a5f1bfb31f035cfe28007f6540ba
1961685eb689d8a3f46dc0f5ceb69cbd00d315df,cabinet,high_priority_semantic_front,front,"[0.0,0.0,1.0]",0.2,,pending_asset_front_audit,True,/data/task3_2/share_data/scenesmith/hssd_rendered_assets/1961685eb689d8a3f46dc0f5ceb69cbd00d315df
198459120142c19e59b9d94063326307dba1be5b,cabinet,high_priority_semantic_front,front,"[0.0,0.0,1.0]",0.2,,pending_asset_front_audit,True,/data/task3_2/share_data/scenesmith/hssd_rendered_assets/198459120142c19e59b9d94063326307dba1be5b
1d0eace356e1cdddd761a9aca1d6cfcc9685de42,cabinet,high_priority_semantic_front,front,"[0.0,0.0,1.0]",0.2,,pending_asset_front_audit,True,/data/task3_2/share_data/scenesmith/hssd_rendered_assets/1d0eace356e1cdddd761a9aca1d6cfcc9685de42
1d1c44e50bd959ab596f0fa3adbe72c7b9fd4004,cabinet,high_priority_semantic_front,front,"[0.0,0.0,1.0]",0.2,,pending_asset_front_audit,True,/data/task3_2/share_data/scenesmith/hssd_rendered_assets/1d1c44e50bd959ab596f0fa3adbe72c7b9fd4004
20f51e51d23b119cd029083bcbf1c3a01fda8763,cabinet,high_priority_semantic_front,front,"[0.0,0.0,1.0]",0.2,,pending_asset_front_audit,True,/data/task3_2/share_data/scenesmith/hssd_rendered_assets/20f51e51d23b119cd029083bcbf1c3a01fda8763
21d8ce05e5b4ff0b35244d2b5f8073cf4d28f04d,cabinet,high_priority_semantic_front,front,"[0.0,0.0,1.0]",0.2,,pending_asset_front_audit,True,/data/task3_2/share_data/scenesmith/hssd_rendered_assets/21d8ce05e5b4ff0b35244d2b5f8073cf4d28f04d
29760fcf2169f43dc116a4687c869dbe60d3dea1,cabinet,high_priority_semantic_front,front,"[0.0,0.0,1.0]",0.2,,pending_asset_front_audit,True,/data/task3_2/share_data/scenesmith/hssd_rendered_assets/29760fcf2169f43dc116a4687c869dbe60d3dea1
29945c52c4d40f9b31ef806224ad9d98bcd47f5c,cabinet,high_priority_semantic_front,front,"[0.0,0.0,1.0]",0.2,,pending_asset_front_audit,True,/data/task3_2/share_data/scenesmith/hssd_rendered_assets/29945c52c4d40f9b31ef806224ad9d98bcd47f5c
2a4a477c158a00d17564b261e44a4f5c9765fe86,cabinet,high_priority_semantic_front,front,"[0.0,0.0,1.0]",0.2,,pending_asset_front_audit,True,/data/task3_2/share_data/scenesmith/hssd_rendered_assets/2a4a477c158a00d17564b261e44a4f5c9765fe86
2cf4b67bb56ea55fae5db024212ebfe8a3a4b6eb,cabinet,high_priority_semantic_front,front,"[0.0,0.0,1.0]",0.2,,pending_asset_front_audit,True,/data/task3_2/share_data/scenesmith/hssd_rendered_assets/2cf4b67bb56ea55fae5db024212ebfe8a3a4b6eb
31e02a4cdcb114cdee0b3a6f1454d2551ee2d942,cabinet,high_priority_semantic_front,front,"[0.0,0.0,1.0]",0.2,,pending_asset_front_audit,True,/data/task3_2/share_data/scenesmith/hssd_rendered_assets/31e02a4cdcb114cdee0b3a6f1454d2551ee2d942
33202e0a2053b838e9df11fade90eb2251c0f509,cabinet,high_priority_semantic_front,front,"[0.0,0.0,1.0]",0.2,,pending_asset_front_audit,True,/data/task3_2/share_data/scenesmith/hssd_rendered_assets/33202e0a2053b838e9df11fade90eb2251c0f509
341094b867eb9d6b86f227a6cc65022a840099e5,cabinet,high_priority_semantic_front,front,"[0.0,0.0,1.0]",0.2,,pending_asset_front_audit,True,/data/task3_2/share_data/scenesmith/hssd_rendered_assets/341094b867eb9d6b86f227a6cc65022a840099e5
369ad4b30397935f1ba19e9884bb48707070a307,cabinet,high_priority_semantic_front,front,"[0.0,0.0,1.0]",0.2,,pending_asset_front_audit,True,/data/task3_2/share_data/scenesmith/hssd_rendered_assets/369ad4b30397935f1ba19e9884bb48707070a307
392e00c6db2728b11495753fc32bb9df67e89acb,cabinet,high_priority_semantic_front,front,"[0.0,0.0,1.0]",0.2,,pending_asset_front_audit,True,/data/task3_2/share_data/scenesmith/hssd_rendered_assets/392e00c6db2728b11495753fc32bb9df67e89acb
3a2fd60fc421b402f4bfd365fd2a7accfa6ce4b1,cabinet,high_priority_semantic_front,front,"[0.0,0.0,1.0]",0.2,,pending_asset_front_audit,True,/data/task3_2/share_data/scenesmith/hssd_rendered_assets/3a2fd60fc421b402f4bfd365fd2a7accfa6ce4b1
3dc65c3057a59020426aa9746a85d9efc3dadc40,cabinet,high_priority_semantic_front,front,"[0.0,0.0,1.0]",0.2,,pending_asset_front_audit,True,/data/task3_2/share_data/scenesmith/hssd_rendered_assets/3dc65c3057a59020426aa9746a85d9efc3dadc40
3f692c319f4d06a270aa586b95aebe8def82f6de,cabinet,high_priority_semantic_front,front,"[0.0,0.0,1.0]",0.2,,pending_asset_front_audit,True,/data/task3_2/share_data/scenesmith/hssd_rendered_assets/3f692c319f4d06a270aa586b95aebe8def82f6de
3fcbaf139511bf243191f7ef92adde8d5fd7821d,cabinet,high_priority_semantic_front,front,"[0.0,0.0,1.0]",0.2,,pending_asset_front_audit,True,/data/task3_2/share_data/scenesmith/hssd_rendered_assets/3fcbaf139511bf243191f7ef92adde8d5fd7821d
4243219d5d485cbd3d3e6ff92427006b4608571c,cabinet,high_priority_semantic_front,front,"[0.0,0.0,1.0]",0.2,,pending_asset_front_audit,True,/data/task3_2/share_data/scenesmith/hssd_rendered_assets/4243219d5d485cbd3d3e6ff92427006b4608571c
43d81fde6734dafe7c2836cfb54f7d4ab4b09617,cabinet,high_priority_semantic_front,front,"[0.0,0.0,1.0]",0.2,,pending_asset_front_audit,True,/data/task3_2/share_data/scenesmith/hssd_rendered_assets/43d81fde6734dafe7c2836cfb54f7d4ab4b09617
464d6c2c0f6c8a9cbb9423fd93c8ace7e7f492e5,cabinet,high_priority_semantic_front,front,"[0.0,0.0,1.0]",0.2,,pending_asset_front_audit,True,/data/task3_2/share_data/scenesmith/hssd_rendered_assets/464d6c2c0f6c8a9cbb9423fd93c8ace7e7f492e5
4c4122564dc6381c97a10a7c6c75fd260110ff66,cabinet,high_priority_semantic_front,front,"[0.0,0.0,1.0]",0.2,,pending_asset_front_audit,True,/data/task3_2/share_data/scenesmith/hssd_rendered_assets/4c4122564dc6381c97a10a7c6c75fd260110ff66
4c89823f7c95bc341afa56a871f8f01832f86708,cabinet,high_priority_semantic_front,front,"[0.0,0.0,1.0]",0.2,,pending_asset_front_audit,True,/data/task3_2/share_data/scenesmith/hssd_rendered_assets/4c89823f7c95bc341afa56a871f8f01832f86708
4d13ab43898ce0d21a716edcef91fec02ff8cb2d,cabinet,high_priority_semantic_front,front,"[0.0,0.0,1.0]",0.2,,pending_asset_front_audit,True,/data/task3_2/share_data/scenesmith/hssd_rendered_assets/4d13ab43898ce0d21a716edcef91fec02ff8cb2d
4e74ef0956614341bd226da209f0fd9798c2bc68,cabinet,high_priority_semantic_front,front,"[0.0,0.0,1.0]",0.2,,pending_asset_front_audit,True,/data/task3_2/share_data/scenesmith/hssd_rendered_assets/4e74ef0956614341bd226da209f0fd9798c2bc68
5167e9e07073e54f170645e64b4c075ec70a0335,cabinet,high_priority_semantic_front,front,"[0.0,0.0,1.0]",0.2,,pending_asset_front_audit,True,/data/task3_2/share_data/scenesmith/hssd_rendered_assets/5167e9e07073e54f170645e64b4c075ec70a0335
519023c34015c16c6104a26a29dfb02b64f4059b,cabinet,high_priority_semantic_front,front,"[0.0,0.0,1.0]",0.2,,pending_asset_front_audit,True,/data/task3_2/share_data/scenesmith/hssd_rendered_assets/519023c34015c16c6104a26a29dfb02b64f4059b
54506cd1d15574514e7e98c8d90ee66938cde48f,cabinet,high_priority_semantic_front,front,"[0.0,0.0,1.0]",0.2,,pending_asset_front_audit,True,/data/task3_2/share_data/scenesmith/hssd_rendered_assets/54506cd1d15574514e7e98c8d90ee66938cde48f
55da74599e3c3924878594eb35a2106b3a7ea63f,cabinet,high_priority_semantic_front,front,"[0.0,0.0,1.0]",0.2,,pending_asset_front_audit,True,/data/task3_2/share_data/scenesmith/hssd_rendered_assets/55da74599e3c3924878594eb35a2106b3a7ea63f
5602bb9f02e0980f5c2155940a088c7cbe65ea65,cabinet,high_priority_semantic_front,front,"[0.0,0.0,1.0]",0.2,,pending_asset_front_audit,True,/data/task3_2/share_data/scenesmith/hssd_rendered_assets/5602bb9f02e0980f5c2155940a088c7cbe65ea65
57209e65bae481b5a9fa63c4836c33d627739c82,cabinet,high_priority_semantic_front,front,"[0.0,0.0,1.0]",0.2,,pending_asset_front_audit,True,/data/task3_2/share_data/scenesmith/hssd_rendered_assets/57209e65bae481b5a9fa63c4836c33d627739c82
5809d4b7a424268172519e54e2ff2b58b461fa2b,cabinet,high_priority_semantic_front,front,"[0.0,0.0,1.0]",0.2,,pending_asset_front_audit,True,/data/task3_2/share_data/scenesmith/hssd_rendered_assets/5809d4b7a424268172519e54e2ff2b58b461fa2b
5811a17461c7679e6285da287fb05f8773cb3f6e,cabinet,high_priority_semantic_front,front,"[0.0,0.0,1.0]",0.2,,pending_asset_front_audit,True,/data/task3_2/share_data/scenesmith/hssd_rendered_assets/5811a17461c7679e6285da287fb05f8773cb3f6e
589ac3bf9116855fa4946be418a2b90da8993a97,cabinet,high_priority_semantic_front,front,"[0.0,0.0,1.0]",0.2,,pending_asset_front_audit,True,/data/task3_2/share_data/scenesmith/hssd_rendered_assets/589ac3bf9116855fa4946be418a2b90da8993a97
5be14748099383be5920e984b11ff6f27b700c2e,cabinet,high_priority_semantic_front,front,"[0.0,0.0,1.0]",0.2,,pending_asset_front_audit,True,/data/task3_2/share_data/scenesmith/hssd_rendered_assets/5be14748099383be5920e984b11ff6f27b700c2e
5c88f6ea56161cf39bc50d4567989b5ccad73302,cabinet,high_priority_semantic_front,front,"[0.0,0.0,1.0]",0.2,,pending_asset_front_audit,True,/data/task3_2/share_data/scenesmith/hssd_rendered_assets/5c88f6ea56161cf39bc50d4567989b5ccad73302
632c81dd336ad689bf00f79ff84a7d806ea71d59,cabinet,high_priority_semantic_front,front,"[0.0,0.0,1.0]",0.2,,pending_asset_front_audit,True,/data/task3_2/share_data/scenesmith/hssd_rendered_assets/632c81dd336ad689bf00f79ff84a7d806ea71d59
6449c323d8a23151b0a1d79924494d143b398326,cabinet,high_priority_semantic_front,front,"[0.0,0.0,1.0]",0.2,,pending_asset_front_audit,True,/data/task3_2/share_data/scenesmith/hssd_rendered_assets/6449c323d8a23151b0a1d79924494d143b398326
66fb8c7cba5203a0326d897a2f314779ee5a9a71,cabinet,high_priority_semantic_front,front,"[0.0,0.0,1.0]",0.2,,pending_asset_front_audit,True,/data/task3_2/share_data/scenesmith/hssd_rendered_assets/66fb8c7cba5203a0326d897a2f314779ee5a9a71
698aac1fa524f06b75a0bac01de17c29deabec0a,cabinet,high_priority_semantic_front,front,"[0.0,0.0,1.0]",0.2,,pending_asset_front_audit,True,/data/task3_2/share_data/scenesmith/hssd_rendered_assets/698aac1fa524f06b75a0bac01de17c29deabec0a
6cfff2f2a9750f3671c84c2f9e01bedc401a6f58,cabinet,high_priority_semantic_front,front,"[0.0,0.0,1.0]",0.2,,pending_asset_front_audit,True,/data/task3_2/share_data/scenesmith/hssd_rendered_assets/6cfff2f2a9750f3671c84c2f9e01bedc401a6f58
6e68da11967d62ee675e49564638459b0bc51297,cabinet,high_priority_semantic_front,front,"[0.0,0.0,1.0]",0.2,,pending_asset_front_audit,True,/data/task3_2/share_data/scenesmith/hssd_rendered_assets/6e68da11967d62ee675e49564638459b0bc51297
72c74bf2ba521613b897c442c09b39b8289e9d4c,cabinet,high_priority_semantic_front,front,"[0.0,0.0,1.0]",0.2,,pending_asset_front_audit,True,/data/task3_2/share_data/scenesmith/hssd_rendered_assets/72c74bf2ba521613b897c442c09b39b8289e9d4c
738fd4f9d5f988090b5b70b353651e2d9a919a11,cabinet,high_priority_semantic_front,front,"[0.0,0.0,1.0]",0.2,,pending_asset_front_audit,True,/data/task3_2/share_data/scenesmith/hssd_rendered_assets/738fd4f9d5f988090b5b70b353651e2d9a919a11
797dfff15715fcc568ce2e6d73c12f829c3637db,cabinet,high_priority_semantic_front,front,"[0.0,0.0,1.0]",0.2,,pending_asset_front_audit,True,/data/task3_2/share_data/scenesmith/hssd_rendered_assets/797dfff15715fcc568ce2e6d73c12f829c3637db
7c85d0a371c5be2f5de0883e0c2125bd77de73f5,cabinet,high_priority_semantic_front,front,"[0.0,0.0,1.0]",0.2,,pending_asset_front_audit,True,/data/task3_2/share_data/scenesmith/hssd_rendered_assets/7c85d0a371c5be2f5de0883e0c2125bd77de73f5
7c9782ef8b9b4b2916233c8ee2180dffedd0b3ad,cabinet,high_priority_semantic_front,front,"[0.0,0.0,1.0]",0.2,,pending_asset_front_audit,True,/data/task3_2/share_data/scenesmith/hssd_rendered_assets/7c9782ef8b9b4b2916233c8ee2180dffedd0b3ad
7d01fdf3d6698ff23cd2e97e7342b8e4cf360a23,cabinet,high_priority_semantic_front,front,"[0.0,0.0,1.0]",0.2,,pending_asset_front_audit,True,/data/task3_2/share_data/scenesmith/hssd_rendered_assets/7d01fdf3d6698ff23cd2e97e7342b8e4cf360a23
81b57bd4e7919cbc45157c95f776a9fb5244518e,cabinet,high_priority_semantic_front,front,"[0.0,0.0,1.0]",0.2,,pending_asset_front_audit,True,/data/task3_2/share_data/scenesmith/hssd_rendered_assets/81b57bd4e7919cbc45157c95f776a9fb5244518e
82ba9f9db1024978e3411c3dfd794a29ac3c98c8,cabinet,high_priority_semantic_front,front,"[0.0,0.0,1.0]",0.2,,pending_asset_front_audit,True,/data/task3_2/share_data/scenesmith/hssd_rendered_assets/82ba9f9db1024978e3411c3dfd794a29ac3c98c8
87d95877ab352f73ebe9870982d29a5b53a22dae,cabinet,high_priority_semantic_front,front,"[0.0,0.0,1.0]",0.2,,pending_asset_front_audit,True,/data/task3_2/share_data/scenesmith/hssd_rendered_assets/87d95877ab352f73ebe9870982d29a5b53a22dae
8e0ed91a99dfa774e8e3b49d699bbc8135575dd3,cabinet,high_priority_semantic_front,front,"[0.0,0.0,1.0]",0.2,,pending_asset_front_audit,True,/data/task3_2/share_data/scenesmith/hssd_rendered_assets/8e0ed91a99dfa774e8e3b49d699bbc8135575dd3
8e792021f82f67d9662c15328a28063d06dc3623,cabinet,high_priority_semantic_front,front,"[0.0,0.0,1.0]",0.2,,pending_asset_front_audit,True,/data/task3_2/share_data/scenesmith/hssd_rendered_assets/8e792021f82f67d9662c15328a28063d06dc3623
8ebd1dbf3470d9dff250184873e2e54b5f35bd2c,cabinet,high_priority_semantic_front,front,"[0.0,0.0,1.0]",0.2,,pending_asset_front_audit,True,/data/task3_2/share_data/scenesmith/hssd_rendered_assets/8ebd1dbf3470d9dff250184873e2e54b5f35bd2c
8ecacd660777c8780afad3e1d2244164a9ffc15c,cabinet,high_priority_semantic_front,front,"[0.0,0.0,1.0]",0.2,,pending_asset_front_audit,True,/data/task3_2/share_data/scenesmith/hssd_rendered_assets/8ecacd660777c8780afad3e1d2244164a9ffc15c
8ef198585e210a09ad76c8d8ba1d0b2a9d7cd005,cabinet,high_priority_semantic_front,front,"[0.0,0.0,1.0]",0.2,,pending_asset_front_audit,True,/data/task3_2/share_data/scenesmith/hssd_rendered_assets/8ef198585e210a09ad76c8d8ba1d0b2a9d7cd005
9195c52970c032c7fe5536c0348260cb2ae2fb56,cabinet,high_priority_semantic_front,front,"[0.0,0.0,1.0]",0.2,,pending_asset_front_audit,True,/data/task3_2/share_data/scenesmith/hssd_rendered_assets/9195c52970c032c7fe5536c0348260cb2ae2fb56
93ecb08a04a5bfd07faf30edf670664a00b55be2,cabinet,high_priority_semantic_front,front,"[0.0,0.0,1.0]",0.2,,pending_asset_front_audit,True,/data/task3_2/share_data/scenesmith/hssd_rendered_assets/93ecb08a04a5bfd07faf30edf670664a00b55be2
960b4f4d8511ffd0daba1219c9f4af1a04cfb950,cabinet,high_priority_semantic_front,front,"[0.0,0.0,1.0]",0.2,,pending_asset_front_audit,True,/data/task3_2/share_data/scenesmith/hssd_rendered_assets/960b4f4d8511ffd0daba1219c9f4af1a04cfb950
96fa554a977e5792df52f65f91c39d6b58963688,cabinet,high_priority_semantic_front,front,"[0.0,0.0,1.0]",0.2,,pending_asset_front_audit,True,/data/task3_2/share_data/scenesmith/hssd_rendered_assets/96fa554a977e5792df52f65f91c39d6b58963688
97162e912362bae3a0ca0d385f9dab8e43360108,cabinet,high_priority_semantic_front,front,"[0.0,0.0,1.0]",0.2,,pending_asset_front_audit,True,/data/task3_2/share_data/scenesmith/hssd_rendered_assets/97162e912362bae3a0ca0d385f9dab8e43360108
98dbf856f3251188b0317bdb86c223aaf626bb49,cabinet,high_priority_semantic_front,front,"[0.0,0.0,1.0]",0.2,,pending_asset_front_audit,True,/data/task3_2/share_data/scenesmith/hssd_rendered_assets/98dbf856f3251188b0317bdb86c223aaf626bb49
9c88ec4c032a38bfa6c6df7c69a82d3daf694326,cabinet,high_priority_semantic_front,front,"[0.0,0.0,1.0]",0.2,,pending_asset_front_audit,True,/data/task3_2/share_data/scenesmith/hssd_rendered_assets/9c88ec4c032a38bfa6c6df7c69a82d3daf694326
9ea4bd481aad181dc67e26e04d97561848ae0615,cabinet,high_priority_semantic_front,front,"[0.0,0.0,1.0]",0.2,,pending_asset_front_audit,True,/data/task3_2/share_data/scenesmith/hssd_rendered_assets/9ea4bd481aad181dc67e26e04d97561848ae0615
9fee5e7b92edf3026fc491b252701dfb06ed46cf,cabinet,high_priority_semantic_front,front,"[0.0,0.0,1.0]",0.2,,pending_asset_front_audit,True,/data/task3_2/share_data/scenesmith/hssd_rendered_assets/9fee5e7b92edf3026fc491b252701dfb06ed46cf
a3044ff89c23c967ba9837c4f56007675575dbd0,cabinet,high_priority_semantic_front,front,"[0.0,0.0,1.0]",0.2,,pending_asset_front_audit,True,/data/task3_2/share_data/scenesmith/hssd_rendered_assets/a3044ff89c23c967ba9837c4f56007675575dbd0
aa48e0adc7ea84c3c8dbb9530d5a56be5c22c13f,cabinet,high_priority_semantic_front,front,"[0.0,0.0,1.0]",0.2,,pending_asset_front_audit,True,/data/task3_2/share_data/scenesmith/hssd_rendered_assets/aa48e0adc7ea84c3c8dbb9530d5a56be5c22c13f
aa69ad95160221cb20a99652a2d8b905bcefdac4,cabinet,high_priority_semantic_front,front,"[0.0,0.0,1.0]",0.2,,pending_asset_front_audit,True,/data/task3_2/share_data/scenesmith/hssd_rendered_assets/aa69ad95160221cb20a99652a2d8b905bcefdac4
ab0e61c699e14e1d9f691c93a1ad0fd2cd7f931d,cabinet,high_priority_semantic_front,front,"[0.0,0.0,1.0]",0.2,,pending_asset_front_audit,True,/data/task3_2/share_data/scenesmith/hssd_rendered_assets/ab0e61c699e14e1d9f691c93a1ad0fd2cd7f931d
ac49fcf122c3a29fdce60f17e669ae23605561c5,cabinet,high_priority_semantic_front,front,"[0.0,0.0,1.0]",0.2,,pending_asset_front_audit,True,/data/task3_2/share_data/scenesmith/hssd_rendered_assets/ac49fcf122c3a29fdce60f17e669ae23605561c5
ae9ac13b579222d6f9a3459151e4562892b1aae8,cabinet,high_priority_semantic_front,front,"[0.0,0.0,1.0]",0.2,,pending_asset_front_audit,True,/data/task3_2/share_data/scenesmith/hssd_rendered_assets/ae9ac13b579222d6f9a3459151e4562892b1aae8
b02c891d8e86bc914852753f1ce1c318b2499f42,cabinet,high_priority_semantic_front,front,"[0.0,0.0,1.0]",0.2,,pending_asset_front_audit,True,/data/task3_2/share_data/scenesmith/hssd_rendered_assets/b02c891d8e86bc914852753f1ce1c318b2499f42
b0653bf54cea7fcfb1cde2dd0a34da92729c3a2e,cabinet,high_priority_semantic_front,front,"[0.0,0.0,1.0]",0.2,,pending_asset_front_audit,True,/data/task3_2/share_data/scenesmith/hssd_rendered_assets/b0653bf54cea7fcfb1cde2dd0a34da92729c3a2e
b23e528013a3892d372731a5dd2f13da2e44bc97,cabinet,high_priority_semantic_front,front,"[0.0,0.0,1.0]",0.2,,pending_asset_front_audit,True,/data/task3_2/share_data/scenesmith/hssd_rendered_assets/b23e528013a3892d372731a5dd2f13da2e44bc97
b35edd9663c76d8dce5189ca04cb4b44d9d009de,cabinet,high_priority_semantic_front,front,"[0.0,0.0,1.0]",0.2,,pending_asset_front_audit,True,/data/task3_2/share_data/scenesmith/hssd_rendered_assets/b35edd9663c76d8dce5189ca04cb4b44d9d009de
b3839ea63c12168f51635e0f01f431fa4de910b4,cabinet,high_priority_semantic_front,front,"[0.0,0.0,1.0]",0.2,,pending_asset_front_audit,True,/data/task3_2/share_data/scenesmith/hssd_rendered_assets/b3839ea63c12168f51635e0f01f431fa4de910b4
b3b7780480e764c4178da48937126a9e4c001627,cabinet,high_priority_semantic_front,front,"[0.0,0.0,1.0]",0.2,,pending_asset_front_audit,True,/data/task3_2/share_data/scenesmith/hssd_rendered_assets/b3b7780480e764c4178da48937126a9e4c001627
b5721b76419b4315313005ce0e2b66d8aa714346,cabinet,high_priority_semantic_front,front,"[0.0,0.0,1.0]",0.2,,pending_asset_front_audit,True,/data/task3_2/share_data/scenesmith/hssd_rendered_assets/b5721b76419b4315313005ce0e2b66d8aa714346
b579dad917d549c04323882cc1c55f888b0253d2,cabinet,high_priority_semantic_front,front,"[0.0,0.0,1.0]",0.2,,pending_asset_front_audit,True,/data/task3_2/share_data/scenesmith/hssd_rendered_assets/b579dad917d549c04323882cc1c55f888b0253d2
b87936a4a52e2a0b805369a0763a536c719ca7d6,cabinet,high_priority_semantic_front,front,"[0.0,0.0,1.0]",0.2,,pending_asset_front_audit,True,/data/task3_2/share_data/scenesmith/hssd_rendered_assets/b87936a4a52e2a0b805369a0763a536c719ca7d6
baa2fcb64c8c07e7f12d3d1b57f893b232942509,cabinet,high_priority_semantic_front,front,"[0.0,0.0,1.0]",0.2,,pending_asset_front_audit,True,/data/task3_2/share_data/scenesmith/hssd_rendered_assets/baa2fcb64c8c07e7f12d3d1b57f893b232942509
bc7d5693a9e657f3127802a9632863853bd37497,cabinet,high_priority_semantic_front,front,"[0.0,0.0,1.0]",0.2,,pending_asset_front_audit,True,/data/task3_2/share_data/scenesmith/hssd_rendered_assets/bc7d5693a9e657f3127802a9632863853bd37497
bc87d100f3cc07ee8bc157fd35314bc1de216984,cabinet,high_priority_semantic_front,front,"[0.0,0.0,1.0]",0.2,,pending_asset_front_audit,True,/data/task3_2/share_data/scenesmith/hssd_rendered_assets/bc87d100f3cc07ee8bc157fd35314bc1de216984
bd3b4be2f8e07b17bc87090468aca049b1e3d636,cabinet,high_priority_semantic_front,front,"[0.0,0.0,1.0]",0.2,,pending_asset_front_audit,True,/data/task3_2/share_data/scenesmith/hssd_rendered_assets/bd3b4be2f8e07b17bc87090468aca049b1e3d636
be022989c87bfdd16986c388daab10c6780181bd,cabinet,high_priority_semantic_front,front,"[0.0,0.0,1.0]",0.2,,pending_asset_front_audit,True,/data/task3_2/share_data/scenesmith/hssd_rendered_assets/be022989c87bfdd16986c388daab10c6780181bd
bf10c8dfedc7eec580f1529066c4a1a4caa442a6,cabinet,high_priority_semantic_front,front,"[0.0,0.0,1.0]",0.2,,pending_asset_front_audit,True,/data/task3_2/share_data/scenesmith/hssd_rendered_assets/bf10c8dfedc7eec580f1529066c4a1a4caa442a6
c07383091478a013cc6f7542f6b5fc8fbf520a6c,cabinet,high_priority_semantic_front,front,"[0.0,0.0,1.0]",0.2,,pending_asset_front_audit,True,/data/task3_2/share_data/scenesmith/hssd_rendered_assets/c07383091478a013cc6f7542f6b5fc8fbf520a6c
c0ee4ef13d4cc4bc8f549cb9a1fd8b1f213e7d18,cabinet,high_priority_semantic_front,front,"[0.0,0.0,1.0]",0.2,,pending_asset_front_audit,True,/data/task3_2/share_data/scenesmith/hssd_rendered_assets/c0ee4ef13d4cc4bc8f549cb9a1fd8b1f213e7d18
c32fb94bb53f10fb230103eaaf503752000405fa,cabinet,high_priority_semantic_front,front,"[0.0,0.0,1.0]",0.2,,pending_asset_front_audit,True,/data/task3_2/share_data/scenesmith/hssd_rendered_assets/c32fb94bb53f10fb230103eaaf503752000405fa
c4dde9b2280f0318ce9b59e388883bcb101d6654,cabinet,high_priority_semantic_front,front,"[0.0,0.0,1.0]",0.2,,pending_asset_front_audit,True,/data/task3_2/share_data/scenesmith/hssd_rendered_assets/c4dde9b2280f0318ce9b59e388883bcb101d6654
c8867a24eb06b87f5cbca53b65b290cf5ae57b67,cabinet,high_priority_semantic_front,front,"[0.0,0.0,1.0]",0.2,,pending_asset_front_audit,True,/data/task3_2/share_data/scenesmith/hssd_rendered_assets/c8867a24eb06b87f5cbca53b65b290cf5ae57b67
c95d0ac8c043493a0b0c13f11d3b83d12c0a24f9,cabinet,high_priority_semantic_front,front,"[0.0,0.0,1.0]",0.2,,pending_asset_front_audit,True,/data/task3_2/share_data/scenesmith/hssd_rendered_assets/c95d0ac8c043493a0b0c13f11d3b83d12c0a24f9
c96d9c01eeaef13563d832710c5717cd77d78648,cabinet,high_priority_semantic_front,front,"[0.0,0.0,1.0]",0.2,,pending_asset_front_audit,True,/data/task3_2/share_data/scenesmith/hssd_rendered_assets/c96d9c01eeaef13563d832710c5717cd77d78648
cc90affb5036b91b64564a50865593eedad00e75,cabinet,high_priority_semantic_front,front,"[0.0,0.0,1.0]",0.2,,pending_asset_front_audit,True,/data/task3_2/share_data/scenesmith/hssd_rendered_assets/cc90affb5036b91b64564a50865593eedad00e75
cd196cef130b539fc5f2596f6acf43384a63a515,cabinet,high_priority_semantic_front,front,"[0.0,0.0,1.0]",0.2,,pending_asset_front_audit,True,/data/task3_2/share_data/scenesmith/hssd_rendered_assets/cd196cef130b539fc5f2596f6acf43384a63a515
cd4ffae2b879d72de5eb67e2876f7c3fd7a3a740,cabinet,high_priority_semantic_front,front,"[0.0,0.0,1.0]",0.2,,pending_asset_front_audit,True,/data/task3_2/share_data/scenesmith/hssd_rendered_assets/cd4ffae2b879d72de5eb67e2876f7c3fd7a3a740
d0ac83197c815743638fdeca4530127d8f20d4c0,cabinet,high_priority_semantic_front,front,"[0.0,0.0,1.0]",0.2,,pending_asset_front_audit,True,/data/task3_2/share_data/scenesmith/hssd_rendered_assets/d0ac83197c815743638fdeca4530127d8f20d4c0
d0f73838a7772e446c6952ae69dcb11779e1928f,cabinet,high_priority_semantic_front,front,"[0.0,0.0,1.0]",0.2,,pending_asset_front_audit,True,/data/task3_2/share_data/scenesmith/hssd_rendered_assets/d0f73838a7772e446c6952ae69dcb11779e1928f
d3064870d4e8d00b37a7acd77add1b45afda7e28,cabinet,high_priority_semantic_front,front,"[0.0,0.0,1.0]",0.2,,pending_asset_front_audit,True,/data/task3_2/share_data/scenesmith/hssd_rendered_assets/d3064870d4e8d00b37a7acd77add1b45afda7e28
d3b1439bf4a338a6df4e4421c2186835667fac5d,cabinet,high_priority_semantic_front,front,"[0.0,0.0,1.0]",0.2,,pending_asset_front_audit,True,/data/task3_2/share_data/scenesmith/hssd_rendered_assets/d3b1439bf4a338a6df4e4421c2186835667fac5d
d52372a1fd345dda86ea80c9ae5672af49ff98dd,cabinet,high_priority_semantic_front,front,"[0.0,0.0,1.0]",0.2,,pending_asset_front_audit,True,/data/task3_2/share_data/scenesmith/hssd_rendered_assets/d52372a1fd345dda86ea80c9ae5672af49ff98dd
dac9f126f273e5fcd4d9bb25b3aa96cd623aa59f,cabinet,high_priority_semantic_front,front,"[0.0,0.0,1.0]",0.2,,pending_asset_front_audit,True,/data/task3_2/share_data/scenesmith/hssd_rendered_assets/dac9f126f273e5fcd4d9bb25b3aa96cd623aa59f
dc2bf6dbff44a99b087ba5c987bab9ac4e28e53b,cabinet,high_priority_semantic_front,front,"[0.0,0.0,1.0]",0.2,,pending_asset_front_audit,True,/data/task3_2/share_data/scenesmith/hssd_rendered_assets/dc2bf6dbff44a99b087ba5c987bab9ac4e28e53b
dd3c29d0d8f9ab311bbec6c04df69730f7d34a4f,cabinet,high_priority_semantic_front,front,"[0.0,0.0,1.0]",0.2,,pending_asset_front_audit,True,/data/task3_2/share_data/scenesmith/hssd_rendered_assets/dd3c29d0d8f9ab311bbec6c04df69730f7d34a4f
dfba8399c26d06600f33cdc7dfedcb0f60708b4c,cabinet,high_priority_semantic_front,front,"[0.0,0.0,1.0]",0.2,,pending_asset_front_audit,True,/data/task3_2/share_data/scenesmith/hssd_rendered_assets/dfba8399c26d06600f33cdc7dfedcb0f60708b4c
e7315a170b0ec5278e79d31226a09beef4c356ee,cabinet,high_priority_semantic_front,front,"[0.0,0.0,1.0]",0.2,,pending_asset_front_audit,True,/data/task3_2/share_data/scenesmith/hssd_rendered_assets/e7315a170b0ec5278e79d31226a09beef4c356ee
eade7e268f40bd14940a6b767baf0a76d0b264e7,cabinet,high_priority_semantic_front,front,"[0.0,0.0,1.0]",0.2,,pending_asset_front_audit,True,/data/task3_2/share_data/scenesmith/hssd_rendered_assets/eade7e268f40bd14940a6b767baf0a76d0b264e7
ece35962bf526099b9c50ed0105561b6bd9cba9f,cabinet,high_priority_semantic_front,front,"[0.0,0.0,1.0]",0.2,,pending_asset_front_audit,True,/data/task3_2/share_data/scenesmith/hssd_rendered_assets/ece35962bf526099b9c50ed0105561b6bd9cba9f
ed33312cf48e36158d4609a146edbd0249e20cd5,cabinet,high_priority_semantic_front,front,"[0.0,0.0,1.0]",0.2,,pending_asset_front_audit,True,/data/task3_2/share_data/scenesmith/hssd_rendered_assets/ed33312cf48e36158d4609a146edbd0249e20cd5
ed943cd8dc7cedb573fb99c899be31601eb384f7,cabinet,high_priority_semantic_front,front,"[0.0,0.0,1.0]",0.2,,pending_asset_front_audit,True,/data/task3_2/share_data/scenesmith/hssd_rendered_assets/ed943cd8dc7cedb573fb99c899be31601eb384f7
eedc60093cc3519ed6b7891469ad7097bd9867c0,cabinet,high_priority_semantic_front,front,"[0.0,0.0,1.0]",0.2,,pending_asset_front_audit,True,/data/task3_2/share_data/scenesmith/hssd_rendered_assets/eedc60093cc3519ed6b7891469ad7097bd9867c0
f497d186a78b367238f5cf26d5475f4338eded11,cabinet,high_priority_semantic_front,front,"[0.0,0.0,1.0]",0.2,,pending_asset_front_audit,True,/data/task3_2/share_data/scenesmith/hssd_rendered_assets/f497d186a78b367238f5cf26d5475f4338eded11
fa7ddb625c1390cb1a63d2ab5dfef8d41ae6c63c,cabinet,high_priority_semantic_front,front,"[0.0,0.0,1.0]",0.2,,pending_asset_front_audit,True,/data/task3_2/share_data/scenesmith/hssd_rendered_assets/fa7ddb625c1390cb1a63d2ab5dfef8d41ae6c63c
xxxx8b7566a5x40eex4434x857bx526a7ce9959c,cabinet,high_priority_semantic_front,front,"[0.0,0.0,1.0]",0.2,,pending_asset_front_audit,True,/data/task3_2/share_data/scenesmith/hssd_rendered_assets/xxxx8b7566a5x40eex4434x857bx526a7ce9959c
xxxx96e9160axf7eax4931x8f5cx5e8ab47299ca,cabinet,high_priority_semantic_front,front,"[0.0,0.0,1.0]",0.2,,pending_asset_front_audit,True,/data/task3_2/share_data/scenesmith/hssd_rendered_assets/xxxx96e9160axf7eax4931x8f5cx5e8ab47299ca
01495dff5eccd8289fb31fc6df511bf2a043a495,chest of drawers,high_priority_semantic_front,front,"[0.0,0.0,1.0]",0.2,,pending_asset_front_audit,True,/data/task3_2/share_data/scenesmith/hssd_rendered_assets/01495dff5eccd8289fb31fc6df511bf2a043a495
01d1b7a2c92f97d248ca72d85d828f930e472064,chest of drawers,high_priority_semantic_front,front,"[0.0,0.0,1.0]",0.2,,pending_asset_front_audit,True,/data/task3_2/share_data/scenesmith/hssd_rendered_assets/01d1b7a2c92f97d248ca72d85d828f930e472064
0463153d9be9a8603ecd0e9af7e7763f42ee6c92,chest of drawers,high_priority_semantic_front,front,"[0.0,0.0,1.0]",0.2,,pending_asset_front_audit,True,/data/task3_2/share_data/scenesmith/hssd_rendered_assets/0463153d9be9a8603ecd0e9af7e7763f42ee6c92
065ec382b612213e49941b205a074141469eba31,chest of drawers,high_priority_semantic_front,front,"[0.0,0.0,1.0]",0.2,,pending_asset_front_audit,True,/data/task3_2/share_data/scenesmith/hssd_rendered_assets/065ec382b612213e49941b205a074141469eba31
07b4946baa48b230b224946422be140ff626c328,chest of drawers,high_priority_semantic_front,front,"[0.0,0.0,1.0]",0.2,,pending_asset_front_audit,True,/data/task3_2/share_data/scenesmith/hssd_rendered_assets/07b4946baa48b230b224946422be140ff626c328
098a8e9aa72ad0663702521445f0673e7760bd9c,chest of drawers,high_priority_semantic_front,front,"[0.0,0.0,1.0]",0.2,,pending_asset_front_audit,True,/data/task3_2/share_data/scenesmith/hssd_rendered_assets/098a8e9aa72ad0663702521445f0673e7760bd9c
09a0a4a031e33e738214b812f71dd838232df54c,chest of drawers,high_priority_semantic_front,front,"[0.0,0.0,1.0]",0.2,,pending_asset_front_audit,True,/data/task3_2/share_data/scenesmith/hssd_rendered_assets/09a0a4a031e33e738214b812f71dd838232df54c
0a7cedd2c534592ab5d5be1f0d8979e47896252b,chest of drawers,high_priority_semantic_front,front,"[0.0,0.0,1.0]",0.2,,pending_asset_front_audit,True,/data/task3_2/share_data/scenesmith/hssd_rendered_assets/0a7cedd2c534592ab5d5be1f0d8979e47896252b
0a9e33bd8772e0b3030d0a443b990328141c7028,chest of drawers,high_priority_semantic_front,front,"[0.0,0.0,1.0]",0.2,,pending_asset_front_audit,True,/data/task3_2/share_data/scenesmith/hssd_rendered_assets/0a9e33bd8772e0b3030d0a443b990328141c7028
0bd260f8efb1afe4ec095ef6dbe503cd1f127af8,chest of drawers,high_priority_semantic_front,front,"[0.0,0.0,1.0]",0.2,,pending_asset_front_audit,True,/data/task3_2/share_data/scenesmith/hssd_rendered_assets/0bd260f8efb1afe4ec095ef6dbe503cd1f127af8
0e6f903a9fd3dc5d57660907bc2614428bc52196,chest of drawers,high_priority_semantic_front,front,"[0.0,0.0,1.0]",0.2,,pending_asset_front_audit,True,/data/task3_2/share_data/scenesmith/hssd_rendered_assets/0e6f903a9fd3dc5d57660907bc2614428bc52196
0ec98b6b495a298726470f1636049f8e4e4c2926,chest of drawers,high_priority_semantic_front,front,"[0.0,0.0,1.0]",0.2,,pending_asset_front_audit,True,/data/task3_2/share_data/scenesmith/hssd_rendered_assets/0ec98b6b495a298726470f1636049f8e4e4c2926
0f587b130202742338c4836b425cd9478fb971e1,chest of drawers,high_priority_semantic_front,front,"[0.0,0.0,1.0]",0.2,,pending_asset_front_audit,True,/data/task3_2/share_data/scenesmith/hssd_rendered_assets/0f587b130202742338c4836b425cd9478fb971e1
11d4ccea439e533416350bbaffa5325a06eb53b6,chest of drawers,high_priority_semantic_front,front,"[0.0,0.0,1.0]",0.2,,pending_asset_front_audit,True,/data/task3_2/share_data/scenesmith/hssd_rendered_assets/11d4ccea439e533416350bbaffa5325a06eb53b6
12824be12d1e4ac567a0f84907db91abdecd6658,chest of drawers,high_priority_semantic_front,front,"[0.0,0.0,1.0]",0.2,,pending_asset_front_audit,True,/data/task3_2/share_data/scenesmith/hssd_rendered_assets/12824be12d1e4ac567a0f84907db91abdecd6658
1390bfd3026b4142a2b76e13abbbb550f1137c11,chest of drawers,high_priority_semantic_front,front,"[0.0,0.0,1.0]",0.2,,pending_asset_front_audit,True,/data/task3_2/share_data/scenesmith/hssd_rendered_assets/1390bfd3026b4142a2b76e13abbbb550f1137c11
147720973c70dcee789e80bfaa4d374ff3bbaf97,chest of drawers,high_priority_semantic_front,front,"[0.0,0.0,1.0]",0.2,,pending_asset_front_audit,True,/data/task3_2/share_data/scenesmith/hssd_rendered_assets/147720973c70dcee789e80bfaa4d374ff3bbaf97
1b4359cec4e8321f0477daa2981fad83b5379f39,chest of drawers,high_priority_semantic_front,front,"[0.0,0.0,1.0]",0.2,,pending_asset_front_audit,True,/data/task3_2/share_data/scenesmith/hssd_rendered_assets/1b4359cec4e8321f0477daa2981fad83b5379f39
1b7f8e7466fd35725ff1b8eff84e66bd90875a4f,chest of drawers,high_priority_semantic_front,front,"[0.0,0.0,1.0]",0.2,,pending_asset_front_audit,True,/data/task3_2/share_data/scenesmith/hssd_rendered_assets/1b7f8e7466fd35725ff1b8eff84e66bd90875a4f
1bf0baeb5c66c7be8dac14edeb36dc97479cb462,chest of drawers,high_priority_semantic_front,front,"[0.0,0.0,1.0]",0.2,,pending_asset_front_audit,True,/data/task3_2/share_data/scenesmith/hssd_rendered_assets/1bf0baeb5c66c7be8dac14edeb36dc97479cb462
1c0bbc026e76c09885dc5c6f156a6c3dec605d10,chest of drawers,high_priority_semantic_front,front,"[0.0,0.0,1.0]",0.2,,pending_asset_front_audit,True,/data/task3_2/share_data/scenesmith/hssd_rendered_assets/1c0bbc026e76c09885dc5c6f156a6c3dec605d10
1ccf240adc43432e3bad29950a96f18cfb8bd550,chest of drawers,high_priority_semantic_front,front,"[0.0,0.0,1.0]",0.2,,pending_asset_front_audit,True,/data/task3_2/share_data/scenesmith/hssd_rendered_assets/1ccf240adc43432e3bad29950a96f18cfb8bd550
1d38f7b0032aea0e6419d5041cac9d8bedc7dffb,chest of drawers,high_priority_semantic_front,front,"[0.0,0.0,1.0]",0.2,,pending_asset_front_audit,True,/data/task3_2/share_data/scenesmith/hssd_rendered_assets/1d38f7b0032aea0e6419d5041cac9d8bedc7dffb
1f1d1126a8fa29130c20424a26176a043af934a0,chest of drawers,high_priority_semantic_front,front,"[0.0,0.0,1.0]",0.2,,pending_asset_front_audit,True,/data/task3_2/share_data/scenesmith/hssd_rendered_assets/1f1d1126a8fa29130c20424a26176a043af934a0
1f48206dca3babea534ced6c1b440a24ed1d8bc1,chest of drawers,high_priority_semantic_front,front,"[0.0,0.0,1.0]",0.2,,pending_asset_front_audit,True,/data/task3_2/share_data/scenesmith/hssd_rendered_assets/1f48206dca3babea534ced6c1b440a24ed1d8bc1
1f683d9d9451e5347cc742a539e94468a18e9a7c,chest of drawers,high_priority_semantic_front,front,"[0.0,0.0,1.0]",0.2,,pending_asset_front_audit,True,/data/task3_2/share_data/scenesmith/hssd_rendered_assets/1f683d9d9451e5347cc742a539e94468a18e9a7c
20386aed9b0a616bfebbf5fbabb283a1d1df936b,chest of drawers,high_priority_semantic_front,front,"[0.0,0.0,1.0]",0.2,,pending_asset_front_audit,True,/data/task3_2/share_data/scenesmith/hssd_rendered_assets/20386aed9b0a616bfebbf5fbabb283a1d1df936b
2049f5c3e9a4f810916c270f85e639e4326f49ff,chest of drawers,high_priority_semantic_front,front,"[0.0,0.0,1.0]",0.2,,pending_asset_front_audit,True,/data/task3_2/share_data/scenesmith/hssd_rendered_assets/2049f5c3e9a4f810916c270f85e639e4326f49ff
206b6f7eb2eb0fb97a97d982380bc470d885fe3a,chest of drawers,high_priority_semantic_front,front,"[0.0,0.0,1.0]",0.2,,pending_asset_front_audit,True,/data/task3_2/share_data/scenesmith/hssd_rendered_assets/206b6f7eb2eb0fb97a97d982380bc470d885fe3a
223c0f130bcd4b3d546f7044d30ff62d90563177,chest of drawers,high_priority_semantic_front,front,"[0.0,0.0,1.0]",0.2,,pending_asset_front_audit,True,/data/task3_2/share_data/scenesmith/hssd_rendered_assets/223c0f130bcd4b3d546f7044d30ff62d90563177
2573653e620e455e41f5ef35d8e17d1997629159,chest of drawers,high_priority_semantic_front,front,"[0.0,0.0,1.0]",0.2,,pending_asset_front_audit,True,/data/task3_2/share_data/scenesmith/hssd_rendered_assets/2573653e620e455e41f5ef35d8e17d1997629159
2643558f6dbe025d988cf3b0d96a14e362d380d4,chest of drawers,high_priority_semantic_front,front,"[0.0,0.0,1.0]",0.2,,pending_asset_front_audit,True,/data/task3_2/share_data/scenesmith/hssd_rendered_assets/2643558f6dbe025d988cf3b0d96a14e362d380d4
293c42d04758bffcc63070066170cbb1f09918cc,chest of drawers,high_priority_semantic_front,front,"[0.0,0.0,1.0]",0.2,,pending_asset_front_audit,True,/data/task3_2/share_data/scenesmith/hssd_rendered_assets/293c42d04758bffcc63070066170cbb1f09918cc
298fde032f598963af06e258cd91385bb453bc22,chest of drawers,high_priority_semantic_front,front,"[0.0,0.0,1.0]",0.2,,pending_asset_front_audit,True,/data/task3_2/share_data/scenesmith/hssd_rendered_assets/298fde032f598963af06e258cd91385bb453bc22
2abfe2c185d18cf31e3dcfd8833207d78daae258,chest of drawers,high_priority_semantic_front,front,"[0.0,0.0,1.0]",0.2,,pending_asset_front_audit,True,/data/task3_2/share_data/scenesmith/hssd_rendered_assets/2abfe2c185d18cf31e3dcfd8833207d78daae258
2bc66a181f3be064a8053ea0e5a4e464380e2b90,chest of drawers,high_priority_semantic_front,front,"[0.0,0.0,1.0]",0.2,,pending_asset_front_audit,True,/data/task3_2/share_data/scenesmith/hssd_rendered_assets/2bc66a181f3be064a8053ea0e5a4e464380e2b90
2be5f12815e542ec385f7abdb423500e1c90d0cf,chest of drawers,high_priority_semantic_front,front,"[0.0,0.0,1.0]",0.2,,pending_asset_front_audit,True,/data/task3_2/share_data/scenesmith/hssd_rendered_assets/2be5f12815e542ec385f7abdb423500e1c90d0cf
2c69bff136e6399bfc19cfdd8af1d9e5bcbc7843,chest of drawers,high_priority_semantic_front,front,"[0.0,0.0,1.0]",0.2,,pending_asset_front_audit,True,/data/task3_2/share_data/scenesmith/hssd_rendered_assets/2c69bff136e6399bfc19cfdd8af1d9e5bcbc7843
2c6ab6266f1d11711743b89a00b0f7ff7d64edde,chest of drawers,high_priority_semantic_front,front,"[0.0,0.0,1.0]",0.2,,pending_asset_front_audit,True,/data/task3_2/share_data/scenesmith/hssd_rendered_assets/2c6ab6266f1d11711743b89a00b0f7ff7d64edde
2d93837fd0fb80b2f2e9b0d3d55eb6506b22d4c1,chest of drawers,high_priority_semantic_front,front,"[0.0,0.0,1.0]",0.2,,pending_asset_front_audit,True,/data/task3_2/share_data/scenesmith/hssd_rendered_assets/2d93837fd0fb80b2f2e9b0d3d55eb6506b22d4c1
2dc47e88f58c41d9328d2ee3cadad16a4f5ce3ee,chest of drawers,high_priority_semantic_front,front,"[0.0,0.0,1.0]",0.2,,pending_asset_front_audit,True,/data/task3_2/share_data/scenesmith/hssd_rendered_assets/2dc47e88f58c41d9328d2ee3cadad16a4f5ce3ee
2dc4fc2ba44e670900db84b7fe9e7e98c8c7b338,chest of drawers,high_priority_semantic_front,front,"[0.0,0.0,1.0]",0.2,,pending_asset_front_audit,True,/data/task3_2/share_data/scenesmith/hssd_rendered_assets/2dc4fc2ba44e670900db84b7fe9e7e98c8c7b338
31658039dc38707d5e41e97a44ecc04206988eb0,chest of drawers,high_priority_semantic_front,front,"[0.0,0.0,1.0]",0.2,,pending_asset_front_audit,True,/data/task3_2/share_data/scenesmith/hssd_rendered_assets/31658039dc38707d5e41e97a44ecc04206988eb0
317294cbd71b7a56a3a38f6d5b912a19bf04ed81,chest of drawers,high_priority_semantic_front,front,"[0.0,0.0,1.0]",0.2,,pending_asset_front_audit,True,/data/task3_2/share_data/scenesmith/hssd_rendered_assets/317294cbd71b7a56a3a38f6d5b912a19bf04ed81
331805416bff2bc91d12068625853de085443c62,chest of drawers,high_priority_semantic_front,front,"[0.0,0.0,1.0]",0.2,,pending_asset_front_audit,True,/data/task3_2/share_data/scenesmith/hssd_rendered_assets/331805416bff2bc91d12068625853de085443c62
33699eda2d1cf8f3d2dec775637a6c86d795a507,chest of drawers,high_priority_semantic_front,front,"[0.0,0.0,1.0]",0.2,,pending_asset_front_audit,True,/data/task3_2/share_data/scenesmith/hssd_rendered_assets/33699eda2d1cf8f3d2dec775637a6c86d795a507
33c9de97bf011b3aad628bbdb9e49021f46bcce4,chest of drawers,high_priority_semantic_front,front,"[0.0,0.0,1.0]",0.2,,pending_asset_front_audit,True,/data/task3_2/share_data/scenesmith/hssd_rendered_assets/33c9de97bf011b3aad628bbdb9e49021f46bcce4
389665158df393b0a2ac6fccc69babfd7a17f306,chest of drawers,high_priority_semantic_front,front,"[0.0,0.0,1.0]",0.2,,pending_asset_front_audit,True,/data/task3_2/share_data/scenesmith/hssd_rendered_assets/389665158df393b0a2ac6fccc69babfd7a17f306
38cd201fd2cfca2f6dd0ee3a83cbae7985f3960c,chest of drawers,high_priority_semantic_front,front,"[0.0,0.0,1.0]",0.2,,pending_asset_front_audit,True,/data/task3_2/share_data/scenesmith/hssd_rendered_assets/38cd201fd2cfca2f6dd0ee3a83cbae7985f3960c
397597cec45fad93300498e52c2f454e966b2491,chest of drawers,high_priority_semantic_front,front,"[0.0,0.0,1.0]",0.2,,pending_asset_front_audit,True,/data/task3_2/share_data/scenesmith/hssd_rendered_assets/397597cec45fad93300498e52c2f454e966b2491
39a52ed5a9fa90d42d4da320f129d550ec93fb69,chest of drawers,high_priority_semantic_front,front,"[0.0,0.0,1.0]",0.2,,pending_asset_front_audit,True,/data/task3_2/share_data/scenesmith/hssd_rendered_assets/39a52ed5a9fa90d42d4da320f129d550ec93fb69
3a80d608e8af86e86f62cabe698e39e2a5d074e7,chest of drawers,high_priority_semantic_front,front,"[0.0,0.0,1.0]",0.2,,pending_asset_front_audit,True,/data/task3_2/share_data/scenesmith/hssd_rendered_assets/3a80d608e8af86e86f62cabe698e39e2a5d074e7
3c22ce5ae9be5492c9816faf85879f48534af732,chest of drawers,high_priority_semantic_front,front,"[0.0,0.0,1.0]",0.2,,pending_asset_front_audit,True,/data/task3_2/share_data/scenesmith/hssd_rendered_assets/3c22ce5ae9be5492c9816faf85879f48534af732
3c37a58988da0e601a092ad2407b45810dae2b04,chest of drawers,high_priority_semantic_front,front,"[0.0,0.0,1.0]",0.2,,pending_asset_front_audit,True,/data/task3_2/share_data/scenesmith/hssd_rendered_assets/3c37a58988da0e601a092ad2407b45810dae2b04
3f9265b5b5e5abd5332ce66078e5eecbc3a9366d,chest of drawers,high_priority_semantic_front,front,"[0.0,0.0,1.0]",0.2,,pending_asset_front_audit,True,/data/task3_2/share_data/scenesmith/hssd_rendered_assets/3f9265b5b5e5abd5332ce66078e5eecbc3a9366d
4066fa0fa66bb631771dff6faf8b6c41f677af60,chest of drawers,high_priority_semantic_front,front,"[0.0,0.0,1.0]",0.2,,pending_asset_front_audit,True,/data/task3_2/share_data/scenesmith/hssd_rendered_assets/4066fa0fa66bb631771dff6faf8b6c41f677af60
4403634c49130a1e9d516ba17d62718238e0fb90,chest of drawers,high_priority_semantic_front,front,"[0.0,0.0,1.0]",0.2,,pending_asset_front_audit,True,/data/task3_2/share_data/scenesmith/hssd_rendered_assets/4403634c49130a1e9d516ba17d62718238e0fb90
44c41c97eee1e7c7e05b91d58da8d1737586d55d,chest of drawers,high_priority_semantic_front,front,"[0.0,0.0,1.0]",0.2,,pending_asset_front_audit,True,/data/task3_2/share_data/scenesmith/hssd_rendered_assets/44c41c97eee1e7c7e05b91d58da8d1737586d55d
463e89b665479d4a82c4fde27ab4898afa91c33f,chest of drawers,high_priority_semantic_front,front,"[0.0,0.0,1.0]",0.2,,pending_asset_front_audit,True,/data/task3_2/share_data/scenesmith/hssd_rendered_assets/463e89b665479d4a82c4fde27ab4898afa91c33f
4786f8eddaf749039c834efd1ca12ea39517cefd,chest of drawers,high_priority_semantic_front,front,"[0.0,0.0,1.0]",0.2,,pending_asset_front_audit,True,/data/task3_2/share_data/scenesmith/hssd_rendered_assets/4786f8eddaf749039c834efd1ca12ea39517cefd
47b51d048d81593acb7000ff7f131c5ecb5a4f16,chest of drawers,high_priority_semantic_front,front,"[0.0,0.0,1.0]",0.2,,pending_asset_front_audit,True,/data/task3_2/share_data/scenesmith/hssd_rendered_assets/47b51d048d81593acb7000ff7f131c5ecb5a4f16
47c28745703eaa9b3bfe792ad97a4de3467d3bc3,chest of drawers,high_priority_semantic_front,front,"[0.0,0.0,1.0]",0.2,,pending_asset_front_audit,True,/data/task3_2/share_data/scenesmith/hssd_rendered_assets/47c28745703eaa9b3bfe792ad97a4de3467d3bc3
48ee0122414566a9e3a6dd7b1eee41925c38792c,chest of drawers,high_priority_semantic_front,front,"[0.0,0.0,1.0]",0.2,,pending_asset_front_audit,True,/data/task3_2/share_data/scenesmith/hssd_rendered_assets/48ee0122414566a9e3a6dd7b1eee41925c38792c
494398746b964969eb0d25f950c2beae9faecf06,chest of drawers,high_priority_semantic_front,front,"[0.0,0.0,1.0]",0.2,,pending_asset_front_audit,True,/data/task3_2/share_data/scenesmith/hssd_rendered_assets/494398746b964969eb0d25f950c2beae9faecf06
49821166f6f44815955aed0168003c6b6e7d6f27,chest of drawers,high_priority_semantic_front,front,"[0.0,0.0,1.0]",0.2,,pending_asset_front_audit,True,/data/task3_2/share_data/scenesmith/hssd_rendered_assets/49821166f6f44815955aed0168003c6b6e7d6f27
4b4b56c002cd225a167e4bf7a04c767d689ef6a8,chest of drawers,high_priority_semantic_front,front,"[0.0,0.0,1.0]",0.2,,pending_asset_front_audit,True,/data/task3_2/share_data/scenesmith/hssd_rendered_assets/4b4b56c002cd225a167e4bf7a04c767d689ef6a8
4c067979055ae739365d340a1699036be5c136c7,chest of drawers,high_priority_semantic_front,front,"[0.0,0.0,1.0]",0.2,,pending_asset_front_audit,True,/data/task3_2/share_data/scenesmith/hssd_rendered_assets/4c067979055ae739365d340a1699036be5c136c7
4cf3e3b0f7cff8a68c6193ad6bf8f3d85b5e8908,chest of drawers,high_priority_semantic_front,front,"[0.0,0.0,1.0]",0.2,,pending_asset_front_audit,True,/data/task3_2/share_data/scenesmith/hssd_rendered_assets/4cf3e3b0f7cff8a68c6193ad6bf8f3d85b5e8908
4d1f79a428083d4ed582fe7e04b58814e734f3dc,chest of drawers,high_priority_semantic_front,front,"[0.0,0.0,1.0]",0.2,,pending_asset_front_audit,True,/data/task3_2/share_data/scenesmith/hssd_rendered_assets/4d1f79a428083d4ed582fe7e04b58814e734f3dc
4d2c2d793673e1bbfc7139a1247788878e1f3855,chest of drawers,high_priority_semantic_front,front,"[0.0,0.0,1.0]",0.2,,pending_asset_front_audit,True,/data/task3_2/share_data/scenesmith/hssd_rendered_assets/4d2c2d793673e1bbfc7139a1247788878e1f3855
4e8e1181584e949cc255e66b0ca57b6bf1a6b49c,chest of drawers,high_priority_semantic_front,front,"[0.0,0.0,1.0]",0.2,,pending_asset_front_audit,True,/data/task3_2/share_data/scenesmith/hssd_rendered_assets/4e8e1181584e949cc255e66b0ca57b6bf1a6b49c
4f19667d3471b5c6334c100f58e8028bce855ddf,chest of drawers,high_priority_semantic_front,front,"[0.0,0.0,1.0]",0.2,,pending_asset_front_audit,True,/data/task3_2/share_data/scenesmith/hssd_rendered_assets/4f19667d3471b5c6334c100f58e8028bce855ddf
51acab78344c2ebc6e223ca8d5f8809a82b55333,chest of drawers,high_priority_semantic_front,front,"[0.0,0.0,1.0]",0.2,,pending_asset_front_audit,True,/data/task3_2/share_data/scenesmith/hssd_rendered_assets/51acab78344c2ebc6e223ca8d5f8809a82b55333
55da776747de3474292a65617371432d3cf576ef,chest of drawers,high_priority_semantic_front,front,"[0.0,0.0,1.0]",0.2,,pending_asset_front_audit,True,/data/task3_2/share_data/scenesmith/hssd_rendered_assets/55da776747de3474292a65617371432d3cf576ef
55ff9aed203f1ebde9fe8651de7ec26954ed0232,chest of drawers,high_priority_semantic_front,front,"[0.0,0.0,1.0]",0.2,,pending_asset_front_audit,True,/data/task3_2/share_data/scenesmith/hssd_rendered_assets/55ff9aed203f1ebde9fe8651de7ec26954ed0232
5819a4a0b8b640e6e3864c233563c64ab2bf41ad,chest of drawers,high_priority_semantic_front,front,"[0.0,0.0,1.0]",0.2,,pending_asset_front_audit,True,/data/task3_2/share_data/scenesmith/hssd_rendered_assets/5819a4a0b8b640e6e3864c233563c64ab2bf41ad
58c1f347bea26244cf39efe7ff10e6cebaf48758,chest of drawers,high_priority_semantic_front,front,"[0.0,0.0,1.0]",0.2,,pending_asset_front_audit,True,/data/task3_2/share_data/scenesmith/hssd_rendered_assets/58c1f347bea26244cf39efe7ff10e6cebaf48758
59fa2c9f7434b3c5351ba1e51914575cc5614cd2,chest of drawers,high_priority_semantic_front,front,"[0.0,0.0,1.0]",0.2,,pending_asset_front_audit,True,/data/task3_2/share_data/scenesmith/hssd_rendered_assets/59fa2c9f7434b3c5351ba1e51914575cc5614cd2
5dc40ae3eeb5fbd9c901ba3bae7f6e4647614c81,chest of drawers,high_priority_semantic_front,front,"[0.0,0.0,1.0]",0.2,,pending_asset_front_audit,True,/data/task3_2/share_data/scenesmith/hssd_rendered_assets/5dc40ae3eeb5fbd9c901ba3bae7f6e4647614c81
5edd951f5377becae36ad4c35e919f6d3a6b3da9,chest of drawers,high_priority_semantic_front,front,"[0.0,0.0,1.0]",0.2,,pending_asset_front_audit,True,/data/task3_2/share_data/scenesmith/hssd_rendered_assets/5edd951f5377becae36ad4c35e919f6d3a6b3da9
5f333db79d970c5feeb7faee4cea5c6cd64915f5,chest of drawers,high_priority_semantic_front,front,"[0.0,0.0,1.0]",0.2,,pending_asset_front_audit,True,/data/task3_2/share_data/scenesmith/hssd_rendered_assets/5f333db79d970c5feeb7faee4cea5c6cd64915f5
609530b858465d9795ac43ba435fdd5f12d95956,chest of drawers,high_priority_semantic_front,front,"[0.0,0.0,1.0]",0.2,,pending_asset_front_audit,True,/data/task3_2/share_data/scenesmith/hssd_rendered_assets/609530b858465d9795ac43ba435fdd5f12d95956
61d4155613cdff2e36558a2c210452232eea676f,chest of drawers,high_priority_semantic_front,front,"[0.0,0.0,1.0]",0.2,,pending_asset_front_audit,True,/data/task3_2/share_data/scenesmith/hssd_rendered_assets/61d4155613cdff2e36558a2c210452232eea676f
6685d70c46f4d002d0fc50c70a2f1d577cd173a0,chest of drawers,high_priority_semantic_front,front,"[0.0,0.0,1.0]",0.2,,pending_asset_front_audit,True,/data/task3_2/share_data/scenesmith/hssd_rendered_assets/6685d70c46f4d002d0fc50c70a2f1d577cd173a0
66971c63d2b4e3c6c42ec3563a66db522c2e8b93,chest of drawers,high_priority_semantic_front,front,"[0.0,0.0,1.0]",0.2,,pending_asset_front_audit,True,/data/task3_2/share_data/scenesmith/hssd_rendered_assets/66971c63d2b4e3c6c42ec3563a66db522c2e8b93
68a985ad0150412e7c001933f3ede2acd5622be7,chest of drawers,high_priority_semantic_front,front,"[0.0,0.0,1.0]",0.2,,pending_asset_front_audit,True,/data/task3_2/share_data/scenesmith/hssd_rendered_assets/68a985ad0150412e7c001933f3ede2acd5622be7
68b22165ccec115439ff5bca2a28bd2ebf1fdb9d,chest of drawers,high_priority_semantic_front,front,"[0.0,0.0,1.0]",0.2,,pending_asset_front_audit,True,/data/task3_2/share_data/scenesmith/hssd_rendered_assets/68b22165ccec115439ff5bca2a28bd2ebf1fdb9d
6aa6ebd03fa90a8cb7e8e7b3877327796a48aa8f,chest of drawers,high_priority_semantic_front,front,"[0.0,0.0,1.0]",0.2,,pending_asset_front_audit,True,/data/task3_2/share_data/scenesmith/hssd_rendered_assets/6aa6ebd03fa90a8cb7e8e7b3877327796a48aa8f
6b310298f178aae8a0b23a70e1388cb67c3bbe71,chest of drawers,high_priority_semantic_front,front,"[0.0,0.0,1.0]",0.2,,pending_asset_front_audit,True,/data/task3_2/share_data/scenesmith/hssd_rendered_assets/6b310298f178aae8a0b23a70e1388cb67c3bbe71
6b72541c4a983863be92d0c603846ca9e1792ad1,chest of drawers,high_priority_semantic_front,front,"[0.0,0.0,1.0]",0.2,,pending_asset_front_audit,True,/data/task3_2/share_data/scenesmith/hssd_rendered_assets/6b72541c4a983863be92d0c603846ca9e1792ad1
6d373958555e97eb77c89ce28fae01475877b0b8,chest of drawers,high_priority_semantic_front,front,"[0.0,0.0,1.0]",0.2,,pending_asset_front_audit,True,/data/task3_2/share_data/scenesmith/hssd_rendered_assets/6d373958555e97eb77c89ce28fae01475877b0b8
6e7d2d9091ed8600596ace93233592b41ef9e58f,chest of drawers,high_priority_semantic_front,front,"[0.0,0.0,1.0]",0.2,,pending_asset_front_audit,True,/data/task3_2/share_data/scenesmith/hssd_rendered_assets/6e7d2d9091ed8600596ace93233592b41ef9e58f
6e93d82877d829b2f8d80c577dcd6329e66a99f7,chest of drawers,high_priority_semantic_front,front,"[0.0,0.0,1.0]",0.2,,pending_asset_front_audit,True,/data/task3_2/share_data/scenesmith/hssd_rendered_assets/6e93d82877d829b2f8d80c577dcd6329e66a99f7
70c79bca253e00b3f33bdca64f8aa12eda31db70,chest of drawers,high_priority_semantic_front,front,"[0.0,0.0,1.0]",0.2,,pending_asset_front_audit,True,/data/task3_2/share_data/scenesmith/hssd_rendered_assets/70c79bca253e00b3f33bdca64f8aa12eda31db70
741c787824bad244f18eba3b24e0b5176631217c,chest of drawers,high_priority_semantic_front,front,"[0.0,0.0,1.0]",0.2,,pending_asset_front_audit,True,/data/task3_2/share_data/scenesmith/hssd_rendered_assets/741c787824bad244f18eba3b24e0b5176631217c
74cfb4efcdf489b79953bdfcfff86d8b42a0190a,chest of drawers,high_priority_semantic_front,front,"[0.0,0.0,1.0]",0.2,,pending_asset_front_audit,True,/data/task3_2/share_data/scenesmith/hssd_rendered_assets/74cfb4efcdf489b79953bdfcfff86d8b42a0190a
75981e91eb9a82ca004d344a68f8c34f0522bcef,chest of drawers,high_priority_semantic_front,front,"[0.0,0.0,1.0]",0.2,,pending_asset_front_audit,True,/data/task3_2/share_data/scenesmith/hssd_rendered_assets/75981e91eb9a82ca004d344a68f8c34f0522bcef
762665bc7a958151874c15edfc2711b161376678,chest of drawers,high_priority_semantic_front,front,"[0.0,0.0,1.0]",0.2,,pending_asset_front_audit,True,/data/task3_2/share_data/scenesmith/hssd_rendered_assets/762665bc7a958151874c15edfc2711b161376678
76696232ac6d502f7290654ec5bb7fde4d9eee3d,chest of drawers,high_priority_semantic_front,front,"[0.0,0.0,1.0]",0.2,,pending_asset_front_audit,True,/data/task3_2/share_data/scenesmith/hssd_rendered_assets/76696232ac6d502f7290654ec5bb7fde4d9eee3d
78a66439eecf2b3387825947e58383ef27e3f66e,chest of drawers,high_priority_semantic_front,front,"[0.0,0.0,1.0]",0.2,,pending_asset_front_audit,True,/data/task3_2/share_data/scenesmith/hssd_rendered_assets/78a66439eecf2b3387825947e58383ef27e3f66e
79d5271fc49336b35d5e5bf73cb0cefac692170e,chest of drawers,high_priority_semantic_front,front,"[0.0,0.0,1.0]",0.2,,pending_asset_front_audit,True,/data/task3_2/share_data/scenesmith/hssd_rendered_assets/79d5271fc49336b35d5e5bf73cb0cefac692170e
7d625c430972d6778f120ef87e9e163fad23a778,chest of drawers,high_priority_semantic_front,front,"[0.0,0.0,1.0]",0.2,,pending_asset_front_audit,True,/data/task3_2/share_data/scenesmith/hssd_rendered_assets/7d625c430972d6778f120ef87e9e163fad23a778
7e9ae82058f7719b0e8b0e83a055ed7341afe69d,chest of drawers,high_priority_semantic_front,front,"[0.0,0.0,1.0]",0.2,,pending_asset_front_audit,True,/data/task3_2/share_data/scenesmith/hssd_rendered_assets/7e9ae82058f7719b0e8b0e83a055ed7341afe69d
807955fd4dcb59b67789b24f2e7bc167027c870a,chest of drawers,high_priority_semantic_front,front,"[0.0,0.0,1.0]",0.2,,pending_asset_front_audit,True,/data/task3_2/share_data/scenesmith/hssd_rendered_assets/807955fd4dcb59b67789b24f2e7bc167027c870a
81017a44e0b7694b93bcf6ca1f6a46bc8fc8077c,chest of drawers,high_priority_semantic_front,front,"[0.0,0.0,1.0]",0.2,,pending_asset_front_audit,True,/data/task3_2/share_data/scenesmith/hssd_rendered_assets/81017a44e0b7694b93bcf6ca1f6a46bc8fc8077c
82728c060f48775287a921c7530606aebaac0448,chest of drawers,high_priority_semantic_front,front,"[0.0,0.0,1.0]",0.2,,pending_asset_front_audit,True,/data/task3_2/share_data/scenesmith/hssd_rendered_assets/82728c060f48775287a921c7530606aebaac0448
831e2cff446337af8791038161c7d32d96726b20,chest of drawers,high_priority_semantic_front,front,"[0.0,0.0,1.0]",0.2,,pending_asset_front_audit,True,/data/task3_2/share_data/scenesmith/hssd_rendered_assets/831e2cff446337af8791038161c7d32d96726b20
848c2cc9428329445b3de7dc982469c583b16c1d,chest of drawers,high_priority_semantic_front,front,"[0.0,0.0,1.0]",0.2,,pending_asset_front_audit,True,/data/task3_2/share_data/scenesmith/hssd_rendered_assets/848c2cc9428329445b3de7dc982469c583b16c1d
84affc1858745191a1d258858c1f30f45216c8a4,chest of drawers,high_priority_semantic_front,front,"[0.0,0.0,1.0]",0.2,,pending_asset_front_audit,True,/data/task3_2/share_data/scenesmith/hssd_rendered_assets/84affc1858745191a1d258858c1f30f45216c8a4
85e57bc57bc1929784b066eab7ced82d5f44a6a1,chest of drawers,high_priority_semantic_front,front,"[0.0,0.0,1.0]",0.2,,pending_asset_front_audit,True,/data/task3_2/share_data/scenesmith/hssd_rendered_assets/85e57bc57bc1929784b066eab7ced82d5f44a6a1
865da0881974291c56a1a12c9acb0a95f664f741,chest of drawers,high_priority_semantic_front,front,"[0.0,0.0,1.0]",0.2,,pending_asset_front_audit,True,/data/task3_2/share_data/scenesmith/hssd_rendered_assets/865da0881974291c56a1a12c9acb0a95f664f741
877256603ad3822ee3f5ecd9c55ad2dfe9899ba3,chest of drawers,high_priority_semantic_front,front,"[0.0,0.0,1.0]",0.2,,pending_asset_front_audit,True,/data/task3_2/share_data/scenesmith/hssd_rendered_assets/877256603ad3822ee3f5ecd9c55ad2dfe9899ba3
891f93778cdee4e6fc7133e344bff9f5ccdd1d48,chest of drawers,high_priority_semantic_front,front,"[0.0,0.0,1.0]",0.2,,pending_asset_front_audit,True,/data/task3_2/share_data/scenesmith/hssd_rendered_assets/891f93778cdee4e6fc7133e344bff9f5ccdd1d48
8994a2078b60a17205a34a19f8851ad81980aa97,chest of drawers,high_priority_semantic_front,front,"[0.0,0.0,1.0]",0.2,,pending_asset_front_audit,True,/data/task3_2/share_data/scenesmith/hssd_rendered_assets/8994a2078b60a17205a34a19f8851ad81980aa97
899eebd2e800dead618d9df13704e2c94c2f453f,chest of drawers,high_priority_semantic_front,front,"[0.0,0.0,1.0]",0.2,,pending_asset_front_audit,True,/data/task3_2/share_data/scenesmith/hssd_rendered_assets/899eebd2e800dead618d9df13704e2c94c2f453f
89ba3ca85be9fdeec04468df9a4f75c17d91b01b,chest of drawers,high_priority_semantic_front,front,"[0.0,0.0,1.0]",0.2,,pending_asset_front_audit,True,/data/task3_2/share_data/scenesmith/hssd_rendered_assets/89ba3ca85be9fdeec04468df9a4f75c17d91b01b
8a2467f42dc962b5a3bcc7868f6faf9ea31397dd,chest of drawers,high_priority_semantic_front,front,"[0.0,0.0,1.0]",0.2,,pending_asset_front_audit,True,/data/task3_2/share_data/scenesmith/hssd_rendered_assets/8a2467f42dc962b5a3bcc7868f6faf9ea31397dd
8a75b901c9375d1647b9a7d51e6a6838a9751a86,chest of drawers,high_priority_semantic_front,front,"[0.0,0.0,1.0]",0.2,,pending_asset_front_audit,True,/data/task3_2/share_data/scenesmith/hssd_rendered_assets/8a75b901c9375d1647b9a7d51e6a6838a9751a86
8a95d8b56329acf8153705fda06b007240747b03,chest of drawers,high_priority_semantic_front,front,"[0.0,0.0,1.0]",0.2,,pending_asset_front_audit,True,/data/task3_2/share_data/scenesmith/hssd_rendered_assets/8a95d8b56329acf8153705fda06b007240747b03
8c14fade032205abee0a1ffb662aec4fc70ebbb2,chest of drawers,high_priority_semantic_front,front,"[0.0,0.0,1.0]",0.2,,pending_asset_front_audit,True,/data/task3_2/share_data/scenesmith/hssd_rendered_assets/8c14fade032205abee0a1ffb662aec4fc70ebbb2
8cbd4ea7f6834e2a37ba461dee1139634de71ff6,chest of drawers,high_priority_semantic_front,front,"[0.0,0.0,1.0]",0.2,,pending_asset_front_audit,True,/data/task3_2/share_data/scenesmith/hssd_rendered_assets/8cbd4ea7f6834e2a37ba461dee1139634de71ff6
8dba4cb9fe62d4f420d087fa9c358a3a7801e404,chest of drawers,high_priority_semantic_front,front,"[0.0,0.0,1.0]",0.2,,pending_asset_front_audit,True,/data/task3_2/share_data/scenesmith/hssd_rendered_assets/8dba4cb9fe62d4f420d087fa9c358a3a7801e404
8e507631cfe2defc4bcf7c8b67282c9e99935f7b,chest of drawers,high_priority_semantic_front,front,"[0.0,0.0,1.0]",0.2,,pending_asset_front_audit,True,/data/task3_2/share_data/scenesmith/hssd_rendered_assets/8e507631cfe2defc4bcf7c8b67282c9e99935f7b
8ead2614ed88bb808e684234eec0f9120f41c089,chest of drawers,high_priority_semantic_front,front,"[0.0,0.0,1.0]",0.2,,pending_asset_front_audit,True,/data/task3_2/share_data/scenesmith/hssd_rendered_assets/8ead2614ed88bb808e684234eec0f9120f41c089
8f75a5a5837733b9a5beebf031f4cdc13a240782,chest of drawers,high_priority_semantic_front,front,"[0.0,0.0,1.0]",0.2,,pending_asset_front_audit,True,/data/task3_2/share_data/scenesmith/hssd_rendered_assets/8f75a5a5837733b9a5beebf031f4cdc13a240782
93767fc355a1afbfff79d54a25204069e0543d2b,chest of drawers,high_priority_semantic_front,front,"[0.0,0.0,1.0]",0.2,,pending_asset_front_audit,True,/data/task3_2/share_data/scenesmith/hssd_rendered_assets/93767fc355a1afbfff79d54a25204069e0543d2b
93845075e1c4e220eea68160d6028072985ccce8,chest of drawers,high_priority_semantic_front,front,"[0.0,0.0,1.0]",0.2,,pending_asset_front_audit,True,/data/task3_2/share_data/scenesmith/hssd_rendered_assets/93845075e1c4e220eea68160d6028072985ccce8
93ed3f069296f4e518625f001dbcc4e451674ba7,chest of drawers,high_priority_semantic_front,front,"[0.0,0.0,1.0]",0.2,,pending_asset_front_audit,True,/data/task3_2/share_data/scenesmith/hssd_rendered_assets/93ed3f069296f4e518625f001dbcc4e451674ba7
94551b307867c4780e5f811f82a9bd3b708767b0,chest of drawers,high_priority_semantic_front,front,"[0.0,0.0,1.0]",0.2,,pending_asset_front_audit,True,/data/task3_2/share_data/scenesmith/hssd_rendered_assets/94551b307867c4780e5f811f82a9bd3b708767b0
94bcdbab5bdbd66a83152fb67b620ebbca789fc7,chest of drawers,high_priority_semantic_front,front,"[0.0,0.0,1.0]",0.2,,pending_asset_front_audit,True,/data/task3_2/share_data/scenesmith/hssd_rendered_assets/94bcdbab5bdbd66a83152fb67b620ebbca789fc7
95eebb59a0118bc955310006181781b67de0303b,chest of drawers,high_priority_semantic_front,front,"[0.0,0.0,1.0]",0.2,,pending_asset_front_audit,True,/data/task3_2/share_data/scenesmith/hssd_rendered_assets/95eebb59a0118bc955310006181781b67de0303b
96ba916d576ea72cad9f317a3013d4bea661e74d,chest of drawers,high_priority_semantic_front,front,"[0.0,0.0,1.0]",0.2,,pending_asset_front_audit,True,/data/task3_2/share_data/scenesmith/hssd_rendered_assets/96ba916d576ea72cad9f317a3013d4bea661e74d
96e10274b2d1c6c76568386a781b1d74a226856a,chest of drawers,high_priority_semantic_front,front,"[0.0,0.0,1.0]",0.2,,pending_asset_front_audit,True,/data/task3_2/share_data/scenesmith/hssd_rendered_assets/96e10274b2d1c6c76568386a781b1d74a226856a
98dac55bdc009c7efdb01e38c61637edd069b181,chest of drawers,high_priority_semantic_front,front,"[0.0,0.0,1.0]",0.2,,pending_asset_front_audit,True,/data/task3_2/share_data/scenesmith/hssd_rendered_assets/98dac55bdc009c7efdb01e38c61637edd069b181
9aa961137b4a6103e242a6e515aefcb7aa434161,chest of drawers,high_priority_semantic_front,front,"[0.0,0.0,1.0]",0.2,,pending_asset_front_audit,True,/data/task3_2/share_data/scenesmith/hssd_rendered_assets/9aa961137b4a6103e242a6e515aefcb7aa434161
9b34edb22079c93180e57192ed0c919435f8fabc,chest of drawers,high_priority_semantic_front,front,"[0.0,0.0,1.0]",0.2,,pending_asset_front_audit,True,/data/task3_2/share_data/scenesmith/hssd_rendered_assets/9b34edb22079c93180e57192ed0c919435f8fabc
9d7920d6be534f15a3472515d64eac3240dc91c6,chest of drawers,high_priority_semantic_front,front,"[0.0,0.0,1.0]",0.2,,pending_asset_front_audit,True,/data/task3_2/share_data/scenesmith/hssd_rendered_assets/9d7920d6be534f15a3472515d64eac3240dc91c6
9eb29f8df2d6130cdc5d4028a93ba460688b8042,chest of drawers,high_priority_semantic_front,front,"[0.0,0.0,1.0]",0.2,,pending_asset_front_audit,True,/data/task3_2/share_data/scenesmith/hssd_rendered_assets/9eb29f8df2d6130cdc5d4028a93ba460688b8042
a04368de48fd18397997e3ab1f88500abf1733c6,chest of drawers,high_priority_semantic_front,front,"[0.0,0.0,1.0]",0.2,,pending_asset_front_audit,True,/data/task3_2/share_data/scenesmith/hssd_rendered_assets/a04368de48fd18397997e3ab1f88500abf1733c6
a0800bdac932b41d0e661a1dff7b03fa44b0a4b7,chest of drawers,high_priority_semantic_front,front,"[0.0,0.0,1.0]",0.2,,pending_asset_front_audit,True,/data/task3_2/share_data/scenesmith/hssd_rendered_assets/a0800bdac932b41d0e661a1dff7b03fa44b0a4b7
a093a5341f0930a9fe1f4e56f337f21e40dbdc21,chest of drawers,high_priority_semantic_front,front,"[0.0,0.0,1.0]",0.2,,pending_asset_front_audit,True,/data/task3_2/share_data/scenesmith/hssd_rendered_assets/a093a5341f0930a9fe1f4e56f337f21e40dbdc21
a0f01ff926fe404204e9a7914ba299df5e807694,chest of drawers,high_priority_semantic_front,front,"[0.0,0.0,1.0]",0.2,,pending_asset_front_audit,True,/data/task3_2/share_data/scenesmith/hssd_rendered_assets/a0f01ff926fe404204e9a7914ba299df5e807694
a23c0acfc3cca5c709dccdf65564628e76ab4498,chest of drawers,high_priority_semantic_front,front,"[0.0,0.0,1.0]",0.2,,pending_asset_front_audit,True,/data/task3_2/share_data/scenesmith/hssd_rendered_assets/a23c0acfc3cca5c709dccdf65564628e76ab4498
a443254659cf685e65190747772d47086f49d81a,chest of drawers,high_priority_semantic_front,front,"[0.0,0.0,1.0]",0.2,,pending_asset_front_audit,True,/data/task3_2/share_data/scenesmith/hssd_rendered_assets/a443254659cf685e65190747772d47086f49d81a
a65297dccfaad2014cb1dfeee9e07ebc3dab25db,chest of drawers,high_priority_semantic_front,front,"[0.0,0.0,1.0]",0.2,,pending_asset_front_audit,True,/data/task3_2/share_data/scenesmith/hssd_rendered_assets/a65297dccfaad2014cb1dfeee9e07ebc3dab25db
a6d4ca2a63e1bd0bff603d1fd57e3e321d16587f,chest of drawers,high_priority_semantic_front,front,"[0.0,0.0,1.0]",0.2,,pending_asset_front_audit,True,/data/task3_2/share_data/scenesmith/hssd_rendered_assets/a6d4ca2a63e1bd0bff603d1fd57e3e321d16587f
ab147892f0d3e77a2ff2cf511c8cd62cafb2b973,chest of drawers,high_priority_semantic_front,front,"[0.0,0.0,1.0]",0.2,,pending_asset_front_audit,True,/data/task3_2/share_data/scenesmith/hssd_rendered_assets/ab147892f0d3e77a2ff2cf511c8cd62cafb2b973
ac0817d0fe557345c16534a7c1f25ae6e2972393,chest of drawers,high_priority_semantic_front,front,"[0.0,0.0,1.0]",0.2,,pending_asset_front_audit,True,/data/task3_2/share_data/scenesmith/hssd_rendered_assets/ac0817d0fe557345c16534a7c1f25ae6e2972393
ae0c378302f7fe60bae22dfd25ad9f2713a08505,chest of drawers,high_priority_semantic_front,front,"[0.0,0.0,1.0]",0.2,,pending_asset_front_audit,True,/data/task3_2/share_data/scenesmith/hssd_rendered_assets/ae0c378302f7fe60bae22dfd25ad9f2713a08505
aeebbe82b3781a41a9e0227feae371ff8497e72b,chest of drawers,high_priority_semantic_front,front,"[0.0,0.0,1.0]",0.2,,pending_asset_front_audit,True,/data/task3_2/share_data/scenesmith/hssd_rendered_assets/aeebbe82b3781a41a9e0227feae371ff8497e72b
afa04171fbf30e2a5e5cf439d4ae70cdb7a88c62,chest of drawers,high_priority_semantic_front,front,"[0.0,0.0,1.0]",0.2,,pending_asset_front_audit,True,/data/task3_2/share_data/scenesmith/hssd_rendered_assets/afa04171fbf30e2a5e5cf439d4ae70cdb7a88c62
afc34f614d37dd15c323fbdb9df5e67023c5bc84,chest of drawers,high_priority_semantic_front,front,"[0.0,0.0,1.0]",0.2,,pending_asset_front_audit,True,/data/task3_2/share_data/scenesmith/hssd_rendered_assets/afc34f614d37dd15c323fbdb9df5e67023c5bc84
b2414f3ff69c153c9c9b0095108c7277fd1eadb5,chest of drawers,high_priority_semantic_front,front,"[0.0,0.0,1.0]",0.2,,pending_asset_front_audit,True,/data/task3_2/share_data/scenesmith/hssd_rendered_assets/b2414f3ff69c153c9c9b0095108c7277fd1eadb5
b5729920dcc9568aa10fa3034e37566ae8944203,chest of drawers,high_priority_semantic_front,front,"[0.0,0.0,1.0]",0.2,,pending_asset_front_audit,True,/data/task3_2/share_data/scenesmith/hssd_rendered_assets/b5729920dcc9568aa10fa3034e37566ae8944203
b5ac5dd1dc346152f1a07d3e40e665de05095852,chest of drawers,high_priority_semantic_front,front,"[0.0,0.0,1.0]",0.2,,pending_asset_front_audit,True,/data/task3_2/share_data/scenesmith/hssd_rendered_assets/b5ac5dd1dc346152f1a07d3e40e665de05095852
b5e518e3fea5db109669295a3b91d6e2654c9ae6,chest of drawers,high_priority_semantic_front,front,"[0.0,0.0,1.0]",0.2,,pending_asset_front_audit,True,/data/task3_2/share_data/scenesmith/hssd_rendered_assets/b5e518e3fea5db109669295a3b91d6e2654c9ae6
b6645423faac4d8a1bfeff2d5106285dba2a8a00,chest of drawers,high_priority_semantic_front,front,"[0.0,0.0,1.0]",0.2,,pending_asset_front_audit,True,/data/task3_2/share_data/scenesmith/hssd_rendered_assets/b6645423faac4d8a1bfeff2d5106285dba2a8a00
b83ed34420fefdf8063b9b33d4c1305aa534e75a,chest of drawers,high_priority_semantic_front,front,"[0.0,0.0,1.0]",0.2,,pending_asset_front_audit,True,/data/task3_2/share_data/scenesmith/hssd_rendered_assets/b83ed34420fefdf8063b9b33d4c1305aa534e75a
ba9b22943a7967908955980f309420e15b3d10e2,chest of drawers,high_priority_semantic_front,front,"[0.0,0.0,1.0]",0.2,,pending_asset_front_audit,True,/data/task3_2/share_data/scenesmith/hssd_rendered_assets/ba9b22943a7967908955980f309420e15b3d10e2
bc59a49ebf99164d5ed88bd6eaff12ec4ed86d0a,chest of drawers,high_priority_semantic_front,front,"[0.0,0.0,1.0]",0.2,,pending_asset_front_audit,True,/data/task3_2/share_data/scenesmith/hssd_rendered_assets/bc59a49ebf99164d5ed88bd6eaff12ec4ed86d0a
bc7a345a9caebcc5068af441892819603f03d74e,chest of drawers,high_priority_semantic_front,front,"[0.0,0.0,1.0]",0.2,,pending_asset_front_audit,True,/data/task3_2/share_data/scenesmith/hssd_rendered_assets/bc7a345a9caebcc5068af441892819603f03d74e
bd7afc0af95def79ba0a85559ba1a35c9b32b83b,chest of drawers,high_priority_semantic_front,front,"[0.0,0.0,1.0]",0.2,,pending_asset_front_audit,True,/data/task3_2/share_data/scenesmith/hssd_rendered_assets/bd7afc0af95def79ba0a85559ba1a35c9b32b83b
bd8f1a9eb25a71785663f03fd8e8770068ea49bb,chest of drawers,high_priority_semantic_front,front,"[0.0,0.0,1.0]",0.2,,pending_asset_front_audit,True,/data/task3_2/share_data/scenesmith/hssd_rendered_assets/bd8f1a9eb25a71785663f03fd8e8770068ea49bb
bf02cf6cbdba130dffd8bd550a2bb2eed8573c62,chest of drawers,high_priority_semantic_front,front,"[0.0,0.0,1.0]",0.2,,pending_asset_front_audit,True,/data/task3_2/share_data/scenesmith/hssd_rendered_assets/bf02cf6cbdba130dffd8bd550a2bb2eed8573c62
c037f556753b66e786c130526e4b807a8636cf1b,chest of drawers,high_priority_semantic_front,front,"[0.0,0.0,1.0]",0.2,,pending_asset_front_audit,True,/data/task3_2/share_data/scenesmith/hssd_rendered_assets/c037f556753b66e786c130526e4b807a8636cf1b
c2cbb4677994a6d2fbd4796360fe7538d9189eda,chest of drawers,high_priority_semantic_front,front,"[0.0,0.0,1.0]",0.2,,pending_asset_front_audit,True,/data/task3_2/share_data/scenesmith/hssd_rendered_assets/c2cbb4677994a6d2fbd4796360fe7538d9189eda
c34d55162d1b20d077c536fbafd0a1430680222a,chest of drawers,high_priority_semantic_front,front,"[0.0,0.0,1.0]",0.2,,pending_asset_front_audit,True,/data/task3_2/share_data/scenesmith/hssd_rendered_assets/c34d55162d1b20d077c536fbafd0a1430680222a
c3a726217d3a5aea52bebf82925a734ef322e529,chest of drawers,high_priority_semantic_front,front,"[0.0,0.0,1.0]",0.2,,pending_asset_front_audit,True,/data/task3_2/share_data/scenesmith/hssd_rendered_assets/c3a726217d3a5aea52bebf82925a734ef322e529
c3fdb13cd96d001010a51bf5cacd47503c75df7e,chest of drawers,high_priority_semantic_front,front,"[0.0,0.0,1.0]",0.2,,pending_asset_front_audit,True,/data/task3_2/share_data/scenesmith/hssd_rendered_assets/c3fdb13cd96d001010a51bf5cacd47503c75df7e
c498d4ff8a6506991025a1a036943ad3f82c62ac,chest of drawers,high_priority_semantic_front,front,"[0.0,0.0,1.0]",0.2,,pending_asset_front_audit,True,/data/task3_2/share_data/scenesmith/hssd_rendered_assets/c498d4ff8a6506991025a1a036943ad3f82c62ac
c5fe7eaaa71f5cc7e2bc468d56bbdd3685b24224,chest of drawers,high_priority_semantic_front,front,"[0.0,0.0,1.0]",0.2,,pending_asset_front_audit,True,/data/task3_2/share_data/scenesmith/hssd_rendered_assets/c5fe7eaaa71f5cc7e2bc468d56bbdd3685b24224
c8066b282efeea5f6d7930a742cb57ffdec6105b,chest of drawers,high_priority_semantic_front,front,"[0.0,0.0,1.0]",0.2,,pending_asset_front_audit,True,/data/task3_2/share_data/scenesmith/hssd_rendered_assets/c8066b282efeea5f6d7930a742cb57ffdec6105b
cc34d2bd7d33c5dd311fae8268857ee35dcbab47,chest of drawers,high_priority_semantic_front,front,"[0.0,0.0,1.0]",0.2,,pending_asset_front_audit,True,/data/task3_2/share_data/scenesmith/hssd_rendered_assets/cc34d2bd7d33c5dd311fae8268857ee35dcbab47
cc591e0bfc275461ad38bf335cf940a3e47ac0f5,chest of drawers,high_priority_semantic_front,front,"[0.0,0.0,1.0]",0.2,,pending_asset_front_audit,True,/data/task3_2/share_data/scenesmith/hssd_rendered_assets/cc591e0bfc275461ad38bf335cf940a3e47ac0f5
cd2e333e291c64ac4acec135ff84956ecabd875d,chest of drawers,high_priority_semantic_front,front,"[0.0,0.0,1.0]",0.2,,pending_asset_front_audit,True,/data/task3_2/share_data/scenesmith/hssd_rendered_assets/cd2e333e291c64ac4acec135ff84956ecabd875d
cdd7e787c588639f7f7418656396df152f8a2a81,chest of drawers,high_priority_semantic_front,front,"[0.0,0.0,1.0]",0.2,,pending_asset_front_audit,True,/data/task3_2/share_data/scenesmith/hssd_rendered_assets/cdd7e787c588639f7f7418656396df152f8a2a81
cf9fb707f111d08c80f8d4aa84793567ce13daf3,chest of drawers,high_priority_semantic_front,front,"[0.0,0.0,1.0]",0.2,,pending_asset_front_audit,True,/data/task3_2/share_data/scenesmith/hssd_rendered_assets/cf9fb707f111d08c80f8d4aa84793567ce13daf3
cfa828eda507f07bda0a4ae48dad583b9f6f4c07,chest of drawers,high_priority_semantic_front,front,"[0.0,0.0,1.0]",0.2,,pending_asset_front_audit,True,/data/task3_2/share_data/scenesmith/hssd_rendered_assets/cfa828eda507f07bda0a4ae48dad583b9f6f4c07
d015e61bece2fc81cddeadd8bd55d97005846874,chest of drawers,high_priority_semantic_front,front,"[0.0,0.0,1.0]",0.2,,pending_asset_front_audit,True,/data/task3_2/share_data/scenesmith/hssd_rendered_assets/d015e61bece2fc81cddeadd8bd55d97005846874
d04a9639ef6144f44945d0f4e783cac521d8e3cc,chest of drawers,high_priority_semantic_front,front,"[0.0,0.0,1.0]",0.2,,pending_asset_front_audit,True,/data/task3_2/share_data/scenesmith/hssd_rendered_assets/d04a9639ef6144f44945d0f4e783cac521d8e3cc
d15420918c690dbe0c1e62db3e69a94db6ad109a,chest of drawers,high_priority_semantic_front,front,"[0.0,0.0,1.0]",0.2,,pending_asset_front_audit,True,/data/task3_2/share_data/scenesmith/hssd_rendered_assets/d15420918c690dbe0c1e62db3e69a94db6ad109a
d42d4f924fafaf8c326cca055aa6f21b0852d32f,chest of drawers,high_priority_semantic_front,front,"[0.0,0.0,1.0]",0.2,,pending_asset_front_audit,True,/data/task3_2/share_data/scenesmith/hssd_rendered_assets/d42d4f924fafaf8c326cca055aa6f21b0852d32f
d502ba2ae3d3aa9ba8acb4fefc8ccb030915f77c,chest of drawers,high_priority_semantic_front,front,"[0.0,0.0,1.0]",0.2,,pending_asset_front_audit,True,/data/task3_2/share_data/scenesmith/hssd_rendered_assets/d502ba2ae3d3aa9ba8acb4fefc8ccb030915f77c
d621c3a39d9291f0943531204d68e705633986c9,chest of drawers,high_priority_semantic_front,front,"[0.0,0.0,1.0]",0.2,,pending_asset_front_audit,True,/data/task3_2/share_data/scenesmith/hssd_rendered_assets/d621c3a39d9291f0943531204d68e705633986c9
d74335d420e30b73fe0f8859cef6e5701b0d0360,chest of drawers,high_priority_semantic_front,front,"[0.0,0.0,1.0]",0.2,,pending_asset_front_audit,True,/data/task3_2/share_data/scenesmith/hssd_rendered_assets/d74335d420e30b73fe0f8859cef6e5701b0d0360
d913eb66da3fa49ca0690dbf057279c4a05ccbfa,chest of drawers,high_priority_semantic_front,front,"[0.0,0.0,1.0]",0.2,,pending_asset_front_audit,True,/data/task3_2/share_data/scenesmith/hssd_rendered_assets/d913eb66da3fa49ca0690dbf057279c4a05ccbfa
d94ca9c2481d2a92c27a4cfa6c31969e9fd2b56b,chest of drawers,high_priority_semantic_front,front,"[0.0,0.0,1.0]",0.2,,pending_asset_front_audit,True,/data/task3_2/share_data/scenesmith/hssd_rendered_assets/d94ca9c2481d2a92c27a4cfa6c31969e9fd2b56b
d96b2b9537c7c721d5a79b375aefbfacecd04f65,chest of drawers,high_priority_semantic_front,front,"[0.0,0.0,1.0]",0.2,,pending_asset_front_audit,True,/data/task3_2/share_data/scenesmith/hssd_rendered_assets/d96b2b9537c7c721d5a79b375aefbfacecd04f65
da5808d15d8c00f8b358672b2279c5c3dc1f22f4,chest of drawers,high_priority_semantic_front,front,"[0.0,0.0,1.0]",0.2,,pending_asset_front_audit,True,/data/task3_2/share_data/scenesmith/hssd_rendered_assets/da5808d15d8c00f8b358672b2279c5c3dc1f22f4
da76633c400abd9f926df655f907666e2119b280,chest of drawers,high_priority_semantic_front,front,"[0.0,0.0,1.0]",0.2,,pending_asset_front_audit,True,/data/task3_2/share_data/scenesmith/hssd_rendered_assets/da76633c400abd9f926df655f907666e2119b280
daf22e426300f5b1676128b22affd6a5cb40a285,chest of drawers,high_priority_semantic_front,front,"[0.0,0.0,1.0]",0.2,,pending_asset_front_audit,True,/data/task3_2/share_data/scenesmith/hssd_rendered_assets/daf22e426300f5b1676128b22affd6a5cb40a285
dcbea81e77e676cd98dba9b8a74d3b52a3e35c1e,chest of drawers,high_priority_semantic_front,front,"[0.0,0.0,1.0]",0.2,,pending_asset_front_audit,True,/data/task3_2/share_data/scenesmith/hssd_rendered_assets/dcbea81e77e676cd98dba9b8a74d3b52a3e35c1e
dccf4f0724add1d24511d9353a2c959487df35e6,chest of drawers,high_priority_semantic_front,front,"[0.0,0.0,1.0]",0.2,,pending_asset_front_audit,True,/data/task3_2/share_data/scenesmith/hssd_rendered_assets/dccf4f0724add1d24511d9353a2c959487df35e6
e0904825b1054930b43c7c9c1a4340e24845c989,chest of drawers,high_priority_semantic_front,front,"[0.0,0.0,1.0]",0.2,,pending_asset_front_audit,True,/data/task3_2/share_data/scenesmith/hssd_rendered_assets/e0904825b1054930b43c7c9c1a4340e24845c989
e0c58f0e9cfa8fffaa6707541a2e7a79754a99be,chest of drawers,high_priority_semantic_front,front,"[0.0,0.0,1.0]",0.2,,pending_asset_front_audit,True,/data/task3_2/share_data/scenesmith/hssd_rendered_assets/e0c58f0e9cfa8fffaa6707541a2e7a79754a99be
e18ae6c638ec54e7e75a4dc9a1b2a3e81f220d6e,chest of drawers,high_priority_semantic_front,front,"[0.0,0.0,1.0]",0.2,,pending_asset_front_audit,True,/data/task3_2/share_data/scenesmith/hssd_rendered_assets/e18ae6c638ec54e7e75a4dc9a1b2a3e81f220d6e
e2ccbc72bf0fd7d7c0ac172153fa5441393463b8,chest of drawers,high_priority_semantic_front,front,"[0.0,0.0,1.0]",0.2,,pending_asset_front_audit,True,/data/task3_2/share_data/scenesmith/hssd_rendered_assets/e2ccbc72bf0fd7d7c0ac172153fa5441393463b8
e3ca4616713c8ffa6e9292f63e5c5eea48a06675,chest of drawers,high_priority_semantic_front,front,"[0.0,0.0,1.0]",0.2,,pending_asset_front_audit,True,/data/task3_2/share_data/scenesmith/hssd_rendered_assets/e3ca4616713c8ffa6e9292f63e5c5eea48a06675
e40eb85bbfeb96330fa43d3a766676fd4bb9fb3e,chest of drawers,high_priority_semantic_front,front,"[0.0,0.0,1.0]",0.2,,pending_asset_front_audit,True,/data/task3_2/share_data/scenesmith/hssd_rendered_assets/e40eb85bbfeb96330fa43d3a766676fd4bb9fb3e
e5e5164617d57163bf0a422c90ace89bca38a1bf,chest of drawers,high_priority_semantic_front,front,"[0.0,0.0,1.0]",0.2,,pending_asset_front_audit,True,/data/task3_2/share_data/scenesmith/hssd_rendered_assets/e5e5164617d57163bf0a422c90ace89bca38a1bf
e5f4cd6d3514d7f672ee16c7df0043f650fb911d,chest of drawers,high_priority_semantic_front,front,"[0.0,0.0,1.0]",0.2,,pending_asset_front_audit,True,/data/task3_2/share_data/scenesmith/hssd_rendered_assets/e5f4cd6d3514d7f672ee16c7df0043f650fb911d
e90b8e22e998c42978d40fc56a6c82f05206f85b,chest of drawers,high_priority_semantic_front,front,"[0.0,0.0,1.0]",0.2,,pending_asset_front_audit,True,/data/task3_2/share_data/scenesmith/hssd_rendered_assets/e90b8e22e998c42978d40fc56a6c82f05206f85b
ea5d508ed930bac843d729a15da80aa04a374cde,chest of drawers,high_priority_semantic_front,front,"[0.0,0.0,1.0]",0.2,,pending_asset_front_audit,True,/data/task3_2/share_data/scenesmith/hssd_rendered_assets/ea5d508ed930bac843d729a15da80aa04a374cde
eb9f9ecf8e2aeac2f0e5a82c08ea90935e547380,chest of drawers,high_priority_semantic_front,front,"[0.0,0.0,1.0]",0.2,,pending_asset_front_audit,True,/data/task3_2/share_data/scenesmith/hssd_rendered_assets/eb9f9ecf8e2aeac2f0e5a82c08ea90935e547380
ebdc1c859bc54bc67a2dba4fb9eda25ec1e3abf7,chest of drawers,high_priority_semantic_front,front,"[0.0,0.0,1.0]",0.2,,pending_asset_front_audit,True,/data/task3_2/share_data/scenesmith/hssd_rendered_assets/ebdc1c859bc54bc67a2dba4fb9eda25ec1e3abf7
ec18a3aa141da6cc66cd7e3cc90909fb071481bc,chest of drawers,high_priority_semantic_front,front,"[0.0,0.0,1.0]",0.2,,pending_asset_front_audit,True,/data/task3_2/share_data/scenesmith/hssd_rendered_assets/ec18a3aa141da6cc66cd7e3cc90909fb071481bc
edf190bde948f0a9563431f27102d88a533a3b0a,chest of drawers,high_priority_semantic_front,front,"[0.0,0.0,1.0]",0.2,,pending_asset_front_audit,True,/data/task3_2/share_data/scenesmith/hssd_rendered_assets/edf190bde948f0a9563431f27102d88a533a3b0a
ee40f3189cef7223efba7b28ffe3a49625f3fa86,chest of drawers,high_priority_semantic_front,front,"[0.0,0.0,1.0]",0.2,,pending_asset_front_audit,True,/data/task3_2/share_data/scenesmith/hssd_rendered_assets/ee40f3189cef7223efba7b28ffe3a49625f3fa86
ee4b6239be4a2513feccbe0a96c2a59cda30b1ee,chest of drawers,high_priority_semantic_front,front,"[0.0,0.0,1.0]",0.2,,pending_asset_front_audit,True,/data/task3_2/share_data/scenesmith/hssd_rendered_assets/ee4b6239be4a2513feccbe0a96c2a59cda30b1ee
ee98fccde070292795afc79f792b1fdccd0017e1,chest of drawers,high_priority_semantic_front,front,"[0.0,0.0,1.0]",0.2,,pending_asset_front_audit,True,/data/task3_2/share_data/scenesmith/hssd_rendered_assets/ee98fccde070292795afc79f792b1fdccd0017e1
f189f07dd84f84ec694f21df8c35e07d392c6486,chest of drawers,high_priority_semantic_front,front,"[0.0,0.0,1.0]",0.2,,pending_asset_front_audit,True,/data/task3_2/share_data/scenesmith/hssd_rendered_assets/f189f07dd84f84ec694f21df8c35e07d392c6486
f376eee2893560e6d4e96fedfb32c29aece8ea3f,chest of drawers,high_priority_semantic_front,front,"[0.0,0.0,1.0]",0.2,,pending_asset_front_audit,True,/data/task3_2/share_data/scenesmith/hssd_rendered_assets/f376eee2893560e6d4e96fedfb32c29aece8ea3f
f5726f2e407d3c64105ae2f86398cd413bf745c6,chest of drawers,high_priority_semantic_front,front,"[0.0,0.0,1.0]",0.2,,pending_asset_front_audit,True,/data/task3_2/share_data/scenesmith/hssd_rendered_assets/f5726f2e407d3c64105ae2f86398cd413bf745c6
f5d30765219e9a8ac3a49fcabd6fdd56980893e4,chest of drawers,high_priority_semantic_front,front,"[0.0,0.0,1.0]",0.2,,pending_asset_front_audit,True,/data/task3_2/share_data/scenesmith/hssd_rendered_assets/f5d30765219e9a8ac3a49fcabd6fdd56980893e4
f5fd38513f70da066615a1de84e751cdf70bb91d,chest of drawers,high_priority_semantic_front,front,"[0.0,0.0,1.0]",0.2,,pending_asset_front_audit,True,/data/task3_2/share_data/scenesmith/hssd_rendered_assets/f5fd38513f70da066615a1de84e751cdf70bb91d
f7dd7bd228c2036cf45951c3d956163357a6094a,chest of drawers,high_priority_semantic_front,front,"[0.0,0.0,1.0]",0.2,,pending_asset_front_audit,True,/data/task3_2/share_data/scenesmith/hssd_rendered_assets/f7dd7bd228c2036cf45951c3d956163357a6094a
f8aa61c06228b4a2b01786c63ce8906b2d20c1ca,chest of drawers,high_priority_semantic_front,front,"[0.0,0.0,1.0]",0.2,,pending_asset_front_audit,True,/data/task3_2/share_data/scenesmith/hssd_rendered_assets/f8aa61c06228b4a2b01786c63ce8906b2d20c1ca
fa4157def4e294f4fc7c68000d99b90821e47f75,chest of drawers,high_priority_semantic_front,front,"[0.0,0.0,1.0]",0.2,,pending_asset_front_audit,True,/data/task3_2/share_data/scenesmith/hssd_rendered_assets/fa4157def4e294f4fc7c68000d99b90821e47f75
fa4784999bded45e376e3807e60c0875ae5dd08e,chest of drawers,high_priority_semantic_front,front,"[0.0,0.0,1.0]",0.2,,pending_asset_front_audit,True,/data/task3_2/share_data/scenesmith/hssd_rendered_assets/fa4784999bded45e376e3807e60c0875ae5dd08e
fada3076b2676b4f7139b3b33dd30e4917d81fcc,chest of drawers,high_priority_semantic_front,front,"[0.0,0.0,1.0]",0.2,,pending_asset_front_audit,True,/data/task3_2/share_data/scenesmith/hssd_rendered_assets/fada3076b2676b4f7139b3b33dd30e4917d81fcc
fb10f5c28cc55822c0b662f8b78a70f39093dec2,chest of drawers,high_priority_semantic_front,front,"[0.0,0.0,1.0]",0.2,,pending_asset_front_audit,True,/data/task3_2/share_data/scenesmith/hssd_rendered_assets/fb10f5c28cc55822c0b662f8b78a70f39093dec2
fb757ae376be045ec538f416544191b47e05bbb8,chest of drawers,high_priority_semantic_front,front,"[0.0,0.0,1.0]",0.2,,pending_asset_front_audit,True,/data/task3_2/share_data/scenesmith/hssd_rendered_assets/fb757ae376be045ec538f416544191b47e05bbb8
fb8325020112cbf94b481e2524f9975ad7a45de1,chest of drawers,high_priority_semantic_front,front,"[0.0,0.0,1.0]",0.2,,pending_asset_front_audit,True,/data/task3_2/share_data/scenesmith/hssd_rendered_assets/fb8325020112cbf94b481e2524f9975ad7a45de1
feb39fbc538b7a42b64d274baae3b8f10d8eb8b7,chest of drawers,high_priority_semantic_front,front,"[0.0,0.0,1.0]",0.2,,pending_asset_front_audit,True,/data/task3_2/share_data/scenesmith/hssd_rendered_assets/feb39fbc538b7a42b64d274baae3b8f10d8eb8b7
ff4c58065dcfa580b68f9e8de77e3d16ce2156d2,chest of drawers,high_priority_semantic_front,front,"[0.0,0.0,1.0]",0.2,,pending_asset_front_audit,True,/data/task3_2/share_data/scenesmith/hssd_rendered_assets/ff4c58065dcfa580b68f9e8de77e3d16ce2156d2
ff8c73dced13943b8c4a0cfb52daa30882e42963,chest of drawers,high_priority_semantic_front,front,"[0.0,0.0,1.0]",0.2,,pending_asset_front_audit,True,/data/task3_2/share_data/scenesmith/hssd_rendered_assets/ff8c73dced13943b8c4a0cfb52daa30882e42963
xxxx91982f33xb278x4c6dxbc98x360785ee2a8c,chest of drawers,high_priority_semantic_front,front,"[0.0,0.0,1.0]",0.2,,pending_asset_front_audit,True,/data/task3_2/share_data/scenesmith/hssd_rendered_assets/xxxx91982f33xb278x4c6dxbc98x360785ee2a8c
xxxxf2ce548bxccd4x48aex9518xaf99df64dd72,chest of drawers,high_priority_semantic_front,front,"[0.0,0.0,1.0]",0.2,,pending_asset_front_audit,True,/data/task3_2/share_data/scenesmith/hssd_rendered_assets/xxxxf2ce548bxccd4x48aex9518xaf99df64dd72
xxxxfada0856x5a66x449fxad12x9db03aed918c,chest of drawers,high_priority_semantic_front,front,"[0.0,0.0,1.0]",0.2,,pending_asset_front_audit,True,/data/task3_2/share_data/scenesmith/hssd_rendered_assets/xxxxfada0856x5a66x449fxad12x9db03aed918c
05be6be9816aef09082349fdd55a24aed992f467,china cabinet,high_priority_semantic_front,front,"[0.0,0.0,1.0]",0.2,,pending_asset_front_audit,True,/data/task3_2/share_data/scenesmith/hssd_rendered_assets/05be6be9816aef09082349fdd55a24aed992f467
063e38c2ccedaaa2f0ed59739b30614d2e0d7b29,china cabinet,high_priority_semantic_front,front,"[0.0,0.0,1.0]",0.2,,pending_asset_front_audit,True,/data/task3_2/share_data/scenesmith/hssd_rendered_assets/063e38c2ccedaaa2f0ed59739b30614d2e0d7b29
166b9cdc66cc71ff63ce40db1050166f2fa45845,china cabinet,high_priority_semantic_front,front,"[0.0,0.0,1.0]",0.2,,pending_asset_front_audit,True,/data/task3_2/share_data/scenesmith/hssd_rendered_assets/166b9cdc66cc71ff63ce40db1050166f2fa45845
222a445d2cce84b5ad352758634c94962b44153d,china cabinet,high_priority_semantic_front,front,"[0.0,0.0,1.0]",0.2,,pending_asset_front_audit,True,/data/task3_2/share_data/scenesmith/hssd_rendered_assets/222a445d2cce84b5ad352758634c94962b44153d
294a6acbbf3830bd40e2427777e36ba54d4df3e5,china cabinet,high_priority_semantic_front,front,"[0.0,0.0,1.0]",0.2,,pending_asset_front_audit,True,/data/task3_2/share_data/scenesmith/hssd_rendered_assets/294a6acbbf3830bd40e2427777e36ba54d4df3e5
2abf25b6bcf58df45522eb0137449ef581e7a66a,china cabinet,high_priority_semantic_front,front,"[0.0,0.0,1.0]",0.2,,pending_asset_front_audit,True,/data/task3_2/share_data/scenesmith/hssd_rendered_assets/2abf25b6bcf58df45522eb0137449ef581e7a66a
32a302104ec8f94faa2950f0167945ed4895e9b9,china cabinet,high_priority_semantic_front,front,"[0.0,0.0,1.0]",0.2,,pending_asset_front_audit,True,/data/task3_2/share_data/scenesmith/hssd_rendered_assets/32a302104ec8f94faa2950f0167945ed4895e9b9
3412cdbcef645e8b4bd1fd0838ac39d05a93d2a2,china cabinet,high_priority_semantic_front,front,"[0.0,0.0,1.0]",0.2,,pending_asset_front_audit,True,/data/task3_2/share_data/scenesmith/hssd_rendered_assets/3412cdbcef645e8b4bd1fd0838ac39d05a93d2a2
3acce18e8f27fd9f67c0f3579f821caf5e719d88,china cabinet,high_priority_semantic_front,front,"[0.0,0.0,1.0]",0.2,,pending_asset_front_audit,True,/data/task3_2/share_data/scenesmith/hssd_rendered_assets/3acce18e8f27fd9f67c0f3579f821caf5e719d88
3c080d106ad03db9be1ea6c996264fb66c053973,china cabinet,high_priority_semantic_front,front,"[0.0,0.0,1.0]",0.2,,pending_asset_front_audit,True,/data/task3_2/share_data/scenesmith/hssd_rendered_assets/3c080d106ad03db9be1ea6c996264fb66c053973
43dff039cc31d832c3196d9316344c38d9818392,china cabinet,high_priority_semantic_front,front,"[0.0,0.0,1.0]",0.2,,pending_asset_front_audit,True,/data/task3_2/share_data/scenesmith/hssd_rendered_assets/43dff039cc31d832c3196d9316344c38d9818392
43f8b07b0c8391fb9a457f3096e6a65b5fa8263b,china cabinet,high_priority_semantic_front,front,"[0.0,0.0,1.0]",0.2,,pending_asset_front_audit,True,/data/task3_2/share_data/scenesmith/hssd_rendered_assets/43f8b07b0c8391fb9a457f3096e6a65b5fa8263b
4a14b89d51b3dac595041350de6beb6fc8789d86,china cabinet,high_priority_semantic_front,front,"[0.0,0.0,1.0]",0.2,,pending_asset_front_audit,True,/data/task3_2/share_data/scenesmith/hssd_rendered_assets/4a14b89d51b3dac595041350de6beb6fc8789d86
5508f77968bd392fc4cd8100fa87854abfc4e8a0,china cabinet,high_priority_semantic_front,front,"[0.0,0.0,1.0]",0.2,,pending_asset_front_audit,True,/data/task3_2/share_data/scenesmith/hssd_rendered_assets/5508f77968bd392fc4cd8100fa87854abfc4e8a0
556733e012ccc023b0fe97b5ff071d9313718672,china cabinet,high_priority_semantic_front,front,"[0.0,0.0,1.0]",0.2,,pending_asset_front_audit,True,/data/task3_2/share_data/scenesmith/hssd_rendered_assets/556733e012ccc023b0fe97b5ff071d9313718672
5b31f4fb7ff9d142b3d347a19a46d5f7bfa8962b,china cabinet,high_priority_semantic_front,front,"[0.0,0.0,1.0]",0.2,,pending_asset_front_audit,True,/data/task3_2/share_data/scenesmith/hssd_rendered_assets/5b31f4fb7ff9d142b3d347a19a46d5f7bfa8962b
67f97a6abfbc09c549bd8cf91e54beb16894c595,china cabinet,high_priority_semantic_front,front,"[0.0,0.0,1.0]",0.2,,pending_asset_front_audit,True,/data/task3_2/share_data/scenesmith/hssd_rendered_assets/67f97a6abfbc09c549bd8cf91e54beb16894c595
69be32b6779a2f4cf9956dcad5be3d51fddad22b,china cabinet,high_priority_semantic_front,front,"[0.0,0.0,1.0]",0.2,,pending_asset_front_audit,True,/data/task3_2/share_data/scenesmith/hssd_rendered_assets/69be32b6779a2f4cf9956dcad5be3d51fddad22b
6bc64333d6108aae201e5c0bf1ce9be86b7f7fcd,china cabinet,high_priority_semantic_front,front,"[0.0,0.0,1.0]",0.2,,pending_asset_front_audit,True,/data/task3_2/share_data/scenesmith/hssd_rendered_assets/6bc64333d6108aae201e5c0bf1ce9be86b7f7fcd
72c7b59212d1a6f895b140ec42672f6492776f6c,china cabinet,high_priority_semantic_front,front,"[0.0,0.0,1.0]",0.2,,pending_asset_front_audit,True,/data/task3_2/share_data/scenesmith/hssd_rendered_assets/72c7b59212d1a6f895b140ec42672f6492776f6c
767bfaf6eaa36c7833dfa253e45802b169653ab6,china cabinet,high_priority_semantic_front,front,"[0.0,0.0,1.0]",0.2,,pending_asset_front_audit,True,/data/task3_2/share_data/scenesmith/hssd_rendered_assets/767bfaf6eaa36c7833dfa253e45802b169653ab6
770bb72cc8b7efd32289f74ba7cbb258f82bc39f,china cabinet,high_priority_semantic_front,front,"[0.0,0.0,1.0]",0.2,,pending_asset_front_audit,True,/data/task3_2/share_data/scenesmith/hssd_rendered_assets/770bb72cc8b7efd32289f74ba7cbb258f82bc39f
80bfb59e9d68cc3b03a1b04e626640e5d4e4396d,china cabinet,high_priority_semantic_front,front,"[0.0,0.0,1.0]",0.2,,pending_asset_front_audit,True,/data/task3_2/share_data/scenesmith/hssd_rendered_assets/80bfb59e9d68cc3b03a1b04e626640e5d4e4396d
80dea841d023ea7ebc15065709eb0cf6b2636b5c,china cabinet,high_priority_semantic_front,front,"[0.0,0.0,1.0]",0.2,,pending_asset_front_audit,True,/data/task3_2/share_data/scenesmith/hssd_rendered_assets/80dea841d023ea7ebc15065709eb0cf6b2636b5c
817c6cbce53c76fa465303855399f84a7253deb2,china cabinet,high_priority_semantic_front,front,"[0.0,0.0,1.0]",0.2,,pending_asset_front_audit,True,/data/task3_2/share_data/scenesmith/hssd_rendered_assets/817c6cbce53c76fa465303855399f84a7253deb2
86275a65ca62f6e046ed9ce1080dd150d3bbc76a,china cabinet,high_priority_semantic_front,front,"[0.0,0.0,1.0]",0.2,,pending_asset_front_audit,True,/data/task3_2/share_data/scenesmith/hssd_rendered_assets/86275a65ca62f6e046ed9ce1080dd150d3bbc76a
86d3381c6bc8822276adfd12268a66b62d74e931,china cabinet,high_priority_semantic_front,front,"[0.0,0.0,1.0]",0.2,,pending_asset_front_audit,True,/data/task3_2/share_data/scenesmith/hssd_rendered_assets/86d3381c6bc8822276adfd12268a66b62d74e931
9511c8f5a4a1972fc7d691f6d7a42c87b56a41c5,china cabinet,high_priority_semantic_front,front,"[0.0,0.0,1.0]",0.2,,pending_asset_front_audit,True,/data/task3_2/share_data/scenesmith/hssd_rendered_assets/9511c8f5a4a1972fc7d691f6d7a42c87b56a41c5
9ce521b91cc415fd21594aa3c509f3eb48552f86,china cabinet,high_priority_semantic_front,front,"[0.0,0.0,1.0]",0.2,,pending_asset_front_audit,True,/data/task3_2/share_data/scenesmith/hssd_rendered_assets/9ce521b91cc415fd21594aa3c509f3eb48552f86
9d6618cb72507fc3e2e656836a32c9960393f522,china cabinet,high_priority_semantic_front,front,"[0.0,0.0,1.0]",0.2,,pending_asset_front_audit,True,/data/task3_2/share_data/scenesmith/hssd_rendered_assets/9d6618cb72507fc3e2e656836a32c9960393f522
a919a3e6b458e57f566b18142d568e213911d825,china cabinet,high_priority_semantic_front,front,"[0.0,0.0,1.0]",0.2,,pending_asset_front_audit,True,/data/task3_2/share_data/scenesmith/hssd_rendered_assets/a919a3e6b458e57f566b18142d568e213911d825
b11af4142176ca22da20219cecdbf63bff9db8ce,china cabinet,high_priority_semantic_front,front,"[0.0,0.0,1.0]",0.2,,pending_asset_front_audit,True,/data/task3_2/share_data/scenesmith/hssd_rendered_assets/b11af4142176ca22da20219cecdbf63bff9db8ce
bd29ebd8934cde447c1c219e180cbf3c26831c7a,china cabinet,high_priority_semantic_front,front,"[0.0,0.0,1.0]",0.2,,pending_asset_front_audit,True,/data/task3_2/share_data/scenesmith/hssd_rendered_assets/bd29ebd8934cde447c1c219e180cbf3c26831c7a
be0ea104f86eedb2424627de3e52a32af8d19c02,china cabinet,high_priority_semantic_front,front,"[0.0,0.0,1.0]",0.2,,pending_asset_front_audit,True,/data/task3_2/share_data/scenesmith/hssd_rendered_assets/be0ea104f86eedb2424627de3e52a32af8d19c02
bf2dfa9d2106781b50ab85f7d875aaea367061f9,china cabinet,high_priority_semantic_front,front,"[0.0,0.0,1.0]",0.2,,pending_asset_front_audit,True,/data/task3_2/share_data/scenesmith/hssd_rendered_assets/bf2dfa9d2106781b50ab85f7d875aaea367061f9
c591c70a1493babeaa31a1465eb356201a44b4ce,china cabinet,high_priority_semantic_front,front,"[0.0,0.0,1.0]",0.2,,pending_asset_front_audit,True,/data/task3_2/share_data/scenesmith/hssd_rendered_assets/c591c70a1493babeaa31a1465eb356201a44b4ce
d13be6893c60fabc31729e397e85952d552d3d55,china cabinet,high_priority_semantic_front,front,"[0.0,0.0,1.0]",0.2,,pending_asset_front_audit,True,/data/task3_2/share_data/scenesmith/hssd_rendered_assets/d13be6893c60fabc31729e397e85952d552d3d55
d3fd1b00ebe22586ca981e3107a0b1f70d6d41c2,china cabinet,high_priority_semantic_front,front,"[0.0,0.0,1.0]",0.2,,pending_asset_front_audit,True,/data/task3_2/share_data/scenesmith/hssd_rendered_assets/d3fd1b00ebe22586ca981e3107a0b1f70d6d41c2
d898715b817ee6c34958abada9ca65d8a40439e5,china cabinet,high_priority_semantic_front,front,"[0.0,0.0,1.0]",0.2,,pending_asset_front_audit,True,/data/task3_2/share_data/scenesmith/hssd_rendered_assets/d898715b817ee6c34958abada9ca65d8a40439e5
e57c3b4a26b3e66a4970aaa5e2433464b9e37e27,china cabinet,high_priority_semantic_front,front,"[0.0,0.0,1.0]",0.2,,pending_asset_front_audit,True,/data/task3_2/share_data/scenesmith/hssd_rendered_assets/e57c3b4a26b3e66a4970aaa5e2433464b9e37e27
e5a3564ec98cab466b427097150536e18bb657e4,china cabinet,high_priority_semantic_front,front,"[0.0,0.0,1.0]",0.2,,pending_asset_front_audit,True,/data/task3_2/share_data/scenesmith/hssd_rendered_assets/e5a3564ec98cab466b427097150536e18bb657e4
e7cdc7c7606c32dfa595f61cd24581fa84f4544c,china cabinet,high_priority_semantic_front,front,"[0.0,0.0,1.0]",0.2,,pending_asset_front_audit,True,/data/task3_2/share_data/scenesmith/hssd_rendered_assets/e7cdc7c7606c32dfa595f61cd24581fa84f4544c
f71a047404d2f54ad39e369f3a00cb9155bc50ae,china cabinet,high_priority_semantic_front,front,"[0.0,0.0,1.0]",0.2,,pending_asset_front_audit,True,/data/task3_2/share_data/scenesmith/hssd_rendered_assets/f71a047404d2f54ad39e369f3a00cb9155bc50ae
00f5afbca9f9bb5eadf718e81a66f0973ed67898,desk,high_priority_semantic_front,front,"[0.0,0.0,1.0]",0.2,,pending_asset_front_audit,True,/data/task3_2/share_data/scenesmith/hssd_rendered_assets/00f5afbca9f9bb5eadf718e81a66f0973ed67898
01be253cbfd14b947e9dbe09d0b1959e97d72122,desk,high_priority_semantic_front,front,"[0.0,0.0,1.0]",0.2,,pending_asset_front_audit,True,/data/task3_2/share_data/scenesmith/hssd_rendered_assets/01be253cbfd14b947e9dbe09d0b1959e97d72122
03f226dd0e012925a8674564c4de19cb786c9a88,desk,high_priority_semantic_front,front,"[0.0,0.0,1.0]",0.2,,pending_asset_front_audit,True,/data/task3_2/share_data/scenesmith/hssd_rendered_assets/03f226dd0e012925a8674564c4de19cb786c9a88
0447294ccfcb2ae3908ef4e09dde75184cbf9f65,desk,high_priority_semantic_front,front,"[0.0,0.0,1.0]",0.2,,pending_asset_front_audit,True,/data/task3_2/share_data/scenesmith/hssd_rendered_assets/0447294ccfcb2ae3908ef4e09dde75184cbf9f65
0a5df6da61cd2e78e972690b501452152309e56b,desk,high_priority_semantic_front,front,"[0.0,0.0,1.0]",0.2,,pending_asset_front_audit,True,/data/task3_2/share_data/scenesmith/hssd_rendered_assets/0a5df6da61cd2e78e972690b501452152309e56b
0a6e0fc3e814f0e745eda939713a53d37e202702,desk,high_priority_semantic_front,front,"[0.0,0.0,1.0]",0.2,,pending_asset_front_audit,True,/data/task3_2/share_data/scenesmith/hssd_rendered_assets/0a6e0fc3e814f0e745eda939713a53d37e202702
0c01883f5728e4840e7b57cf6670adb5212572db,desk,high_priority_semantic_front,front,"[0.0,0.0,1.0]",0.2,,pending_asset_front_audit,True,/data/task3_2/share_data/scenesmith/hssd_rendered_assets/0c01883f5728e4840e7b57cf6670adb5212572db
0e149dc0640ef51aa60654a574007d0cbc13dcdc,desk,high_priority_semantic_front,front,"[0.0,0.0,1.0]",0.2,,pending_asset_front_audit,True,/data/task3_2/share_data/scenesmith/hssd_rendered_assets/0e149dc0640ef51aa60654a574007d0cbc13dcdc
102d6c0b595806db40137663e1314183eba1b641,desk,high_priority_semantic_front,front,"[0.0,0.0,1.0]",0.2,,pending_asset_front_audit,True,/data/task3_2/share_data/scenesmith/hssd_rendered_assets/102d6c0b595806db40137663e1314183eba1b641
11c27a0b2950b3a3e9431128cd452ac7cbdf35c1,desk,high_priority_semantic_front,front,"[0.0,0.0,1.0]",0.2,,pending_asset_front_audit,True,/data/task3_2/share_data/scenesmith/hssd_rendered_assets/11c27a0b2950b3a3e9431128cd452ac7cbdf35c1
128ed2ced9a101aa0d131fd224012fd52198003f,desk,high_priority_semantic_front,front,"[0.0,0.0,1.0]",0.2,,pending_asset_front_audit,True,/data/task3_2/share_data/scenesmith/hssd_rendered_assets/128ed2ced9a101aa0d131fd224012fd52198003f
13fb5e59f1f43a212565ecccb938cef340453b13,desk,high_priority_semantic_front,front,"[0.0,0.0,1.0]",0.2,,pending_asset_front_audit,True,/data/task3_2/share_data/scenesmith/hssd_rendered_assets/13fb5e59f1f43a212565ecccb938cef340453b13
1619e2e6a18d5d374963a3a4280f7a6d76356079,desk,high_priority_semantic_front,front,"[0.0,0.0,1.0]",0.2,,pending_asset_front_audit,True,/data/task3_2/share_data/scenesmith/hssd_rendered_assets/1619e2e6a18d5d374963a3a4280f7a6d76356079
16f99c186c5cbf0cfc342676beb855124ddf2194,desk,high_priority_semantic_front,front,"[0.0,0.0,1.0]",0.2,,pending_asset_front_audit,True,/data/task3_2/share_data/scenesmith/hssd_rendered_assets/16f99c186c5cbf0cfc342676beb855124ddf2194
1b83d02f7e17f92c8bcf04b840e40fd42684abce,desk,high_priority_semantic_front,front,"[0.0,0.0,1.0]",0.2,,pending_asset_front_audit,True,/data/task3_2/share_data/scenesmith/hssd_rendered_assets/1b83d02f7e17f92c8bcf04b840e40fd42684abce
1f3cb2b9ca2bbeab98947de6f076ac212474c494,desk,high_priority_semantic_front,front,"[0.0,0.0,1.0]",0.2,,pending_asset_front_audit,True,/data/task3_2/share_data/scenesmith/hssd_rendered_assets/1f3cb2b9ca2bbeab98947de6f076ac212474c494
1fce7e7eacb207dc7054734db702bccc9bfdaded,desk,high_priority_semantic_front,front,"[0.0,0.0,1.0]",0.2,,pending_asset_front_audit,True,/data/task3_2/share_data/scenesmith/hssd_rendered_assets/1fce7e7eacb207dc7054734db702bccc9bfdaded
215e08aaca7f96eb917fb32b11a459b2271a31f0,desk,high_priority_semantic_front,front,"[0.0,0.0,1.0]",0.2,,pending_asset_front_audit,True,/data/task3_2/share_data/scenesmith/hssd_rendered_assets/215e08aaca7f96eb917fb32b11a459b2271a31f0
24430dbe765dd54d727d0ba3d234601142805e4b,desk,high_priority_semantic_front,front,"[0.0,0.0,1.0]",0.2,,pending_asset_front_audit,True,/data/task3_2/share_data/scenesmith/hssd_rendered_assets/24430dbe765dd54d727d0ba3d234601142805e4b
292e612b94ad5f151ccfea46e97d52bdb6c7e1d1,desk,high_priority_semantic_front,front,"[0.0,0.0,1.0]",0.2,,pending_asset_front_audit,True,/data/task3_2/share_data/scenesmith/hssd_rendered_assets/292e612b94ad5f151ccfea46e97d52bdb6c7e1d1
29851ebf2741441607a1ab9cd16950540ed60477,desk,high_priority_semantic_front,front,"[0.0,0.0,1.0]",0.2,,pending_asset_front_audit,True,/data/task3_2/share_data/scenesmith/hssd_rendered_assets/29851ebf2741441607a1ab9cd16950540ed60477
29ba2d95d14ed45a0656d38043c4a9f75369d5fe,desk,high_priority_semantic_front,front,"[0.0,0.0,1.0]",0.2,,pending_asset_front_audit,True,/data/task3_2/share_data/scenesmith/hssd_rendered_assets/29ba2d95d14ed45a0656d38043c4a9f75369d5fe
2a1b54fedd2a492220ebf3e97243dec9f9cc8d85,desk,high_priority_semantic_front,front,"[0.0,0.0,1.0]",0.2,,pending_asset_front_audit,True,/data/task3_2/share_data/scenesmith/hssd_rendered_assets/2a1b54fedd2a492220ebf3e97243dec9f9cc8d85
2aa6ddd969d37db340725a8fcf11d95df87023f6,desk,high_priority_semantic_front,front,"[0.0,0.0,1.0]",0.2,,pending_asset_front_audit,True,/data/task3_2/share_data/scenesmith/hssd_rendered_assets/2aa6ddd969d37db340725a8fcf11d95df87023f6
2e17e86e044c7a9dd97398a9f8791c923d46edd0,desk,high_priority_semantic_front,front,"[0.0,0.0,1.0]",0.2,,pending_asset_front_audit,True,/data/task3_2/share_data/scenesmith/hssd_rendered_assets/2e17e86e044c7a9dd97398a9f8791c923d46edd0
309eaa78df84ff7241c073ae50de7ae609ff0118,desk,high_priority_semantic_front,front,"[0.0,0.0,1.0]",0.2,,pending_asset_front_audit,True,/data/task3_2/share_data/scenesmith/hssd_rendered_assets/309eaa78df84ff7241c073ae50de7ae609ff0118
319c007ee7d07ca84c797a512ad4a98c9abc42da,desk,high_priority_semantic_front,front,"[0.0,0.0,1.0]",0.2,,pending_asset_front_audit,True,/data/task3_2/share_data/scenesmith/hssd_rendered_assets/319c007ee7d07ca84c797a512ad4a98c9abc42da
31e11f036e69ac95f264368f9736ad533b8c1325,desk,high_priority_semantic_front,front,"[0.0,0.0,1.0]",0.2,,pending_asset_front_audit,True,/data/task3_2/share_data/scenesmith/hssd_rendered_assets/31e11f036e69ac95f264368f9736ad533b8c1325
35effafce676776d73b022654d4bf7c1d668363f,desk,high_priority_semantic_front,front,"[0.0,0.0,1.0]",0.2,,pending_asset_front_audit,True,/data/task3_2/share_data/scenesmith/hssd_rendered_assets/35effafce676776d73b022654d4bf7c1d668363f
36e6a6917fdf2b3fccd4b0c82a7bd8b1fdfe9a00,desk,high_priority_semantic_front,front,"[0.0,0.0,1.0]",0.2,,pending_asset_front_audit,True,/data/task3_2/share_data/scenesmith/hssd_rendered_assets/36e6a6917fdf2b3fccd4b0c82a7bd8b1fdfe9a00
3a12fb2ab85d734b4b11bc6f541be9961e7ecd23,desk,high_priority_semantic_front,front,"[0.0,0.0,1.0]",0.2,,pending_asset_front_audit,True,/data/task3_2/share_data/scenesmith/hssd_rendered_assets/3a12fb2ab85d734b4b11bc6f541be9961e7ecd23
3a6b88510159019ae1f7326acb83ce317fa44caa,desk,high_priority_semantic_front,front,"[0.0,0.0,1.0]",0.2,,pending_asset_front_audit,True,/data/task3_2/share_data/scenesmith/hssd_rendered_assets/3a6b88510159019ae1f7326acb83ce317fa44caa
3be598222ead1f8c2186660e3b0bda9a8a10a1c8,desk,high_priority_semantic_front,front,"[0.0,0.0,1.0]",0.2,,pending_asset_front_audit,True,/data/task3_2/share_data/scenesmith/hssd_rendered_assets/3be598222ead1f8c2186660e3b0bda9a8a10a1c8
3ebd2c39e2c3215693d253988bb81affbae21f68,desk,high_priority_semantic_front,front,"[0.0,0.0,1.0]",0.2,,pending_asset_front_audit,True,/data/task3_2/share_data/scenesmith/hssd_rendered_assets/3ebd2c39e2c3215693d253988bb81affbae21f68
406f46db4f76f7973ac743ef7fbc70b77785f05d,desk,high_priority_semantic_front,front,"[0.0,0.0,1.0]",0.2,,pending_asset_front_audit,True,/data/task3_2/share_data/scenesmith/hssd_rendered_assets/406f46db4f76f7973ac743ef7fbc70b77785f05d
41d16010bfc200eb4d71aea6edaf6ad4bc548105,desk,high_priority_semantic_front,front,"[0.0,0.0,1.0]",0.2,,pending_asset_front_audit,True,/data/task3_2/share_data/scenesmith/hssd_rendered_assets/41d16010bfc200eb4d71aea6edaf6ad4bc548105
429de8a53ddf94a47ec553147dc8603b803be056,desk,high_priority_semantic_front,front,"[0.0,0.0,1.0]",0.2,,pending_asset_front_audit,True,/data/task3_2/share_data/scenesmith/hssd_rendered_assets/429de8a53ddf94a47ec553147dc8603b803be056
437d63141f9c157ca01a57b90e50be01ce2568c1,desk,high_priority_semantic_front,front,"[0.0,0.0,1.0]",0.2,,pending_asset_front_audit,True,/data/task3_2/share_data/scenesmith/hssd_rendered_assets/437d63141f9c157ca01a57b90e50be01ce2568c1
43ae5bbfa16a74dbc82d29041846e0b92ccafabc,desk,high_priority_semantic_front,front,"[0.0,0.0,1.0]",0.2,,pending_asset_front_audit,True,/data/task3_2/share_data/scenesmith/hssd_rendered_assets/43ae5bbfa16a74dbc82d29041846e0b92ccafabc
47977d50964eada0e5a321d8c150acd7b764bff8,desk,high_priority_semantic_front,front,"[0.0,0.0,1.0]",0.2,,pending_asset_front_audit,True,/data/task3_2/share_data/scenesmith/hssd_rendered_assets/47977d50964eada0e5a321d8c150acd7b764bff8
479b7e9d93d0f0a75b53b55917c49e814968e844,desk,high_priority_semantic_front,front,"[0.0,0.0,1.0]",0.2,,pending_asset_front_audit,True,/data/task3_2/share_data/scenesmith/hssd_rendered_assets/479b7e9d93d0f0a75b53b55917c49e814968e844
49fcf2005b74d3a68855cfa604e43778e072349a,desk,high_priority_semantic_front,front,"[0.0,0.0,1.0]",0.2,,pending_asset_front_audit,True,/data/task3_2/share_data/scenesmith/hssd_rendered_assets/49fcf2005b74d3a68855cfa604e43778e072349a
4ba13bf9c8d4dc2c9edf02da945e3712c47a26b2,desk,high_priority_semantic_front,front,"[0.0,0.0,1.0]",0.2,,pending_asset_front_audit,True,/data/task3_2/share_data/scenesmith/hssd_rendered_assets/4ba13bf9c8d4dc2c9edf02da945e3712c47a26b2
4ff19b4fc5d6bca0b021d813bbda70a094b7e982,desk,high_priority_semantic_front,front,"[0.0,0.0,1.0]",0.2,,pending_asset_front_audit,True,/data/task3_2/share_data/scenesmith/hssd_rendered_assets/4ff19b4fc5d6bca0b021d813bbda70a094b7e982
502531250c603e992364acdeb7ced91b9c82e3f4,desk,high_priority_semantic_front,front,"[0.0,0.0,1.0]",0.2,,pending_asset_front_audit,True,/data/task3_2/share_data/scenesmith/hssd_rendered_assets/502531250c603e992364acdeb7ced91b9c82e3f4
561105c73bf76152a2b32e4f55f80db6a25ac0d4,desk,high_priority_semantic_front,front,"[0.0,0.0,1.0]",0.2,,pending_asset_front_audit,True,/data/task3_2/share_data/scenesmith/hssd_rendered_assets/561105c73bf76152a2b32e4f55f80db6a25ac0d4
5663ed3483432046d301e771bbd6b4394b871433,desk,high_priority_semantic_front,front,"[0.0,0.0,1.0]",0.2,,pending_asset_front_audit,True,/data/task3_2/share_data/scenesmith/hssd_rendered_assets/5663ed3483432046d301e771bbd6b4394b871433
5990bd240667b753ec647ca7ed0697e58464b7cf,desk,high_priority_semantic_front,front,"[0.0,0.0,1.0]",0.2,,pending_asset_front_audit,True,/data/task3_2/share_data/scenesmith/hssd_rendered_assets/5990bd240667b753ec647ca7ed0697e58464b7cf
5ac3f26dcc804c3f4329c3b95eafcf3c06cffd79,desk,high_priority_semantic_front,front,"[0.0,0.0,1.0]",0.2,,pending_asset_front_audit,True,/data/task3_2/share_data/scenesmith/hssd_rendered_assets/5ac3f26dcc804c3f4329c3b95eafcf3c06cffd79
5c8e3916350ace42d01695e859d3ecab3ada2934,desk,high_priority_semantic_front,front,"[0.0,0.0,1.0]",0.2,,pending_asset_front_audit,True,/data/task3_2/share_data/scenesmith/hssd_rendered_assets/5c8e3916350ace42d01695e859d3ecab3ada2934
5d17aa915ff1256757bfca9353609ade8f21e6ea,desk,high_priority_semantic_front,front,"[0.0,0.0,1.0]",0.2,,pending_asset_front_audit,True,/data/task3_2/share_data/scenesmith/hssd_rendered_assets/5d17aa915ff1256757bfca9353609ade8f21e6ea
5d245a16aac5f3dc127e696a75fc04917c1f93eb,desk,high_priority_semantic_front,front,"[0.0,0.0,1.0]",0.2,,pending_asset_front_audit,True,/data/task3_2/share_data/scenesmith/hssd_rendered_assets/5d245a16aac5f3dc127e696a75fc04917c1f93eb
5d980678b55f839110bfa094cc095571896f79cc,desk,high_priority_semantic_front,front,"[0.0,0.0,1.0]",0.2,,pending_asset_front_audit,True,/data/task3_2/share_data/scenesmith/hssd_rendered_assets/5d980678b55f839110bfa094cc095571896f79cc
5e33b625f45049a972f105ce18710e62a74f6b62,desk,high_priority_semantic_front,front,"[0.0,0.0,1.0]",0.2,,pending_asset_front_audit,True,/data/task3_2/share_data/scenesmith/hssd_rendered_assets/5e33b625f45049a972f105ce18710e62a74f6b62
5f27a5439c763328e9addc223ecaaf2d61115a1f,desk,high_priority_semantic_front,front,"[0.0,0.0,1.0]",0.2,,pending_asset_front_audit,True,/data/task3_2/share_data/scenesmith/hssd_rendered_assets/5f27a5439c763328e9addc223ecaaf2d61115a1f
5fc90748ff220084949fb755a56e4e497b777e47,desk,high_priority_semantic_front,front,"[0.0,0.0,1.0]",0.2,,pending_asset_front_audit,True,/data/task3_2/share_data/scenesmith/hssd_rendered_assets/5fc90748ff220084949fb755a56e4e497b777e47
602cdcd92744d0f17ced70fadc44d7c3fe25c831,desk,high_priority_semantic_front,front,"[0.0,0.0,1.0]",0.2,,pending_asset_front_audit,True,/data/task3_2/share_data/scenesmith/hssd_rendered_assets/602cdcd92744d0f17ced70fadc44d7c3fe25c831
62bcfd5097d187e4cbb9ea05a0fa79eeb1371bf1,desk,high_priority_semantic_front,front,"[0.0,0.0,1.0]",0.2,,pending_asset_front_audit,True,/data/task3_2/share_data/scenesmith/hssd_rendered_assets/62bcfd5097d187e4cbb9ea05a0fa79eeb1371bf1
62d5b81040a4546e5fda73df2e6a9648eb6ceb52,desk,high_priority_semantic_front,front,"[0.0,0.0,1.0]",0.2,,pending_asset_front_audit,True,/data/task3_2/share_data/scenesmith/hssd_rendered_assets/62d5b81040a4546e5fda73df2e6a9648eb6ceb52
63fb966ae8a96a526619aec4a5a45f81f589a787,desk,high_priority_semantic_front,front,"[0.0,0.0,1.0]",0.2,,pending_asset_front_audit,True,/data/task3_2/share_data/scenesmith/hssd_rendered_assets/63fb966ae8a96a526619aec4a5a45f81f589a787
64070ceff1d42c909465e51ea0ae4c2be6469fba,desk,high_priority_semantic_front,front,"[0.0,0.0,1.0]",0.2,,pending_asset_front_audit,True,/data/task3_2/share_data/scenesmith/hssd_rendered_assets/64070ceff1d42c909465e51ea0ae4c2be6469fba
669c954adf11204f9e88ea0190ad45bc9963c517,desk,high_priority_semantic_front,front,"[0.0,0.0,1.0]",0.2,,pending_asset_front_audit,True,/data/task3_2/share_data/scenesmith/hssd_rendered_assets/669c954adf11204f9e88ea0190ad45bc9963c517
674d87278bc0cf255fd9607a1dfa43993c3fc4d1,desk,high_priority_semantic_front,front,"[0.0,0.0,1.0]",0.2,,pending_asset_front_audit,True,/data/task3_2/share_data/scenesmith/hssd_rendered_assets/674d87278bc0cf255fd9607a1dfa43993c3fc4d1
67cd90e7e00c93901ba366c8ec6f5dbf586890f9,desk,high_priority_semantic_front,front,"[0.0,0.0,1.0]",0.2,,pending_asset_front_audit,True,/data/task3_2/share_data/scenesmith/hssd_rendered_assets/67cd90e7e00c93901ba366c8ec6f5dbf586890f9
6804953904df94d4abdb0776ad6d55c2a5b8aeaa,desk,high_priority_semantic_front,front,"[0.0,0.0,1.0]",0.2,,pending_asset_front_audit,True,/data/task3_2/share_data/scenesmith/hssd_rendered_assets/6804953904df94d4abdb0776ad6d55c2a5b8aeaa
69d3d9f343616758471411e4eae82daadc1d1ac0,desk,high_priority_semantic_front,front,"[0.0,0.0,1.0]",0.2,,pending_asset_front_audit,True,/data/task3_2/share_data/scenesmith/hssd_rendered_assets/69d3d9f343616758471411e4eae82daadc1d1ac0
6b63013dfa25cabaa2ef3d0830c19c823e6b1f7d,desk,high_priority_semantic_front,front,"[0.0,0.0,1.0]",0.2,,pending_asset_front_audit,True,/data/task3_2/share_data/scenesmith/hssd_rendered_assets/6b63013dfa25cabaa2ef3d0830c19c823e6b1f7d
6d24b2fdb2fd4ba5a34bb077ce32d05270fb8ad2,desk,high_priority_semantic_front,front,"[0.0,0.0,1.0]",0.2,,pending_asset_front_audit,True,/data/task3_2/share_data/scenesmith/hssd_rendered_assets/6d24b2fdb2fd4ba5a34bb077ce32d05270fb8ad2
6d264e3023b940b0b1d31b77e04d0c845853c1f0,desk,high_priority_semantic_front,front,"[0.0,0.0,1.0]",0.2,,pending_asset_front_audit,True,/data/task3_2/share_data/scenesmith/hssd_rendered_assets/6d264e3023b940b0b1d31b77e04d0c845853c1f0
6e6c0f0829627cf5ca77c58142311dcfb12a17e8,desk,high_priority_semantic_front,front,"[0.0,0.0,1.0]",0.2,,pending_asset_front_audit,True,/data/task3_2/share_data/scenesmith/hssd_rendered_assets/6e6c0f0829627cf5ca77c58142311dcfb12a17e8
6effbf7c5485563e0fcf91d375c8c5c28a5922ff,desk,high_priority_semantic_front,front,"[0.0,0.0,1.0]",0.2,,pending_asset_front_audit,True,/data/task3_2/share_data/scenesmith/hssd_rendered_assets/6effbf7c5485563e0fcf91d375c8c5c28a5922ff
6f0b2844edf4906d69832484e80d5a69d9b33b1e,desk,high_priority_semantic_front,front,"[0.0,0.0,1.0]",0.2,,pending_asset_front_audit,True,/data/task3_2/share_data/scenesmith/hssd_rendered_assets/6f0b2844edf4906d69832484e80d5a69d9b33b1e
709745fbd3cc41050840793cdf67e73995e27270,desk,high_priority_semantic_front,front,"[0.0,0.0,1.0]",0.2,,pending_asset_front_audit,True,/data/task3_2/share_data/scenesmith/hssd_rendered_assets/709745fbd3cc41050840793cdf67e73995e27270
71ef7c208e45356ca1434b970718554cb7d128b4,desk,high_priority_semantic_front,front,"[0.0,0.0,1.0]",0.2,,pending_asset_front_audit,True,/data/task3_2/share_data/scenesmith/hssd_rendered_assets/71ef7c208e45356ca1434b970718554cb7d128b4
72f27b3eab05de72d5a9808625fe9d02e90d5504,desk,high_priority_semantic_front,front,"[0.0,0.0,1.0]",0.2,,pending_asset_front_audit,True,/data/task3_2/share_data/scenesmith/hssd_rendered_assets/72f27b3eab05de72d5a9808625fe9d02e90d5504
7379d8877fb6d9f4f83e0b0207b44746d23a1860,desk,high_priority_semantic_front,front,"[0.0,0.0,1.0]",0.2,,pending_asset_front_audit,True,/data/task3_2/share_data/scenesmith/hssd_rendered_assets/7379d8877fb6d9f4f83e0b0207b44746d23a1860
7489bcf3f226d315b4627bc442422f44f9eff092,desk,high_priority_semantic_front,front,"[0.0,0.0,1.0]",0.2,,pending_asset_front_audit,True,/data/task3_2/share_data/scenesmith/hssd_rendered_assets/7489bcf3f226d315b4627bc442422f44f9eff092
76b32b683454c8dd1ed99443bde39f6021830e9a,desk,high_priority_semantic_front,front,"[0.0,0.0,1.0]",0.2,,pending_asset_front_audit,True,/data/task3_2/share_data/scenesmith/hssd_rendered_assets/76b32b683454c8dd1ed99443bde39f6021830e9a
78c6daa160452aab3cebdbf707a034cf121c86e8,desk,high_priority_semantic_front,front,"[0.0,0.0,1.0]",0.2,,pending_asset_front_audit,True,/data/task3_2/share_data/scenesmith/hssd_rendered_assets/78c6daa160452aab3cebdbf707a034cf121c86e8
7b4ceffe179f3a3c2d03be09ad8686ff1a15360a,desk,high_priority_semantic_front,front,"[0.0,0.0,1.0]",0.2,,pending_asset_front_audit,True,/data/task3_2/share_data/scenesmith/hssd_rendered_assets/7b4ceffe179f3a3c2d03be09ad8686ff1a15360a
7be120511a688df6f496e04384b9ede07f151b8d,desk,high_priority_semantic_front,front,"[0.0,0.0,1.0]",0.2,,pending_asset_front_audit,True,/data/task3_2/share_data/scenesmith/hssd_rendered_assets/7be120511a688df6f496e04384b9ede07f151b8d
7c9a87b5f09ef11c66f8563598239ffa52e6fe9f,desk,high_priority_semantic_front,front,"[0.0,0.0,1.0]",0.2,,pending_asset_front_audit,True,/data/task3_2/share_data/scenesmith/hssd_rendered_assets/7c9a87b5f09ef11c66f8563598239ffa52e6fe9f
7cdeb790eb0a2a35f1bd5a29588c1b251dc0a3e4,desk,high_priority_semantic_front,front,"[0.0,0.0,1.0]",0.2,,pending_asset_front_audit,True,/data/task3_2/share_data/scenesmith/hssd_rendered_assets/7cdeb790eb0a2a35f1bd5a29588c1b251dc0a3e4
7d1f2631bececebeb2ec101b35ab998fe9cc1506,desk,high_priority_semantic_front,front,"[0.0,0.0,1.0]",0.2,,pending_asset_front_audit,True,/data/task3_2/share_data/scenesmith/hssd_rendered_assets/7d1f2631bececebeb2ec101b35ab998fe9cc1506
7e54244342d7a8716e723311313adf7d5ba1620e,desk,high_priority_semantic_front,front,"[0.0,0.0,1.0]",0.2,,pending_asset_front_audit,True,/data/task3_2/share_data/scenesmith/hssd_rendered_assets/7e54244342d7a8716e723311313adf7d5ba1620e
80c37ef1455ea5093e5f070d100f9ea7f145ff35,desk,high_priority_semantic_front,front,"[0.0,0.0,1.0]",0.2,,pending_asset_front_audit,True,/data/task3_2/share_data/scenesmith/hssd_rendered_assets/80c37ef1455ea5093e5f070d100f9ea7f145ff35
814cea515cd72dd9e904accd4e69e29a3bba53d7,desk,high_priority_semantic_front,front,"[0.0,0.0,1.0]",0.2,,pending_asset_front_audit,True,/data/task3_2/share_data/scenesmith/hssd_rendered_assets/814cea515cd72dd9e904accd4e69e29a3bba53d7
8195c2991d03645f5a989b7aa0601161ad34241f,desk,high_priority_semantic_front,front,"[0.0,0.0,1.0]",0.2,,pending_asset_front_audit,True,/data/task3_2/share_data/scenesmith/hssd_rendered_assets/8195c2991d03645f5a989b7aa0601161ad34241f
84ddcbce7a138ecac93fd669b603c11daf1e47ab,desk,high_priority_semantic_front,front,"[0.0,0.0,1.0]",0.2,,pending_asset_front_audit,True,/data/task3_2/share_data/scenesmith/hssd_rendered_assets/84ddcbce7a138ecac93fd669b603c11daf1e47ab
889a7354f2f7c62c94cf5aec83df7fddea639872,desk,high_priority_semantic_front,front,"[0.0,0.0,1.0]",0.2,,pending_asset_front_audit,True,/data/task3_2/share_data/scenesmith/hssd_rendered_assets/889a7354f2f7c62c94cf5aec83df7fddea639872
8a2440fd268adf3842f55c58abaa35c474934171,desk,high_priority_semantic_front,front,"[0.0,0.0,1.0]",0.2,,pending_asset_front_audit,True,/data/task3_2/share_data/scenesmith/hssd_rendered_assets/8a2440fd268adf3842f55c58abaa35c474934171
8adc3b058f1684f4de9e4f6d1ca718f4f2e1df4f,desk,high_priority_semantic_front,front,"[0.0,0.0,1.0]",0.2,,pending_asset_front_audit,True,/data/task3_2/share_data/scenesmith/hssd_rendered_assets/8adc3b058f1684f4de9e4f6d1ca718f4f2e1df4f
901e11bf21998a7e7f6fb53b111960ed87cee3f2,desk,high_priority_semantic_front,front,"[0.0,0.0,1.0]",0.2,,pending_asset_front_audit,True,/data/task3_2/share_data/scenesmith/hssd_rendered_assets/901e11bf21998a7e7f6fb53b111960ed87cee3f2
92750cdfd136c4d8df3ce25248407a234b7ac9da,desk,high_priority_semantic_front,front,"[0.0,0.0,1.0]",0.2,,pending_asset_front_audit,True,/data/task3_2/share_data/scenesmith/hssd_rendered_assets/92750cdfd136c4d8df3ce25248407a234b7ac9da
9384cf4170fc9d251d191e5caaa514da89c38772,desk,high_priority_semantic_front,front,"[0.0,0.0,1.0]",0.2,,pending_asset_front_audit,True,/data/task3_2/share_data/scenesmith/hssd_rendered_assets/9384cf4170fc9d251d191e5caaa514da89c38772
95c60720df5c0b8d3b59de6ac852f4d1b2d06a3f,desk,high_priority_semantic_front,front,"[0.0,0.0,1.0]",0.2,,pending_asset_front_audit,True,/data/task3_2/share_data/scenesmith/hssd_rendered_assets/95c60720df5c0b8d3b59de6ac852f4d1b2d06a3f
95ecb8436c547896a7d222d29d2a354c03837950,desk,high_priority_semantic_front,front,"[0.0,0.0,1.0]",0.2,,pending_asset_front_audit,True,/data/task3_2/share_data/scenesmith/hssd_rendered_assets/95ecb8436c547896a7d222d29d2a354c03837950
98082ffefeda96e60df9cd906920ef6918a9e874,desk,high_priority_semantic_front,front,"[0.0,0.0,1.0]",0.2,,pending_asset_front_audit,True,/data/task3_2/share_data/scenesmith/hssd_rendered_assets/98082ffefeda96e60df9cd906920ef6918a9e874
980f777fb6df794f7fab3e644e85c91e879a0758,desk,high_priority_semantic_front,front,"[0.0,0.0,1.0]",0.2,,pending_asset_front_audit,True,/data/task3_2/share_data/scenesmith/hssd_rendered_assets/980f777fb6df794f7fab3e644e85c91e879a0758
99e2a3e301a597ed93bf3dc57b36fec3b37b8846,desk,high_priority_semantic_front,front,"[0.0,0.0,1.0]",0.2,,pending_asset_front_audit,True,/data/task3_2/share_data/scenesmith/hssd_rendered_assets/99e2a3e301a597ed93bf3dc57b36fec3b37b8846
9adb235d4841962c4ed5729d151cfe3ae39609e9,desk,high_priority_semantic_front,front,"[0.0,0.0,1.0]",0.2,,pending_asset_front_audit,True,/data/task3_2/share_data/scenesmith/hssd_rendered_assets/9adb235d4841962c4ed5729d151cfe3ae39609e9
9bfd01b7a7f4fb8e1388551d237763778d4b3862,desk,high_priority_semantic_front,front,"[0.0,0.0,1.0]",0.2,,pending_asset_front_audit,True,/data/task3_2/share_data/scenesmith/hssd_rendered_assets/9bfd01b7a7f4fb8e1388551d237763778d4b3862
9fe427f0199ef6414c5e8fe65da17bdc7f058795,desk,high_priority_semantic_front,front,"[0.0,0.0,1.0]",0.2,,pending_asset_front_audit,True,/data/task3_2/share_data/scenesmith/hssd_rendered_assets/9fe427f0199ef6414c5e8fe65da17bdc7f058795
a32ed32cc5693cb1ccd4792b7c3f0340cc8eda91,desk,high_priority_semantic_front,front,"[0.0,0.0,1.0]",0.2,,pending_asset_front_audit,True,/data/task3_2/share_data/scenesmith/hssd_rendered_assets/a32ed32cc5693cb1ccd4792b7c3f0340cc8eda91
a42e2ef37ca205ecb1927bde89c6b618ddcda71b,desk,high_priority_semantic_front,front,"[0.0,0.0,1.0]",0.2,,pending_asset_front_audit,True,/data/task3_2/share_data/scenesmith/hssd_rendered_assets/a42e2ef37ca205ecb1927bde89c6b618ddcda71b
a858cba39573583f6aff0a31d237bcebabaaf503,desk,high_priority_semantic_front,front,"[0.0,0.0,1.0]",0.2,,pending_asset_front_audit,True,/data/task3_2/share_data/scenesmith/hssd_rendered_assets/a858cba39573583f6aff0a31d237bcebabaaf503
a970452b24bb12f850799e2ccc1e4080f7965073,desk,high_priority_semantic_front,front,"[0.0,0.0,1.0]",0.2,,pending_asset_front_audit,True,/data/task3_2/share_data/scenesmith/hssd_rendered_assets/a970452b24bb12f850799e2ccc1e4080f7965073
a988bc50b88f4e627a0860ff647e1c9f62ea66a2,desk,high_priority_semantic_front,front,"[0.0,0.0,1.0]",0.2,,pending_asset_front_audit,True,/data/task3_2/share_data/scenesmith/hssd_rendered_assets/a988bc50b88f4e627a0860ff647e1c9f62ea66a2
aaecdb19e67392d21115834f481a4c7a2660e90b,desk,high_priority_semantic_front,front,"[0.0,0.0,1.0]",0.2,,pending_asset_front_audit,True,/data/task3_2/share_data/scenesmith/hssd_rendered_assets/aaecdb19e67392d21115834f481a4c7a2660e90b
abbf8a4b081a056da7258544be89aabb37fd7a10,desk,high_priority_semantic_front,front,"[0.0,0.0,1.0]",0.2,,pending_asset_front_audit,True,/data/task3_2/share_data/scenesmith/hssd_rendered_assets/abbf8a4b081a056da7258544be89aabb37fd7a10
ad5387354cfc817d0731b12e2c354ab6e578be53,desk,high_priority_semantic_front,front,"[0.0,0.0,1.0]",0.2,,pending_asset_front_audit,True,/data/task3_2/share_data/scenesmith/hssd_rendered_assets/ad5387354cfc817d0731b12e2c354ab6e578be53
aee87f94b8fe693757b14827b969fbbfe03eb12e,desk,high_priority_semantic_front,front,"[0.0,0.0,1.0]",0.2,,pending_asset_front_audit,True,/data/task3_2/share_data/scenesmith/hssd_rendered_assets/aee87f94b8fe693757b14827b969fbbfe03eb12e
b0dac93072ce252e3cfbc1ee7bdf4670478ac76b,desk,high_priority_semantic_front,front,"[0.0,0.0,1.0]",0.2,,pending_asset_front_audit,True,/data/task3_2/share_data/scenesmith/hssd_rendered_assets/b0dac93072ce252e3cfbc1ee7bdf4670478ac76b
b16142c1f913731acf684391604959b2989ff917,desk,high_priority_semantic_front,front,"[0.0,0.0,1.0]",0.2,,pending_asset_front_audit,True,/data/task3_2/share_data/scenesmith/hssd_rendered_assets/b16142c1f913731acf684391604959b2989ff917
b1c0fc607c063010c4b9300c955a0e3e5f7001fc,desk,high_priority_semantic_front,front,"[0.0,0.0,1.0]",0.2,,pending_asset_front_audit,True,/data/task3_2/share_data/scenesmith/hssd_rendered_assets/b1c0fc607c063010c4b9300c955a0e3e5f7001fc
b251df69148e02cb9ad8a9118e19b36eca89a06d,desk,high_priority_semantic_front,front,"[0.0,0.0,1.0]",0.2,,pending_asset_front_audit,True,/data/task3_2/share_data/scenesmith/hssd_rendered_assets/b251df69148e02cb9ad8a9118e19b36eca89a06d
b2a15fbf1be55416b27bc7ef9a10d2b22af24376,desk,high_priority_semantic_front,front,"[0.0,0.0,1.0]",0.2,,pending_asset_front_audit,True,/data/task3_2/share_data/scenesmith/hssd_rendered_assets/b2a15fbf1be55416b27bc7ef9a10d2b22af24376
b2d2f9ca104169f9f8b874be2a35b40c77642439,desk,high_priority_semantic_front,front,"[0.0,0.0,1.0]",0.2,,pending_asset_front_audit,True,/data/task3_2/share_data/scenesmith/hssd_rendered_assets/b2d2f9ca104169f9f8b874be2a35b40c77642439
b4197540cbbe2787185cd37ab9f1524b883cbdbe,desk,high_priority_semantic_front,front,"[0.0,0.0,1.0]",0.2,,pending_asset_front_audit,True,/data/task3_2/share_data/scenesmith/hssd_rendered_assets/b4197540cbbe2787185cd37ab9f1524b883cbdbe
b48729416ed78da505af25fd953a52babdaa421b,desk,high_priority_semantic_front,front,"[0.0,0.0,1.0]",0.2,,pending_asset_front_audit,True,/data/task3_2/share_data/scenesmith/hssd_rendered_assets/b48729416ed78da505af25fd953a52babdaa421b
b5281b81131311b05c3707d977da166addba8661,desk,high_priority_semantic_front,front,"[0.0,0.0,1.0]",0.2,,pending_asset_front_audit,True,/data/task3_2/share_data/scenesmith/hssd_rendered_assets/b5281b81131311b05c3707d977da166addba8661
b5a23e82cd0af7f35dac26da79ff5e34d4efdd2b,desk,high_priority_semantic_front,front,"[0.0,0.0,1.0]",0.2,,pending_asset_front_audit,True,/data/task3_2/share_data/scenesmith/hssd_rendered_assets/b5a23e82cd0af7f35dac26da79ff5e34d4efdd2b
bb034d375833247e8539a25b7075afb01e908507,desk,high_priority_semantic_front,front,"[0.0,0.0,1.0]",0.2,,pending_asset_front_audit,True,/data/task3_2/share_data/scenesmith/hssd_rendered_assets/bb034d375833247e8539a25b7075afb01e908507
bd4d4877984d271dc122d924b4c733897095bfc8,desk,high_priority_semantic_front,front,"[0.0,0.0,1.0]",0.2,,pending_asset_front_audit,True,/data/task3_2/share_data/scenesmith/hssd_rendered_assets/bd4d4877984d271dc122d924b4c733897095bfc8
bde8da056a43d2fc9470645a35c7111868be6c50,desk,high_priority_semantic_front,front,"[0.0,0.0,1.0]",0.2,,pending_asset_front_audit,True,/data/task3_2/share_data/scenesmith/hssd_rendered_assets/bde8da056a43d2fc9470645a35c7111868be6c50
be948ce6d040db95c6cfa9e333cd26c619e35da5,desk,high_priority_semantic_front,front,"[0.0,0.0,1.0]",0.2,,pending_asset_front_audit,True,/data/task3_2/share_data/scenesmith/hssd_rendered_assets/be948ce6d040db95c6cfa9e333cd26c619e35da5
bf163feb5a58e8e6149c44c1446d7cef0da9e82f,desk,high_priority_semantic_front,front,"[0.0,0.0,1.0]",0.2,,pending_asset_front_audit,True,/data/task3_2/share_data/scenesmith/hssd_rendered_assets/bf163feb5a58e8e6149c44c1446d7cef0da9e82f
c072d770784b824c576201ad88a3c8c9e82773a4,desk,high_priority_semantic_front,front,"[0.0,0.0,1.0]",0.2,,pending_asset_front_audit,True,/data/task3_2/share_data/scenesmith/hssd_rendered_assets/c072d770784b824c576201ad88a3c8c9e82773a4
c20cb9997d8c8b456748a9dee8c0b9f7f4851303,desk,high_priority_semantic_front,front,"[0.0,0.0,1.0]",0.2,,pending_asset_front_audit,True,/data/task3_2/share_data/scenesmith/hssd_rendered_assets/c20cb9997d8c8b456748a9dee8c0b9f7f4851303
c37347cedb69c15f2a8fd0b16c58f1276beabd74,desk,high_priority_semantic_front,front,"[0.0,0.0,1.0]",0.2,,pending_asset_front_audit,True,/data/task3_2/share_data/scenesmith/hssd_rendered_assets/c37347cedb69c15f2a8fd0b16c58f1276beabd74
c573a0b830810d34c543f2f530dc5572b22bfcfd,desk,high_priority_semantic_front,front,"[0.0,0.0,1.0]",0.2,,pending_asset_front_audit,True,/data/task3_2/share_data/scenesmith/hssd_rendered_assets/c573a0b830810d34c543f2f530dc5572b22bfcfd
c67c6e75945f75cbc530feb9568548802a1648a6,desk,high_priority_semantic_front,front,"[0.0,0.0,1.0]",0.2,,pending_asset_front_audit,True,/data/task3_2/share_data/scenesmith/hssd_rendered_assets/c67c6e75945f75cbc530feb9568548802a1648a6
c6ee2a801e720442092ed6497935cc067158e761,desk,high_priority_semantic_front,front,"[0.0,0.0,1.0]",0.2,,pending_asset_front_audit,True,/data/task3_2/share_data/scenesmith/hssd_rendered_assets/c6ee2a801e720442092ed6497935cc067158e761
c77e8ffcb85d5d91694bfe37516ef9880890716c,desk,high_priority_semantic_front,front,"[0.0,0.0,1.0]",0.2,,pending_asset_front_audit,True,/data/task3_2/share_data/scenesmith/hssd_rendered_assets/c77e8ffcb85d5d91694bfe37516ef9880890716c
cd88a7acd6170502cae92b5054f0ea1327376a03,desk,high_priority_semantic_front,front,"[0.0,0.0,1.0]",0.2,,pending_asset_front_audit,True,/data/task3_2/share_data/scenesmith/hssd_rendered_assets/cd88a7acd6170502cae92b5054f0ea1327376a03
cf2ccf35f30d7f7a463a0ef5eefc18a90ea7d2fe,desk,high_priority_semantic_front,front,"[0.0,0.0,1.0]",0.2,,pending_asset_front_audit,True,/data/task3_2/share_data/scenesmith/hssd_rendered_assets/cf2ccf35f30d7f7a463a0ef5eefc18a90ea7d2fe
d094a9f0faddcdaa0cb4d2506a9fb7d5bf70fcdf,desk,high_priority_semantic_front,front,"[0.0,0.0,1.0]",0.2,,pending_asset_front_audit,True,/data/task3_2/share_data/scenesmith/hssd_rendered_assets/d094a9f0faddcdaa0cb4d2506a9fb7d5bf70fcdf
d0e9a70969310ca5b09c46606d1c8959edba16f5,desk,high_priority_semantic_front,front,"[0.0,0.0,1.0]",0.2,,pending_asset_front_audit,True,/data/task3_2/share_data/scenesmith/hssd_rendered_assets/d0e9a70969310ca5b09c46606d1c8959edba16f5
d213d8ab611456a8c8d1f8b1f76bd075d9070f48,desk,high_priority_semantic_front,front,"[0.0,0.0,1.0]",0.2,,pending_asset_front_audit,True,/data/task3_2/share_data/scenesmith/hssd_rendered_assets/d213d8ab611456a8c8d1f8b1f76bd075d9070f48
d35907d5ba40cef9835aea3cbb808e9a92d9cbaa,desk,high_priority_semantic_front,front,"[0.0,0.0,1.0]",0.2,,pending_asset_front_audit,True,/data/task3_2/share_data/scenesmith/hssd_rendered_assets/d35907d5ba40cef9835aea3cbb808e9a92d9cbaa
d4e0d78439767eedfbf0a3ab83301d472c8c13cf,desk,high_priority_semantic_front,front,"[0.0,0.0,1.0]",0.2,,pending_asset_front_audit,True,/data/task3_2/share_data/scenesmith/hssd_rendered_assets/d4e0d78439767eedfbf0a3ab83301d472c8c13cf
d6a4bbcc213289c3d7b48e7dd6ab0d376319ddb6,desk,high_priority_semantic_front,front,"[0.0,0.0,1.0]",0.2,,pending_asset_front_audit,True,/data/task3_2/share_data/scenesmith/hssd_rendered_assets/d6a4bbcc213289c3d7b48e7dd6ab0d376319ddb6
d6c09c2eef40f4a2b96cb8dcc6ba9218bc54f393,desk,high_priority_semantic_front,front,"[0.0,0.0,1.0]",0.2,,pending_asset_front_audit,True,/data/task3_2/share_data/scenesmith/hssd_rendered_assets/d6c09c2eef40f4a2b96cb8dcc6ba9218bc54f393
d7cec0e53dadbc4291064708c84e3614b79ac3c9,desk,high_priority_semantic_front,front,"[0.0,0.0,1.0]",0.2,,pending_asset_front_audit,True,/data/task3_2/share_data/scenesmith/hssd_rendered_assets/d7cec0e53dadbc4291064708c84e3614b79ac3c9
d869cd12e539239280c22b82c7a0d0136c0f80c1,desk,high_priority_semantic_front,front,"[0.0,0.0,1.0]",0.2,,pending_asset_front_audit,True,/data/task3_2/share_data/scenesmith/hssd_rendered_assets/d869cd12e539239280c22b82c7a0d0136c0f80c1
da6ab8a359f639f9bbd92f51bf7ffc89f65714ee,desk,high_priority_semantic_front,front,"[0.0,0.0,1.0]",0.2,,pending_asset_front_audit,True,/data/task3_2/share_data/scenesmith/hssd_rendered_assets/da6ab8a359f639f9bbd92f51bf7ffc89f65714ee
db360d1335005af5d247884ecb78fa6977addc6a,desk,high_priority_semantic_front,front,"[0.0,0.0,1.0]",0.2,,pending_asset_front_audit,True,/data/task3_2/share_data/scenesmith/hssd_rendered_assets/db360d1335005af5d247884ecb78fa6977addc6a
dc1b0c9c13b839cd87370d9e2b18a532f0171bd0,desk,high_priority_semantic_front,front,"[0.0,0.0,1.0]",0.2,,pending_asset_front_audit,True,/data/task3_2/share_data/scenesmith/hssd_rendered_assets/dc1b0c9c13b839cd87370d9e2b18a532f0171bd0
dc7a4ef39408cdfc7e9dce48757bde5cbe4ee2c1,desk,high_priority_semantic_front,front,"[0.0,0.0,1.0]",0.2,,pending_asset_front_audit,True,/data/task3_2/share_data/scenesmith/hssd_rendered_assets/dc7a4ef39408cdfc7e9dce48757bde5cbe4ee2c1
dde601823da961329b32944b1f12b3aca1535d28,desk,high_priority_semantic_front,front,"[0.0,0.0,1.0]",0.2,,pending_asset_front_audit,True,/data/task3_2/share_data/scenesmith/hssd_rendered_assets/dde601823da961329b32944b1f12b3aca1535d28
e0781c2fab1ae5276952867ac7d1757ca0558113,desk,high_priority_semantic_front,front,"[0.0,0.0,1.0]",0.2,,pending_asset_front_audit,True,/data/task3_2/share_data/scenesmith/hssd_rendered_assets/e0781c2fab1ae5276952867ac7d1757ca0558113
ea4826625a4ad17e2bd2f4013acdb1c26b568999,desk,high_priority_semantic_front,front,"[0.0,0.0,1.0]",0.2,,pending_asset_front_audit,True,/data/task3_2/share_data/scenesmith/hssd_rendered_assets/ea4826625a4ad17e2bd2f4013acdb1c26b568999
ead061a7175f0ae5cbd6912f79a4b5139d7095f5,desk,high_priority_semantic_front,front,"[0.0,0.0,1.0]",0.2,,pending_asset_front_audit,True,/data/task3_2/share_data/scenesmith/hssd_rendered_assets/ead061a7175f0ae5cbd6912f79a4b5139d7095f5
eaf719f5dd094990daa3e96831f847f47733587f,desk,high_priority_semantic_front,front,"[0.0,0.0,1.0]",0.2,,pending_asset_front_audit,True,/data/task3_2/share_data/scenesmith/hssd_rendered_assets/eaf719f5dd094990daa3e96831f847f47733587f
eb6aa6ead94ef785c022795b36da765ac1c1cbe1,desk,high_priority_semantic_front,front,"[0.0,0.0,1.0]",0.2,,pending_asset_front_audit,True,/data/task3_2/share_data/scenesmith/hssd_rendered_assets/eb6aa6ead94ef785c022795b36da765ac1c1cbe1
ec392b4f3d4968a83003ee8c17854be753eca8c3,desk,high_priority_semantic_front,front,"[0.0,0.0,1.0]",0.2,,pending_asset_front_audit,True,/data/task3_2/share_data/scenesmith/hssd_rendered_assets/ec392b4f3d4968a83003ee8c17854be753eca8c3
ecf01604cd0958929fb26e0be43329844fa20e55,desk,high_priority_semantic_front,front,"[0.0,0.0,1.0]",0.2,,pending_asset_front_audit,True,/data/task3_2/share_data/scenesmith/hssd_rendered_assets/ecf01604cd0958929fb26e0be43329844fa20e55
ef4ef1a757e871e774b4f1a73c55906bea1dae7f,desk,high_priority_semantic_front,front,"[0.0,0.0,1.0]",0.2,,pending_asset_front_audit,True,/data/task3_2/share_data/scenesmith/hssd_rendered_assets/ef4ef1a757e871e774b4f1a73c55906bea1dae7f
ef70ae8ed5ecc9acc9cc786e36b95b366cf95d50,desk,high_priority_semantic_front,front,"[0.0,0.0,1.0]",0.2,,pending_asset_front_audit,True,/data/task3_2/share_data/scenesmith/hssd_rendered_assets/ef70ae8ed5ecc9acc9cc786e36b95b366cf95d50
f4890fa990296b58a88d82bea9a4a7f2bf848015,desk,high_priority_semantic_front,front,"[0.0,0.0,1.0]",0.2,,pending_asset_front_audit,True,/data/task3_2/share_data/scenesmith/hssd_rendered_assets/f4890fa990296b58a88d82bea9a4a7f2bf848015
f67e0621273b7a530c00764195df0cc8ce1772af,desk,high_priority_semantic_front,front,"[0.0,0.0,1.0]",0.2,,pending_asset_front_audit,True,/data/task3_2/share_data/scenesmith/hssd_rendered_assets/f67e0621273b7a530c00764195df0cc8ce1772af
f779d8fa89bc6886d256dd62697938fcb4a36f77,desk,high_priority_semantic_front,front,"[0.0,0.0,1.0]",0.2,,pending_asset_front_audit,True,/data/task3_2/share_data/scenesmith/hssd_rendered_assets/f779d8fa89bc6886d256dd62697938fcb4a36f77
f7c7dc703c9e8e14f0b13814b002cfed603060e4,desk,high_priority_semantic_front,front,"[0.0,0.0,1.0]",0.2,,pending_asset_front_audit,True,/data/task3_2/share_data/scenesmith/hssd_rendered_assets/f7c7dc703c9e8e14f0b13814b002cfed603060e4
f84624a16fc343ce94373e0ec45362127c70451a,desk,high_priority_semantic_front,front,"[0.0,0.0,1.0]",0.2,,pending_asset_front_audit,True,/data/task3_2/share_data/scenesmith/hssd_rendered_assets/f84624a16fc343ce94373e0ec45362127c70451a
f8c1be8fafd7d652e850774aa20a4e33feddea4c,desk,high_priority_semantic_front,front,"[0.0,0.0,1.0]",0.2,,pending_asset_front_audit,True,/data/task3_2/share_data/scenesmith/hssd_rendered_assets/f8c1be8fafd7d652e850774aa20a4e33feddea4c
fccbc696de991f8a9547b04138db49c8ae596bf0,desk,high_priority_semantic_front,front,"[0.0,0.0,1.0]",0.2,,pending_asset_front_audit,True,/data/task3_2/share_data/scenesmith/hssd_rendered_assets/fccbc696de991f8a9547b04138db49c8ae596bf0
fdfc8999f57d75dd53328b22615f578b7bceff93,desk,high_priority_semantic_front,front,"[0.0,0.0,1.0]",0.2,,pending_asset_front_audit,True,/data/task3_2/share_data/scenesmith/hssd_rendered_assets/fdfc8999f57d75dd53328b22615f578b7bceff93
ffb44e74fd5223fe28edce2117e26f841c8c9448,desk,high_priority_semantic_front,front,"[0.0,0.0,1.0]",0.2,,pending_asset_front_audit,True,/data/task3_2/share_data/scenesmith/hssd_rendered_assets/ffb44e74fd5223fe28edce2117e26f841c8c9448
xxxx48644b6fx3794x4958xadd6xbdc44fbaf88d,desk,high_priority_semantic_front,front,"[0.0,0.0,1.0]",0.2,,pending_asset_front_audit,True,/data/task3_2/share_data/scenesmith/hssd_rendered_assets/xxxx48644b6fx3794x4958xadd6xbdc44fbaf88d
xxxx5b90aecaxec62x4c50x96e4xbf3aeb5a1a6b,desk,high_priority_semantic_front,front,"[0.0,0.0,1.0]",0.2,,pending_asset_front_audit,True,/data/task3_2/share_data/scenesmith/hssd_rendered_assets/xxxx5b90aecaxec62x4c50x96e4xbf3aeb5a1a6b
03e0a5b0643512a63c10c478fb005fb1228e2ccf,dishwasher,high_priority_semantic_front,front,"[0.0,0.0,1.0]",0.2,,pending_asset_front_audit,True,/data/task3_2/share_data/scenesmith/hssd_rendered_assets/03e0a5b0643512a63c10c478fb005fb1228e2ccf
43b7ea81b8b10840845f7d2551599c5a6d96e3d4,dishwasher,high_priority_semantic_front,front,"[0.0,0.0,1.0]",0.2,,pending_asset_front_audit,True,/data/task3_2/share_data/scenesmith/hssd_rendered_assets/43b7ea81b8b10840845f7d2551599c5a6d96e3d4
9f4ddfa2353e1db1588938fbc3dc0a66cb898da7,dishwasher,high_priority_semantic_front,front,"[0.0,0.0,1.0]",0.2,,pending_asset_front_audit,True,/data/task3_2/share_data/scenesmith/hssd_rendered_assets/9f4ddfa2353e1db1588938fbc3dc0a66cb898da7
aad01c69d7a27a1740e422f5f64b781816bd86fa,dishwasher,high_priority_semantic_front,front,"[0.0,0.0,1.0]",0.2,,pending_asset_front_audit,True,/data/task3_2/share_data/scenesmith/hssd_rendered_assets/aad01c69d7a27a1740e422f5f64b781816bd86fa
cb3dd8f2c8de396606e0794f6effc921aff7235d,dishwasher,high_priority_semantic_front,front,"[0.0,0.0,1.0]",0.2,,pending_asset_front_audit,True,/data/task3_2/share_data/scenesmith/hssd_rendered_assets/cb3dd8f2c8de396606e0794f6effc921aff7235d
eef2341f3bed67078f416269ea1b8a6252a21d45,dishwasher,high_priority_semantic_front,front,"[0.0,0.0,1.0]",0.2,,pending_asset_front_audit,True,/data/task3_2/share_data/scenesmith/hssd_rendered_assets/eef2341f3bed67078f416269ea1b8a6252a21d45
c2c17462cc5cba5908d12060aaa28efbff652888,dryer,high_priority_semantic_front,front,"[0.0,0.0,1.0]",0.2,,pending_asset_front_audit,True,/data/task3_2/share_data/scenesmith/hssd_rendered_assets/c2c17462cc5cba5908d12060aaa28efbff652888
03ef3bc5dca1c31e308fac0da12f0ad8faa4a3f1,fireplace,high_priority_semantic_front,front,"[0.0,0.0,1.0]",0.2,,pending_asset_front_audit,True,/data/task3_2/share_data/scenesmith/hssd_rendered_assets/03ef3bc5dca1c31e308fac0da12f0ad8faa4a3f1
0417d03c450eb0fff31f32e2999a1b13395ac51b,fireplace,high_priority_semantic_front,front,"[0.0,0.0,1.0]",0.2,,pending_asset_front_audit,True,/data/task3_2/share_data/scenesmith/hssd_rendered_assets/0417d03c450eb0fff31f32e2999a1b13395ac51b
165eaf798d531472c34495ad8c975ca5b9bdc69b,fireplace,high_priority_semantic_front,front,"[0.0,0.0,1.0]",0.2,,pending_asset_front_audit,True,/data/task3_2/share_data/scenesmith/hssd_rendered_assets/165eaf798d531472c34495ad8c975ca5b9bdc69b
19e21813ec7fbaf9cf4a5c6fdda6e2725c10a70f,fireplace,high_priority_semantic_front,front,"[0.0,0.0,1.0]",0.2,,pending_asset_front_audit,True,/data/task3_2/share_data/scenesmith/hssd_rendered_assets/19e21813ec7fbaf9cf4a5c6fdda6e2725c10a70f
2ba78a798010191fd7b9d8e395c76a9e55d427ac,fireplace,high_priority_semantic_front,front,"[0.0,0.0,1.0]",0.2,,pending_asset_front_audit,True,/data/task3_2/share_data/scenesmith/hssd_rendered_assets/2ba78a798010191fd7b9d8e395c76a9e55d427ac
2f26636e4943427e7fafd2cf8365b85afa977503,fireplace,high_priority_semantic_front,front,"[0.0,0.0,1.0]",0.2,,pending_asset_front_audit,True,/data/task3_2/share_data/scenesmith/hssd_rendered_assets/2f26636e4943427e7fafd2cf8365b85afa977503
30523989850840a63546e6c2ba501b39f9642f10,fireplace,high_priority_semantic_front,front,"[0.0,0.0,1.0]",0.2,,pending_asset_front_audit,True,/data/task3_2/share_data/scenesmith/hssd_rendered_assets/30523989850840a63546e6c2ba501b39f9642f10
3286bf442b98c704ec8f9b3f69d29cf92971527a,fireplace,high_priority_semantic_front,front,"[0.0,0.0,1.0]",0.2,,pending_asset_front_audit,True,/data/task3_2/share_data/scenesmith/hssd_rendered_assets/3286bf442b98c704ec8f9b3f69d29cf92971527a
3a4c77cbc442936a4963c5353064a2627c5e9712,fireplace,high_priority_semantic_front,front,"[0.0,0.0,1.0]",0.2,,pending_asset_front_audit,True,/data/task3_2/share_data/scenesmith/hssd_rendered_assets/3a4c77cbc442936a4963c5353064a2627c5e9712
47bc5c6b6793a56193158c46d32b7e93f344261b,fireplace,high_priority_semantic_front,front,"[0.0,0.0,1.0]",0.2,,pending_asset_front_audit,True,/data/task3_2/share_data/scenesmith/hssd_rendered_assets/47bc5c6b6793a56193158c46d32b7e93f344261b
4e03b1ae8b9ea4a645dd72f67656c0bc4d3fe2d7,fireplace,high_priority_semantic_front,front,"[0.0,0.0,1.0]",0.2,,pending_asset_front_audit,True,/data/task3_2/share_data/scenesmith/hssd_rendered_assets/4e03b1ae8b9ea4a645dd72f67656c0bc4d3fe2d7
572f54555309ed6eac6b10d697b1c694c4d573dd,fireplace,high_priority_semantic_front,front,"[0.0,0.0,1.0]",0.2,,pending_asset_front_audit,True,/data/task3_2/share_data/scenesmith/hssd_rendered_assets/572f54555309ed6eac6b10d697b1c694c4d573dd
5dd6806c8bebc646c1e8467dd3c59b572d9f07af,fireplace,high_priority_semantic_front,front,"[0.0,0.0,1.0]",0.2,,pending_asset_front_audit,True,/data/task3_2/share_data/scenesmith/hssd_rendered_assets/5dd6806c8bebc646c1e8467dd3c59b572d9f07af
66a6cc554a0621e18fef3216edf0079e3cd03958,fireplace,high_priority_semantic_front,front,"[0.0,0.0,1.0]",0.2,,pending_asset_front_audit,True,/data/task3_2/share_data/scenesmith/hssd_rendered_assets/66a6cc554a0621e18fef3216edf0079e3cd03958
6803e8a39263dd97e31e0c44dbd2e96d986a8917,fireplace,high_priority_semantic_front,front,"[0.0,0.0,1.0]",0.2,,pending_asset_front_audit,True,/data/task3_2/share_data/scenesmith/hssd_rendered_assets/6803e8a39263dd97e31e0c44dbd2e96d986a8917
6bb59e8467fbcac1157591ce880f9ed8dc7a99a4,fireplace,high_priority_semantic_front,front,"[0.0,0.0,1.0]",0.2,,pending_asset_front_audit,True,/data/task3_2/share_data/scenesmith/hssd_rendered_assets/6bb59e8467fbcac1157591ce880f9ed8dc7a99a4
719b88456badf9658c0a2b9afbe6922026b6fd71,fireplace,high_priority_semantic_front,front,"[0.0,0.0,1.0]",0.2,,pending_asset_front_audit,True,/data/task3_2/share_data/scenesmith/hssd_rendered_assets/719b88456badf9658c0a2b9afbe6922026b6fd71
754e1f6f53299727a2284c238f543aa9a524542a,fireplace,high_priority_semantic_front,front,"[0.0,0.0,1.0]",0.2,,pending_asset_front_audit,True,/data/task3_2/share_data/scenesmith/hssd_rendered_assets/754e1f6f53299727a2284c238f543aa9a524542a
778257fdf89d9a6afbb324b0834e84ff8748b495,fireplace,high_priority_semantic_front,front,"[0.0,0.0,1.0]",0.2,,pending_asset_front_audit,True,/data/task3_2/share_data/scenesmith/hssd_rendered_assets/778257fdf89d9a6afbb324b0834e84ff8748b495
7dede5855ec86c0f734c1d0fa3eba5c55a2c7054,fireplace,high_priority_semantic_front,front,"[0.0,0.0,1.0]",0.2,,pending_asset_front_audit,True,/data/task3_2/share_data/scenesmith/hssd_rendered_assets/7dede5855ec86c0f734c1d0fa3eba5c55a2c7054
8015208bba01eeaf745f18bd63a70cd3e43fe81d,fireplace,high_priority_semantic_front,front,"[0.0,0.0,1.0]",0.2,,pending_asset_front_audit,True,/data/task3_2/share_data/scenesmith/hssd_rendered_assets/8015208bba01eeaf745f18bd63a70cd3e43fe81d
87190cf4ed9ab12f298f824c1b8904e5e4455507,fireplace,high_priority_semantic_front,front,"[0.0,0.0,1.0]",0.2,,pending_asset_front_audit,True,/data/task3_2/share_data/scenesmith/hssd_rendered_assets/87190cf4ed9ab12f298f824c1b8904e5e4455507
958945057f1e5b7012b81538348695ac7cc03172,fireplace,high_priority_semantic_front,front,"[0.0,0.0,1.0]",0.2,,pending_asset_front_audit,True,/data/task3_2/share_data/scenesmith/hssd_rendered_assets/958945057f1e5b7012b81538348695ac7cc03172
9a81f950096d16b4191160c09a140e42010d473b,fireplace,high_priority_semantic_front,front,"[0.0,0.0,1.0]",0.2,,pending_asset_front_audit,True,/data/task3_2/share_data/scenesmith/hssd_rendered_assets/9a81f950096d16b4191160c09a140e42010d473b
9e2908f9671288df72bca9e66d46be8a807e6061,fireplace,high_priority_semantic_front,front,"[0.0,0.0,1.0]",0.2,,pending_asset_front_audit,True,/data/task3_2/share_data/scenesmith/hssd_rendered_assets/9e2908f9671288df72bca9e66d46be8a807e6061
a12f2ff787933be2e58fc5f9de19705a427ca717,fireplace,high_priority_semantic_front,front,"[0.0,0.0,1.0]",0.2,,pending_asset_front_audit,True,/data/task3_2/share_data/scenesmith/hssd_rendered_assets/a12f2ff787933be2e58fc5f9de19705a427ca717
ad6b4d6a0dfaeea407cbf353b99789bfd5ab0cdc,fireplace,high_priority_semantic_front,front,"[0.0,0.0,1.0]",0.2,,pending_asset_front_audit,True,/data/task3_2/share_data/scenesmith/hssd_rendered_assets/ad6b4d6a0dfaeea407cbf353b99789bfd5ab0cdc
afbe5bf0c84434cd80351009cc16cc741d9900e2,fireplace,high_priority_semantic_front,front,"[0.0,0.0,1.0]",0.2,,pending_asset_front_audit,True,/data/task3_2/share_data/scenesmith/hssd_rendered_assets/afbe5bf0c84434cd80351009cc16cc741d9900e2
affd27314d1becb79a62dece175068670b27bd4f,fireplace,high_priority_semantic_front,front,"[0.0,0.0,1.0]",0.2,,pending_asset_front_audit,True,/data/task3_2/share_data/scenesmith/hssd_rendered_assets/affd27314d1becb79a62dece175068670b27bd4f
b06dd25b1652319126548b913ad21df7aea30de0,fireplace,high_priority_semantic_front,front,"[0.0,0.0,1.0]",0.2,,pending_asset_front_audit,True,/data/task3_2/share_data/scenesmith/hssd_rendered_assets/b06dd25b1652319126548b913ad21df7aea30de0
bc2c81b1eff6939d41575b0819b9c67e4caf46fa,fireplace,high_priority_semantic_front,front,"[0.0,0.0,1.0]",0.2,,pending_asset_front_audit,True,/data/task3_2/share_data/scenesmith/hssd_rendered_assets/bc2c81b1eff6939d41575b0819b9c67e4caf46fa
bd221a8019fb371e665eac82800d7a60eb0d40dc,fireplace,high_priority_semantic_front,front,"[0.0,0.0,1.0]",0.2,,pending_asset_front_audit,True,/data/task3_2/share_data/scenesmith/hssd_rendered_assets/bd221a8019fb371e665eac82800d7a60eb0d40dc
be8082601819e3c19171c957616b92569a392016,fireplace,high_priority_semantic_front,front,"[0.0,0.0,1.0]",0.2,,pending_asset_front_audit,True,/data/task3_2/share_data/scenesmith/hssd_rendered_assets/be8082601819e3c19171c957616b92569a392016
c849ecee298ddecee48ef3bdffe99fb238dfc364,fireplace,high_priority_semantic_front,front,"[0.0,0.0,1.0]",0.2,,pending_asset_front_audit,True,/data/task3_2/share_data/scenesmith/hssd_rendered_assets/c849ecee298ddecee48ef3bdffe99fb238dfc364
c88b5430ff8675fc3774b2dd9ae78bc92e1edc1c,fireplace,high_priority_semantic_front,front,"[0.0,0.0,1.0]",0.2,,pending_asset_front_audit,True,/data/task3_2/share_data/scenesmith/hssd_rendered_assets/c88b5430ff8675fc3774b2dd9ae78bc92e1edc1c
e0065d23c476ee49cce613cc83541b2181eb6ed6,fireplace,high_priority_semantic_front,front,"[0.0,0.0,1.0]",0.2,,pending_asset_front_audit,True,/data/task3_2/share_data/scenesmith/hssd_rendered_assets/e0065d23c476ee49cce613cc83541b2181eb6ed6
e5f534ab6b697ae4191486de3811bd57329110d8,fireplace,high_priority_semantic_front,front,"[0.0,0.0,1.0]",0.2,,pending_asset_front_audit,True,/data/task3_2/share_data/scenesmith/hssd_rendered_assets/e5f534ab6b697ae4191486de3811bd57329110d8
e9caae3ba8240bec38d242ed0aa4d6e08743c788,fireplace,high_priority_semantic_front,front,"[0.0,0.0,1.0]",0.2,,pending_asset_front_audit,True,/data/task3_2/share_data/scenesmith/hssd_rendered_assets/e9caae3ba8240bec38d242ed0aa4d6e08743c788
eb6720d78383292a6b0e4b753ad004a37cfee943,fireplace,high_priority_semantic_front,front,"[0.0,0.0,1.0]",0.2,,pending_asset_front_audit,True,/data/task3_2/share_data/scenesmith/hssd_rendered_assets/eb6720d78383292a6b0e4b753ad004a37cfee943
eeac8f67026d5c6a8cccf81a9db10b6623a28fca,fireplace,high_priority_semantic_front,front,"[0.0,0.0,1.0]",0.2,,pending_asset_front_audit,True,/data/task3_2/share_data/scenesmith/hssd_rendered_assets/eeac8f67026d5c6a8cccf81a9db10b6623a28fca
f0b8bacb93a554d4dc4a19da56e7ea883d39f59d,fireplace,high_priority_semantic_front,front,"[0.0,0.0,1.0]",0.2,,pending_asset_front_audit,True,/data/task3_2/share_data/scenesmith/hssd_rendered_assets/f0b8bacb93a554d4dc4a19da56e7ea883d39f59d
f2bad92c971eaffdd1812db430aed6f7d1196f46,fireplace,high_priority_semantic_front,front,"[0.0,0.0,1.0]",0.2,,pending_asset_front_audit,True,/data/task3_2/share_data/scenesmith/hssd_rendered_assets/f2bad92c971eaffdd1812db430aed6f7d1196f46
f5a1703c1f1532d6221289abf502e6010fdde3f5,fireplace,high_priority_semantic_front,front,"[0.0,0.0,1.0]",0.2,,pending_asset_front_audit,True,/data/task3_2/share_data/scenesmith/hssd_rendered_assets/f5a1703c1f1532d6221289abf502e6010fdde3f5
038ccdca4c91d34febe3f4efc596225a66a11d79,hanging cabinet,high_priority_semantic_front,front,"[0.0,0.0,1.0]",0.2,,pending_asset_front_audit,True,/data/task3_2/share_data/scenesmith/hssd_rendered_assets/038ccdca4c91d34febe3f4efc596225a66a11d79
05ddc6731f34bdbe1aa5cff98cd8fcd1db254a84,hanging cabinet,high_priority_semantic_front,front,"[0.0,0.0,1.0]",0.2,,pending_asset_front_audit,True,/data/task3_2/share_data/scenesmith/hssd_rendered_assets/05ddc6731f34bdbe1aa5cff98cd8fcd1db254a84
080af6e022a943b0d3e3aeef330776da6136f17b,hanging cabinet,high_priority_semantic_front,front,"[0.0,0.0,1.0]",0.2,,pending_asset_front_audit,True,/data/task3_2/share_data/scenesmith/hssd_rendered_assets/080af6e022a943b0d3e3aeef330776da6136f17b
08d3332bdb327aa2b5ca2b252063795d72345b86,hanging cabinet,high_priority_semantic_front,front,"[0.0,0.0,1.0]",0.2,,pending_asset_front_audit,True,/data/task3_2/share_data/scenesmith/hssd_rendered_assets/08d3332bdb327aa2b5ca2b252063795d72345b86
186d2c3104f4cc0110c686e2b216c3f20112c63c,hanging cabinet,high_priority_semantic_front,front,"[0.0,0.0,1.0]",0.2,,pending_asset_front_audit,True,/data/task3_2/share_data/scenesmith/hssd_rendered_assets/186d2c3104f4cc0110c686e2b216c3f20112c63c
20b40eba263eb20165f26bfc5793feeee9159482,hanging cabinet,high_priority_semantic_front,front,"[0.0,0.0,1.0]",0.2,,pending_asset_front_audit,True,/data/task3_2/share_data/scenesmith/hssd_rendered_assets/20b40eba263eb20165f26bfc5793feeee9159482
250feb7dc44aa978a6d7bfda1b0fbb61c80e78a0,hanging cabinet,high_priority_semantic_front,front,"[0.0,0.0,1.0]",0.2,,pending_asset_front_audit,True,/data/task3_2/share_data/scenesmith/hssd_rendered_assets/250feb7dc44aa978a6d7bfda1b0fbb61c80e78a0
26e2d9294ce1311bf117498e745addc47c703bdb,hanging cabinet,high_priority_semantic_front,front,"[0.0,0.0,1.0]",0.2,,pending_asset_front_audit,True,/data/task3_2/share_data/scenesmith/hssd_rendered_assets/26e2d9294ce1311bf117498e745addc47c703bdb
27a8c993557a0484ff384bb0483d112285f8791d,hanging cabinet,high_priority_semantic_front,front,"[0.0,0.0,1.0]",0.2,,pending_asset_front_audit,True,/data/task3_2/share_data/scenesmith/hssd_rendered_assets/27a8c993557a0484ff384bb0483d112285f8791d
2b888cc70c8193c8fcb04f4b9cdc1eeb2d82087a,hanging cabinet,high_priority_semantic_front,front,"[0.0,0.0,1.0]",0.2,,pending_asset_front_audit,True,/data/task3_2/share_data/scenesmith/hssd_rendered_assets/2b888cc70c8193c8fcb04f4b9cdc1eeb2d82087a
2ef6a4ea1c424e07e9c839e1a1bb3b33fc5d3e0e,hanging cabinet,high_priority_semantic_front,front,"[0.0,0.0,1.0]",0.2,,pending_asset_front_audit,True,/data/task3_2/share_data/scenesmith/hssd_rendered_assets/2ef6a4ea1c424e07e9c839e1a1bb3b33fc5d3e0e
2f3b05938494691123eda0816da3a88833170c50,hanging cabinet,high_priority_semantic_front,front,"[0.0,0.0,1.0]",0.2,,pending_asset_front_audit,True,/data/task3_2/share_data/scenesmith/hssd_rendered_assets/2f3b05938494691123eda0816da3a88833170c50
2fcbcfe7e87c076203820c7d02cfcfc73bf13966,hanging cabinet,high_priority_semantic_front,front,"[0.0,0.0,1.0]",0.2,,pending_asset_front_audit,True,/data/task3_2/share_data/scenesmith/hssd_rendered_assets/2fcbcfe7e87c076203820c7d02cfcfc73bf13966
2fd56ec375511778b87d73040f3b55ba6311aea0,hanging cabinet,high_priority_semantic_front,front,"[0.0,0.0,1.0]",0.2,,pending_asset_front_audit,True,/data/task3_2/share_data/scenesmith/hssd_rendered_assets/2fd56ec375511778b87d73040f3b55ba6311aea0
3432a71596b6cd7e944b6f19cf6d713fe17fc8bd,hanging cabinet,high_priority_semantic_front,front,"[0.0,0.0,1.0]",0.2,,pending_asset_front_audit,True,/data/task3_2/share_data/scenesmith/hssd_rendered_assets/3432a71596b6cd7e944b6f19cf6d713fe17fc8bd
3afc8b6d8935dc7a3cf7003c4ed073ce13a9bce8,hanging cabinet,high_priority_semantic_front,front,"[0.0,0.0,1.0]",0.2,,pending_asset_front_audit,True,/data/task3_2/share_data/scenesmith/hssd_rendered_assets/3afc8b6d8935dc7a3cf7003c4ed073ce13a9bce8
3cc3f05834221a1ce65063cd7ace3d7ee88879cf,hanging cabinet,high_priority_semantic_front,front,"[0.0,0.0,1.0]",0.2,,pending_asset_front_audit,True,/data/task3_2/share_data/scenesmith/hssd_rendered_assets/3cc3f05834221a1ce65063cd7ace3d7ee88879cf
3efb80a75720ef1848a6ddf5011959653e53b172,hanging cabinet,high_priority_semantic_front,front,"[0.0,0.0,1.0]",0.2,,pending_asset_front_audit,True,/data/task3_2/share_data/scenesmith/hssd_rendered_assets/3efb80a75720ef1848a6ddf5011959653e53b172
41af0e5250b6f43e286c7e9977a8ea913d4d3128,hanging cabinet,high_priority_semantic_front,front,"[0.0,0.0,1.0]",0.2,,pending_asset_front_audit,True,/data/task3_2/share_data/scenesmith/hssd_rendered_assets/41af0e5250b6f43e286c7e9977a8ea913d4d3128
426b82af6d87005e0f2fa17217cd45b4826189aa,hanging cabinet,high_priority_semantic_front,front,"[0.0,0.0,1.0]",0.2,,pending_asset_front_audit,True,/data/task3_2/share_data/scenesmith/hssd_rendered_assets/426b82af6d87005e0f2fa17217cd45b4826189aa
4468c13bc98184bcc403027164ede52b178e5d20,hanging cabinet,high_priority_semantic_front,front,"[0.0,0.0,1.0]",0.2,,pending_asset_front_audit,True,/data/task3_2/share_data/scenesmith/hssd_rendered_assets/4468c13bc98184bcc403027164ede52b178e5d20
45dd1f636ce3ced4c4bf685bed2e89492dedb268,hanging cabinet,high_priority_semantic_front,front,"[0.0,0.0,1.0]",0.2,,pending_asset_front_audit,True,/data/task3_2/share_data/scenesmith/hssd_rendered_assets/45dd1f636ce3ced4c4bf685bed2e89492dedb268
47ec13733729d7f45b4847f49b76831f092671c3,hanging cabinet,high_priority_semantic_front,front,"[0.0,0.0,1.0]",0.2,,pending_asset_front_audit,True,/data/task3_2/share_data/scenesmith/hssd_rendered_assets/47ec13733729d7f45b4847f49b76831f092671c3
4a856d0d050c8748773309117d425a3f6690d07d,hanging cabinet,high_priority_semantic_front,front,"[0.0,0.0,1.0]",0.2,,pending_asset_front_audit,True,/data/task3_2/share_data/scenesmith/hssd_rendered_assets/4a856d0d050c8748773309117d425a3f6690d07d
4c911c25364d1cbb37493ecfaa6b889d931c78ac,hanging cabinet,high_priority_semantic_front,front,"[0.0,0.0,1.0]",0.2,,pending_asset_front_audit,True,/data/task3_2/share_data/scenesmith/hssd_rendered_assets/4c911c25364d1cbb37493ecfaa6b889d931c78ac
4f167cad5def9f7fdb4ba74e90d21ba0943445a0,hanging cabinet,high_priority_semantic_front,front,"[0.0,0.0,1.0]",0.2,,pending_asset_front_audit,True,/data/task3_2/share_data/scenesmith/hssd_rendered_assets/4f167cad5def9f7fdb4ba74e90d21ba0943445a0
4f33248af82833970062489cad354a22887d0a78,hanging cabinet,high_priority_semantic_front,front,"[0.0,0.0,1.0]",0.2,,pending_asset_front_audit,True,/data/task3_2/share_data/scenesmith/hssd_rendered_assets/4f33248af82833970062489cad354a22887d0a78
578e50f145119f121df79f73f5efd64019d94e17,hanging cabinet,high_priority_semantic_front,front,"[0.0,0.0,1.0]",0.2,,pending_asset_front_audit,True,/data/task3_2/share_data/scenesmith/hssd_rendered_assets/578e50f145119f121df79f73f5efd64019d94e17
5822ee956db8ac49663ae98abfa7a34c4f725c76,hanging cabinet,high_priority_semantic_front,front,"[0.0,0.0,1.0]",0.2,,pending_asset_front_audit,True,/data/task3_2/share_data/scenesmith/hssd_rendered_assets/5822ee956db8ac49663ae98abfa7a34c4f725c76
626af6d1f26dc84369a1c192c6da465dd85aae08,hanging cabinet,high_priority_semantic_front,front,"[0.0,0.0,1.0]",0.2,,pending_asset_front_audit,True,/data/task3_2/share_data/scenesmith/hssd_rendered_assets/626af6d1f26dc84369a1c192c6da465dd85aae08
644c2d1505103189b6ae49f5a58b97ed41202149,hanging cabinet,high_priority_semantic_front,front,"[0.0,0.0,1.0]",0.2,,pending_asset_front_audit,True,/data/task3_2/share_data/scenesmith/hssd_rendered_assets/644c2d1505103189b6ae49f5a58b97ed41202149
64b9b1d3c8e1484f496fe8b0a566bb1a2d098e19,hanging cabinet,high_priority_semantic_front,front,"[0.0,0.0,1.0]",0.2,,pending_asset_front_audit,True,/data/task3_2/share_data/scenesmith/hssd_rendered_assets/64b9b1d3c8e1484f496fe8b0a566bb1a2d098e19
68185d00b089af2c5eb6392fadb04c6275a676f9,hanging cabinet,high_priority_semantic_front,front,"[0.0,0.0,1.0]",0.2,,pending_asset_front_audit,True,/data/task3_2/share_data/scenesmith/hssd_rendered_assets/68185d00b089af2c5eb6392fadb04c6275a676f9
682a761a9e4192d3f6fac31dcc4975d4928a5d0c,hanging cabinet,high_priority_semantic_front,front,"[0.0,0.0,1.0]",0.2,,pending_asset_front_audit,True,/data/task3_2/share_data/scenesmith/hssd_rendered_assets/682a761a9e4192d3f6fac31dcc4975d4928a5d0c
6e74c32e636a3f784d5a1e21f4bd323a56064d3a,hanging cabinet,high_priority_semantic_front,front,"[0.0,0.0,1.0]",0.2,,pending_asset_front_audit,True,/data/task3_2/share_data/scenesmith/hssd_rendered_assets/6e74c32e636a3f784d5a1e21f4bd323a56064d3a
70b446e54a1868313eae5bf4003c9e53306ee039,hanging cabinet,high_priority_semantic_front,front,"[0.0,0.0,1.0]",0.2,,pending_asset_front_audit,True,/data/task3_2/share_data/scenesmith/hssd_rendered_assets/70b446e54a1868313eae5bf4003c9e53306ee039
72aed5025bb1eadac274d40613708f1518687978,hanging cabinet,high_priority_semantic_front,front,"[0.0,0.0,1.0]",0.2,,pending_asset_front_audit,True,/data/task3_2/share_data/scenesmith/hssd_rendered_assets/72aed5025bb1eadac274d40613708f1518687978
75837d57167448213b092af97562cf08a590a417,hanging cabinet,high_priority_semantic_front,front,"[0.0,0.0,1.0]",0.2,,pending_asset_front_audit,True,/data/task3_2/share_data/scenesmith/hssd_rendered_assets/75837d57167448213b092af97562cf08a590a417
77205ffb7a84841bf263b9293c99654f816a52cf,hanging cabinet,high_priority_semantic_front,front,"[0.0,0.0,1.0]",0.2,,pending_asset_front_audit,True,/data/task3_2/share_data/scenesmith/hssd_rendered_assets/77205ffb7a84841bf263b9293c99654f816a52cf
7c135687fb97d18307339aed175e8f3c46d6a378,hanging cabinet,high_priority_semantic_front,front,"[0.0,0.0,1.0]",0.2,,pending_asset_front_audit,True,/data/task3_2/share_data/scenesmith/hssd_rendered_assets/7c135687fb97d18307339aed175e8f3c46d6a378
7cba44fcae20074ad3f9c1ad77a7c16060e8949a,hanging cabinet,high_priority_semantic_front,front,"[0.0,0.0,1.0]",0.2,,pending_asset_front_audit,True,/data/task3_2/share_data/scenesmith/hssd_rendered_assets/7cba44fcae20074ad3f9c1ad77a7c16060e8949a
7db8a0477da1bf4b1e10e64353201a000f1bfe47,hanging cabinet,high_priority_semantic_front,front,"[0.0,0.0,1.0]",0.2,,pending_asset_front_audit,True,/data/task3_2/share_data/scenesmith/hssd_rendered_assets/7db8a0477da1bf4b1e10e64353201a000f1bfe47
7ed48ee48050b080a2e214f06eeb79d6ee9c17be,hanging cabinet,high_priority_semantic_front,front,"[0.0,0.0,1.0]",0.2,,pending_asset_front_audit,True,/data/task3_2/share_data/scenesmith/hssd_rendered_assets/7ed48ee48050b080a2e214f06eeb79d6ee9c17be
8749a9bc494dbd22f77e8b848bce656f8eec2947,hanging cabinet,high_priority_semantic_front,front,"[0.0,0.0,1.0]",0.2,,pending_asset_front_audit,True,/data/task3_2/share_data/scenesmith/hssd_rendered_assets/8749a9bc494dbd22f77e8b848bce656f8eec2947
89934a7354b8a59b3fe2bbe22ffe7964a0b8db4b,hanging cabinet,high_priority_semantic_front,front,"[0.0,0.0,1.0]",0.2,,pending_asset_front_audit,True,/data/task3_2/share_data/scenesmith/hssd_rendered_assets/89934a7354b8a59b3fe2bbe22ffe7964a0b8db4b
8c3467fa914e8ec851f51faf39d9dcded4864eab,hanging cabinet,high_priority_semantic_front,front,"[0.0,0.0,1.0]",0.2,,pending_asset_front_audit,True,/data/task3_2/share_data/scenesmith/hssd_rendered_assets/8c3467fa914e8ec851f51faf39d9dcded4864eab
8c5266145942e091cb28561b65a02042e309c31f,hanging cabinet,high_priority_semantic_front,front,"[0.0,0.0,1.0]",0.2,,pending_asset_front_audit,True,/data/task3_2/share_data/scenesmith/hssd_rendered_assets/8c5266145942e091cb28561b65a02042e309c31f
975e49af1aa9c80f301a02493fc6643f6897154f,hanging cabinet,high_priority_semantic_front,front,"[0.0,0.0,1.0]",0.2,,pending_asset_front_audit,True,/data/task3_2/share_data/scenesmith/hssd_rendered_assets/975e49af1aa9c80f301a02493fc6643f6897154f
9c7abc8f1dd55d90d9369189c74c058636bd05fc,hanging cabinet,high_priority_semantic_front,front,"[0.0,0.0,1.0]",0.2,,pending_asset_front_audit,True,/data/task3_2/share_data/scenesmith/hssd_rendered_assets/9c7abc8f1dd55d90d9369189c74c058636bd05fc
9f90af0b3547e8495cddac8cfc17811b6bed118e,hanging cabinet,high_priority_semantic_front,front,"[0.0,0.0,1.0]",0.2,,pending_asset_front_audit,True,/data/task3_2/share_data/scenesmith/hssd_rendered_assets/9f90af0b3547e8495cddac8cfc17811b6bed118e
a01b0bf94c12425aa537eb467300a5125132e425,hanging cabinet,high_priority_semantic_front,front,"[0.0,0.0,1.0]",0.2,,pending_asset_front_audit,True,/data/task3_2/share_data/scenesmith/hssd_rendered_assets/a01b0bf94c12425aa537eb467300a5125132e425
a0ab0f0d7974fcdc0eafd46ab094a5ed9351d26c,hanging cabinet,high_priority_semantic_front,front,"[0.0,0.0,1.0]",0.2,,pending_asset_front_audit,True,/data/task3_2/share_data/scenesmith/hssd_rendered_assets/a0ab0f0d7974fcdc0eafd46ab094a5ed9351d26c
a154cfba5371d13db69006e7206d5aef663f85e1,hanging cabinet,high_priority_semantic_front,front,"[0.0,0.0,1.0]",0.2,,pending_asset_front_audit,True,/data/task3_2/share_data/scenesmith/hssd_rendered_assets/a154cfba5371d13db69006e7206d5aef663f85e1
a263af6c0b172782f05372c2d5a613cee759a100,hanging cabinet,high_priority_semantic_front,front,"[0.0,0.0,1.0]",0.2,,pending_asset_front_audit,True,/data/task3_2/share_data/scenesmith/hssd_rendered_assets/a263af6c0b172782f05372c2d5a613cee759a100
a2b84191ba83ccf6ba269ce696d89d84211b9971,hanging cabinet,high_priority_semantic_front,front,"[0.0,0.0,1.0]",0.2,,pending_asset_front_audit,True,/data/task3_2/share_data/scenesmith/hssd_rendered_assets/a2b84191ba83ccf6ba269ce696d89d84211b9971
a325d8b913b7df4a34c1068286532923be31295e,hanging cabinet,high_priority_semantic_front,front,"[0.0,0.0,1.0]",0.2,,pending_asset_front_audit,True,/data/task3_2/share_data/scenesmith/hssd_rendered_assets/a325d8b913b7df4a34c1068286532923be31295e
a4eb380b5fad3422e901e3f864db70ec153f07f0,hanging cabinet,high_priority_semantic_front,front,"[0.0,0.0,1.0]",0.2,,pending_asset_front_audit,True,/data/task3_2/share_data/scenesmith/hssd_rendered_assets/a4eb380b5fad3422e901e3f864db70ec153f07f0
a8b7d5b8711b510f744ea07a9fcc3063e98b11a2,hanging cabinet,high_priority_semantic_front,front,"[0.0,0.0,1.0]",0.2,,pending_asset_front_audit,True,/data/task3_2/share_data/scenesmith/hssd_rendered_assets/a8b7d5b8711b510f744ea07a9fcc3063e98b11a2
ae2c7bce156a488d4868a8f494f6050fad5582c1,hanging cabinet,high_priority_semantic_front,front,"[0.0,0.0,1.0]",0.2,,pending_asset_front_audit,True,/data/task3_2/share_data/scenesmith/hssd_rendered_assets/ae2c7bce156a488d4868a8f494f6050fad5582c1
b4d2dc4541ca7302ab8356fcd7a623e022df7888,hanging cabinet,high_priority_semantic_front,front,"[0.0,0.0,1.0]",0.2,,pending_asset_front_audit,True,/data/task3_2/share_data/scenesmith/hssd_rendered_assets/b4d2dc4541ca7302ab8356fcd7a623e022df7888
b6adef6df83aee1043abc57cd78657ff8ba6a7ec,hanging cabinet,high_priority_semantic_front,front,"[0.0,0.0,1.0]",0.2,,pending_asset_front_audit,True,/data/task3_2/share_data/scenesmith/hssd_rendered_assets/b6adef6df83aee1043abc57cd78657ff8ba6a7ec
b7fcaf9b0e97c16c5db7a507f9929ef8599a2113,hanging cabinet,high_priority_semantic_front,front,"[0.0,0.0,1.0]",0.2,,pending_asset_front_audit,True,/data/task3_2/share_data/scenesmith/hssd_rendered_assets/b7fcaf9b0e97c16c5db7a507f9929ef8599a2113
bdfbde6e190d9e7ed0299c2e9f14693d7bc62e85,hanging cabinet,high_priority_semantic_front,front,"[0.0,0.0,1.0]",0.2,,pending_asset_front_audit,True,/data/task3_2/share_data/scenesmith/hssd_rendered_assets/bdfbde6e190d9e7ed0299c2e9f14693d7bc62e85
be1b0ef31886b4b2b42cf0bf1b7df548917c9943,hanging cabinet,high_priority_semantic_front,front,"[0.0,0.0,1.0]",0.2,,pending_asset_front_audit,True,/data/task3_2/share_data/scenesmith/hssd_rendered_assets/be1b0ef31886b4b2b42cf0bf1b7df548917c9943
be76e60c5b196c712dc958ae97874f28f4817fff,hanging cabinet,high_priority_semantic_front,front,"[0.0,0.0,1.0]",0.2,,pending_asset_front_audit,True,/data/task3_2/share_data/scenesmith/hssd_rendered_assets/be76e60c5b196c712dc958ae97874f28f4817fff
c23e159071acb3f9bd03ed01576d9077cc30f1cf,hanging cabinet,high_priority_semantic_front,front,"[0.0,0.0,1.0]",0.2,,pending_asset_front_audit,True,/data/task3_2/share_data/scenesmith/hssd_rendered_assets/c23e159071acb3f9bd03ed01576d9077cc30f1cf
c3ccb52aabc1a2543dee20239c88cd307340c134,hanging cabinet,high_priority_semantic_front,front,"[0.0,0.0,1.0]",0.2,,pending_asset_front_audit,True,/data/task3_2/share_data/scenesmith/hssd_rendered_assets/c3ccb52aabc1a2543dee20239c88cd307340c134
c40df2998fcea3687deebb651759eb24a23e5922,hanging cabinet,high_priority_semantic_front,front,"[0.0,0.0,1.0]",0.2,,pending_asset_front_audit,True,/data/task3_2/share_data/scenesmith/hssd_rendered_assets/c40df2998fcea3687deebb651759eb24a23e5922
c6f1458e0bcabb5ed4ff8ad1086d192bd04997e1,hanging cabinet,high_priority_semantic_front,front,"[0.0,0.0,1.0]",0.2,,pending_asset_front_audit,True,/data/task3_2/share_data/scenesmith/hssd_rendered_assets/c6f1458e0bcabb5ed4ff8ad1086d192bd04997e1
d45e6fea873ce5afed4d0f3f4b40399451499343,hanging cabinet,high_priority_semantic_front,front,"[0.0,0.0,1.0]",0.2,,pending_asset_front_audit,True,/data/task3_2/share_data/scenesmith/hssd_rendered_assets/d45e6fea873ce5afed4d0f3f4b40399451499343
dd6582ab19f006bd12a8acc846461662735fbc00,hanging cabinet,high_priority_semantic_front,front,"[0.0,0.0,1.0]",0.2,,pending_asset_front_audit,True,/data/task3_2/share_data/scenesmith/hssd_rendered_assets/dd6582ab19f006bd12a8acc846461662735fbc00
e27168a25a7f6c85b3d9b1b59f8d947c12230801,hanging cabinet,high_priority_semantic_front,front,"[0.0,0.0,1.0]",0.2,,pending_asset_front_audit,True,/data/task3_2/share_data/scenesmith/hssd_rendered_assets/e27168a25a7f6c85b3d9b1b59f8d947c12230801
e8547e73e4873b76eff0eb2b6488e815d7dbf41c,hanging cabinet,high_priority_semantic_front,front,"[0.0,0.0,1.0]",0.2,,pending_asset_front_audit,True,/data/task3_2/share_data/scenesmith/hssd_rendered_assets/e8547e73e4873b76eff0eb2b6488e815d7dbf41c
eebb35940885f412144d525d4b4552727cf0da68,hanging cabinet,high_priority_semantic_front,front,"[0.0,0.0,1.0]",0.2,,pending_asset_front_audit,True,/data/task3_2/share_data/scenesmith/hssd_rendered_assets/eebb35940885f412144d525d4b4552727cf0da68
f018166600fafb4377f477b7fcdd41db9a87f6ce,hanging cabinet,high_priority_semantic_front,front,"[0.0,0.0,1.0]",0.2,,pending_asset_front_audit,True,/data/task3_2/share_data/scenesmith/hssd_rendered_assets/f018166600fafb4377f477b7fcdd41db9a87f6ce
f45ffeea06efea70eb1f1e8fdf53a980dbb4aa5a,hanging cabinet,high_priority_semantic_front,front,"[0.0,0.0,1.0]",0.2,,pending_asset_front_audit,True,/data/task3_2/share_data/scenesmith/hssd_rendered_assets/f45ffeea06efea70eb1f1e8fdf53a980dbb4aa5a
fca90fe43f5e272a58e8d20c5e205447250fb231,hanging cabinet,high_priority_semantic_front,front,"[0.0,0.0,1.0]",0.2,,pending_asset_front_audit,True,/data/task3_2/share_data/scenesmith/hssd_rendered_assets/fca90fe43f5e272a58e8d20c5e205447250fb231
fddd230b40d4c0cba89985b2a5a60f33c0cd756e,hanging cabinet,high_priority_semantic_front,front,"[0.0,0.0,1.0]",0.2,,pending_asset_front_audit,True,/data/task3_2/share_data/scenesmith/hssd_rendered_assets/fddd230b40d4c0cba89985b2a5a60f33c0cd756e
fdf7479cc9da8f4486359f66965869b5c58c74ed,hanging cabinet,high_priority_semantic_front,front,"[0.0,0.0,1.0]",0.2,,pending_asset_front_audit,True,/data/task3_2/share_data/scenesmith/hssd_rendered_assets/fdf7479cc9da8f4486359f66965869b5c58c74ed
00e4e059a54461f2a2789abe85d78e5407d4f8e9,kitchen cabinet,high_priority_semantic_front,front,"[0.0,0.0,1.0]",0.2,,pending_asset_front_audit,True,/data/task3_2/share_data/scenesmith/hssd_rendered_assets/00e4e059a54461f2a2789abe85d78e5407d4f8e9
041c06dd0009364a773620e1eb2fd1dc3808222a,kitchen cabinet,high_priority_semantic_front,front,"[0.0,0.0,1.0]",0.2,,pending_asset_front_audit,True,/data/task3_2/share_data/scenesmith/hssd_rendered_assets/041c06dd0009364a773620e1eb2fd1dc3808222a
07ed148d60afdc1f9dd475c10f70920400bb910d,kitchen cabinet,high_priority_semantic_front,front,"[0.0,0.0,1.0]",0.2,,pending_asset_front_audit,True,/data/task3_2/share_data/scenesmith/hssd_rendered_assets/07ed148d60afdc1f9dd475c10f70920400bb910d
0c42ee5b635c8acdb6bf235ff9420d742a16fd30,kitchen cabinet,high_priority_semantic_front,front,"[0.0,0.0,1.0]",0.2,,pending_asset_front_audit,True,/data/task3_2/share_data/scenesmith/hssd_rendered_assets/0c42ee5b635c8acdb6bf235ff9420d742a16fd30
0db565d684b7c6ca584a63184869a4077bbd7155,kitchen cabinet,high_priority_semantic_front,front,"[0.0,0.0,1.0]",0.2,,pending_asset_front_audit,True,/data/task3_2/share_data/scenesmith/hssd_rendered_assets/0db565d684b7c6ca584a63184869a4077bbd7155
0e01fbb8cba5e79ca1de3509b2fa8036f5196eb5,kitchen cabinet,high_priority_semantic_front,front,"[0.0,0.0,1.0]",0.2,,pending_asset_front_audit,True,/data/task3_2/share_data/scenesmith/hssd_rendered_assets/0e01fbb8cba5e79ca1de3509b2fa8036f5196eb5
0ef1a02f7d1fb67e00273b14b2dcfea7b02498f2,kitchen cabinet,high_priority_semantic_front,front,"[0.0,0.0,1.0]",0.2,,pending_asset_front_audit,True,/data/task3_2/share_data/scenesmith/hssd_rendered_assets/0ef1a02f7d1fb67e00273b14b2dcfea7b02498f2
0f86b100b696d31c886b1896c52e5c47e28c3e5c,kitchen cabinet,high_priority_semantic_front,front,"[0.0,0.0,1.0]",0.2,,pending_asset_front_audit,True,/data/task3_2/share_data/scenesmith/hssd_rendered_assets/0f86b100b696d31c886b1896c52e5c47e28c3e5c
0fbee28e85b12216d22db31c726149b9ab8f8746,kitchen cabinet,high_priority_semantic_front,front,"[0.0,0.0,1.0]",0.2,,pending_asset_front_audit,True,/data/task3_2/share_data/scenesmith/hssd_rendered_assets/0fbee28e85b12216d22db31c726149b9ab8f8746
10444a1165c1745f960eb6183d24dd05b60e781f,kitchen cabinet,high_priority_semantic_front,front,"[0.0,0.0,1.0]",0.2,,pending_asset_front_audit,True,/data/task3_2/share_data/scenesmith/hssd_rendered_assets/10444a1165c1745f960eb6183d24dd05b60e781f
11ef66ca5682ae7d33e55359edf518ec8fe9cfd7,kitchen cabinet,high_priority_semantic_front,front,"[0.0,0.0,1.0]",0.2,,pending_asset_front_audit,True,/data/task3_2/share_data/scenesmith/hssd_rendered_assets/11ef66ca5682ae7d33e55359edf518ec8fe9cfd7
14472289b14fcc1132137b9a8f8fe4e1ce47aa2e,kitchen cabinet,high_priority_semantic_front,front,"[0.0,0.0,1.0]",0.2,,pending_asset_front_audit,True,/data/task3_2/share_data/scenesmith/hssd_rendered_assets/14472289b14fcc1132137b9a8f8fe4e1ce47aa2e
174110f86e639cdcef0670d5e6de334338cd22fd,kitchen cabinet,high_priority_semantic_front,front,"[0.0,0.0,1.0]",0.2,,pending_asset_front_audit,True,/data/task3_2/share_data/scenesmith/hssd_rendered_assets/174110f86e639cdcef0670d5e6de334338cd22fd
1a570da5ae0c4d1d51c94be81d7248f155a0dcef,kitchen cabinet,high_priority_semantic_front,front,"[0.0,0.0,1.0]",0.2,,pending_asset_front_audit,True,/data/task3_2/share_data/scenesmith/hssd_rendered_assets/1a570da5ae0c4d1d51c94be81d7248f155a0dcef
1b39ee78aeac5aa29a473a044e03e6fd4dd2deb4,kitchen cabinet,high_priority_semantic_front,front,"[0.0,0.0,1.0]",0.2,,pending_asset_front_audit,True,/data/task3_2/share_data/scenesmith/hssd_rendered_assets/1b39ee78aeac5aa29a473a044e03e6fd4dd2deb4
1bb66668829970ef66295bb7e8b946b6974b55ca,kitchen cabinet,high_priority_semantic_front,front,"[0.0,0.0,1.0]",0.2,,pending_asset_front_audit,True,/data/task3_2/share_data/scenesmith/hssd_rendered_assets/1bb66668829970ef66295bb7e8b946b6974b55ca
1e414b53eef039690faed7557721dd9ce784ef8c,kitchen cabinet,high_priority_semantic_front,front,"[0.0,0.0,1.0]",0.2,,pending_asset_front_audit,True,/data/task3_2/share_data/scenesmith/hssd_rendered_assets/1e414b53eef039690faed7557721dd9ce784ef8c
2155fdf43148aabbd9beb63943df5606fe0c5945,kitchen cabinet,high_priority_semantic_front,front,"[0.0,0.0,1.0]",0.2,,pending_asset_front_audit,True,/data/task3_2/share_data/scenesmith/hssd_rendered_assets/2155fdf43148aabbd9beb63943df5606fe0c5945
227815cc47246f7af9153206af77ba174b83bf69,kitchen cabinet,high_priority_semantic_front,front,"[0.0,0.0,1.0]",0.2,,pending_asset_front_audit,True,/data/task3_2/share_data/scenesmith/hssd_rendered_assets/227815cc47246f7af9153206af77ba174b83bf69
24188ef08a9f2783da92954881babfaa6a5bdad7,kitchen cabinet,high_priority_semantic_front,front,"[0.0,0.0,1.0]",0.2,,pending_asset_front_audit,True,/data/task3_2/share_data/scenesmith/hssd_rendered_assets/24188ef08a9f2783da92954881babfaa6a5bdad7
24600d8061ad5eed905e5ed1c8c9455241fad9da,kitchen cabinet,high_priority_semantic_front,front,"[0.0,0.0,1.0]",0.2,,pending_asset_front_audit,True,/data/task3_2/share_data/scenesmith/hssd_rendered_assets/24600d8061ad5eed905e5ed1c8c9455241fad9da
249f9e0c9f1d98925459f980fdc5696c5e5babc5,kitchen cabinet,high_priority_semantic_front,front,"[0.0,0.0,1.0]",0.2,,pending_asset_front_audit,True,/data/task3_2/share_data/scenesmith/hssd_rendered_assets/249f9e0c9f1d98925459f980fdc5696c5e5babc5
2bbec9381d1770ac074d61d4d642ed5ec14c6400,kitchen cabinet,high_priority_semantic_front,front,"[0.0,0.0,1.0]",0.2,,pending_asset_front_audit,True,/data/task3_2/share_data/scenesmith/hssd_rendered_assets/2bbec9381d1770ac074d61d4d642ed5ec14c6400
2c95bbd0e11baed1173e4a1c2f34a52f2c0f6dcc,kitchen cabinet,high_priority_semantic_front,front,"[0.0,0.0,1.0]",0.2,,pending_asset_front_audit,True,/data/task3_2/share_data/scenesmith/hssd_rendered_assets/2c95bbd0e11baed1173e4a1c2f34a52f2c0f6dcc
2cc02e49ce20336818af4a432db1b0252fce10aa,kitchen cabinet,high_priority_semantic_front,front,"[0.0,0.0,1.0]",0.2,,pending_asset_front_audit,True,/data/task3_2/share_data/scenesmith/hssd_rendered_assets/2cc02e49ce20336818af4a432db1b0252fce10aa
2e760269dfbce48c95a73620a808e3e88b60ade4,kitchen cabinet,high_priority_semantic_front,front,"[0.0,0.0,1.0]",0.2,,pending_asset_front_audit,True,/data/task3_2/share_data/scenesmith/hssd_rendered_assets/2e760269dfbce48c95a73620a808e3e88b60ade4
306a08bd1017e569c2b625d4863cfc2ef7bf904a,kitchen cabinet,high_priority_semantic_front,front,"[0.0,0.0,1.0]",0.2,,pending_asset_front_audit,True,/data/task3_2/share_data/scenesmith/hssd_rendered_assets/306a08bd1017e569c2b625d4863cfc2ef7bf904a
31ce9e9df83a6deb8d40ab8bba2df1dfd874e36c,kitchen cabinet,high_priority_semantic_front,front,"[0.0,0.0,1.0]",0.2,,pending_asset_front_audit,True,/data/task3_2/share_data/scenesmith/hssd_rendered_assets/31ce9e9df83a6deb8d40ab8bba2df1dfd874e36c
3238d3a7123feddcf9a8960461bf14e9bb6925c1,kitchen cabinet,high_priority_semantic_front,front,"[0.0,0.0,1.0]",0.2,,pending_asset_front_audit,True,/data/task3_2/share_data/scenesmith/hssd_rendered_assets/3238d3a7123feddcf9a8960461bf14e9bb6925c1
33c1689bc5fb3b6f599f261ad069d9510804deb9,kitchen cabinet,high_priority_semantic_front,front,"[0.0,0.0,1.0]",0.2,,pending_asset_front_audit,True,/data/task3_2/share_data/scenesmith/hssd_rendered_assets/33c1689bc5fb3b6f599f261ad069d9510804deb9
347414deea3205ff5e0c36c1acad28944fb5f1b2,kitchen cabinet,high_priority_semantic_front,front,"[0.0,0.0,1.0]",0.2,,pending_asset_front_audit,True,/data/task3_2/share_data/scenesmith/hssd_rendered_assets/347414deea3205ff5e0c36c1acad28944fb5f1b2
37e59e768eb7f42a0019713374063cb63419a44c,kitchen cabinet,high_priority_semantic_front,front,"[0.0,0.0,1.0]",0.2,,pending_asset_front_audit,True,/data/task3_2/share_data/scenesmith/hssd_rendered_assets/37e59e768eb7f42a0019713374063cb63419a44c
392df3314e0d67f75a6d3187f7b4d03c7da28ee5,kitchen cabinet,high_priority_semantic_front,front,"[0.0,0.0,1.0]",0.2,,pending_asset_front_audit,True,/data/task3_2/share_data/scenesmith/hssd_rendered_assets/392df3314e0d67f75a6d3187f7b4d03c7da28ee5
3a1c604565d5fa1f411f3fb437a816094ae69122,kitchen cabinet,high_priority_semantic_front,front,"[0.0,0.0,1.0]",0.2,,pending_asset_front_audit,True,/data/task3_2/share_data/scenesmith/hssd_rendered_assets/3a1c604565d5fa1f411f3fb437a816094ae69122
3ae355dbebacf0ccf273b4af46e0e640eeb4a87e,kitchen cabinet,high_priority_semantic_front,front,"[0.0,0.0,1.0]",0.2,,pending_asset_front_audit,True,/data/task3_2/share_data/scenesmith/hssd_rendered_assets/3ae355dbebacf0ccf273b4af46e0e640eeb4a87e
3d3065db31b26d506142a2d7d6a6fa0baba0e496,kitchen cabinet,high_priority_semantic_front,front,"[0.0,0.0,1.0]",0.2,,pending_asset_front_audit,True,/data/task3_2/share_data/scenesmith/hssd_rendered_assets/3d3065db31b26d506142a2d7d6a6fa0baba0e496
3e4ff11c4eba7495b101a6a1eeec8480520fd3ec,kitchen cabinet,high_priority_semantic_front,front,"[0.0,0.0,1.0]",0.2,,pending_asset_front_audit,True,/data/task3_2/share_data/scenesmith/hssd_rendered_assets/3e4ff11c4eba7495b101a6a1eeec8480520fd3ec
409f25c7c976380bb3e7913d3e8e96b8b1eae06c,kitchen cabinet,high_priority_semantic_front,front,"[0.0,0.0,1.0]",0.2,,pending_asset_front_audit,True,/data/task3_2/share_data/scenesmith/hssd_rendered_assets/409f25c7c976380bb3e7913d3e8e96b8b1eae06c
424d7e7d258370736e6cfdbad2b253e521f80c79,kitchen cabinet,high_priority_semantic_front,front,"[0.0,0.0,1.0]",0.2,,pending_asset_front_audit,True,/data/task3_2/share_data/scenesmith/hssd_rendered_assets/424d7e7d258370736e6cfdbad2b253e521f80c79
42c2fce42ed600de5f0c6919ba47fe97e60ab673,kitchen cabinet,high_priority_semantic_front,front,"[0.0,0.0,1.0]",0.2,,pending_asset_front_audit,True,/data/task3_2/share_data/scenesmith/hssd_rendered_assets/42c2fce42ed600de5f0c6919ba47fe97e60ab673
4325dd26ec8e6c7a4384a8d6c3f1413b1382265c,kitchen cabinet,high_priority_semantic_front,front,"[0.0,0.0,1.0]",0.2,,pending_asset_front_audit,True,/data/task3_2/share_data/scenesmith/hssd_rendered_assets/4325dd26ec8e6c7a4384a8d6c3f1413b1382265c
4375bb2914be29819938e8d7c6d5e5661b296bc3,kitchen cabinet,high_priority_semantic_front,front,"[0.0,0.0,1.0]",0.2,,pending_asset_front_audit,True,/data/task3_2/share_data/scenesmith/hssd_rendered_assets/4375bb2914be29819938e8d7c6d5e5661b296bc3
4809bfb8c0ce5c5c876c47cbaffa4b8443e6ec1c,kitchen cabinet,high_priority_semantic_front,front,"[0.0,0.0,1.0]",0.2,,pending_asset_front_audit,True,/data/task3_2/share_data/scenesmith/hssd_rendered_assets/4809bfb8c0ce5c5c876c47cbaffa4b8443e6ec1c
49619a8343f4e235202be2aea9a85917d03583d2,kitchen cabinet,high_priority_semantic_front,front,"[0.0,0.0,1.0]",0.2,,pending_asset_front_audit,True,/data/task3_2/share_data/scenesmith/hssd_rendered_assets/49619a8343f4e235202be2aea9a85917d03583d2
4d82784c7882172aba10d6a91421211c581758a4,kitchen cabinet,high_priority_semantic_front,front,"[0.0,0.0,1.0]",0.2,,pending_asset_front_audit,True,/data/task3_2/share_data/scenesmith/hssd_rendered_assets/4d82784c7882172aba10d6a91421211c581758a4
4e72153dde72fec8fbe798d7957d2baf86b0547b,kitchen cabinet,high_priority_semantic_front,front,"[0.0,0.0,1.0]",0.2,,pending_asset_front_audit,True,/data/task3_2/share_data/scenesmith/hssd_rendered_assets/4e72153dde72fec8fbe798d7957d2baf86b0547b
4e74376ca5c86ab82bd86383f3551ab23f2d6c34,kitchen cabinet,high_priority_semantic_front,front,"[0.0,0.0,1.0]",0.2,,pending_asset_front_audit,True,/data/task3_2/share_data/scenesmith/hssd_rendered_assets/4e74376ca5c86ab82bd86383f3551ab23f2d6c34
4eabd25d882465273f31beb507b5f508cd211c8d,kitchen cabinet,high_priority_semantic_front,front,"[0.0,0.0,1.0]",0.2,,pending_asset_front_audit,True,/data/task3_2/share_data/scenesmith/hssd_rendered_assets/4eabd25d882465273f31beb507b5f508cd211c8d
4f59765435e64524ba5ac8e25427a895fa530311,kitchen cabinet,high_priority_semantic_front,front,"[0.0,0.0,1.0]",0.2,,pending_asset_front_audit,True,/data/task3_2/share_data/scenesmith/hssd_rendered_assets/4f59765435e64524ba5ac8e25427a895fa530311
514731fa03071a52318224f7be986fd25864a47f,kitchen cabinet,high_priority_semantic_front,front,"[0.0,0.0,1.0]",0.2,,pending_asset_front_audit,True,/data/task3_2/share_data/scenesmith/hssd_rendered_assets/514731fa03071a52318224f7be986fd25864a47f
51572b3463c68617b140d1bd66681f29229193f4,kitchen cabinet,high_priority_semantic_front,front,"[0.0,0.0,1.0]",0.2,,pending_asset_front_audit,True,/data/task3_2/share_data/scenesmith/hssd_rendered_assets/51572b3463c68617b140d1bd66681f29229193f4
51bf4c899c925cae53ee4d4305ac00beaec03a4b,kitchen cabinet,high_priority_semantic_front,front,"[0.0,0.0,1.0]",0.2,,pending_asset_front_audit,True,/data/task3_2/share_data/scenesmith/hssd_rendered_assets/51bf4c899c925cae53ee4d4305ac00beaec03a4b
51ed863b0c679695f7ce6f6843b5ce528ddc52d3,kitchen cabinet,high_priority_semantic_front,front,"[0.0,0.0,1.0]",0.2,,pending_asset_front_audit,True,/data/task3_2/share_data/scenesmith/hssd_rendered_assets/51ed863b0c679695f7ce6f6843b5ce528ddc52d3
51f1303cf89167d3b6f5c0720bdc8493beccc9d4,kitchen cabinet,high_priority_semantic_front,front,"[0.0,0.0,1.0]",0.2,,pending_asset_front_audit,True,/data/task3_2/share_data/scenesmith/hssd_rendered_assets/51f1303cf89167d3b6f5c0720bdc8493beccc9d4
53a18ac1b365ac0a7746fa271e4817fb51a52f09,kitchen cabinet,high_priority_semantic_front,front,"[0.0,0.0,1.0]",0.2,,pending_asset_front_audit,True,/data/task3_2/share_data/scenesmith/hssd_rendered_assets/53a18ac1b365ac0a7746fa271e4817fb51a52f09
56729469c301c24738e425e052d52fa17a98099a,kitchen cabinet,high_priority_semantic_front,front,"[0.0,0.0,1.0]",0.2,,pending_asset_front_audit,True,/data/task3_2/share_data/scenesmith/hssd_rendered_assets/56729469c301c24738e425e052d52fa17a98099a
5ad437fd9811ca418f4c277a5f82c57cd7fe6efa,kitchen cabinet,high_priority_semantic_front,front,"[0.0,0.0,1.0]",0.2,,pending_asset_front_audit,True,/data/task3_2/share_data/scenesmith/hssd_rendered_assets/5ad437fd9811ca418f4c277a5f82c57cd7fe6efa
5ca9a18202d7cd7fe7568cc7ac588705b4ae4afa,kitchen cabinet,high_priority_semantic_front,front,"[0.0,0.0,1.0]",0.2,,pending_asset_front_audit,True,/data/task3_2/share_data/scenesmith/hssd_rendered_assets/5ca9a18202d7cd7fe7568cc7ac588705b4ae4afa
5e60836dcd1cda51a634fc116b9d86eaf884cd28,kitchen cabinet,high_priority_semantic_front,front,"[0.0,0.0,1.0]",0.2,,pending_asset_front_audit,True,/data/task3_2/share_data/scenesmith/hssd_rendered_assets/5e60836dcd1cda51a634fc116b9d86eaf884cd28
64abd6658956997ca546c00ebe1e369ffc9bffd4,kitchen cabinet,high_priority_semantic_front,front,"[0.0,0.0,1.0]",0.2,,pending_asset_front_audit,True,/data/task3_2/share_data/scenesmith/hssd_rendered_assets/64abd6658956997ca546c00ebe1e369ffc9bffd4
65d4cb7b229b173e66d4db1bb43b932bd8669aba,kitchen cabinet,high_priority_semantic_front,front,"[0.0,0.0,1.0]",0.2,,pending_asset_front_audit,True,/data/task3_2/share_data/scenesmith/hssd_rendered_assets/65d4cb7b229b173e66d4db1bb43b932bd8669aba
6856a9b774fb1789b383579a369c187d44760c60,kitchen cabinet,high_priority_semantic_front,front,"[0.0,0.0,1.0]",0.2,,pending_asset_front_audit,True,/data/task3_2/share_data/scenesmith/hssd_rendered_assets/6856a9b774fb1789b383579a369c187d44760c60
6913b51c6c46706058379b9f9b3de93c84c33d59,kitchen cabinet,high_priority_semantic_front,front,"[0.0,0.0,1.0]",0.2,,pending_asset_front_audit,True,/data/task3_2/share_data/scenesmith/hssd_rendered_assets/6913b51c6c46706058379b9f9b3de93c84c33d59
6b5a67bd25f26e993f07157c34c8cd0dec068ea3,kitchen cabinet,high_priority_semantic_front,front,"[0.0,0.0,1.0]",0.2,,pending_asset_front_audit,True,/data/task3_2/share_data/scenesmith/hssd_rendered_assets/6b5a67bd25f26e993f07157c34c8cd0dec068ea3
6d85d1595f0fb31c432ec91cd92e1f7d383a8310,kitchen cabinet,high_priority_semantic_front,front,"[0.0,0.0,1.0]",0.2,,pending_asset_front_audit,True,/data/task3_2/share_data/scenesmith/hssd_rendered_assets/6d85d1595f0fb31c432ec91cd92e1f7d383a8310
70de3589ff75d49478cbd1f862193de576139ffa,kitchen cabinet,high_priority_semantic_front,front,"[0.0,0.0,1.0]",0.2,,pending_asset_front_audit,True,/data/task3_2/share_data/scenesmith/hssd_rendered_assets/70de3589ff75d49478cbd1f862193de576139ffa
722d9b8b0d8ad98e8798840b918121d2c126fa26,kitchen cabinet,high_priority_semantic_front,front,"[0.0,0.0,1.0]",0.2,,pending_asset_front_audit,True,/data/task3_2/share_data/scenesmith/hssd_rendered_assets/722d9b8b0d8ad98e8798840b918121d2c126fa26
73079c97e0eb1023190a377a3311f6a0c2d4c9b8,kitchen cabinet,high_priority_semantic_front,front,"[0.0,0.0,1.0]",0.2,,pending_asset_front_audit,True,/data/task3_2/share_data/scenesmith/hssd_rendered_assets/73079c97e0eb1023190a377a3311f6a0c2d4c9b8
73e0248985913d45c16eec1a7e537c739ea527f6,kitchen cabinet,high_priority_semantic_front,front,"[0.0,0.0,1.0]",0.2,,pending_asset_front_audit,True,/data/task3_2/share_data/scenesmith/hssd_rendered_assets/73e0248985913d45c16eec1a7e537c739ea527f6
7472af24a8b142dd81dce9d313a6c43ab9b8cafe,kitchen cabinet,high_priority_semantic_front,front,"[0.0,0.0,1.0]",0.2,,pending_asset_front_audit,True,/data/task3_2/share_data/scenesmith/hssd_rendered_assets/7472af24a8b142dd81dce9d313a6c43ab9b8cafe
778b4fb2b33bc168ba059e2c54e853bbe06ecbe4,kitchen cabinet,high_priority_semantic_front,front,"[0.0,0.0,1.0]",0.2,,pending_asset_front_audit,True,/data/task3_2/share_data/scenesmith/hssd_rendered_assets/778b4fb2b33bc168ba059e2c54e853bbe06ecbe4
77af27c6a414131f13d2aac55153720028fd4ed5,kitchen cabinet,high_priority_semantic_front,front,"[0.0,0.0,1.0]",0.2,,pending_asset_front_audit,True,/data/task3_2/share_data/scenesmith/hssd_rendered_assets/77af27c6a414131f13d2aac55153720028fd4ed5
77ca8f9bd244589360ac1175aca4010f83e19914,kitchen cabinet,high_priority_semantic_front,front,"[0.0,0.0,1.0]",0.2,,pending_asset_front_audit,True,/data/task3_2/share_data/scenesmith/hssd_rendered_assets/77ca8f9bd244589360ac1175aca4010f83e19914
787d60a079f4a470dfea457688019097135a188b,kitchen cabinet,high_priority_semantic_front,front,"[0.0,0.0,1.0]",0.2,,pending_asset_front_audit,True,/data/task3_2/share_data/scenesmith/hssd_rendered_assets/787d60a079f4a470dfea457688019097135a188b
7bb26091737590dd6c2941936c871bd32a4dd864,kitchen cabinet,high_priority_semantic_front,front,"[0.0,0.0,1.0]",0.2,,pending_asset_front_audit,True,/data/task3_2/share_data/scenesmith/hssd_rendered_assets/7bb26091737590dd6c2941936c871bd32a4dd864
7e0cb6031bb9e6ce31d41f165ec89a6e71b87e74,kitchen cabinet,high_priority_semantic_front,front,"[0.0,0.0,1.0]",0.2,,pending_asset_front_audit,True,/data/task3_2/share_data/scenesmith/hssd_rendered_assets/7e0cb6031bb9e6ce31d41f165ec89a6e71b87e74
80e02f3ee0672344e8ff7f7efb154ecc95489444,kitchen cabinet,high_priority_semantic_front,front,"[0.0,0.0,1.0]",0.2,,pending_asset_front_audit,True,/data/task3_2/share_data/scenesmith/hssd_rendered_assets/80e02f3ee0672344e8ff7f7efb154ecc95489444
81187dd83ea97326b9711f82c3a698646b235aeb,kitchen cabinet,high_priority_semantic_front,front,"[0.0,0.0,1.0]",0.2,,pending_asset_front_audit,True,/data/task3_2/share_data/scenesmith/hssd_rendered_assets/81187dd83ea97326b9711f82c3a698646b235aeb
827df9acf75c5a4ab0384b7c32c230a61fbcc9f6,kitchen cabinet,high_priority_semantic_front,front,"[0.0,0.0,1.0]",0.2,,pending_asset_front_audit,True,/data/task3_2/share_data/scenesmith/hssd_rendered_assets/827df9acf75c5a4ab0384b7c32c230a61fbcc9f6
84e0cbb4a9b491d4317707dd8cfff68afb397dce,kitchen cabinet,high_priority_semantic_front,front,"[0.0,0.0,1.0]",0.2,,pending_asset_front_audit,True,/data/task3_2/share_data/scenesmith/hssd_rendered_assets/84e0cbb4a9b491d4317707dd8cfff68afb397dce
87ef4b11251281db9f644a5adbe6c56be8d5b43e,kitchen cabinet,high_priority_semantic_front,front,"[0.0,0.0,1.0]",0.2,,pending_asset_front_audit,True,/data/task3_2/share_data/scenesmith/hssd_rendered_assets/87ef4b11251281db9f644a5adbe6c56be8d5b43e
881b4930f7df83a2fe6d7278a67c81d4f1f727c3,kitchen cabinet,high_priority_semantic_front,front,"[0.0,0.0,1.0]",0.2,,pending_asset_front_audit,True,/data/task3_2/share_data/scenesmith/hssd_rendered_assets/881b4930f7df83a2fe6d7278a67c81d4f1f727c3
88c87a19b5e883787b5707d90545e25360594822,kitchen cabinet,high_priority_semantic_front,front,"[0.0,0.0,1.0]",0.2,,pending_asset_front_audit,True,/data/task3_2/share_data/scenesmith/hssd_rendered_assets/88c87a19b5e883787b5707d90545e25360594822
8943b22a9d097cfb937008801d0af4a8a3b8ea3e,kitchen cabinet,high_priority_semantic_front,front,"[0.0,0.0,1.0]",0.2,,pending_asset_front_audit,True,/data/task3_2/share_data/scenesmith/hssd_rendered_assets/8943b22a9d097cfb937008801d0af4a8a3b8ea3e
8b0722bd02e26bf71c7218d68a29d545d90e8746,kitchen cabinet,high_priority_semantic_front,front,"[0.0,0.0,1.0]",0.2,,pending_asset_front_audit,True,/data/task3_2/share_data/scenesmith/hssd_rendered_assets/8b0722bd02e26bf71c7218d68a29d545d90e8746
8ed2b4fe575e0f888a0ebf7676b4a53be492e89a,kitchen cabinet,high_priority_semantic_front,front,"[0.0,0.0,1.0]",0.2,,pending_asset_front_audit,True,/data/task3_2/share_data/scenesmith/hssd_rendered_assets/8ed2b4fe575e0f888a0ebf7676b4a53be492e89a
90bc63fa89c2db5fbaafad4dcc1614e801fcc4b6,kitchen cabinet,high_priority_semantic_front,front,"[0.0,0.0,1.0]",0.2,,pending_asset_front_audit,True,/data/task3_2/share_data/scenesmith/hssd_rendered_assets/90bc63fa89c2db5fbaafad4dcc1614e801fcc4b6
90fb388959832dd71fdcad95215f28b077fe4a3d,kitchen cabinet,high_priority_semantic_front,front,"[0.0,0.0,1.0]",0.2,,pending_asset_front_audit,True,/data/task3_2/share_data/scenesmith/hssd_rendered_assets/90fb388959832dd71fdcad95215f28b077fe4a3d
940d228dddb059ea9fd551bfc7d8ca67e02f20a3,kitchen cabinet,high_priority_semantic_front,front,"[0.0,0.0,1.0]",0.2,,pending_asset_front_audit,True,/data/task3_2/share_data/scenesmith/hssd_rendered_assets/940d228dddb059ea9fd551bfc7d8ca67e02f20a3
9444fd4deeb56fac5538938168e6171d034e0ede,kitchen cabinet,high_priority_semantic_front,front,"[0.0,0.0,1.0]",0.2,,pending_asset_front_audit,True,/data/task3_2/share_data/scenesmith/hssd_rendered_assets/9444fd4deeb56fac5538938168e6171d034e0ede
96160d32939e3ef146bb30d72d232fc6ac0d1493,kitchen cabinet,high_priority_semantic_front,front,"[0.0,0.0,1.0]",0.2,,pending_asset_front_audit,True,/data/task3_2/share_data/scenesmith/hssd_rendered_assets/96160d32939e3ef146bb30d72d232fc6ac0d1493
97b54d82ec3e18ffa460e23aa2fd005cc0027179,kitchen cabinet,high_priority_semantic_front,front,"[0.0,0.0,1.0]",0.2,,pending_asset_front_audit,True,/data/task3_2/share_data/scenesmith/hssd_rendered_assets/97b54d82ec3e18ffa460e23aa2fd005cc0027179
983e239785b276c0a88add59742371176f441392,kitchen cabinet,high_priority_semantic_front,front,"[0.0,0.0,1.0]",0.2,,pending_asset_front_audit,True,/data/task3_2/share_data/scenesmith/hssd_rendered_assets/983e239785b276c0a88add59742371176f441392
983ef4ef38a08850204a31986545f0e01a8dc0af,kitchen cabinet,high_priority_semantic_front,front,"[0.0,0.0,1.0]",0.2,,pending_asset_front_audit,True,/data/task3_2/share_data/scenesmith/hssd_rendered_assets/983ef4ef38a08850204a31986545f0e01a8dc0af
98eb241f6120de27b331e1437320d3a0fa751d83,kitchen cabinet,high_priority_semantic_front,front,"[0.0,0.0,1.0]",0.2,,pending_asset_front_audit,True,/data/task3_2/share_data/scenesmith/hssd_rendered_assets/98eb241f6120de27b331e1437320d3a0fa751d83
997cff30d7278e734d17f9b5fe8033782dbcaa76,kitchen cabinet,high_priority_semantic_front,front,"[0.0,0.0,1.0]",0.2,,pending_asset_front_audit,True,/data/task3_2/share_data/scenesmith/hssd_rendered_assets/997cff30d7278e734d17f9b5fe8033782dbcaa76
9a1565251171e586b26e66e387e80a106141d129,kitchen cabinet,high_priority_semantic_front,front,"[0.0,0.0,1.0]",0.2,,pending_asset_front_audit,True,/data/task3_2/share_data/scenesmith/hssd_rendered_assets/9a1565251171e586b26e66e387e80a106141d129
9a7911e5accdc8ade2d4b12e9954d2b74a1fe231,kitchen cabinet,high_priority_semantic_front,front,"[0.0,0.0,1.0]",0.2,,pending_asset_front_audit,True,/data/task3_2/share_data/scenesmith/hssd_rendered_assets/9a7911e5accdc8ade2d4b12e9954d2b74a1fe231
9c736b82840fea07135e848469e80e60e0f10fdd,kitchen cabinet,high_priority_semantic_front,front,"[0.0,0.0,1.0]",0.2,,pending_asset_front_audit,True,/data/task3_2/share_data/scenesmith/hssd_rendered_assets/9c736b82840fea07135e848469e80e60e0f10fdd
9db21998c823fe0f57702c27e946c248114e075f,kitchen cabinet,high_priority_semantic_front,front,"[0.0,0.0,1.0]",0.2,,pending_asset_front_audit,True,/data/task3_2/share_data/scenesmith/hssd_rendered_assets/9db21998c823fe0f57702c27e946c248114e075f
a0aee66ebcbeac2e2937109356c7463b1252b668,kitchen cabinet,high_priority_semantic_front,front,"[0.0,0.0,1.0]",0.2,,pending_asset_front_audit,True,/data/task3_2/share_data/scenesmith/hssd_rendered_assets/a0aee66ebcbeac2e2937109356c7463b1252b668
a2d18114421991200bb43645a15359859ee9f95d,kitchen cabinet,high_priority_semantic_front,front,"[0.0,0.0,1.0]",0.2,,pending_asset_front_audit,True,/data/task3_2/share_data/scenesmith/hssd_rendered_assets/a2d18114421991200bb43645a15359859ee9f95d
a385fc134ef880ca0773e705e0b399da83a950b6,kitchen cabinet,high_priority_semantic_front,front,"[0.0,0.0,1.0]",0.2,,pending_asset_front_audit,True,/data/task3_2/share_data/scenesmith/hssd_rendered_assets/a385fc134ef880ca0773e705e0b399da83a950b6
a3e00bd6988f75faadbc9865302e24caa9202421,kitchen cabinet,high_priority_semantic_front,front,"[0.0,0.0,1.0]",0.2,,pending_asset_front_audit,True,/data/task3_2/share_data/scenesmith/hssd_rendered_assets/a3e00bd6988f75faadbc9865302e24caa9202421
a3e35efa170d8d4f312116cf6a52c618ddd2af16,kitchen cabinet,high_priority_semantic_front,front,"[0.0,0.0,1.0]",0.2,,pending_asset_front_audit,True,/data/task3_2/share_data/scenesmith/hssd_rendered_assets/a3e35efa170d8d4f312116cf6a52c618ddd2af16
a7a156058dab3cb8727e075a010473640b3a7155,kitchen cabinet,high_priority_semantic_front,front,"[0.0,0.0,1.0]",0.2,,pending_asset_front_audit,True,/data/task3_2/share_data/scenesmith/hssd_rendered_assets/a7a156058dab3cb8727e075a010473640b3a7155
ab4d4cec0a502c7fab16b6a7536e638c9ac0cb6a,kitchen cabinet,high_priority_semantic_front,front,"[0.0,0.0,1.0]",0.2,,pending_asset_front_audit,True,/data/task3_2/share_data/scenesmith/hssd_rendered_assets/ab4d4cec0a502c7fab16b6a7536e638c9ac0cb6a
b13253a6054a680cba603ed5d4c12f081d38b098,kitchen cabinet,high_priority_semantic_front,front,"[0.0,0.0,1.0]",0.2,,pending_asset_front_audit,True,/data/task3_2/share_data/scenesmith/hssd_rendered_assets/b13253a6054a680cba603ed5d4c12f081d38b098
b556eeb736ae52a83f4b36a03fd6a03c9f941bc2,kitchen cabinet,high_priority_semantic_front,front,"[0.0,0.0,1.0]",0.2,,pending_asset_front_audit,True,/data/task3_2/share_data/scenesmith/hssd_rendered_assets/b556eeb736ae52a83f4b36a03fd6a03c9f941bc2
b7cdc363ac4a1beaa2872daa374e24013ca15338,kitchen cabinet,high_priority_semantic_front,front,"[0.0,0.0,1.0]",0.2,,pending_asset_front_audit,True,/data/task3_2/share_data/scenesmith/hssd_rendered_assets/b7cdc363ac4a1beaa2872daa374e24013ca15338
ba726765d25fd53f9c3e2dab6d63802d3201e249,kitchen cabinet,high_priority_semantic_front,front,"[0.0,0.0,1.0]",0.2,,pending_asset_front_audit,True,/data/task3_2/share_data/scenesmith/hssd_rendered_assets/ba726765d25fd53f9c3e2dab6d63802d3201e249
baf5adfdb933cc6ea9a8e3dd24b64ff6691cd5a4,kitchen cabinet,high_priority_semantic_front,front,"[0.0,0.0,1.0]",0.2,,pending_asset_front_audit,True,/data/task3_2/share_data/scenesmith/hssd_rendered_assets/baf5adfdb933cc6ea9a8e3dd24b64ff6691cd5a4
bc3c5c45d5a9126bff85470c7c48d4e2b7ebfd0d,kitchen cabinet,high_priority_semantic_front,front,"[0.0,0.0,1.0]",0.2,,pending_asset_front_audit,True,/data/task3_2/share_data/scenesmith/hssd_rendered_assets/bc3c5c45d5a9126bff85470c7c48d4e2b7ebfd0d
bd60660df8e8d48fa3f524a7536d1f78e6e0e21f,kitchen cabinet,high_priority_semantic_front,front,"[0.0,0.0,1.0]",0.2,,pending_asset_front_audit,True,/data/task3_2/share_data/scenesmith/hssd_rendered_assets/bd60660df8e8d48fa3f524a7536d1f78e6e0e21f
bdab4ca579230f7652590bc19fa00a35701857ef,kitchen cabinet,high_priority_semantic_front,front,"[0.0,0.0,1.0]",0.2,,pending_asset_front_audit,True,/data/task3_2/share_data/scenesmith/hssd_rendered_assets/bdab4ca579230f7652590bc19fa00a35701857ef
bdafc134880c09c2f9415807dbf2a680683a6d06,kitchen cabinet,high_priority_semantic_front,front,"[0.0,0.0,1.0]",0.2,,pending_asset_front_audit,True,/data/task3_2/share_data/scenesmith/hssd_rendered_assets/bdafc134880c09c2f9415807dbf2a680683a6d06
bf796005b2234568661e5c595ef556a1fe472907,kitchen cabinet,high_priority_semantic_front,front,"[0.0,0.0,1.0]",0.2,,pending_asset_front_audit,True,/data/task3_2/share_data/scenesmith/hssd_rendered_assets/bf796005b2234568661e5c595ef556a1fe472907
c2d198ebe2cd8c70b0886e60d98b327f1934aa0e,kitchen cabinet,high_priority_semantic_front,front,"[0.0,0.0,1.0]",0.2,,pending_asset_front_audit,True,/data/task3_2/share_data/scenesmith/hssd_rendered_assets/c2d198ebe2cd8c70b0886e60d98b327f1934aa0e
c2d966559ee73ca0f88779a2de90d8158f85e4fb,kitchen cabinet,high_priority_semantic_front,front,"[0.0,0.0,1.0]",0.2,,pending_asset_front_audit,True,/data/task3_2/share_data/scenesmith/hssd_rendered_assets/c2d966559ee73ca0f88779a2de90d8158f85e4fb
c32d5dd6751249c2517774929590e50a01d56a6c,kitchen cabinet,high_priority_semantic_front,front,"[0.0,0.0,1.0]",0.2,,pending_asset_front_audit,True,/data/task3_2/share_data/scenesmith/hssd_rendered_assets/c32d5dd6751249c2517774929590e50a01d56a6c
c4851ca365614ca521cf0f1418ae2fdeb8480d0e,kitchen cabinet,high_priority_semantic_front,front,"[0.0,0.0,1.0]",0.2,,pending_asset_front_audit,True,/data/task3_2/share_data/scenesmith/hssd_rendered_assets/c4851ca365614ca521cf0f1418ae2fdeb8480d0e
cc85c356e547d86975d71f5405415e1019706178,kitchen cabinet,high_priority_semantic_front,front,"[0.0,0.0,1.0]",0.2,,pending_asset_front_audit,True,/data/task3_2/share_data/scenesmith/hssd_rendered_assets/cc85c356e547d86975d71f5405415e1019706178
ccf3f0ee76dd2263f77ad90a7cec59da84e047c8,kitchen cabinet,high_priority_semantic_front,front,"[0.0,0.0,1.0]",0.2,,pending_asset_front_audit,True,/data/task3_2/share_data/scenesmith/hssd_rendered_assets/ccf3f0ee76dd2263f77ad90a7cec59da84e047c8
d39d83b10a9034353d5b5fdb3d39dde23aef98a6,kitchen cabinet,high_priority_semantic_front,front,"[0.0,0.0,1.0]",0.2,,pending_asset_front_audit,True,/data/task3_2/share_data/scenesmith/hssd_rendered_assets/d39d83b10a9034353d5b5fdb3d39dde23aef98a6
d3cd758b209f9b187fa3bc9d99c486ba0f3903bc,kitchen cabinet,high_priority_semantic_front,front,"[0.0,0.0,1.0]",0.2,,pending_asset_front_audit,True,/data/task3_2/share_data/scenesmith/hssd_rendered_assets/d3cd758b209f9b187fa3bc9d99c486ba0f3903bc
d89842d5adcefd6d5118e33dab7647fa98b310d0,kitchen cabinet,high_priority_semantic_front,front,"[0.0,0.0,1.0]",0.2,,pending_asset_front_audit,True,/data/task3_2/share_data/scenesmith/hssd_rendered_assets/d89842d5adcefd6d5118e33dab7647fa98b310d0
d8bf69588c8da9284c2d02ab812c0c36d2c6340b,kitchen cabinet,high_priority_semantic_front,front,"[0.0,0.0,1.0]",0.2,,pending_asset_front_audit,True,/data/task3_2/share_data/scenesmith/hssd_rendered_assets/d8bf69588c8da9284c2d02ab812c0c36d2c6340b
da79e0bf2e7f7c777b226234b982498a964f7f90,kitchen cabinet,high_priority_semantic_front,front,"[0.0,0.0,1.0]",0.2,,pending_asset_front_audit,True,/data/task3_2/share_data/scenesmith/hssd_rendered_assets/da79e0bf2e7f7c777b226234b982498a964f7f90
dae79e07aa34f02cd3d9a626f730664e8ff1dc43,kitchen cabinet,high_priority_semantic_front,front,"[0.0,0.0,1.0]",0.2,,pending_asset_front_audit,True,/data/task3_2/share_data/scenesmith/hssd_rendered_assets/dae79e07aa34f02cd3d9a626f730664e8ff1dc43
db064ef059f7bb0af9f1036e7649e4835a9ff4f5,kitchen cabinet,high_priority_semantic_front,front,"[0.0,0.0,1.0]",0.2,,pending_asset_front_audit,True,/data/task3_2/share_data/scenesmith/hssd_rendered_assets/db064ef059f7bb0af9f1036e7649e4835a9ff4f5
db74ce14813eb0d5c54c8992806b22fb846ee34c,kitchen cabinet,high_priority_semantic_front,front,"[0.0,0.0,1.0]",0.2,,pending_asset_front_audit,True,/data/task3_2/share_data/scenesmith/hssd_rendered_assets/db74ce14813eb0d5c54c8992806b22fb846ee34c
dce63427a7ab03bf69ae6c448ee7d162de9d26b7,kitchen cabinet,high_priority_semantic_front,front,"[0.0,0.0,1.0]",0.2,,pending_asset_front_audit,True,/data/task3_2/share_data/scenesmith/hssd_rendered_assets/dce63427a7ab03bf69ae6c448ee7d162de9d26b7
dd665def2d6a4b899e40affc18c777799f0d65fd,kitchen cabinet,high_priority_semantic_front,front,"[0.0,0.0,1.0]",0.2,,pending_asset_front_audit,True,/data/task3_2/share_data/scenesmith/hssd_rendered_assets/dd665def2d6a4b899e40affc18c777799f0d65fd
ddd93a5bcd4c806764adaf90e78e72de7eca4042,kitchen cabinet,high_priority_semantic_front,front,"[0.0,0.0,1.0]",0.2,,pending_asset_front_audit,True,/data/task3_2/share_data/scenesmith/hssd_rendered_assets/ddd93a5bcd4c806764adaf90e78e72de7eca4042
e8609a2f305e5da4b15fbac5187a228dba3e3fa3,kitchen cabinet,high_priority_semantic_front,front,"[0.0,0.0,1.0]",0.2,,pending_asset_front_audit,True,/data/task3_2/share_data/scenesmith/hssd_rendered_assets/e8609a2f305e5da4b15fbac5187a228dba3e3fa3
eb5b7096fe0619a9831f98bacfbbe0a0130c4e8e,kitchen cabinet,high_priority_semantic_front,front,"[0.0,0.0,1.0]",0.2,,pending_asset_front_audit,True,/data/task3_2/share_data/scenesmith/hssd_rendered_assets/eb5b7096fe0619a9831f98bacfbbe0a0130c4e8e
ed40273cbd12ff87551ca3cfcd6f1098d6aab3f2,kitchen cabinet,high_priority_semantic_front,front,"[0.0,0.0,1.0]",0.2,,pending_asset_front_audit,True,/data/task3_2/share_data/scenesmith/hssd_rendered_assets/ed40273cbd12ff87551ca3cfcd6f1098d6aab3f2
ee06a781bc8796d23c0f27564110f677cff7779d,kitchen cabinet,high_priority_semantic_front,front,"[0.0,0.0,1.0]",0.2,,pending_asset_front_audit,True,/data/task3_2/share_data/scenesmith/hssd_rendered_assets/ee06a781bc8796d23c0f27564110f677cff7779d
f22cf30d79e9972df3854055944f0217355d62b5,kitchen cabinet,high_priority_semantic_front,front,"[0.0,0.0,1.0]",0.2,,pending_asset_front_audit,True,/data/task3_2/share_data/scenesmith/hssd_rendered_assets/f22cf30d79e9972df3854055944f0217355d62b5
f3b8f5e1fd45ea0496a8e5091dbd7c23e87910b2,kitchen cabinet,high_priority_semantic_front,front,"[0.0,0.0,1.0]",0.2,,pending_asset_front_audit,True,/data/task3_2/share_data/scenesmith/hssd_rendered_assets/f3b8f5e1fd45ea0496a8e5091dbd7c23e87910b2
f401c614970ada44d00ce79eb53eb5f5522df350,kitchen cabinet,high_priority_semantic_front,front,"[0.0,0.0,1.0]",0.2,,pending_asset_front_audit,True,/data/task3_2/share_data/scenesmith/hssd_rendered_assets/f401c614970ada44d00ce79eb53eb5f5522df350
f57ae04324005d0ec3f831110c9b6b0a12470d62,kitchen cabinet,high_priority_semantic_front,front,"[0.0,0.0,1.0]",0.2,,pending_asset_front_audit,True,/data/task3_2/share_data/scenesmith/hssd_rendered_assets/f57ae04324005d0ec3f831110c9b6b0a12470d62
f6402c587fa67fbdba921024206525ee86432449,kitchen cabinet,high_priority_semantic_front,front,"[0.0,0.0,1.0]",0.2,,pending_asset_front_audit,True,/data/task3_2/share_data/scenesmith/hssd_rendered_assets/f6402c587fa67fbdba921024206525ee86432449
f8c685aa18a741e46b60a4e10150e36e61be9d0b,kitchen cabinet,high_priority_semantic_front,front,"[0.0,0.0,1.0]",0.2,,pending_asset_front_audit,True,/data/task3_2/share_data/scenesmith/hssd_rendered_assets/f8c685aa18a741e46b60a4e10150e36e61be9d0b
fa5562e2e06d5c189107ed10f1c3e05552cb1bb2,kitchen cabinet,high_priority_semantic_front,front,"[0.0,0.0,1.0]",0.2,,pending_asset_front_audit,True,/data/task3_2/share_data/scenesmith/hssd_rendered_assets/fa5562e2e06d5c189107ed10f1c3e05552cb1bb2
faedb8346a1f6b74360ac5a45e0be59d37e13d55,kitchen cabinet,high_priority_semantic_front,front,"[0.0,0.0,1.0]",0.2,,pending_asset_front_audit,True,/data/task3_2/share_data/scenesmith/hssd_rendered_assets/faedb8346a1f6b74360ac5a45e0be59d37e13d55
fdd50522921663008c1e52e04905ec78aec1c622,kitchen cabinet,high_priority_semantic_front,front,"[0.0,0.0,1.0]",0.2,,pending_asset_front_audit,True,/data/task3_2/share_data/scenesmith/hssd_rendered_assets/fdd50522921663008c1e52e04905ec78aec1c622
feb414e9a23d7083e984cd8464f13464011f15d4,kitchen cabinet,high_priority_semantic_front,front,"[0.0,0.0,1.0]",0.2,,pending_asset_front_audit,True,/data/task3_2/share_data/scenesmith/hssd_rendered_assets/feb414e9a23d7083e984cd8464f13464011f15d4
ff07ab7a595a3b2045d75c5d01fd93fa7fca3d16,kitchen cabinet,high_priority_semantic_front,front,"[0.0,0.0,1.0]",0.2,,pending_asset_front_audit,True,/data/task3_2/share_data/scenesmith/hssd_rendered_assets/ff07ab7a595a3b2045d75c5d01fd93fa7fca3d16
ff698a0cb15de8749c925c8aae3e8cdb8e88aa8f,kitchen cabinet,high_priority_semantic_front,front,"[0.0,0.0,1.0]",0.2,,pending_asset_front_audit,True,/data/task3_2/share_data/scenesmith/hssd_rendered_assets/ff698a0cb15de8749c925c8aae3e8cdb8e88aa8f
ff950ba0a28b727b62847969d4b4e175e870416e,kitchen cabinet,high_priority_semantic_front,front,"[0.0,0.0,1.0]",0.2,,pending_asset_front_audit,True,/data/task3_2/share_data/scenesmith/hssd_rendered_assets/ff950ba0a28b727b62847969d4b4e175e870416e
09b7f888a08a35d64d05e5f94cde9b75715c9a6d,microwave,high_priority_semantic_front,front,"[0.0,0.0,1.0]",0.2,,pending_asset_front_audit,True,/data/task3_2/share_data/scenesmith/hssd_rendered_assets/09b7f888a08a35d64d05e5f94cde9b75715c9a6d
280d9f458f11b99e075c23943cbfbfd6509ba4cf,microwave,high_priority_semantic_front,front,"[0.0,0.0,1.0]",0.2,,pending_asset_front_audit,True,/data/task3_2/share_data/scenesmith/hssd_rendered_assets/280d9f458f11b99e075c23943cbfbfd6509ba4cf
81da9279eae235c3faced51d516e970acdac5e84,microwave,high_priority_semantic_front,front,"[0.0,0.0,1.0]",0.2,,pending_asset_front_audit,True,/data/task3_2/share_data/scenesmith/hssd_rendered_assets/81da9279eae235c3faced51d516e970acdac5e84
844be43b1c34647e153e9b1c4054bd59a8bb64ed,microwave,high_priority_semantic_front,front,"[0.0,0.0,1.0]",0.2,,pending_asset_front_audit,True,/data/task3_2/share_data/scenesmith/hssd_rendered_assets/844be43b1c34647e153e9b1c4054bd59a8bb64ed
93951e48e6f29a5592dd6e8e2c426427707d6496,microwave,high_priority_semantic_front,front,"[0.0,0.0,1.0]",0.2,,pending_asset_front_audit,True,/data/task3_2/share_data/scenesmith/hssd_rendered_assets/93951e48e6f29a5592dd6e8e2c426427707d6496
a630fbac79cdc164c9344a588f72d207b6d25e33,microwave,high_priority_semantic_front,front,"[0.0,0.0,1.0]",0.2,,pending_asset_front_audit,True,/data/task3_2/share_data/scenesmith/hssd_rendered_assets/a630fbac79cdc164c9344a588f72d207b6d25e33
c3b2adbd3b89bdcd01f1e813bc4d2e06975ec727,microwave,high_priority_semantic_front,front,"[0.0,0.0,1.0]",0.2,,pending_asset_front_audit,True,/data/task3_2/share_data/scenesmith/hssd_rendered_assets/c3b2adbd3b89bdcd01f1e813bc4d2e06975ec727
c5ff5698a48415c704891bf4b3356c31ac773721,microwave,high_priority_semantic_front,front,"[0.0,0.0,1.0]",0.2,,pending_asset_front_audit,True,/data/task3_2/share_data/scenesmith/hssd_rendered_assets/c5ff5698a48415c704891bf4b3356c31ac773721
c680b3d7f7c7f4415ba590e80c71a0a272ae5480,microwave,high_priority_semantic_front,front,"[0.0,0.0,1.0]",0.2,,pending_asset_front_audit,True,/data/task3_2/share_data/scenesmith/hssd_rendered_assets/c680b3d7f7c7f4415ba590e80c71a0a272ae5480
159d8241274cdf8c553cf43e636490086a80ca71,monitor,high_priority_semantic_front,front,"[0.0,0.0,1.0]",0.2,,pending_asset_front_audit,True,/data/task3_2/share_data/scenesmith/hssd_rendered_assets/159d8241274cdf8c553cf43e636490086a80ca71
296b43e62a47818108187de2baa6011f06403446,monitor,high_priority_semantic_front,front,"[0.0,0.0,1.0]",0.2,,pending_asset_front_audit,True,/data/task3_2/share_data/scenesmith/hssd_rendered_assets/296b43e62a47818108187de2baa6011f06403446
5b842854c8dd112a18e51922da58267e7ea60d5d,monitor,high_priority_semantic_front,front,"[0.0,0.0,1.0]",0.2,,pending_asset_front_audit,True,/data/task3_2/share_data/scenesmith/hssd_rendered_assets/5b842854c8dd112a18e51922da58267e7ea60d5d
878fded4b4bc0dcec55d68a662a89ab81c8f0cd5,monitor,high_priority_semantic_front,front,"[0.0,0.0,1.0]",0.2,,pending_asset_front_audit,True,/data/task3_2/share_data/scenesmith/hssd_rendered_assets/878fded4b4bc0dcec55d68a662a89ab81c8f0cd5
ad9fc592f9942a7e3feaa19a697329bd65bb7ed3,monitor,high_priority_semantic_front,front,"[0.0,0.0,1.0]",0.2,,pending_asset_front_audit,True,/data/task3_2/share_data/scenesmith/hssd_rendered_assets/ad9fc592f9942a7e3feaa19a697329bd65bb7ed3
d160e323f1d5a92394de74865aef8938f986d344,monitor,high_priority_semantic_front,front,"[0.0,0.0,1.0]",0.2,,pending_asset_front_audit,True,/data/task3_2/share_data/scenesmith/hssd_rendered_assets/d160e323f1d5a92394de74865aef8938f986d344
00b0d5e167ae6b42666de010025efad4506563f1,oven,high_priority_semantic_front,front,"[0.0,0.0,1.0]",0.2,,pending_asset_front_audit,True,/data/task3_2/share_data/scenesmith/hssd_rendered_assets/00b0d5e167ae6b42666de010025efad4506563f1
1b0e61394bfe15e3f5b414f988b319c3a6c17544,oven,high_priority_semantic_front,front,"[0.0,0.0,1.0]",0.2,,pending_asset_front_audit,True,/data/task3_2/share_data/scenesmith/hssd_rendered_assets/1b0e61394bfe15e3f5b414f988b319c3a6c17544
01841f449f738c1e24fa15753d1fbc5fe0c6a92c,refrigerator,high_priority_semantic_front,front,"[0.0,0.0,1.0]",0.2,,pending_asset_front_audit,True,/data/task3_2/share_data/scenesmith/hssd_rendered_assets/01841f449f738c1e24fa15753d1fbc5fe0c6a92c
0bb1cdb98fbdfda5b41abaa39aa7f82321e58b72,refrigerator,high_priority_semantic_front,front,"[0.0,0.0,1.0]",0.2,,pending_asset_front_audit,True,/data/task3_2/share_data/scenesmith/hssd_rendered_assets/0bb1cdb98fbdfda5b41abaa39aa7f82321e58b72
0c9ff2144462d68fcab6a79e7737b7307e1a32d5,refrigerator,high_priority_semantic_front,front,"[0.0,0.0,1.0]",0.2,,pending_asset_front_audit,True,/data/task3_2/share_data/scenesmith/hssd_rendered_assets/0c9ff2144462d68fcab6a79e7737b7307e1a32d5
19b181ef136dd9cbbea4505899f9015c58dca260,refrigerator,high_priority_semantic_front,front,"[0.0,0.0,1.0]",0.2,,pending_asset_front_audit,True,/data/task3_2/share_data/scenesmith/hssd_rendered_assets/19b181ef136dd9cbbea4505899f9015c58dca260
1c33bd447d70d4d22116c434d912f1fae78e02b7,refrigerator,high_priority_semantic_front,front,"[0.0,0.0,1.0]",0.2,,pending_asset_front_audit,True,/data/task3_2/share_data/scenesmith/hssd_rendered_assets/1c33bd447d70d4d22116c434d912f1fae78e02b7
1c7874f93ca418d7edebd150a7422095fd76897a,refrigerator,high_priority_semantic_front,front,"[0.0,0.0,1.0]",0.2,,pending_asset_front_audit,True,/data/task3_2/share_data/scenesmith/hssd_rendered_assets/1c7874f93ca418d7edebd150a7422095fd76897a
257b108daedcb3537c6066ed191f8550658a70c2,refrigerator,high_priority_semantic_front,front,"[0.0,0.0,1.0]",0.2,,pending_asset_front_audit,True,/data/task3_2/share_data/scenesmith/hssd_rendered_assets/257b108daedcb3537c6066ed191f8550658a70c2
2d2cbcc8a0e199d17277cd6960e81b0fb33d1070,refrigerator,high_priority_semantic_front,front,"[0.0,0.0,1.0]",0.2,,pending_asset_front_audit,True,/data/task3_2/share_data/scenesmith/hssd_rendered_assets/2d2cbcc8a0e199d17277cd6960e81b0fb33d1070
35230dedd6b3f035a602f7226fae2dcb61bf1e4a,refrigerator,high_priority_semantic_front,front,"[0.0,0.0,1.0]",0.2,,pending_asset_front_audit,True,/data/task3_2/share_data/scenesmith/hssd_rendered_assets/35230dedd6b3f035a602f7226fae2dcb61bf1e4a
35880f4a551d6b1790f8ded9b23498f1da88575b,refrigerator,high_priority_semantic_front,front,"[0.0,0.0,1.0]",0.2,,pending_asset_front_audit,True,/data/task3_2/share_data/scenesmith/hssd_rendered_assets/35880f4a551d6b1790f8ded9b23498f1da88575b
3a9f78af8ca7d45294c89244ce9fb37a386b6468,refrigerator,high_priority_semantic_front,front,"[0.0,0.0,1.0]",0.2,,pending_asset_front_audit,True,/data/task3_2/share_data/scenesmith/hssd_rendered_assets/3a9f78af8ca7d45294c89244ce9fb37a386b6468
404146070e071454f055cfe3be7811fcdcb7ddbd,refrigerator,high_priority_semantic_front,front,"[0.0,0.0,1.0]",0.2,,pending_asset_front_audit,True,/data/task3_2/share_data/scenesmith/hssd_rendered_assets/404146070e071454f055cfe3be7811fcdcb7ddbd
416c68a89eda39033eb729fa72f7058802555a9e,refrigerator,high_priority_semantic_front,front,"[0.0,0.0,1.0]",0.2,,pending_asset_front_audit,True,/data/task3_2/share_data/scenesmith/hssd_rendered_assets/416c68a89eda39033eb729fa72f7058802555a9e
44a3ee33a175f1fdc6fb1cfab6d8c71588e7f24b,refrigerator,high_priority_semantic_front,front,"[0.0,0.0,1.0]",0.2,,pending_asset_front_audit,True,/data/task3_2/share_data/scenesmith/hssd_rendered_assets/44a3ee33a175f1fdc6fb1cfab6d8c71588e7f24b
45260b2b621ba5473292bcfe8995535b336b4244,refrigerator,high_priority_semantic_front,front,"[0.0,0.0,1.0]",0.2,,pending_asset_front_audit,True,/data/task3_2/share_data/scenesmith/hssd_rendered_assets/45260b2b621ba5473292bcfe8995535b336b4244
4a90b2c2645d328f8ea021c3926b19a07b02b9cf,refrigerator,high_priority_semantic_front,front,"[0.0,0.0,1.0]",0.2,,pending_asset_front_audit,True,/data/task3_2/share_data/scenesmith/hssd_rendered_assets/4a90b2c2645d328f8ea021c3926b19a07b02b9cf
5339c416ac907c7cb049eb153855816a9fa57ccf,refrigerator,high_priority_semantic_front,front,"[0.0,0.0,1.0]",0.2,,pending_asset_front_audit,True,/data/task3_2/share_data/scenesmith/hssd_rendered_assets/5339c416ac907c7cb049eb153855816a9fa57ccf
551e75fdb2fce34b3f52933e44fb22d24168a63a,refrigerator,high_priority_semantic_front,front,"[0.0,0.0,1.0]",0.2,,pending_asset_front_audit,True,/data/task3_2/share_data/scenesmith/hssd_rendered_assets/551e75fdb2fce34b3f52933e44fb22d24168a63a
5866f3f1fc28a785334cea9f6ceae1373b886203,refrigerator,high_priority_semantic_front,front,"[0.0,0.0,1.0]",0.2,,pending_asset_front_audit,True,/data/task3_2/share_data/scenesmith/hssd_rendered_assets/5866f3f1fc28a785334cea9f6ceae1373b886203
5954c670b64d2ac9a6dcb73295bcb88a212a64f5,refrigerator,high_priority_semantic_front,front,"[0.0,0.0,1.0]",0.2,,pending_asset_front_audit,True,/data/task3_2/share_data/scenesmith/hssd_rendered_assets/5954c670b64d2ac9a6dcb73295bcb88a212a64f5
5afe0e7ec04ac3d20d49e030cafd2af9b5d75b85,refrigerator,high_priority_semantic_front,front,"[0.0,0.0,1.0]",0.2,,pending_asset_front_audit,True,/data/task3_2/share_data/scenesmith/hssd_rendered_assets/5afe0e7ec04ac3d20d49e030cafd2af9b5d75b85
5f83bf65164f100a15060c534561322571dcbf6e,refrigerator,high_priority_semantic_front,front,"[0.0,0.0,1.0]",0.2,,pending_asset_front_audit,True,/data/task3_2/share_data/scenesmith/hssd_rendered_assets/5f83bf65164f100a15060c534561322571dcbf6e
6342bb30597f40b7df8b207282df821a2ec22ca8,refrigerator,high_priority_semantic_front,front,"[0.0,0.0,1.0]",0.2,,pending_asset_front_audit,True,/data/task3_2/share_data/scenesmith/hssd_rendered_assets/6342bb30597f40b7df8b207282df821a2ec22ca8
6a22a1adcf5cf78d6a81c8fbe03d2c5977b5fba6,refrigerator,high_priority_semantic_front,front,"[0.0,0.0,1.0]",0.2,,pending_asset_front_audit,True,/data/task3_2/share_data/scenesmith/hssd_rendered_assets/6a22a1adcf5cf78d6a81c8fbe03d2c5977b5fba6
6da53db5c9730fefc2507f1f76b85f7b4c037985,refrigerator,high_priority_semantic_front,front,"[0.0,0.0,1.0]",0.2,,pending_asset_front_audit,True,/data/task3_2/share_data/scenesmith/hssd_rendered_assets/6da53db5c9730fefc2507f1f76b85f7b4c037985
71fa3c2594d4399ed3f0d0942e3edcd2be8fdbc5,refrigerator,high_priority_semantic_front,front,"[0.0,0.0,1.0]",0.2,,pending_asset_front_audit,True,/data/task3_2/share_data/scenesmith/hssd_rendered_assets/71fa3c2594d4399ed3f0d0942e3edcd2be8fdbc5
7899d0c5296a70e4f4b8b9c5f3e96ea2491a0ac8,refrigerator,high_priority_semantic_front,front,"[0.0,0.0,1.0]",0.2,,pending_asset_front_audit,True,/data/task3_2/share_data/scenesmith/hssd_rendered_assets/7899d0c5296a70e4f4b8b9c5f3e96ea2491a0ac8
78a02cbe18b9bac0aedf264e100a73f34fd05023,refrigerator,high_priority_semantic_front,front,"[0.0,0.0,1.0]",0.2,,pending_asset_front_audit,True,/data/task3_2/share_data/scenesmith/hssd_rendered_assets/78a02cbe18b9bac0aedf264e100a73f34fd05023
796933d96e20ed5dac6491d424084900fd72d301,refrigerator,high_priority_semantic_front,front,"[0.0,0.0,1.0]",0.2,,pending_asset_front_audit,True,/data/task3_2/share_data/scenesmith/hssd_rendered_assets/796933d96e20ed5dac6491d424084900fd72d301
79bf13063599b7fff88cc250d8fe76a2e46e9683,refrigerator,high_priority_semantic_front,front,"[0.0,0.0,1.0]",0.2,,pending_asset_front_audit,True,/data/task3_2/share_data/scenesmith/hssd_rendered_assets/79bf13063599b7fff88cc250d8fe76a2e46e9683
7a5b05275dec9acba52fba417a806a20309cda8f,refrigerator,high_priority_semantic_front,front,"[0.0,0.0,1.0]",0.2,,pending_asset_front_audit,True,/data/task3_2/share_data/scenesmith/hssd_rendered_assets/7a5b05275dec9acba52fba417a806a20309cda8f
821a2d741626ea190a2ed794c681a51dbcda48fa,refrigerator,high_priority_semantic_front,front,"[0.0,0.0,1.0]",0.2,,pending_asset_front_audit,True,/data/task3_2/share_data/scenesmith/hssd_rendered_assets/821a2d741626ea190a2ed794c681a51dbcda48fa
846aba736b25b51bf2036986d36451a37cd7431e,refrigerator,high_priority_semantic_front,front,"[0.0,0.0,1.0]",0.2,,pending_asset_front_audit,True,/data/task3_2/share_data/scenesmith/hssd_rendered_assets/846aba736b25b51bf2036986d36451a37cd7431e
8b63648f4bdf1484b373ee705ebb0e22af222383,refrigerator,high_priority_semantic_front,front,"[0.0,0.0,1.0]",0.2,,pending_asset_front_audit,True,/data/task3_2/share_data/scenesmith/hssd_rendered_assets/8b63648f4bdf1484b373ee705ebb0e22af222383
917402c0f2b14bf4fb2e2f3db5faf395ce3bc8d1,refrigerator,high_priority_semantic_front,front,"[0.0,0.0,1.0]",0.2,,pending_asset_front_audit,True,/data/task3_2/share_data/scenesmith/hssd_rendered_assets/917402c0f2b14bf4fb2e2f3db5faf395ce3bc8d1
9449ef7831c43bc0db23aac79ea442aa71d0db11,refrigerator,high_priority_semantic_front,front,"[0.0,0.0,1.0]",0.2,,pending_asset_front_audit,True,/data/task3_2/share_data/scenesmith/hssd_rendered_assets/9449ef7831c43bc0db23aac79ea442aa71d0db11
9660ea4405f304d30c4610f676185305d0e03c8b,refrigerator,high_priority_semantic_front,front,"[0.0,0.0,1.0]",0.2,,pending_asset_front_audit,True,/data/task3_2/share_data/scenesmith/hssd_rendered_assets/9660ea4405f304d30c4610f676185305d0e03c8b
9fbbbfc58e5cafbc27a31069808cf168cf2d7a78,refrigerator,high_priority_semantic_front,front,"[0.0,0.0,1.0]",0.2,,pending_asset_front_audit,True,/data/task3_2/share_data/scenesmith/hssd_rendered_assets/9fbbbfc58e5cafbc27a31069808cf168cf2d7a78
9ff0e2c2b2d7081e92f2ee4fb21a48a483b5f1d9,refrigerator,high_priority_semantic_front,front,"[0.0,0.0,1.0]",0.2,,pending_asset_front_audit,True,/data/task3_2/share_data/scenesmith/hssd_rendered_assets/9ff0e2c2b2d7081e92f2ee4fb21a48a483b5f1d9
a11ca43c77d2df1282d72fa1831298c544d6f82b,refrigerator,high_priority_semantic_front,front,"[0.0,0.0,1.0]",0.2,,pending_asset_front_audit,True,/data/task3_2/share_data/scenesmith/hssd_rendered_assets/a11ca43c77d2df1282d72fa1831298c544d6f82b
a35f943f68faf2b032307f6b336be2d948b400a6,refrigerator,high_priority_semantic_front,front,"[0.0,0.0,1.0]",0.2,,pending_asset_front_audit,True,/data/task3_2/share_data/scenesmith/hssd_rendered_assets/a35f943f68faf2b032307f6b336be2d948b400a6
a9be04a84ab7ec9e041c9eb767281ec87b7096a4,refrigerator,high_priority_semantic_front,front,"[0.0,0.0,1.0]",0.2,,pending_asset_front_audit,True,/data/task3_2/share_data/scenesmith/hssd_rendered_assets/a9be04a84ab7ec9e041c9eb767281ec87b7096a4
c41e7d7d088f1794f6e78781f6698faf445f5c83,refrigerator,high_priority_semantic_front,front,"[0.0,0.0,1.0]",0.2,,pending_asset_front_audit,True,/data/task3_2/share_data/scenesmith/hssd_rendered_assets/c41e7d7d088f1794f6e78781f6698faf445f5c83
c48c42dccc86b2f952e52a76e46ae4cdf7744a18,refrigerator,high_priority_semantic_front,front,"[0.0,0.0,1.0]",0.2,,pending_asset_front_audit,True,/data/task3_2/share_data/scenesmith/hssd_rendered_assets/c48c42dccc86b2f952e52a76e46ae4cdf7744a18
cae4c60830bba615ff533dc23ffee6e6e5c7d14e,refrigerator,high_priority_semantic_front,front,"[0.0,0.0,1.0]",0.2,,pending_asset_front_audit,True,/data/task3_2/share_data/scenesmith/hssd_rendered_assets/cae4c60830bba615ff533dc23ffee6e6e5c7d14e
cdcf14da5274eb889d420672ab4b49de3ee631ce,refrigerator,high_priority_semantic_front,front,"[0.0,0.0,1.0]",0.2,,pending_asset_front_audit,True,/data/task3_2/share_data/scenesmith/hssd_rendered_assets/cdcf14da5274eb889d420672ab4b49de3ee631ce
d1bb1e76ecd549767fd650aa211e3ce29be75ad6,refrigerator,high_priority_semantic_front,front,"[0.0,0.0,1.0]",0.2,,pending_asset_front_audit,True,/data/task3_2/share_data/scenesmith/hssd_rendered_assets/d1bb1e76ecd549767fd650aa211e3ce29be75ad6
d844cf11bdaa1246053d5e83170fdea4dd750f0d,refrigerator,high_priority_semantic_front,front,"[0.0,0.0,1.0]",0.2,,pending_asset_front_audit,True,/data/task3_2/share_data/scenesmith/hssd_rendered_assets/d844cf11bdaa1246053d5e83170fdea4dd750f0d
dcd5367db3883b20304a049a5da922136e292edb,refrigerator,high_priority_semantic_front,front,"[0.0,0.0,1.0]",0.2,,pending_asset_front_audit,True,/data/task3_2/share_data/scenesmith/hssd_rendered_assets/dcd5367db3883b20304a049a5da922136e292edb
e8499c7327a3ad17e04a77e70979463b884846ee,refrigerator,high_priority_semantic_front,front,"[0.0,0.0,1.0]",0.2,,pending_asset_front_audit,True,/data/task3_2/share_data/scenesmith/hssd_rendered_assets/e8499c7327a3ad17e04a77e70979463b884846ee
ec6d929832a895b456fd6cca745a18c192c41f4b,refrigerator,high_priority_semantic_front,front,"[0.0,0.0,1.0]",0.2,,pending_asset_front_audit,True,/data/task3_2/share_data/scenesmith/hssd_rendered_assets/ec6d929832a895b456fd6cca745a18c192c41f4b
eed320bf8d4d824d7e72c2bdb85ddd3e7b7690e3,refrigerator,high_priority_semantic_front,front,"[0.0,0.0,1.0]",0.2,,pending_asset_front_audit,True,/data/task3_2/share_data/scenesmith/hssd_rendered_assets/eed320bf8d4d824d7e72c2bdb85ddd3e7b7690e3
f5a154e8d963064a8e43960374e4b5be523d68b0,refrigerator,high_priority_semantic_front,front,"[0.0,0.0,1.0]",0.2,,pending_asset_front_audit,True,/data/task3_2/share_data/scenesmith/hssd_rendered_assets/f5a154e8d963064a8e43960374e4b5be523d68b0
fee1901e7cdc5740b0d8764fdc12a42a13787b7e,refrigerator,high_priority_semantic_front,front,"[0.0,0.0,1.0]",0.2,,pending_asset_front_audit,True,/data/task3_2/share_data/scenesmith/hssd_rendered_assets/fee1901e7cdc5740b0d8764fdc12a42a13787b7e
015fa236691b0082e304ffd1f2301cac81d32ad1,sink,high_priority_semantic_front,front,"[0.0,0.0,1.0]",0.2,,pending_asset_front_audit,True,/data/task3_2/share_data/scenesmith/hssd_rendered_assets/015fa236691b0082e304ffd1f2301cac81d32ad1
05dfa289f4a5be6a1be7f0882a4d929060242b5d,sink,high_priority_semantic_front,front,"[0.0,0.0,1.0]",0.2,,pending_asset_front_audit,True,/data/task3_2/share_data/scenesmith/hssd_rendered_assets/05dfa289f4a5be6a1be7f0882a4d929060242b5d
0f68ea020457a3f25077bcf14cff107fc9d9e538,sink,high_priority_semantic_front,front,"[0.0,0.0,1.0]",0.2,,pending_asset_front_audit,True,/data/task3_2/share_data/scenesmith/hssd_rendered_assets/0f68ea020457a3f25077bcf14cff107fc9d9e538
3f0778f68a489d3995e2e3f13d13e4a90fb500a8,sink,high_priority_semantic_front,front,"[0.0,0.0,1.0]",0.2,,pending_asset_front_audit,True,/data/task3_2/share_data/scenesmith/hssd_rendered_assets/3f0778f68a489d3995e2e3f13d13e4a90fb500a8
4f1b086633e1b160f09b24a9aad0ec9d1ccb56c0,sink,high_priority_semantic_front,front,"[0.0,0.0,1.0]",0.2,,pending_asset_front_audit,True,/data/task3_2/share_data/scenesmith/hssd_rendered_assets/4f1b086633e1b160f09b24a9aad0ec9d1ccb56c0
513b88dcf1f680bd2d4e139a5389cb21055c291c,sink,high_priority_semantic_front,front,"[0.0,0.0,1.0]",0.2,,pending_asset_front_audit,True,/data/task3_2/share_data/scenesmith/hssd_rendered_assets/513b88dcf1f680bd2d4e139a5389cb21055c291c
62a760c87eede6f17cd28daa5e0ff4ed7510e02f,sink,high_priority_semantic_front,front,"[0.0,0.0,1.0]",0.2,,pending_asset_front_audit,True,/data/task3_2/share_data/scenesmith/hssd_rendered_assets/62a760c87eede6f17cd28daa5e0ff4ed7510e02f
72e0c03c2e0fcdba69b44c2d7937776a75d24909,sink,high_priority_semantic_front,front,"[0.0,0.0,1.0]",0.2,,pending_asset_front_audit,True,/data/task3_2/share_data/scenesmith/hssd_rendered_assets/72e0c03c2e0fcdba69b44c2d7937776a75d24909
79b71be64f8b275103e264cbd1c070d820bac2b4,sink,high_priority_semantic_front,front,"[0.0,0.0,1.0]",0.2,,pending_asset_front_audit,True,/data/task3_2/share_data/scenesmith/hssd_rendered_assets/79b71be64f8b275103e264cbd1c070d820bac2b4
7b5d656c72b56ae0e8200132ec92a1ae03869b93,sink,high_priority_semantic_front,front,"[0.0,0.0,1.0]",0.2,,pending_asset_front_audit,True,/data/task3_2/share_data/scenesmith/hssd_rendered_assets/7b5d656c72b56ae0e8200132ec92a1ae03869b93
83e054994713af5edba3443389ec2c516cb4c26f,sink,high_priority_semantic_front,front,"[0.0,0.0,1.0]",0.2,,pending_asset_front_audit,True,/data/task3_2/share_data/scenesmith/hssd_rendered_assets/83e054994713af5edba3443389ec2c516cb4c26f
87dd12c63ee2fdf759c479bf6e7d653809aef2d9,sink,high_priority_semantic_front,front,"[0.0,0.0,1.0]",0.2,,pending_asset_front_audit,True,/data/task3_2/share_data/scenesmith/hssd_rendered_assets/87dd12c63ee2fdf759c479bf6e7d653809aef2d9
8bbcede057a84e1a50845d4ea7ddf7f188dca31d,sink,high_priority_semantic_front,front,"[0.0,0.0,1.0]",0.2,,pending_asset_front_audit,True,/data/task3_2/share_data/scenesmith/hssd_rendered_assets/8bbcede057a84e1a50845d4ea7ddf7f188dca31d
95140f6b87f888957493821a188f6b1469756f00,sink,high_priority_semantic_front,front,"[0.0,0.0,1.0]",0.2,,pending_asset_front_audit,True,/data/task3_2/share_data/scenesmith/hssd_rendered_assets/95140f6b87f888957493821a188f6b1469756f00
970959aaf829480f960e79ec9c5fbeab32a5ac05,sink,high_priority_semantic_front,front,"[0.0,0.0,1.0]",0.2,,pending_asset_front_audit,True,/data/task3_2/share_data/scenesmith/hssd_rendered_assets/970959aaf829480f960e79ec9c5fbeab32a5ac05
99c7b3d9c3c006d2e02e60e3c539c0008af90493,sink,high_priority_semantic_front,front,"[0.0,0.0,1.0]",0.2,,pending_asset_front_audit,True,/data/task3_2/share_data/scenesmith/hssd_rendered_assets/99c7b3d9c3c006d2e02e60e3c539c0008af90493
a30a539c3f7a251cc7fae365a24ec4228df336a0,sink,high_priority_semantic_front,front,"[0.0,0.0,1.0]",0.2,,pending_asset_front_audit,True,/data/task3_2/share_data/scenesmith/hssd_rendered_assets/a30a539c3f7a251cc7fae365a24ec4228df336a0
ad635dc49d8e6113fffb33d691c948159b71fc56,sink,high_priority_semantic_front,front,"[0.0,0.0,1.0]",0.2,,pending_asset_front_audit,True,/data/task3_2/share_data/scenesmith/hssd_rendered_assets/ad635dc49d8e6113fffb33d691c948159b71fc56
bc3032773a5f6d7ac6044529f808f6652d7cd5e9,sink,high_priority_semantic_front,front,"[0.0,0.0,1.0]",0.2,,pending_asset_front_audit,True,/data/task3_2/share_data/scenesmith/hssd_rendered_assets/bc3032773a5f6d7ac6044529f808f6652d7cd5e9
e0ca9afd51fbf04f53db66069f7085e327daacd0,sink,high_priority_semantic_front,front,"[0.0,0.0,1.0]",0.2,,pending_asset_front_audit,True,/data/task3_2/share_data/scenesmith/hssd_rendered_assets/e0ca9afd51fbf04f53db66069f7085e327daacd0
ea3cbeac2a678e4633d56f7ec4aeb6bb46cb9857,sink,high_priority_semantic_front,front,"[0.0,0.0,1.0]",0.2,,pending_asset_front_audit,True,/data/task3_2/share_data/scenesmith/hssd_rendered_assets/ea3cbeac2a678e4633d56f7ec4aeb6bb46cb9857
f0d0666d5aac2ad9d896e5b6bc9c7f6be8b579ea,sink,high_priority_semantic_front,front,"[0.0,0.0,1.0]",0.2,,pending_asset_front_audit,True,/data/task3_2/share_data/scenesmith/hssd_rendered_assets/f0d0666d5aac2ad9d896e5b6bc9c7f6be8b579ea
0356ddbfa55a90611ee1f6ecbf851dd5b8d3cee9,sink cabinet,high_priority_semantic_front,front,"[0.0,0.0,1.0]",0.2,,pending_asset_front_audit,True,/data/task3_2/share_data/scenesmith/hssd_rendered_assets/0356ddbfa55a90611ee1f6ecbf851dd5b8d3cee9
03ea6472f528d540163f2067c40e832054ed30ab,sink cabinet,high_priority_semantic_front,front,"[0.0,0.0,1.0]",0.2,,pending_asset_front_audit,True,/data/task3_2/share_data/scenesmith/hssd_rendered_assets/03ea6472f528d540163f2067c40e832054ed30ab
048d80c36ddc6ac63785ca08ccf231431195717c,sink cabinet,high_priority_semantic_front,front,"[0.0,0.0,1.0]",0.2,,pending_asset_front_audit,True,/data/task3_2/share_data/scenesmith/hssd_rendered_assets/048d80c36ddc6ac63785ca08ccf231431195717c
0a516d39b100499cfde1b2f7071930bbe6c61cea,sink cabinet,high_priority_semantic_front,front,"[0.0,0.0,1.0]",0.2,,pending_asset_front_audit,True,/data/task3_2/share_data/scenesmith/hssd_rendered_assets/0a516d39b100499cfde1b2f7071930bbe6c61cea
0c13523cbbf431a463e07fef9290ba30998557ff,sink cabinet,high_priority_semantic_front,front,"[0.0,0.0,1.0]",0.2,,pending_asset_front_audit,True,/data/task3_2/share_data/scenesmith/hssd_rendered_assets/0c13523cbbf431a463e07fef9290ba30998557ff
0c5021dbf2a828505a3c8230ab3f55572b00513a,sink cabinet,high_priority_semantic_front,front,"[0.0,0.0,1.0]",0.2,,pending_asset_front_audit,True,/data/task3_2/share_data/scenesmith/hssd_rendered_assets/0c5021dbf2a828505a3c8230ab3f55572b00513a
112dc87e26450400941c6eaff60866bc19badc64,sink cabinet,high_priority_semantic_front,front,"[0.0,0.0,1.0]",0.2,,pending_asset_front_audit,True,/data/task3_2/share_data/scenesmith/hssd_rendered_assets/112dc87e26450400941c6eaff60866bc19badc64
13cb09aee83d15650e323d09d7f8a1c2fb1da4a4,sink cabinet,high_priority_semantic_front,front,"[0.0,0.0,1.0]",0.2,,pending_asset_front_audit,True,/data/task3_2/share_data/scenesmith/hssd_rendered_assets/13cb09aee83d15650e323d09d7f8a1c2fb1da4a4
14d3159664ea16859019f306ef64b59c18a65f6e,sink cabinet,high_priority_semantic_front,front,"[0.0,0.0,1.0]",0.2,,pending_asset_front_audit,True,/data/task3_2/share_data/scenesmith/hssd_rendered_assets/14d3159664ea16859019f306ef64b59c18a65f6e
297c228c0b9d123b8d31e4b2b871041a092e2e07,sink cabinet,high_priority_semantic_front,front,"[0.0,0.0,1.0]",0.2,,pending_asset_front_audit,True,/data/task3_2/share_data/scenesmith/hssd_rendered_assets/297c228c0b9d123b8d31e4b2b871041a092e2e07
2f57f45e18369078a87321d01b5d6ab37ff7664f,sink cabinet,high_priority_semantic_front,front,"[0.0,0.0,1.0]",0.2,,pending_asset_front_audit,True,/data/task3_2/share_data/scenesmith/hssd_rendered_assets/2f57f45e18369078a87321d01b5d6ab37ff7664f
3362008b68ae3e3f0be50057fa895cdacbfad401,sink cabinet,high_priority_semantic_front,front,"[0.0,0.0,1.0]",0.2,,pending_asset_front_audit,True,/data/task3_2/share_data/scenesmith/hssd_rendered_assets/3362008b68ae3e3f0be50057fa895cdacbfad401
3c4cc7430793a8ec2d253afff99a37124395b347,sink cabinet,high_priority_semantic_front,front,"[0.0,0.0,1.0]",0.2,,pending_asset_front_audit,True,/data/task3_2/share_data/scenesmith/hssd_rendered_assets/3c4cc7430793a8ec2d253afff99a37124395b347
43fa24cb165eb3bfde976d070bfd615f41c78028,sink cabinet,high_priority_semantic_front,front,"[0.0,0.0,1.0]",0.2,,pending_asset_front_audit,True,/data/task3_2/share_data/scenesmith/hssd_rendered_assets/43fa24cb165eb3bfde976d070bfd615f41c78028
497d4179f9a84aa6b80a99d14be1e606d3ffe2e5,sink cabinet,high_priority_semantic_front,front,"[0.0,0.0,1.0]",0.2,,pending_asset_front_audit,True,/data/task3_2/share_data/scenesmith/hssd_rendered_assets/497d4179f9a84aa6b80a99d14be1e606d3ffe2e5
4ce04c94439fce41db5f8e1eddf70e058557b78d,sink cabinet,high_priority_semantic_front,front,"[0.0,0.0,1.0]",0.2,,pending_asset_front_audit,True,/data/task3_2/share_data/scenesmith/hssd_rendered_assets/4ce04c94439fce41db5f8e1eddf70e058557b78d
4d4709a41a152773f55c745958f1af7670dc59b7,sink cabinet,high_priority_semantic_front,front,"[0.0,0.0,1.0]",0.2,,pending_asset_front_audit,True,/data/task3_2/share_data/scenesmith/hssd_rendered_assets/4d4709a41a152773f55c745958f1af7670dc59b7
56dc6fc7669736b5fd6a85d1b14a01d029beff59,sink cabinet,high_priority_semantic_front,front,"[0.0,0.0,1.0]",0.2,,pending_asset_front_audit,True,/data/task3_2/share_data/scenesmith/hssd_rendered_assets/56dc6fc7669736b5fd6a85d1b14a01d029beff59
587dcfcb2666a3355ab30cd91929f1a3bd2ed272,sink cabinet,high_priority_semantic_front,front,"[0.0,0.0,1.0]",0.2,,pending_asset_front_audit,True,/data/task3_2/share_data/scenesmith/hssd_rendered_assets/587dcfcb2666a3355ab30cd91929f1a3bd2ed272
5c024410b71ba4ffd8be0b31633c7e3069688699,sink cabinet,high_priority_semantic_front,front,"[0.0,0.0,1.0]",0.2,,pending_asset_front_audit,True,/data/task3_2/share_data/scenesmith/hssd_rendered_assets/5c024410b71ba4ffd8be0b31633c7e3069688699
5dbd3d6e061ae2af0c81af2025304d6cf6dcba58,sink cabinet,high_priority_semantic_front,front,"[0.0,0.0,1.0]",0.2,,pending_asset_front_audit,True,/data/task3_2/share_data/scenesmith/hssd_rendered_assets/5dbd3d6e061ae2af0c81af2025304d6cf6dcba58
5f074f91cc2ce2a4d5a62e6cce77c435e5dbf457,sink cabinet,high_priority_semantic_front,front,"[0.0,0.0,1.0]",0.2,,pending_asset_front_audit,True,/data/task3_2/share_data/scenesmith/hssd_rendered_assets/5f074f91cc2ce2a4d5a62e6cce77c435e5dbf457
6042abfa29876cc7c46256c26113b50a2837fde9,sink cabinet,high_priority_semantic_front,front,"[0.0,0.0,1.0]",0.2,,pending_asset_front_audit,True,/data/task3_2/share_data/scenesmith/hssd_rendered_assets/6042abfa29876cc7c46256c26113b50a2837fde9
605aab959303972a631d103fe72d6853ff85b3c3,sink cabinet,high_priority_semantic_front,front,"[0.0,0.0,1.0]",0.2,,pending_asset_front_audit,True,/data/task3_2/share_data/scenesmith/hssd_rendered_assets/605aab959303972a631d103fe72d6853ff85b3c3
6219ef05f4a7b56419749e45a45143df8af44495,sink cabinet,high_priority_semantic_front,front,"[0.0,0.0,1.0]",0.2,,pending_asset_front_audit,True,/data/task3_2/share_data/scenesmith/hssd_rendered_assets/6219ef05f4a7b56419749e45a45143df8af44495
6a5c779b2deee1af83e7d2f85605fe0a1d39f665,sink cabinet,high_priority_semantic_front,front,"[0.0,0.0,1.0]",0.2,,pending_asset_front_audit,True,/data/task3_2/share_data/scenesmith/hssd_rendered_assets/6a5c779b2deee1af83e7d2f85605fe0a1d39f665
6acafe4f37b17ff0c33d22c8dc3fede1bddc67de,sink cabinet,high_priority_semantic_front,front,"[0.0,0.0,1.0]",0.2,,pending_asset_front_audit,True,/data/task3_2/share_data/scenesmith/hssd_rendered_assets/6acafe4f37b17ff0c33d22c8dc3fede1bddc67de
6b15594c03361d9b67e5cd824aef04613eebb130,sink cabinet,high_priority_semantic_front,front,"[0.0,0.0,1.0]",0.2,,pending_asset_front_audit,True,/data/task3_2/share_data/scenesmith/hssd_rendered_assets/6b15594c03361d9b67e5cd824aef04613eebb130
6d6f941aefa3f1c6702dd367f6827b6de6a944a1,sink cabinet,high_priority_semantic_front,front,"[0.0,0.0,1.0]",0.2,,pending_asset_front_audit,True,/data/task3_2/share_data/scenesmith/hssd_rendered_assets/6d6f941aefa3f1c6702dd367f6827b6de6a944a1
70da418e165e78eb5933d808fe6a2092162058ea,sink cabinet,high_priority_semantic_front,front,"[0.0,0.0,1.0]",0.2,,pending_asset_front_audit,True,/data/task3_2/share_data/scenesmith/hssd_rendered_assets/70da418e165e78eb5933d808fe6a2092162058ea
76102a94ca13d9cdaf7d5a77262cddd4df9a806c,sink cabinet,high_priority_semantic_front,front,"[0.0,0.0,1.0]",0.2,,pending_asset_front_audit,True,/data/task3_2/share_data/scenesmith/hssd_rendered_assets/76102a94ca13d9cdaf7d5a77262cddd4df9a806c
7d126fcaa74f70c6e45cb0f735f040dd21fc730c,sink cabinet,high_priority_semantic_front,front,"[0.0,0.0,1.0]",0.2,,pending_asset_front_audit,True,/data/task3_2/share_data/scenesmith/hssd_rendered_assets/7d126fcaa74f70c6e45cb0f735f040dd21fc730c
829bf87b541238bb7579a05d18d4f7f1d1f98af1,sink cabinet,high_priority_semantic_front,front,"[0.0,0.0,1.0]",0.2,,pending_asset_front_audit,True,/data/task3_2/share_data/scenesmith/hssd_rendered_assets/829bf87b541238bb7579a05d18d4f7f1d1f98af1
83f43ff97d3b947794ba3580b2cea7129314d092,sink cabinet,high_priority_semantic_front,front,"[0.0,0.0,1.0]",0.2,,pending_asset_front_audit,True,/data/task3_2/share_data/scenesmith/hssd_rendered_assets/83f43ff97d3b947794ba3580b2cea7129314d092
9184b61f915b5f985b67251ebbf0a155e87bd48c,sink cabinet,high_priority_semantic_front,front,"[0.0,0.0,1.0]",0.2,,pending_asset_front_audit,True,/data/task3_2/share_data/scenesmith/hssd_rendered_assets/9184b61f915b5f985b67251ebbf0a155e87bd48c
993d78f3ab7c7cc8de5f2491d5d04d6720535749,sink cabinet,high_priority_semantic_front,front,"[0.0,0.0,1.0]",0.2,,pending_asset_front_audit,True,/data/task3_2/share_data/scenesmith/hssd_rendered_assets/993d78f3ab7c7cc8de5f2491d5d04d6720535749
99aff5399a26bd00e6221eb488bac18fa706bcb8,sink cabinet,high_priority_semantic_front,front,"[0.0,0.0,1.0]",0.2,,pending_asset_front_audit,True,/data/task3_2/share_data/scenesmith/hssd_rendered_assets/99aff5399a26bd00e6221eb488bac18fa706bcb8
99d7270987bccc5133d52f97f185821b7bee789a,sink cabinet,high_priority_semantic_front,front,"[0.0,0.0,1.0]",0.2,,pending_asset_front_audit,True,/data/task3_2/share_data/scenesmith/hssd_rendered_assets/99d7270987bccc5133d52f97f185821b7bee789a
9b64cef587a9b4069ee8e6504715e3ce1a9b1d67,sink cabinet,high_priority_semantic_front,front,"[0.0,0.0,1.0]",0.2,,pending_asset_front_audit,True,/data/task3_2/share_data/scenesmith/hssd_rendered_assets/9b64cef587a9b4069ee8e6504715e3ce1a9b1d67
9bc019d4d9b1041bb10f625cfb6d45214f1e7122,sink cabinet,high_priority_semantic_front,front,"[0.0,0.0,1.0]",0.2,,pending_asset_front_audit,True,/data/task3_2/share_data/scenesmith/hssd_rendered_assets/9bc019d4d9b1041bb10f625cfb6d45214f1e7122
9dc91eefa1a574dbbe744ee33a1b412f2f85f9bb,sink cabinet,high_priority_semantic_front,front,"[0.0,0.0,1.0]",0.2,,pending_asset_front_audit,True,/data/task3_2/share_data/scenesmith/hssd_rendered_assets/9dc91eefa1a574dbbe744ee33a1b412f2f85f9bb
9f4304ba9f35ca96c16427bbe90a5ae9f53ea985,sink cabinet,high_priority_semantic_front,front,"[0.0,0.0,1.0]",0.2,,pending_asset_front_audit,True,/data/task3_2/share_data/scenesmith/hssd_rendered_assets/9f4304ba9f35ca96c16427bbe90a5ae9f53ea985
a42fa5c6860d9d8e43df42fda817479ab0b31951,sink cabinet,high_priority_semantic_front,front,"[0.0,0.0,1.0]",0.2,,pending_asset_front_audit,True,/data/task3_2/share_data/scenesmith/hssd_rendered_assets/a42fa5c6860d9d8e43df42fda817479ab0b31951
ab9ca298eb045d3a2fa543fcd3c5436273d146b2,sink cabinet,high_priority_semantic_front,front,"[0.0,0.0,1.0]",0.2,,pending_asset_front_audit,True,/data/task3_2/share_data/scenesmith/hssd_rendered_assets/ab9ca298eb045d3a2fa543fcd3c5436273d146b2
ae5bbeab569aed333ee50e683afdbd4d96ec93a6,sink cabinet,high_priority_semantic_front,front,"[0.0,0.0,1.0]",0.2,,pending_asset_front_audit,True,/data/task3_2/share_data/scenesmith/hssd_rendered_assets/ae5bbeab569aed333ee50e683afdbd4d96ec93a6
b00a45d53ade31ca46d432f98426b88b0ac552c8,sink cabinet,high_priority_semantic_front,front,"[0.0,0.0,1.0]",0.2,,pending_asset_front_audit,True,/data/task3_2/share_data/scenesmith/hssd_rendered_assets/b00a45d53ade31ca46d432f98426b88b0ac552c8
b0c0193881ab6e75e9d16e983d21e7c925178d2d,sink cabinet,high_priority_semantic_front,front,"[0.0,0.0,1.0]",0.2,,pending_asset_front_audit,True,/data/task3_2/share_data/scenesmith/hssd_rendered_assets/b0c0193881ab6e75e9d16e983d21e7c925178d2d
b672c86af96ff069503760f15485f4f6f7174eb2,sink cabinet,high_priority_semantic_front,front,"[0.0,0.0,1.0]",0.2,,pending_asset_front_audit,True,/data/task3_2/share_data/scenesmith/hssd_rendered_assets/b672c86af96ff069503760f15485f4f6f7174eb2
c204d5b4284b03f3418de66c856e7c64ba74024d,sink cabinet,high_priority_semantic_front,front,"[0.0,0.0,1.0]",0.2,,pending_asset_front_audit,True,/data/task3_2/share_data/scenesmith/hssd_rendered_assets/c204d5b4284b03f3418de66c856e7c64ba74024d
c6ffbbcdb60a0cf942ce85663aa54754cd760551,sink cabinet,high_priority_semantic_front,front,"[0.0,0.0,1.0]",0.2,,pending_asset_front_audit,True,/data/task3_2/share_data/scenesmith/hssd_rendered_assets/c6ffbbcdb60a0cf942ce85663aa54754cd760551
c85cb53d51c50dedb4d0063ce0f4a168890352b3,sink cabinet,high_priority_semantic_front,front,"[0.0,0.0,1.0]",0.2,,pending_asset_front_audit,True,/data/task3_2/share_data/scenesmith/hssd_rendered_assets/c85cb53d51c50dedb4d0063ce0f4a168890352b3
cece0c7af35159dbcb8c33a084d522d585a8ec3c,sink cabinet,high_priority_semantic_front,front,"[0.0,0.0,1.0]",0.2,,pending_asset_front_audit,True,/data/task3_2/share_data/scenesmith/hssd_rendered_assets/cece0c7af35159dbcb8c33a084d522d585a8ec3c
cf12af67b32e99b6409cb812b29375631ba7d7cf,sink cabinet,high_priority_semantic_front,front,"[0.0,0.0,1.0]",0.2,,pending_asset_front_audit,True,/data/task3_2/share_data/scenesmith/hssd_rendered_assets/cf12af67b32e99b6409cb812b29375631ba7d7cf
d0a90cf190c1fc60f0446c1855ab5e4dcfa51125,sink cabinet,high_priority_semantic_front,front,"[0.0,0.0,1.0]",0.2,,pending_asset_front_audit,True,/data/task3_2/share_data/scenesmith/hssd_rendered_assets/d0a90cf190c1fc60f0446c1855ab5e4dcfa51125
d17e5570249b7ddb8e6bd201144d66f128db8a65,sink cabinet,high_priority_semantic_front,front,"[0.0,0.0,1.0]",0.2,,pending_asset_front_audit,True,/data/task3_2/share_data/scenesmith/hssd_rendered_assets/d17e5570249b7ddb8e6bd201144d66f128db8a65
d1d3542887f4bc9da14060afc1e332c155a0cd48,sink cabinet,high_priority_semantic_front,front,"[0.0,0.0,1.0]",0.2,,pending_asset_front_audit,True,/data/task3_2/share_data/scenesmith/hssd_rendered_assets/d1d3542887f4bc9da14060afc1e332c155a0cd48
d2d44412052fb3c3548694ef5ddbc1433704ceb4,sink cabinet,high_priority_semantic_front,front,"[0.0,0.0,1.0]",0.2,,pending_asset_front_audit,True,/data/task3_2/share_data/scenesmith/hssd_rendered_assets/d2d44412052fb3c3548694ef5ddbc1433704ceb4
d34aca2483aff11d473b2d8f23a3e6a9fbc1ddf9,sink cabinet,high_priority_semantic_front,front,"[0.0,0.0,1.0]",0.2,,pending_asset_front_audit,True,/data/task3_2/share_data/scenesmith/hssd_rendered_assets/d34aca2483aff11d473b2d8f23a3e6a9fbc1ddf9
d4ba31e433421a8ef008208e9b868da12e24a5a5,sink cabinet,high_priority_semantic_front,front,"[0.0,0.0,1.0]",0.2,,pending_asset_front_audit,True,/data/task3_2/share_data/scenesmith/hssd_rendered_assets/d4ba31e433421a8ef008208e9b868da12e24a5a5
d8814a0e0e3935fa2b36aa1af3e5f968d595a49b,sink cabinet,high_priority_semantic_front,front,"[0.0,0.0,1.0]",0.2,,pending_asset_front_audit,True,/data/task3_2/share_data/scenesmith/hssd_rendered_assets/d8814a0e0e3935fa2b36aa1af3e5f968d595a49b
df442f882b2418f21617712b6fd5989cbd8e54a5,sink cabinet,high_priority_semantic_front,front,"[0.0,0.0,1.0]",0.2,,pending_asset_front_audit,True,/data/task3_2/share_data/scenesmith/hssd_rendered_assets/df442f882b2418f21617712b6fd5989cbd8e54a5
e21bdd880d7b2406b24073a9e9097cf825a8c151,sink cabinet,high_priority_semantic_front,front,"[0.0,0.0,1.0]",0.2,,pending_asset_front_audit,True,/data/task3_2/share_data/scenesmith/hssd_rendered_assets/e21bdd880d7b2406b24073a9e9097cf825a8c151
e9c94b4ebe33b33bd4dcb8877169c1333542ca89,sink cabinet,high_priority_semantic_front,front,"[0.0,0.0,1.0]",0.2,,pending_asset_front_audit,True,/data/task3_2/share_data/scenesmith/hssd_rendered_assets/e9c94b4ebe33b33bd4dcb8877169c1333542ca89
eb6a73a8cbd7df887187a2b9fad7fae1e5753d93,sink cabinet,high_priority_semantic_front,front,"[0.0,0.0,1.0]",0.2,,pending_asset_front_audit,True,/data/task3_2/share_data/scenesmith/hssd_rendered_assets/eb6a73a8cbd7df887187a2b9fad7fae1e5753d93
edd29c09710bf64c66065b6d884f573bc48682f5,sink cabinet,high_priority_semantic_front,front,"[0.0,0.0,1.0]",0.2,,pending_asset_front_audit,True,/data/task3_2/share_data/scenesmith/hssd_rendered_assets/edd29c09710bf64c66065b6d884f573bc48682f5
f1de6498f43789e1c27150b3ae1f9b5bfc051775,sink cabinet,high_priority_semantic_front,front,"[0.0,0.0,1.0]",0.2,,pending_asset_front_audit,True,/data/task3_2/share_data/scenesmith/hssd_rendered_assets/f1de6498f43789e1c27150b3ae1f9b5bfc051775
f637f110fbed653b7983d9fc6a6d53795b384461,sink cabinet,high_priority_semantic_front,front,"[0.0,0.0,1.0]",0.2,,pending_asset_front_audit,True,/data/task3_2/share_data/scenesmith/hssd_rendered_assets/f637f110fbed653b7983d9fc6a6d53795b384461
f71c22e2956fcc6e97ace5d6bc9334ddcd1842c1,sink cabinet,high_priority_semantic_front,front,"[0.0,0.0,1.0]",0.2,,pending_asset_front_audit,True,/data/task3_2/share_data/scenesmith/hssd_rendered_assets/f71c22e2956fcc6e97ace5d6bc9334ddcd1842c1
14934faf2cae9e4bdaed5a0586d0a86bd866424c,stove,high_priority_semantic_front,front,"[0.0,0.0,1.0]",0.2,,pending_asset_front_audit,True,/data/task3_2/share_data/scenesmith/hssd_rendered_assets/14934faf2cae9e4bdaed5a0586d0a86bd866424c
20c1f9e918e3f5c28ea4012347c6d76a3745eecc,stove,high_priority_semantic_front,front,"[0.0,0.0,1.0]",0.2,,pending_asset_front_audit,True,/data/task3_2/share_data/scenesmith/hssd_rendered_assets/20c1f9e918e3f5c28ea4012347c6d76a3745eecc
386b1c39b6ef1de85680350733c1211817e492d9,stove,high_priority_semantic_front,front,"[0.0,0.0,1.0]",0.2,,pending_asset_front_audit,True,/data/task3_2/share_data/scenesmith/hssd_rendered_assets/386b1c39b6ef1de85680350733c1211817e492d9
44194f226a2e4a200a4ccdb0a781fec286cd1e8b,stove,high_priority_semantic_front,front,"[0.0,0.0,1.0]",0.2,,pending_asset_front_audit,True,/data/task3_2/share_data/scenesmith/hssd_rendered_assets/44194f226a2e4a200a4ccdb0a781fec286cd1e8b
6eb0231c611b818290fca01590084d93c2278817,stove,high_priority_semantic_front,front,"[0.0,0.0,1.0]",0.2,,pending_asset_front_audit,True,/data/task3_2/share_data/scenesmith/hssd_rendered_assets/6eb0231c611b818290fca01590084d93c2278817
b43af01a2578f09af4017a27d285c642536acb99,stove,high_priority_semantic_front,front,"[0.0,0.0,1.0]",0.2,,pending_asset_front_audit,True,/data/task3_2/share_data/scenesmith/hssd_rendered_assets/b43af01a2578f09af4017a27d285c642536acb99
f722b112aa56dd8a45dcac5a0b93a28576f2fec8,stove,high_priority_semantic_front,front,"[0.0,0.0,1.0]",0.2,,pending_asset_front_audit,True,/data/task3_2/share_data/scenesmith/hssd_rendered_assets/f722b112aa56dd8a45dcac5a0b93a28576f2fec8
0a8b64354743c9e3f3390f5a1bde2a475628dc56,television receiver,high_priority_semantic_front,front,"[0.0,0.0,1.0]",0.2,,pending_asset_front_audit,True,/data/task3_2/share_data/scenesmith/hssd_rendered_assets/0a8b64354743c9e3f3390f5a1bde2a475628dc56
117e9c79dc5035c565047b6a39948e8a565046bd,television receiver,high_priority_semantic_front,front,"[0.0,0.0,1.0]",0.2,,pending_asset_front_audit,True,/data/task3_2/share_data/scenesmith/hssd_rendered_assets/117e9c79dc5035c565047b6a39948e8a565046bd
12ef49da4b0a6272c6bc2bdffc4c34ae381ec4aa,television receiver,high_priority_semantic_front,front,"[0.0,0.0,1.0]",0.2,,pending_asset_front_audit,True,/data/task3_2/share_data/scenesmith/hssd_rendered_assets/12ef49da4b0a6272c6bc2bdffc4c34ae381ec4aa
1efdc3d37dfab1eb9f99117bb84c59003d684811,television receiver,high_priority_semantic_front,front,"[0.0,0.0,1.0]",0.2,,pending_asset_front_audit,True,/data/task3_2/share_data/scenesmith/hssd_rendered_assets/1efdc3d37dfab1eb9f99117bb84c59003d684811
2ba524d7f956907d73f0f9f02c3ae00105902a87,television receiver,high_priority_semantic_front,front,"[0.0,0.0,1.0]",0.2,,pending_asset_front_audit,True,/data/task3_2/share_data/scenesmith/hssd_rendered_assets/2ba524d7f956907d73f0f9f02c3ae00105902a87
354d47ae73383004dfab54a612dc5eb1034f6cc4,television receiver,high_priority_semantic_front,front,"[0.0,0.0,1.0]",0.2,,pending_asset_front_audit,True,/data/task3_2/share_data/scenesmith/hssd_rendered_assets/354d47ae73383004dfab54a612dc5eb1034f6cc4
39351e099ca7bee4667d2ff833ca1e164082ec5b,television receiver,high_priority_semantic_front,front,"[0.0,0.0,1.0]",0.2,,pending_asset_front_audit,True,/data/task3_2/share_data/scenesmith/hssd_rendered_assets/39351e099ca7bee4667d2ff833ca1e164082ec5b
79e9cc908dc9849e841aab094993849f50b468b9,television receiver,high_priority_semantic_front,front,"[0.0,0.0,1.0]",0.2,,pending_asset_front_audit,True,/data/task3_2/share_data/scenesmith/hssd_rendered_assets/79e9cc908dc9849e841aab094993849f50b468b9
7b4c611e578247d01c1c8b7c61bfe17dbc381960,television receiver,high_priority_semantic_front,front,"[0.0,0.0,1.0]",0.2,,pending_asset_front_audit,True,/data/task3_2/share_data/scenesmith/hssd_rendered_assets/7b4c611e578247d01c1c8b7c61bfe17dbc381960
8a23d4dba7ca9708fabac4a582ceeebc06bcf103,television receiver,high_priority_semantic_front,front,"[0.0,0.0,1.0]",0.2,,pending_asset_front_audit,True,/data/task3_2/share_data/scenesmith/hssd_rendered_assets/8a23d4dba7ca9708fabac4a582ceeebc06bcf103
8df77158e63abeb5705a184d351b7c752fb5545d,television receiver,high_priority_semantic_front,front,"[0.0,0.0,1.0]",0.2,,pending_asset_front_audit,True,/data/task3_2/share_data/scenesmith/hssd_rendered_assets/8df77158e63abeb5705a184d351b7c752fb5545d
99a5f505af290fb896dbb6407665336df9fce83a,television receiver,high_priority_semantic_front,front,"[0.0,0.0,1.0]",0.2,,pending_asset_front_audit,True,/data/task3_2/share_data/scenesmith/hssd_rendered_assets/99a5f505af290fb896dbb6407665336df9fce83a
ad044d1b203e3994ab794b2aa8316d57913d4411,television receiver,high_priority_semantic_front,front,"[0.0,0.0,1.0]",0.2,,pending_asset_front_audit,True,/data/task3_2/share_data/scenesmith/hssd_rendered_assets/ad044d1b203e3994ab794b2aa8316d57913d4411
b5cd29d5a8c63e815aa3ce9f8ff2e3539733574e,television receiver,high_priority_semantic_front,front,"[0.0,0.0,1.0]",0.2,,pending_asset_front_audit,True,/data/task3_2/share_data/scenesmith/hssd_rendered_assets/b5cd29d5a8c63e815aa3ce9f8ff2e3539733574e
b65913674020b45fe49ded4553cedffa086fba94,television receiver,high_priority_semantic_front,front,"[0.0,0.0,1.0]",0.2,,pending_asset_front_audit,True,/data/task3_2/share_data/scenesmith/hssd_rendered_assets/b65913674020b45fe49ded4553cedffa086fba94
c02b2f65e90d191abfa3ed44ec9c05141b6462b2,television receiver,high_priority_semantic_front,front,"[0.0,0.0,1.0]",0.2,,pending_asset_front_audit,True,/data/task3_2/share_data/scenesmith/hssd_rendered_assets/c02b2f65e90d191abfa3ed44ec9c05141b6462b2
cbd631b198c3c9fe74533ef037b4249e45d05797,television receiver,high_priority_semantic_front,front,"[0.0,0.0,1.0]",0.2,,pending_asset_front_audit,True,/data/task3_2/share_data/scenesmith/hssd_rendered_assets/cbd631b198c3c9fe74533ef037b4249e45d05797
d3d614a849fe60629ad08cbb757826389fe5f7d5,television receiver,high_priority_semantic_front,front,"[0.0,0.0,1.0]",0.2,,pending_asset_front_audit,True,/data/task3_2/share_data/scenesmith/hssd_rendered_assets/d3d614a849fe60629ad08cbb757826389fe5f7d5
e09e0120a0baf76d04f78798f740919f72f8a3fc,television receiver,high_priority_semantic_front,front,"[0.0,0.0,1.0]",0.2,,pending_asset_front_audit,True,/data/task3_2/share_data/scenesmith/hssd_rendered_assets/e09e0120a0baf76d04f78798f740919f72f8a3fc
e3336af016f47fccf39e1683a8f537fef5efe05d,television receiver,high_priority_semantic_front,front,"[0.0,0.0,1.0]",0.2,,pending_asset_front_audit,True,/data/task3_2/share_data/scenesmith/hssd_rendered_assets/e3336af016f47fccf39e1683a8f537fef5efe05d
f4516669f6211ba19ad3b565caac0f471f781918,television receiver,high_priority_semantic_front,front,"[0.0,0.0,1.0]",0.2,,pending_asset_front_audit,True,/data/task3_2/share_data/scenesmith/hssd_rendered_assets/f4516669f6211ba19ad3b565caac0f471f781918
678f2105923530a1c11ca1b55b9984a329fb8547,toaster oven,high_priority_semantic_front,front,"[0.0,0.0,1.0]",0.2,,pending_asset_front_audit,True,/data/task3_2/share_data/scenesmith/hssd_rendered_assets/678f2105923530a1c11ca1b55b9984a329fb8547
0082238889bd1b4ab20d0f9e3a444f5b61664e3a,toilet,high_priority_semantic_front,front,"[0.0,0.0,1.0]",0.2,,pending_asset_front_audit,True,/data/task3_2/share_data/scenesmith/hssd_rendered_assets/0082238889bd1b4ab20d0f9e3a444f5b61664e3a
0c4ab4d4ccdc801b4093f10a9aa9c0bfd08ab584,toilet,high_priority_semantic_front,front,"[0.0,0.0,1.0]",0.2,,pending_asset_front_audit,True,/data/task3_2/share_data/scenesmith/hssd_rendered_assets/0c4ab4d4ccdc801b4093f10a9aa9c0bfd08ab584
17e3ab9295832bd22e220a7f861580bb5aaeb007,toilet,high_priority_semantic_front,front,"[0.0,0.0,1.0]",0.2,,pending_asset_front_audit,True,/data/task3_2/share_data/scenesmith/hssd_rendered_assets/17e3ab9295832bd22e220a7f861580bb5aaeb007
20efcf0a59e674a60cb79c379bee312cc6575d21,toilet,high_priority_semantic_front,front,"[0.0,0.0,1.0]",0.2,,pending_asset_front_audit,True,/data/task3_2/share_data/scenesmith/hssd_rendered_assets/20efcf0a59e674a60cb79c379bee312cc6575d21
316d7bc87db3c6ee1fdc26601bcda7d18c5110fb,toilet,high_priority_semantic_front,front,"[0.0,0.0,1.0]",0.2,,pending_asset_front_audit,True,/data/task3_2/share_data/scenesmith/hssd_rendered_assets/316d7bc87db3c6ee1fdc26601bcda7d18c5110fb
396629e54e49b23a0165b84f9ffe35900aeb5696,toilet,high_priority_semantic_front,front,"[0.0,0.0,1.0]",0.2,,pending_asset_front_audit,True,/data/task3_2/share_data/scenesmith/hssd_rendered_assets/396629e54e49b23a0165b84f9ffe35900aeb5696
3bd3f3a882da9283719fe1d238ad49d88760d0c3,toilet,high_priority_semantic_front,front,"[0.0,0.0,1.0]",0.2,,pending_asset_front_audit,True,/data/task3_2/share_data/scenesmith/hssd_rendered_assets/3bd3f3a882da9283719fe1d238ad49d88760d0c3
42d6ceaadfba84ab46dc33a39a997398eb0ae95b,toilet,high_priority_semantic_front,front,"[0.0,0.0,1.0]",0.2,,pending_asset_front_audit,True,/data/task3_2/share_data/scenesmith/hssd_rendered_assets/42d6ceaadfba84ab46dc33a39a997398eb0ae95b
573d7dcc478330c40f3b05b9473a2fda1236c3e4,toilet,high_priority_semantic_front,front,"[0.0,0.0,1.0]",0.2,,pending_asset_front_audit,True,/data/task3_2/share_data/scenesmith/hssd_rendered_assets/573d7dcc478330c40f3b05b9473a2fda1236c3e4
5f436be29314cec131bdedaea822e70dcb7a7891,toilet,high_priority_semantic_front,front,"[0.0,0.0,1.0]",0.2,,pending_asset_front_audit,True,/data/task3_2/share_data/scenesmith/hssd_rendered_assets/5f436be29314cec131bdedaea822e70dcb7a7891
65fb1df06768c3ff40cf6cdefaaa91a5482a9f17,toilet,high_priority_semantic_front,front,"[0.0,0.0,1.0]",0.2,,pending_asset_front_audit,True,/data/task3_2/share_data/scenesmith/hssd_rendered_assets/65fb1df06768c3ff40cf6cdefaaa91a5482a9f17
72781e27d443c8e0b5bed1eee2d154e26fc610a5,toilet,high_priority_semantic_front,front,"[0.0,0.0,1.0]",0.2,,pending_asset_front_audit,True,/data/task3_2/share_data/scenesmith/hssd_rendered_assets/72781e27d443c8e0b5bed1eee2d154e26fc610a5
73c44bfa31182cd9d69d6c233e86ae57be29a804,toilet,high_priority_semantic_front,front,"[0.0,0.0,1.0]",0.2,,pending_asset_front_audit,True,/data/task3_2/share_data/scenesmith/hssd_rendered_assets/73c44bfa31182cd9d69d6c233e86ae57be29a804
78a2c3642204a360755a2dbc4de7bac485fcba7a,toilet,high_priority_semantic_front,front,"[0.0,0.0,1.0]",0.2,,pending_asset_front_audit,True,/data/task3_2/share_data/scenesmith/hssd_rendered_assets/78a2c3642204a360755a2dbc4de7bac485fcba7a
7a786f974fe7564df3fda1359c4a6f7f4f2afe61,toilet,high_priority_semantic_front,front,"[0.0,0.0,1.0]",0.2,,pending_asset_front_audit,True,/data/task3_2/share_data/scenesmith/hssd_rendered_assets/7a786f974fe7564df3fda1359c4a6f7f4f2afe61
7bae518d42d8cddc26fd41f47922c14af61fc8b9,toilet,high_priority_semantic_front,front,"[0.0,0.0,1.0]",0.2,,pending_asset_front_audit,True,/data/task3_2/share_data/scenesmith/hssd_rendered_assets/7bae518d42d8cddc26fd41f47922c14af61fc8b9
7ff8c2d48e8d49e2f1504bc83d16ef933cd7163b,toilet,high_priority_semantic_front,front,"[0.0,0.0,1.0]",0.2,,pending_asset_front_audit,True,/data/task3_2/share_data/scenesmith/hssd_rendered_assets/7ff8c2d48e8d49e2f1504bc83d16ef933cd7163b
820c81a74b8e9bd0773af530b9b1c4d7bbea47c2,toilet,high_priority_semantic_front,front,"[0.0,0.0,1.0]",0.2,,pending_asset_front_audit,True,/data/task3_2/share_data/scenesmith/hssd_rendered_assets/820c81a74b8e9bd0773af530b9b1c4d7bbea47c2
95b2d19f6905ef77770360ea05c5cebe646c68fe,toilet,high_priority_semantic_front,front,"[0.0,0.0,1.0]",0.2,,pending_asset_front_audit,True,/data/task3_2/share_data/scenesmith/hssd_rendered_assets/95b2d19f6905ef77770360ea05c5cebe646c68fe
a0b9f0012b24d213c66acbdc7d0998e37f2bfcd5,toilet,high_priority_semantic_front,front,"[0.0,0.0,1.0]",0.2,,pending_asset_front_audit,True,/data/task3_2/share_data/scenesmith/hssd_rendered_assets/a0b9f0012b24d213c66acbdc7d0998e37f2bfcd5
ae6cc79fd4da164cbd2336b08e7b90a6a6bd6b6d,toilet,high_priority_semantic_front,front,"[0.0,0.0,1.0]",0.2,,pending_asset_front_audit,True,/data/task3_2/share_data/scenesmith/hssd_rendered_assets/ae6cc79fd4da164cbd2336b08e7b90a6a6bd6b6d
aea04043b00db219d0de105ec1cbd21354e63fdd,toilet,high_priority_semantic_front,front,"[0.0,0.0,1.0]",0.2,,pending_asset_front_audit,True,/data/task3_2/share_data/scenesmith/hssd_rendered_assets/aea04043b00db219d0de105ec1cbd21354e63fdd
b4c6fe44a6dfdd487725581f57412e1673e1d8e9,toilet,high_priority_semantic_front,front,"[0.0,0.0,1.0]",0.2,,pending_asset_front_audit,True,/data/task3_2/share_data/scenesmith/hssd_rendered_assets/b4c6fe44a6dfdd487725581f57412e1673e1d8e9
bd7fd53f406b213a5f42dd5babaa9d6d1b65c192,toilet,high_priority_semantic_front,front,"[0.0,0.0,1.0]",0.2,,pending_asset_front_audit,True,/data/task3_2/share_data/scenesmith/hssd_rendered_assets/bd7fd53f406b213a5f42dd5babaa9d6d1b65c192
c201642e4710b7d91e18a6742735ee8b5701939b,toilet,high_priority_semantic_front,front,"[0.0,0.0,1.0]",0.2,,pending_asset_front_audit,True,/data/task3_2/share_data/scenesmith/hssd_rendered_assets/c201642e4710b7d91e18a6742735ee8b5701939b
c44c0bcf893a572611c4aac52b4c06d515ddaf69,toilet,high_priority_semantic_front,front,"[0.0,0.0,1.0]",0.2,,pending_asset_front_audit,True,/data/task3_2/share_data/scenesmith/hssd_rendered_assets/c44c0bcf893a572611c4aac52b4c06d515ddaf69
cc75c57d650ebbdbe15542f83666b417d24f9ae4,toilet,high_priority_semantic_front,front,"[0.0,0.0,1.0]",0.2,,pending_asset_front_audit,True,/data/task3_2/share_data/scenesmith/hssd_rendered_assets/cc75c57d650ebbdbe15542f83666b417d24f9ae4
de12508d7a41d6d19cfbea65cdc044c6a1f4d7b6,toilet,high_priority_semantic_front,front,"[0.0,0.0,1.0]",0.2,,pending_asset_front_audit,True,/data/task3_2/share_data/scenesmith/hssd_rendered_assets/de12508d7a41d6d19cfbea65cdc044c6a1f4d7b6
f1b26d26f03db8b784b3fbc0ccdef3bbc080069a,toilet,high_priority_semantic_front,front,"[0.0,0.0,1.0]",0.2,,pending_asset_front_audit,True,/data/task3_2/share_data/scenesmith/hssd_rendered_assets/f1b26d26f03db8b784b3fbc0ccdef3bbc080069a
f2b138146858900bdf089963bf1feef5ea5a60ab,toilet,high_priority_semantic_front,front,"[0.0,0.0,1.0]",0.2,,pending_asset_front_audit,True,/data/task3_2/share_data/scenesmith/hssd_rendered_assets/f2b138146858900bdf089963bf1feef5ea5a60ab
f3975a3b4c00365b22e807ba2ae6a6730d5be736,toilet,high_priority_semantic_front,front,"[0.0,0.0,1.0]",0.2,,pending_asset_front_audit,True,/data/task3_2/share_data/scenesmith/hssd_rendered_assets/f3975a3b4c00365b22e807ba2ae6a6730d5be736
f983ff568379c97ee9dfa7095b02a7688fbf60a4,toilet,high_priority_semantic_front,front,"[0.0,0.0,1.0]",0.2,,pending_asset_front_audit,True,/data/task3_2/share_data/scenesmith/hssd_rendered_assets/f983ff568379c97ee9dfa7095b02a7688fbf60a4
fc321262b774bd9c95c006b57dec5aef6c6b9abb,toilet,high_priority_semantic_front,front,"[0.0,0.0,1.0]",0.2,,pending_asset_front_audit,True,/data/task3_2/share_data/scenesmith/hssd_rendered_assets/fc321262b774bd9c95c006b57dec5aef6c6b9abb
fc3f4092037285fb0d17702b7a3920e2910de0cc,toilet,high_priority_semantic_front,front,"[0.0,0.0,1.0]",0.2,,pending_asset_front_audit,True,/data/task3_2/share_data/scenesmith/hssd_rendered_assets/fc3f4092037285fb0d17702b7a3920e2910de0cc
0039699ff96422d70b73397371664863025d75e8,wall art,high_priority_semantic_front,front,"[0.0,0.0,1.0]",0.2,,pending_asset_front_audit,True,/data/task3_2/share_data/scenesmith/hssd_rendered_assets/0039699ff96422d70b73397371664863025d75e8
0042224f50400c921142bc9777c28823dfc728ab,wall art,high_priority_semantic_front,front,"[0.0,0.0,1.0]",0.2,,pending_asset_front_audit,True,/data/task3_2/share_data/scenesmith/hssd_rendered_assets/0042224f50400c921142bc9777c28823dfc728ab
00770bbb6345e851e425d78c333c4baababf3729,wall art,high_priority_semantic_front,front,"[0.0,0.0,1.0]",0.2,,pending_asset_front_audit,True,/data/task3_2/share_data/scenesmith/hssd_rendered_assets/00770bbb6345e851e425d78c333c4baababf3729
0091ed73925f43dda0dd03d8a71b88ccfa65fbb1,wall art,high_priority_semantic_front,front,"[0.0,0.0,1.0]",0.2,,pending_asset_front_audit,True,/data/task3_2/share_data/scenesmith/hssd_rendered_assets/0091ed73925f43dda0dd03d8a71b88ccfa65fbb1
00a843989a32df31a10bc8129fa6801d768855c5,wall art,high_priority_semantic_front,front,"[0.0,0.0,1.0]",0.2,,pending_asset_front_audit,True,/data/task3_2/share_data/scenesmith/hssd_rendered_assets/00a843989a32df31a10bc8129fa6801d768855c5
00bcbedb6c1552d671d69e1cf51def0fdffebe49,wall art,high_priority_semantic_front,front,"[0.0,0.0,1.0]",0.2,,pending_asset_front_audit,True,/data/task3_2/share_data/scenesmith/hssd_rendered_assets/00bcbedb6c1552d671d69e1cf51def0fdffebe49
013b244fbce89344d7cc19d3eaeb116bb6e3a92d,wall art,high_priority_semantic_front,front,"[0.0,0.0,1.0]",0.2,,pending_asset_front_audit,True,/data/task3_2/share_data/scenesmith/hssd_rendered_assets/013b244fbce89344d7cc19d3eaeb116bb6e3a92d
015ae9b8de4de0be8a2c276c15869fa381923022,wall art,high_priority_semantic_front,front,"[0.0,0.0,1.0]",0.2,,pending_asset_front_audit,True,/data/task3_2/share_data/scenesmith/hssd_rendered_assets/015ae9b8de4de0be8a2c276c15869fa381923022
01f6ebc0ac1fc20a285a56ae5b88110f043298fd,wall art,high_priority_semantic_front,front,"[0.0,0.0,1.0]",0.2,,pending_asset_front_audit,True,/data/task3_2/share_data/scenesmith/hssd_rendered_assets/01f6ebc0ac1fc20a285a56ae5b88110f043298fd
027e92cebd21d094967fa5f266896148e91db402,wall art,high_priority_semantic_front,front,"[0.0,0.0,1.0]",0.2,,pending_asset_front_audit,True,/data/task3_2/share_data/scenesmith/hssd_rendered_assets/027e92cebd21d094967fa5f266896148e91db402
028155e2a19be6e6c2b88461dc31bb45fa26a67b,wall art,high_priority_semantic_front,front,"[0.0,0.0,1.0]",0.2,,pending_asset_front_audit,True,/data/task3_2/share_data/scenesmith/hssd_rendered_assets/028155e2a19be6e6c2b88461dc31bb45fa26a67b
028240450aee55ea1220b83207f76c10990a937d,wall art,high_priority_semantic_front,front,"[0.0,0.0,1.0]",0.2,,pending_asset_front_audit,True,/data/task3_2/share_data/scenesmith/hssd_rendered_assets/028240450aee55ea1220b83207f76c10990a937d
02ca947f287608de3f89a5355b258a2758557497,wall art,high_priority_semantic_front,front,"[0.0,0.0,1.0]",0.2,,pending_asset_front_audit,True,/data/task3_2/share_data/scenesmith/hssd_rendered_assets/02ca947f287608de3f89a5355b258a2758557497
0392ded6c1e6c984011b5cfdd64ebe4e5e90eab6,wall art,high_priority_semantic_front,front,"[0.0,0.0,1.0]",0.2,,pending_asset_front_audit,True,/data/task3_2/share_data/scenesmith/hssd_rendered_assets/0392ded6c1e6c984011b5cfdd64ebe4e5e90eab6
03c446fac08f40245ff475f29116b80f37c6684c,wall art,high_priority_semantic_front,front,"[0.0,0.0,1.0]",0.2,,pending_asset_front_audit,True,/data/task3_2/share_data/scenesmith/hssd_rendered_assets/03c446fac08f40245ff475f29116b80f37c6684c
03db4f1ffb7ef40b11cb080785e9c193c0114f41,wall art,high_priority_semantic_front,front,"[0.0,0.0,1.0]",0.2,,pending_asset_front_audit,True,/data/task3_2/share_data/scenesmith/hssd_rendered_assets/03db4f1ffb7ef40b11cb080785e9c193c0114f41
03ea3b664f0add400809a89ee11d4df65df4581b,wall art,high_priority_semantic_front,front,"[0.0,0.0,1.0]",0.2,,pending_asset_front_audit,True,/data/task3_2/share_data/scenesmith/hssd_rendered_assets/03ea3b664f0add400809a89ee11d4df65df4581b
044cb762363e6784f03f023cf5766ae761906236,wall art,high_priority_semantic_front,front,"[0.0,0.0,1.0]",0.2,,pending_asset_front_audit,True,/data/task3_2/share_data/scenesmith/hssd_rendered_assets/044cb762363e6784f03f023cf5766ae761906236
04549c868bea0d44eb0081b626419440e99a1e68,wall art,high_priority_semantic_front,front,"[0.0,0.0,1.0]",0.2,,pending_asset_front_audit,True,/data/task3_2/share_data/scenesmith/hssd_rendered_assets/04549c868bea0d44eb0081b626419440e99a1e68
049e5873d8721aea3e6b8edc5b6ce941c345e6e1,wall art,high_priority_semantic_front,front,"[0.0,0.0,1.0]",0.2,,pending_asset_front_audit,True,/data/task3_2/share_data/scenesmith/hssd_rendered_assets/049e5873d8721aea3e6b8edc5b6ce941c345e6e1
04cc32d77b9eadaf21a6289fef5879659452f3ae,wall art,high_priority_semantic_front,front,"[0.0,0.0,1.0]",0.2,,pending_asset_front_audit,True,/data/task3_2/share_data/scenesmith/hssd_rendered_assets/04cc32d77b9eadaf21a6289fef5879659452f3ae
04fe4104474c8006de4f015f7f48a2fb018299de,wall art,high_priority_semantic_front,front,"[0.0,0.0,1.0]",0.2,,pending_asset_front_audit,True,/data/task3_2/share_data/scenesmith/hssd_rendered_assets/04fe4104474c8006de4f015f7f48a2fb018299de
05955eaaf0ab689724243e9691d9a0e08609abc7,wall art,high_priority_semantic_front,front,"[0.0,0.0,1.0]",0.2,,pending_asset_front_audit,True,/data/task3_2/share_data/scenesmith/hssd_rendered_assets/05955eaaf0ab689724243e9691d9a0e08609abc7
05e49871b58cc921c0a3be28954cfe30e13d099c,wall art,high_priority_semantic_front,front,"[0.0,0.0,1.0]",0.2,,pending_asset_front_audit,True,/data/task3_2/share_data/scenesmith/hssd_rendered_assets/05e49871b58cc921c0a3be28954cfe30e13d099c
067538530a7ee321728360e23b5f56905eaa56ee,wall art,high_priority_semantic_front,front,"[0.0,0.0,1.0]",0.2,,pending_asset_front_audit,True,/data/task3_2/share_data/scenesmith/hssd_rendered_assets/067538530a7ee321728360e23b5f56905eaa56ee
06c290442dc4c777cc8f21746b733f0f239a6125,wall art,high_priority_semantic_front,front,"[0.0,0.0,1.0]",0.2,,pending_asset_front_audit,True,/data/task3_2/share_data/scenesmith/hssd_rendered_assets/06c290442dc4c777cc8f21746b733f0f239a6125
06e4766bc48a4e2774ca608dedebd040916be00c,wall art,high_priority_semantic_front,front,"[0.0,0.0,1.0]",0.2,,pending_asset_front_audit,True,/data/task3_2/share_data/scenesmith/hssd_rendered_assets/06e4766bc48a4e2774ca608dedebd040916be00c
06f96d142a549b91840a5034e1529f477b97a59c,wall art,high_priority_semantic_front,front,"[0.0,0.0,1.0]",0.2,,pending_asset_front_audit,True,/data/task3_2/share_data/scenesmith/hssd_rendered_assets/06f96d142a549b91840a5034e1529f477b97a59c
070f73f7758948f3f1626ed289524cbf782c3890,wall art,high_priority_semantic_front,front,"[0.0,0.0,1.0]",0.2,,pending_asset_front_audit,True,/data/task3_2/share_data/scenesmith/hssd_rendered_assets/070f73f7758948f3f1626ed289524cbf782c3890
071ee7603153c79e75c60b52933fe42d2ce309b4,wall art,high_priority_semantic_front,front,"[0.0,0.0,1.0]",0.2,,pending_asset_front_audit,True,/data/task3_2/share_data/scenesmith/hssd_rendered_assets/071ee7603153c79e75c60b52933fe42d2ce309b4
07ae49ce30843f0dfbe0a2f412a8c393df87caf0,wall art,high_priority_semantic_front,front,"[0.0,0.0,1.0]",0.2,,pending_asset_front_audit,True,/data/task3_2/share_data/scenesmith/hssd_rendered_assets/07ae49ce30843f0dfbe0a2f412a8c393df87caf0
08863baa27dc6436f877fdf0dcdb0a5343bf4730,wall art,high_priority_semantic_front,front,"[0.0,0.0,1.0]",0.2,,pending_asset_front_audit,True,/data/task3_2/share_data/scenesmith/hssd_rendered_assets/08863baa27dc6436f877fdf0dcdb0a5343bf4730
08c8a78fcddebf8538dc87a80e1784fc5982defd,wall art,high_priority_semantic_front,front,"[0.0,0.0,1.0]",0.2,,pending_asset_front_audit,True,/data/task3_2/share_data/scenesmith/hssd_rendered_assets/08c8a78fcddebf8538dc87a80e1784fc5982defd
08fc501fafd4ce4f52d8507bf28a925bd530f2dc,wall art,high_priority_semantic_front,front,"[0.0,0.0,1.0]",0.2,,pending_asset_front_audit,True,/data/task3_2/share_data/scenesmith/hssd_rendered_assets/08fc501fafd4ce4f52d8507bf28a925bd530f2dc
08fe284164bed4e867ce4856d65c10663bcea74d,wall art,high_priority_semantic_front,front,"[0.0,0.0,1.0]",0.2,,pending_asset_front_audit,True,/data/task3_2/share_data/scenesmith/hssd_rendered_assets/08fe284164bed4e867ce4856d65c10663bcea74d
095296d62f260a7b39e7fa5df93a386807a14511,wall art,high_priority_semantic_front,front,"[0.0,0.0,1.0]",0.2,,pending_asset_front_audit,True,/data/task3_2/share_data/scenesmith/hssd_rendered_assets/095296d62f260a7b39e7fa5df93a386807a14511
095f7eda4e8c3ada16329ccff0aed0820d3f6342,wall art,high_priority_semantic_front,front,"[0.0,0.0,1.0]",0.2,,pending_asset_front_audit,True,/data/task3_2/share_data/scenesmith/hssd_rendered_assets/095f7eda4e8c3ada16329ccff0aed0820d3f6342
096fc0424ed5c90e44243b042a4ca0bc0281aea8,wall art,high_priority_semantic_front,front,"[0.0,0.0,1.0]",0.2,,pending_asset_front_audit,True,/data/task3_2/share_data/scenesmith/hssd_rendered_assets/096fc0424ed5c90e44243b042a4ca0bc0281aea8
09ffda86ae9a6728679537c66b371f27925bfbeb,wall art,high_priority_semantic_front,front,"[0.0,0.0,1.0]",0.2,,pending_asset_front_audit,True,/data/task3_2/share_data/scenesmith/hssd_rendered_assets/09ffda86ae9a6728679537c66b371f27925bfbeb
0a130b2d0a890970998fea651b59d1c35eeb3452,wall art,high_priority_semantic_front,front,"[0.0,0.0,1.0]",0.2,,pending_asset_front_audit,True,/data/task3_2/share_data/scenesmith/hssd_rendered_assets/0a130b2d0a890970998fea651b59d1c35eeb3452
0aa11ddd1ef81da0792a85c6979d657190bcab8e,wall art,high_priority_semantic_front,front,"[0.0,0.0,1.0]",0.2,,pending_asset_front_audit,True,/data/task3_2/share_data/scenesmith/hssd_rendered_assets/0aa11ddd1ef81da0792a85c6979d657190bcab8e
0ab58125eccc46a20f9720233e436536571f9f05,wall art,high_priority_semantic_front,front,"[0.0,0.0,1.0]",0.2,,pending_asset_front_audit,True,/data/task3_2/share_data/scenesmith/hssd_rendered_assets/0ab58125eccc46a20f9720233e436536571f9f05
0ad6a69467ede6757b1b8ab7f1dba0cfeabbcf4c,wall art,high_priority_semantic_front,front,"[0.0,0.0,1.0]",0.2,,pending_asset_front_audit,True,/data/task3_2/share_data/scenesmith/hssd_rendered_assets/0ad6a69467ede6757b1b8ab7f1dba0cfeabbcf4c
0aeaf373287c612147a99985ecb27ff710ec57d4,wall art,high_priority_semantic_front,front,"[0.0,0.0,1.0]",0.2,,pending_asset_front_audit,True,/data/task3_2/share_data/scenesmith/hssd_rendered_assets/0aeaf373287c612147a99985ecb27ff710ec57d4
0aef17830251df8b8bb5cab4fc4b30ed5786f172,wall art,high_priority_semantic_front,front,"[0.0,0.0,1.0]",0.2,,pending_asset_front_audit,True,/data/task3_2/share_data/scenesmith/hssd_rendered_assets/0aef17830251df8b8bb5cab4fc4b30ed5786f172
0b0e6df6479ffd5c48f58de1330e7f2ab1248620,wall art,high_priority_semantic_front,front,"[0.0,0.0,1.0]",0.2,,pending_asset_front_audit,True,/data/task3_2/share_data/scenesmith/hssd_rendered_assets/0b0e6df6479ffd5c48f58de1330e7f2ab1248620
0b42ce8909599f24dd05a085dcfb7f749c20db5c,wall art,high_priority_semantic_front,front,"[0.0,0.0,1.0]",0.2,,pending_asset_front_audit,True,/data/task3_2/share_data/scenesmith/hssd_rendered_assets/0b42ce8909599f24dd05a085dcfb7f749c20db5c
0bc890432bfea51af0c022457ea46bcd1b7676c9,wall art,high_priority_semantic_front,front,"[0.0,0.0,1.0]",0.2,,pending_asset_front_audit,True,/data/task3_2/share_data/scenesmith/hssd_rendered_assets/0bc890432bfea51af0c022457ea46bcd1b7676c9
0bf5571d6131631d24e713440f36916cc7dce230,wall art,high_priority_semantic_front,front,"[0.0,0.0,1.0]",0.2,,pending_asset_front_audit,True,/data/task3_2/share_data/scenesmith/hssd_rendered_assets/0bf5571d6131631d24e713440f36916cc7dce230
0c0c15db32f1374b50ca46bc9fb630b3f88889c3,wall art,high_priority_semantic_front,front,"[0.0,0.0,1.0]",0.2,,pending_asset_front_audit,True,/data/task3_2/share_data/scenesmith/hssd_rendered_assets/0c0c15db32f1374b50ca46bc9fb630b3f88889c3
0c18079884d51666ac73071c4e94e7c9de3abed3,wall art,high_priority_semantic_front,front,"[0.0,0.0,1.0]",0.2,,pending_asset_front_audit,True,/data/task3_2/share_data/scenesmith/hssd_rendered_assets/0c18079884d51666ac73071c4e94e7c9de3abed3
0c39e0217104d96c43bd9533e85d4d9c7ec2bb56,wall art,high_priority_semantic_front,front,"[0.0,0.0,1.0]",0.2,,pending_asset_front_audit,True,/data/task3_2/share_data/scenesmith/hssd_rendered_assets/0c39e0217104d96c43bd9533e85d4d9c7ec2bb56
0c6c917840b1019f090e9c1b967008cc4b192d98,wall art,high_priority_semantic_front,front,"[0.0,0.0,1.0]",0.2,,pending_asset_front_audit,True,/data/task3_2/share_data/scenesmith/hssd_rendered_assets/0c6c917840b1019f090e9c1b967008cc4b192d98
0cb88cb81a140cd771c4557a7e42ab61489016a9,wall art,high_priority_semantic_front,front,"[0.0,0.0,1.0]",0.2,,pending_asset_front_audit,True,/data/task3_2/share_data/scenesmith/hssd_rendered_assets/0cb88cb81a140cd771c4557a7e42ab61489016a9
0ce38f147afb8fb8694feadbdd5603acef7b0e84,wall art,high_priority_semantic_front,front,"[0.0,0.0,1.0]",0.2,,pending_asset_front_audit,True,/data/task3_2/share_data/scenesmith/hssd_rendered_assets/0ce38f147afb8fb8694feadbdd5603acef7b0e84
0d576b440d7941bfc2e755b88bf9bfaace311467,wall art,high_priority_semantic_front,front,"[0.0,0.0,1.0]",0.2,,pending_asset_front_audit,True,/data/task3_2/share_data/scenesmith/hssd_rendered_assets/0d576b440d7941bfc2e755b88bf9bfaace311467
0d5abfdfe72cd6ace336a1b25a024853d1ac31d2,wall art,high_priority_semantic_front,front,"[0.0,0.0,1.0]",0.2,,pending_asset_front_audit,True,/data/task3_2/share_data/scenesmith/hssd_rendered_assets/0d5abfdfe72cd6ace336a1b25a024853d1ac31d2
0d7951316202c83ad6ee9b5a7f0ff62869fdd0d8,wall art,high_priority_semantic_front,front,"[0.0,0.0,1.0]",0.2,,pending_asset_front_audit,True,/data/task3_2/share_data/scenesmith/hssd_rendered_assets/0d7951316202c83ad6ee9b5a7f0ff62869fdd0d8
0d8016443521d40b9752cb92a71e3627494fb1ad,wall art,high_priority_semantic_front,front,"[0.0,0.0,1.0]",0.2,,pending_asset_front_audit,True,/data/task3_2/share_data/scenesmith/hssd_rendered_assets/0d8016443521d40b9752cb92a71e3627494fb1ad
0da0759b69f00765024019db285a1a1dcbc2ee1c,wall art,high_priority_semantic_front,front,"[0.0,0.0,1.0]",0.2,,pending_asset_front_audit,True,/data/task3_2/share_data/scenesmith/hssd_rendered_assets/0da0759b69f00765024019db285a1a1dcbc2ee1c
0da47b2398c9e8239480621b54a8494e48b33040,wall art,high_priority_semantic_front,front,"[0.0,0.0,1.0]",0.2,,pending_asset_front_audit,True,/data/task3_2/share_data/scenesmith/hssd_rendered_assets/0da47b2398c9e8239480621b54a8494e48b33040
0db1eb6432dbe509762c2a492333c83822d9df13,wall art,high_priority_semantic_front,front,"[0.0,0.0,1.0]",0.2,,pending_asset_front_audit,True,/data/task3_2/share_data/scenesmith/hssd_rendered_assets/0db1eb6432dbe509762c2a492333c83822d9df13
0dc60e97617b1ac6c0093a5ea79ae8aa594e0690,wall art,high_priority_semantic_front,front,"[0.0,0.0,1.0]",0.2,,pending_asset_front_audit,True,/data/task3_2/share_data/scenesmith/hssd_rendered_assets/0dc60e97617b1ac6c0093a5ea79ae8aa594e0690
0e1f68766b13404266745eb67c0c3a55d1be43c4,wall art,high_priority_semantic_front,front,"[0.0,0.0,1.0]",0.2,,pending_asset_front_audit,True,/data/task3_2/share_data/scenesmith/hssd_rendered_assets/0e1f68766b13404266745eb67c0c3a55d1be43c4
0e527293333d0296925d7dcb2ff72352b05ce31a,wall art,high_priority_semantic_front,front,"[0.0,0.0,1.0]",0.2,,pending_asset_front_audit,True,/data/task3_2/share_data/scenesmith/hssd_rendered_assets/0e527293333d0296925d7dcb2ff72352b05ce31a
0e6d1bba3c34481baf366ad1bc8c77dd740e1a62,wall art,high_priority_semantic_front,front,"[0.0,0.0,1.0]",0.2,,pending_asset_front_audit,True,/data/task3_2/share_data/scenesmith/hssd_rendered_assets/0e6d1bba3c34481baf366ad1bc8c77dd740e1a62
0e82d4841e55f975c3eb0b0208473cd0c113216e,wall art,high_priority_semantic_front,front,"[0.0,0.0,1.0]",0.2,,pending_asset_front_audit,True,/data/task3_2/share_data/scenesmith/hssd_rendered_assets/0e82d4841e55f975c3eb0b0208473cd0c113216e
0ee2ceb86228c71a127917c2893523bfc549789b,wall art,high_priority_semantic_front,front,"[0.0,0.0,1.0]",0.2,,pending_asset_front_audit,True,/data/task3_2/share_data/scenesmith/hssd_rendered_assets/0ee2ceb86228c71a127917c2893523bfc549789b
0f183cc85b454cdd83a3616b48711ef8df363d28,wall art,high_priority_semantic_front,front,"[0.0,0.0,1.0]",0.2,,pending_asset_front_audit,True,/data/task3_2/share_data/scenesmith/hssd_rendered_assets/0f183cc85b454cdd83a3616b48711ef8df363d28
0f7a798499792d2d32a39a87ebabfa57c00ba48e,wall art,high_priority_semantic_front,front,"[0.0,0.0,1.0]",0.2,,pending_asset_front_audit,True,/data/task3_2/share_data/scenesmith/hssd_rendered_assets/0f7a798499792d2d32a39a87ebabfa57c00ba48e
0fabdc71189a458edf4c16a6e595f7fe8685d447,wall art,high_priority_semantic_front,front,"[0.0,0.0,1.0]",0.2,,pending_asset_front_audit,True,/data/task3_2/share_data/scenesmith/hssd_rendered_assets/0fabdc71189a458edf4c16a6e595f7fe8685d447
0fcec06eb4c190734e06c21dd272ca9057a70cd9,wall art,high_priority_semantic_front,front,"[0.0,0.0,1.0]",0.2,,pending_asset_front_audit,True,/data/task3_2/share_data/scenesmith/hssd_rendered_assets/0fcec06eb4c190734e06c21dd272ca9057a70cd9
101c7ea9da9817e1631e16c04da80c426617b0fc,wall art,high_priority_semantic_front,front,"[0.0,0.0,1.0]",0.2,,pending_asset_front_audit,True,/data/task3_2/share_data/scenesmith/hssd_rendered_assets/101c7ea9da9817e1631e16c04da80c426617b0fc
10408e668eb2c95844f0669dbacca7e344c37f53,wall art,high_priority_semantic_front,front,"[0.0,0.0,1.0]",0.2,,pending_asset_front_audit,True,/data/task3_2/share_data/scenesmith/hssd_rendered_assets/10408e668eb2c95844f0669dbacca7e344c37f53
1048faa1045d11d5113ae105781076478a38bbf6,wall art,high_priority_semantic_front,front,"[0.0,0.0,1.0]",0.2,,pending_asset_front_audit,True,/data/task3_2/share_data/scenesmith/hssd_rendered_assets/1048faa1045d11d5113ae105781076478a38bbf6
107b95a36ee015115b16bdf38934b3ef2df94452,wall art,high_priority_semantic_front,front,"[0.0,0.0,1.0]",0.2,,pending_asset_front_audit,True,/data/task3_2/share_data/scenesmith/hssd_rendered_assets/107b95a36ee015115b16bdf38934b3ef2df94452
10b77f9deb712ba4107f39e3a61aa400e736e3a7,wall art,high_priority_semantic_front,front,"[0.0,0.0,1.0]",0.2,,pending_asset_front_audit,True,/data/task3_2/share_data/scenesmith/hssd_rendered_assets/10b77f9deb712ba4107f39e3a61aa400e736e3a7
11211dc11ea1804a99c30328526d9242d3f7bca6,wall art,high_priority_semantic_front,front,"[0.0,0.0,1.0]",0.2,,pending_asset_front_audit,True,/data/task3_2/share_data/scenesmith/hssd_rendered_assets/11211dc11ea1804a99c30328526d9242d3f7bca6
112b681d0c53149ae4ac3a48cc865bcac6f3342a,wall art,high_priority_semantic_front,front,"[0.0,0.0,1.0]",0.2,,pending_asset_front_audit,True,/data/task3_2/share_data/scenesmith/hssd_rendered_assets/112b681d0c53149ae4ac3a48cc865bcac6f3342a
114420158589b129d8c8cec72c5287c4f9d4be42,wall art,high_priority_semantic_front,front,"[0.0,0.0,1.0]",0.2,,pending_asset_front_audit,True,/data/task3_2/share_data/scenesmith/hssd_rendered_assets/114420158589b129d8c8cec72c5287c4f9d4be42
114d407f5ac7829551cda3ba0796f23b32d2fdc3,wall art,high_priority_semantic_front,front,"[0.0,0.0,1.0]",0.2,,pending_asset_front_audit,True,/data/task3_2/share_data/scenesmith/hssd_rendered_assets/114d407f5ac7829551cda3ba0796f23b32d2fdc3
116cb370fa811f28af6559ff1fc2448489e4541f,wall art,high_priority_semantic_front,front,"[0.0,0.0,1.0]",0.2,,pending_asset_front_audit,True,/data/task3_2/share_data/scenesmith/hssd_rendered_assets/116cb370fa811f28af6559ff1fc2448489e4541f
1180f8900f3662736b62967a7de52756c8f22e6e,wall art,high_priority_semantic_front,front,"[0.0,0.0,1.0]",0.2,,pending_asset_front_audit,True,/data/task3_2/share_data/scenesmith/hssd_rendered_assets/1180f8900f3662736b62967a7de52756c8f22e6e
1191bfc8500055539bcc6058ab0433f17abbd3dd,wall art,high_priority_semantic_front,front,"[0.0,0.0,1.0]",0.2,,pending_asset_front_audit,True,/data/task3_2/share_data/scenesmith/hssd_rendered_assets/1191bfc8500055539bcc6058ab0433f17abbd3dd
1222455e401b98c377eebfb17f359fa5b682e9f6,wall art,high_priority_semantic_front,front,"[0.0,0.0,1.0]",0.2,,pending_asset_front_audit,True,/data/task3_2/share_data/scenesmith/hssd_rendered_assets/1222455e401b98c377eebfb17f359fa5b682e9f6
128c8d8dfa72c702a9f6faacee8cd7fffadd1b62,wall art,high_priority_semantic_front,front,"[0.0,0.0,1.0]",0.2,,pending_asset_front_audit,True,/data/task3_2/share_data/scenesmith/hssd_rendered_assets/128c8d8dfa72c702a9f6faacee8cd7fffadd1b62
12b7aa79f1c8fbdf69de9b5922dda3b9586c84b7,wall art,high_priority_semantic_front,front,"[0.0,0.0,1.0]",0.2,,pending_asset_front_audit,True,/data/task3_2/share_data/scenesmith/hssd_rendered_assets/12b7aa79f1c8fbdf69de9b5922dda3b9586c84b7
133630faa4a434475d9ab07a3bcffb331c9f97e3,wall art,high_priority_semantic_front,front,"[0.0,0.0,1.0]",0.2,,pending_asset_front_audit,True,/data/task3_2/share_data/scenesmith/hssd_rendered_assets/133630faa4a434475d9ab07a3bcffb331c9f97e3
134af5bbd297391d029c56e7819958574dd823a6,wall art,high_priority_semantic_front,front,"[0.0,0.0,1.0]",0.2,,pending_asset_front_audit,True,/data/task3_2/share_data/scenesmith/hssd_rendered_assets/134af5bbd297391d029c56e7819958574dd823a6
13c59b483a68b2a5749ec3a85e0c2f94485f06c5,wall art,high_priority_semantic_front,front,"[0.0,0.0,1.0]",0.2,,pending_asset_front_audit,True,/data/task3_2/share_data/scenesmith/hssd_rendered_assets/13c59b483a68b2a5749ec3a85e0c2f94485f06c5
142ce732ee1182836ecc42830d89362c66f8df94,wall art,high_priority_semantic_front,front,"[0.0,0.0,1.0]",0.2,,pending_asset_front_audit,True,/data/task3_2/share_data/scenesmith/hssd_rendered_assets/142ce732ee1182836ecc42830d89362c66f8df94
1461928cfa837a8a0f1115034e364b0dd8a11570,wall art,high_priority_semantic_front,front,"[0.0,0.0,1.0]",0.2,,pending_asset_front_audit,True,/data/task3_2/share_data/scenesmith/hssd_rendered_assets/1461928cfa837a8a0f1115034e364b0dd8a11570
1480f37810b55eb9a862a4b2453cc975d2839327,wall art,high_priority_semantic_front,front,"[0.0,0.0,1.0]",0.2,,pending_asset_front_audit,True,/data/task3_2/share_data/scenesmith/hssd_rendered_assets/1480f37810b55eb9a862a4b2453cc975d2839327
14a80e8ae7210886c4ca10cfa30fca3805d6c082,wall art,high_priority_semantic_front,front,"[0.0,0.0,1.0]",0.2,,pending_asset_front_audit,True,/data/task3_2/share_data/scenesmith/hssd_rendered_assets/14a80e8ae7210886c4ca10cfa30fca3805d6c082
15e49a5f07b3886e5cbcd89575a24544af73b868,wall art,high_priority_semantic_front,front,"[0.0,0.0,1.0]",0.2,,pending_asset_front_audit,True,/data/task3_2/share_data/scenesmith/hssd_rendered_assets/15e49a5f07b3886e5cbcd89575a24544af73b868
162b4675701b317ca762188567f7d5c672e70f84,wall art,high_priority_semantic_front,front,"[0.0,0.0,1.0]",0.2,,pending_asset_front_audit,True,/data/task3_2/share_data/scenesmith/hssd_rendered_assets/162b4675701b317ca762188567f7d5c672e70f84
166d9fdd78f4d38341368ff029b040a9f177968a,wall art,high_priority_semantic_front,front,"[0.0,0.0,1.0]",0.2,,pending_asset_front_audit,True,/data/task3_2/share_data/scenesmith/hssd_rendered_assets/166d9fdd78f4d38341368ff029b040a9f177968a
168f411e465aa38b119161823d180e0fb278b430,wall art,high_priority_semantic_front,front,"[0.0,0.0,1.0]",0.2,,pending_asset_front_audit,True,/data/task3_2/share_data/scenesmith/hssd_rendered_assets/168f411e465aa38b119161823d180e0fb278b430
16a340287e719f8d74a688937636a6dfce46d1c8,wall art,high_priority_semantic_front,front,"[0.0,0.0,1.0]",0.2,,pending_asset_front_audit,True,/data/task3_2/share_data/scenesmith/hssd_rendered_assets/16a340287e719f8d74a688937636a6dfce46d1c8
16dd3daef1063f7a85d7fba7fc0a25b8b2146802,wall art,high_priority_semantic_front,front,"[0.0,0.0,1.0]",0.2,,pending_asset_front_audit,True,/data/task3_2/share_data/scenesmith/hssd_rendered_assets/16dd3daef1063f7a85d7fba7fc0a25b8b2146802
1720b30ec70192981ee46cd391df2ae8ca6d8421,wall art,high_priority_semantic_front,front,"[0.0,0.0,1.0]",0.2,,pending_asset_front_audit,True,/data/task3_2/share_data/scenesmith/hssd_rendered_assets/1720b30ec70192981ee46cd391df2ae8ca6d8421
1762e0824bb0281453ac1af4800990b8fca7dc26,wall art,high_priority_semantic_front,front,"[0.0,0.0,1.0]",0.2,,pending_asset_front_audit,True,/data/task3_2/share_data/scenesmith/hssd_rendered_assets/1762e0824bb0281453ac1af4800990b8fca7dc26
17ae065b2cc45c98e470fe2610bdfb508985a965,wall art,high_priority_semantic_front,front,"[0.0,0.0,1.0]",0.2,,pending_asset_front_audit,True,/data/task3_2/share_data/scenesmith/hssd_rendered_assets/17ae065b2cc45c98e470fe2610bdfb508985a965
17d6133dab9e575e9e2e204a4275aee6876fa65e,wall art,high_priority_semantic_front,front,"[0.0,0.0,1.0]",0.2,,pending_asset_front_audit,True,/data/task3_2/share_data/scenesmith/hssd_rendered_assets/17d6133dab9e575e9e2e204a4275aee6876fa65e
17d794589c8a8f9ea1eec282ef041dfb6f2ebd46,wall art,high_priority_semantic_front,front,"[0.0,0.0,1.0]",0.2,,pending_asset_front_audit,True,/data/task3_2/share_data/scenesmith/hssd_rendered_assets/17d794589c8a8f9ea1eec282ef041dfb6f2ebd46
17ddb4738090f1d3f93d45865fcfaa2cae376d3f,wall art,high_priority_semantic_front,front,"[0.0,0.0,1.0]",0.2,,pending_asset_front_audit,True,/data/task3_2/share_data/scenesmith/hssd_rendered_assets/17ddb4738090f1d3f93d45865fcfaa2cae376d3f
17e2507eea68af93028d916febbb454000034538,wall art,high_priority_semantic_front,front,"[0.0,0.0,1.0]",0.2,,pending_asset_front_audit,True,/data/task3_2/share_data/scenesmith/hssd_rendered_assets/17e2507eea68af93028d916febbb454000034538
18639a5758617511f14c82073dde0030a53c62f9,wall art,high_priority_semantic_front,front,"[0.0,0.0,1.0]",0.2,,pending_asset_front_audit,True,/data/task3_2/share_data/scenesmith/hssd_rendered_assets/18639a5758617511f14c82073dde0030a53c62f9
186e6bb9df1eacbdcc725b52e49b9cd8ddc6afdd,wall art,high_priority_semantic_front,front,"[0.0,0.0,1.0]",0.2,,pending_asset_front_audit,True,/data/task3_2/share_data/scenesmith/hssd_rendered_assets/186e6bb9df1eacbdcc725b52e49b9cd8ddc6afdd
189c4deccb4c8f936ba9ae9dc14c719f19fee2ba,wall art,high_priority_semantic_front,front,"[0.0,0.0,1.0]",0.2,,pending_asset_front_audit,True,/data/task3_2/share_data/scenesmith/hssd_rendered_assets/189c4deccb4c8f936ba9ae9dc14c719f19fee2ba
18a5ab4d9f66855d5fcf59051ec83820a4a49f14,wall art,high_priority_semantic_front,front,"[0.0,0.0,1.0]",0.2,,pending_asset_front_audit,True,/data/task3_2/share_data/scenesmith/hssd_rendered_assets/18a5ab4d9f66855d5fcf59051ec83820a4a49f14
18d33c5c5df8b177bab1b8d8673ff67e58de0bb8,wall art,high_priority_semantic_front,front,"[0.0,0.0,1.0]",0.2,,pending_asset_front_audit,True,/data/task3_2/share_data/scenesmith/hssd_rendered_assets/18d33c5c5df8b177bab1b8d8673ff67e58de0bb8
1912c271d943514ac9df576d2661f763f8a2ec49,wall art,high_priority_semantic_front,front,"[0.0,0.0,1.0]",0.2,,pending_asset_front_audit,True,/data/task3_2/share_data/scenesmith/hssd_rendered_assets/1912c271d943514ac9df576d2661f763f8a2ec49
1937e3b483709d9daeb484909ae1a006f180ead2,wall art,high_priority_semantic_front,front,"[0.0,0.0,1.0]",0.2,,pending_asset_front_audit,True,/data/task3_2/share_data/scenesmith/hssd_rendered_assets/1937e3b483709d9daeb484909ae1a006f180ead2
195d3263dd9198d356a0a4759e0f0fab21ebdd53,wall art,high_priority_semantic_front,front,"[0.0,0.0,1.0]",0.2,,pending_asset_front_audit,True,/data/task3_2/share_data/scenesmith/hssd_rendered_assets/195d3263dd9198d356a0a4759e0f0fab21ebdd53
198fc645c6af2f5a04060569dfd2d1f86ea449bf,wall art,high_priority_semantic_front,front,"[0.0,0.0,1.0]",0.2,,pending_asset_front_audit,True,/data/task3_2/share_data/scenesmith/hssd_rendered_assets/198fc645c6af2f5a04060569dfd2d1f86ea449bf
19ff8cf0a77b67a87ba9959cfc39212a9c9dfc72,wall art,high_priority_semantic_front,front,"[0.0,0.0,1.0]",0.2,,pending_asset_front_audit,True,/data/task3_2/share_data/scenesmith/hssd_rendered_assets/19ff8cf0a77b67a87ba9959cfc39212a9c9dfc72
1ae6aaf53efcc4d2369b730696bbb0967291533a,wall art,high_priority_semantic_front,front,"[0.0,0.0,1.0]",0.2,,pending_asset_front_audit,True,/data/task3_2/share_data/scenesmith/hssd_rendered_assets/1ae6aaf53efcc4d2369b730696bbb0967291533a
1ae8c4f6788085660e6aa356365e434b1c988d4d,wall art,high_priority_semantic_front,front,"[0.0,0.0,1.0]",0.2,,pending_asset_front_audit,True,/data/task3_2/share_data/scenesmith/hssd_rendered_assets/1ae8c4f6788085660e6aa356365e434b1c988d4d
1b08c08513ae90ca235d9a51a9ce8cc174ae5c2c,wall art,high_priority_semantic_front,front,"[0.0,0.0,1.0]",0.2,,pending_asset_front_audit,True,/data/task3_2/share_data/scenesmith/hssd_rendered_assets/1b08c08513ae90ca235d9a51a9ce8cc174ae5c2c
1b52e8cc672a1273dc0e0ebf73c38235a5cb6a29,wall art,high_priority_semantic_front,front,"[0.0,0.0,1.0]",0.2,,pending_asset_front_audit,True,/data/task3_2/share_data/scenesmith/hssd_rendered_assets/1b52e8cc672a1273dc0e0ebf73c38235a5cb6a29
1b54beca073eb39b2b8b4787e966cee3abb62f8d,wall art,high_priority_semantic_front,front,"[0.0,0.0,1.0]",0.2,,pending_asset_front_audit,True,/data/task3_2/share_data/scenesmith/hssd_rendered_assets/1b54beca073eb39b2b8b4787e966cee3abb62f8d
1b56b976aad19793f95dece0541b75380b422dc7,wall art,high_priority_semantic_front,front,"[0.0,0.0,1.0]",0.2,,pending_asset_front_audit,True,/data/task3_2/share_data/scenesmith/hssd_rendered_assets/1b56b976aad19793f95dece0541b75380b422dc7
1b99c5e2becf01d236f7321c0772ff1e60990260,wall art,high_priority_semantic_front,front,"[0.0,0.0,1.0]",0.2,,pending_asset_front_audit,True,/data/task3_2/share_data/scenesmith/hssd_rendered_assets/1b99c5e2becf01d236f7321c0772ff1e60990260
1ba2636c1bb5059bcddfbf12939ee974c077a98d,wall art,high_priority_semantic_front,front,"[0.0,0.0,1.0]",0.2,,pending_asset_front_audit,True,/data/task3_2/share_data/scenesmith/hssd_rendered_assets/1ba2636c1bb5059bcddfbf12939ee974c077a98d
1bc9a87b437fc8122da6544293940445299cc518,wall art,high_priority_semantic_front,front,"[0.0,0.0,1.0]",0.2,,pending_asset_front_audit,True,/data/task3_2/share_data/scenesmith/hssd_rendered_assets/1bc9a87b437fc8122da6544293940445299cc518
1bdbc41434c66d5533b29f79cebd1d29367221e4,wall art,high_priority_semantic_front,front,"[0.0,0.0,1.0]",0.2,,pending_asset_front_audit,True,/data/task3_2/share_data/scenesmith/hssd_rendered_assets/1bdbc41434c66d5533b29f79cebd1d29367221e4
1c2afebceeea2451ae9ce949c0b19399f5f0742e,wall art,high_priority_semantic_front,front,"[0.0,0.0,1.0]",0.2,,pending_asset_front_audit,True,/data/task3_2/share_data/scenesmith/hssd_rendered_assets/1c2afebceeea2451ae9ce949c0b19399f5f0742e
1c4c0b1326a1fd104c43cdc9887696daf6154be3,wall art,high_priority_semantic_front,front,"[0.0,0.0,1.0]",0.2,,pending_asset_front_audit,True,/data/task3_2/share_data/scenesmith/hssd_rendered_assets/1c4c0b1326a1fd104c43cdc9887696daf6154be3
1caaf72120003042457feff269ca894d240ce7a2,wall art,high_priority_semantic_front,front,"[0.0,0.0,1.0]",0.2,,pending_asset_front_audit,True,/data/task3_2/share_data/scenesmith/hssd_rendered_assets/1caaf72120003042457feff269ca894d240ce7a2
1cc7eb2d3474383e2c74bd8b65e966408f14471d,wall art,high_priority_semantic_front,front,"[0.0,0.0,1.0]",0.2,,pending_asset_front_audit,True,/data/task3_2/share_data/scenesmith/hssd_rendered_assets/1cc7eb2d3474383e2c74bd8b65e966408f14471d
1cc80590ed1037197f74cd8c2b66069a7cd350a0,wall art,high_priority_semantic_front,front,"[0.0,0.0,1.0]",0.2,,pending_asset_front_audit,True,/data/task3_2/share_data/scenesmith/hssd_rendered_assets/1cc80590ed1037197f74cd8c2b66069a7cd350a0
1d4c791bc456612a6f05f777196608e08d907178,wall art,high_priority_semantic_front,front,"[0.0,0.0,1.0]",0.2,,pending_asset_front_audit,True,/data/task3_2/share_data/scenesmith/hssd_rendered_assets/1d4c791bc456612a6f05f777196608e08d907178
1d63758f789dc3ff2d87488182910ddf31345799,wall art,high_priority_semantic_front,front,"[0.0,0.0,1.0]",0.2,,pending_asset_front_audit,True,/data/task3_2/share_data/scenesmith/hssd_rendered_assets/1d63758f789dc3ff2d87488182910ddf31345799
1dee6bc9f29f4ce251d2f4008cd46740c65a9d51,wall art,high_priority_semantic_front,front,"[0.0,0.0,1.0]",0.2,,pending_asset_front_audit,True,/data/task3_2/share_data/scenesmith/hssd_rendered_assets/1dee6bc9f29f4ce251d2f4008cd46740c65a9d51
1df0b67524a2a46ba5655a6d401406f1271f675f,wall art,high_priority_semantic_front,front,"[0.0,0.0,1.0]",0.2,,pending_asset_front_audit,True,/data/task3_2/share_data/scenesmith/hssd_rendered_assets/1df0b67524a2a46ba5655a6d401406f1271f675f
1df891ae36f07eee49dd4555dad0e9b80e9f0255,wall art,high_priority_semantic_front,front,"[0.0,0.0,1.0]",0.2,,pending_asset_front_audit,True,/data/task3_2/share_data/scenesmith/hssd_rendered_assets/1df891ae36f07eee49dd4555dad0e9b80e9f0255
1e02ccacd49650831c151c5b4bfe5ab3928c5323,wall art,high_priority_semantic_front,front,"[0.0,0.0,1.0]",0.2,,pending_asset_front_audit,True,/data/task3_2/share_data/scenesmith/hssd_rendered_assets/1e02ccacd49650831c151c5b4bfe5ab3928c5323
1f2e2502feadd989b0e9a03c5e7eda0aac253f0c,wall art,high_priority_semantic_front,front,"[0.0,0.0,1.0]",0.2,,pending_asset_front_audit,True,/data/task3_2/share_data/scenesmith/hssd_rendered_assets/1f2e2502feadd989b0e9a03c5e7eda0aac253f0c
1ff8117e1a03198882455c8f8131d01450749eac,wall art,high_priority_semantic_front,front,"[0.0,0.0,1.0]",0.2,,pending_asset_front_audit,True,/data/task3_2/share_data/scenesmith/hssd_rendered_assets/1ff8117e1a03198882455c8f8131d01450749eac
201606bee197e205567d4e885433cc2928645e19,wall art,high_priority_semantic_front,front,"[0.0,0.0,1.0]",0.2,,pending_asset_front_audit,True,/data/task3_2/share_data/scenesmith/hssd_rendered_assets/201606bee197e205567d4e885433cc2928645e19
2078764b285f747699564bbc56b239d9d58fd931,wall art,high_priority_semantic_front,front,"[0.0,0.0,1.0]",0.2,,pending_asset_front_audit,True,/data/task3_2/share_data/scenesmith/hssd_rendered_assets/2078764b285f747699564bbc56b239d9d58fd931
207ad235b4ced3d1a59fefd287eb4c1310eea46b,wall art,high_priority_semantic_front,front,"[0.0,0.0,1.0]",0.2,,pending_asset_front_audit,True,/data/task3_2/share_data/scenesmith/hssd_rendered_assets/207ad235b4ced3d1a59fefd287eb4c1310eea46b
207b2bc6aeba9e7592feb3625fdcbe5b41413ac9,wall art,high_priority_semantic_front,front,"[0.0,0.0,1.0]",0.2,,pending_asset_front_audit,True,/data/task3_2/share_data/scenesmith/hssd_rendered_assets/207b2bc6aeba9e7592feb3625fdcbe5b41413ac9
20af5e18cc65ec1537972cf28ba2bed7f4936c81,wall art,high_priority_semantic_front,front,"[0.0,0.0,1.0]",0.2,,pending_asset_front_audit,True,/data/task3_2/share_data/scenesmith/hssd_rendered_assets/20af5e18cc65ec1537972cf28ba2bed7f4936c81
2145eaf562c16b125babed75ec4c07a0ff5b9b0c,wall art,high_priority_semantic_front,front,"[0.0,0.0,1.0]",0.2,,pending_asset_front_audit,True,/data/task3_2/share_data/scenesmith/hssd_rendered_assets/2145eaf562c16b125babed75ec4c07a0ff5b9b0c
2170efbb02be07ae1887612e8bc07dc5b724a1e7,wall art,high_priority_semantic_front,front,"[0.0,0.0,1.0]",0.2,,pending_asset_front_audit,True,/data/task3_2/share_data/scenesmith/hssd_rendered_assets/2170efbb02be07ae1887612e8bc07dc5b724a1e7
21bc7c9fb2a48745edacbf91f375bbcb1d67f1a8,wall art,high_priority_semantic_front,front,"[0.0,0.0,1.0]",0.2,,pending_asset_front_audit,True,/data/task3_2/share_data/scenesmith/hssd_rendered_assets/21bc7c9fb2a48745edacbf91f375bbcb1d67f1a8
226dac43c104a726a1dfb42696c24a51c7c4656d,wall art,high_priority_semantic_front,front,"[0.0,0.0,1.0]",0.2,,pending_asset_front_audit,True,/data/task3_2/share_data/scenesmith/hssd_rendered_assets/226dac43c104a726a1dfb42696c24a51c7c4656d
231cd9a2b33983f841a7f502543a0d7f0573d958,wall art,high_priority_semantic_front,front,"[0.0,0.0,1.0]",0.2,,pending_asset_front_audit,True,/data/task3_2/share_data/scenesmith/hssd_rendered_assets/231cd9a2b33983f841a7f502543a0d7f0573d958
23a6c12d8f7b79a735d43e98791a24941a001eb2,wall art,high_priority_semantic_front,front,"[0.0,0.0,1.0]",0.2,,pending_asset_front_audit,True,/data/task3_2/share_data/scenesmith/hssd_rendered_assets/23a6c12d8f7b79a735d43e98791a24941a001eb2
23e3ccff0f0824717aa216360bc99ca7401f4f99,wall art,high_priority_semantic_front,front,"[0.0,0.0,1.0]",0.2,,pending_asset_front_audit,True,/data/task3_2/share_data/scenesmith/hssd_rendered_assets/23e3ccff0f0824717aa216360bc99ca7401f4f99
241262e786480b330ac795c3a0182f372c890574,wall art,high_priority_semantic_front,front,"[0.0,0.0,1.0]",0.2,,pending_asset_front_audit,True,/data/task3_2/share_data/scenesmith/hssd_rendered_assets/241262e786480b330ac795c3a0182f372c890574
24180fb3c6a10e89d17744eabd9c034f08a4d850,wall art,high_priority_semantic_front,front,"[0.0,0.0,1.0]",0.2,,pending_asset_front_audit,True,/data/task3_2/share_data/scenesmith/hssd_rendered_assets/24180fb3c6a10e89d17744eabd9c034f08a4d850
243ac5fe74cc8d66973e785706f9dbd10eb917a7,wall art,high_priority_semantic_front,front,"[0.0,0.0,1.0]",0.2,,pending_asset_front_audit,True,/data/task3_2/share_data/scenesmith/hssd_rendered_assets/243ac5fe74cc8d66973e785706f9dbd10eb917a7
24691a70286061754283f51db154df4c259279cc,wall art,high_priority_semantic_front,front,"[0.0,0.0,1.0]",0.2,,pending_asset_front_audit,True,/data/task3_2/share_data/scenesmith/hssd_rendered_assets/24691a70286061754283f51db154df4c259279cc
247a1aadc2327d7c0f7d6cc5626046b083f3e84a,wall art,high_priority_semantic_front,front,"[0.0,0.0,1.0]",0.2,,pending_asset_front_audit,True,/data/task3_2/share_data/scenesmith/hssd_rendered_assets/247a1aadc2327d7c0f7d6cc5626046b083f3e84a
248f35694948c4b0f0e1b29c35306292fa92f1ec,wall art,high_priority_semantic_front,front,"[0.0,0.0,1.0]",0.2,,pending_asset_front_audit,True,/data/task3_2/share_data/scenesmith/hssd_rendered_assets/248f35694948c4b0f0e1b29c35306292fa92f1ec
2500232ac94847f7a9bab9e993b66b5fd1f29f89,wall art,high_priority_semantic_front,front,"[0.0,0.0,1.0]",0.2,,pending_asset_front_audit,True,/data/task3_2/share_data/scenesmith/hssd_rendered_assets/2500232ac94847f7a9bab9e993b66b5fd1f29f89
25191a5733b9ea1c952cfbe303a39c55b886e8a9,wall art,high_priority_semantic_front,front,"[0.0,0.0,1.0]",0.2,,pending_asset_front_audit,True,/data/task3_2/share_data/scenesmith/hssd_rendered_assets/25191a5733b9ea1c952cfbe303a39c55b886e8a9
252b879e718c497b390d810014e2398000ba4b04,wall art,high_priority_semantic_front,front,"[0.0,0.0,1.0]",0.2,,pending_asset_front_audit,True,/data/task3_2/share_data/scenesmith/hssd_rendered_assets/252b879e718c497b390d810014e2398000ba4b04
25a23a4c4b5776237c913094a74959474a792b6e,wall art,high_priority_semantic_front,front,"[0.0,0.0,1.0]",0.2,,pending_asset_front_audit,True,/data/task3_2/share_data/scenesmith/hssd_rendered_assets/25a23a4c4b5776237c913094a74959474a792b6e
25fbdefeb72a69c89ab374c5c4c3dd897930b966,wall art,high_priority_semantic_front,front,"[0.0,0.0,1.0]",0.2,,pending_asset_front_audit,True,/data/task3_2/share_data/scenesmith/hssd_rendered_assets/25fbdefeb72a69c89ab374c5c4c3dd897930b966
2643407f181713e695a03a5c64d975aad44fd1bf,wall art,high_priority_semantic_front,front,"[0.0,0.0,1.0]",0.2,,pending_asset_front_audit,True,/data/task3_2/share_data/scenesmith/hssd_rendered_assets/2643407f181713e695a03a5c64d975aad44fd1bf
266d651c9d95fdd5a91ccc57d2307db389adc4d7,wall art,high_priority_semantic_front,front,"[0.0,0.0,1.0]",0.2,,pending_asset_front_audit,True,/data/task3_2/share_data/scenesmith/hssd_rendered_assets/266d651c9d95fdd5a91ccc57d2307db389adc4d7
26a76b60101ffe3fda929b39ab9969826b8b47ee,wall art,high_priority_semantic_front,front,"[0.0,0.0,1.0]",0.2,,pending_asset_front_audit,True,/data/task3_2/share_data/scenesmith/hssd_rendered_assets/26a76b60101ffe3fda929b39ab9969826b8b47ee
26aff274b80deb205a59dce1a717a4b37199bc15,wall art,high_priority_semantic_front,front,"[0.0,0.0,1.0]",0.2,,pending_asset_front_audit,True,/data/task3_2/share_data/scenesmith/hssd_rendered_assets/26aff274b80deb205a59dce1a717a4b37199bc15
26dcf95ab84ca558a39163e8d4843edd19a7e47c,wall art,high_priority_semantic_front,front,"[0.0,0.0,1.0]",0.2,,pending_asset_front_audit,True,/data/task3_2/share_data/scenesmith/hssd_rendered_assets/26dcf95ab84ca558a39163e8d4843edd19a7e47c
26fa1e1a678eba85d3c6781cf2859092f0bc234b,wall art,high_priority_semantic_front,front,"[0.0,0.0,1.0]",0.2,,pending_asset_front_audit,True,/data/task3_2/share_data/scenesmith/hssd_rendered_assets/26fa1e1a678eba85d3c6781cf2859092f0bc234b
27307e89c01096ae9baab3e8d2e6bc741729454d,wall art,high_priority_semantic_front,front,"[0.0,0.0,1.0]",0.2,,pending_asset_front_audit,True,/data/task3_2/share_data/scenesmith/hssd_rendered_assets/27307e89c01096ae9baab3e8d2e6bc741729454d
274a32947f73286797cc993a26f25d1cb8d3fe4f,wall art,high_priority_semantic_front,front,"[0.0,0.0,1.0]",0.2,,pending_asset_front_audit,True,/data/task3_2/share_data/scenesmith/hssd_rendered_assets/274a32947f73286797cc993a26f25d1cb8d3fe4f
27c33e69a0222bc1650b052ca3b234f04c477cc6,wall art,high_priority_semantic_front,front,"[0.0,0.0,1.0]",0.2,,pending_asset_front_audit,True,/data/task3_2/share_data/scenesmith/hssd_rendered_assets/27c33e69a0222bc1650b052ca3b234f04c477cc6
27cac8dd084e7f196a424a393e2db6df3ee45bc6,wall art,high_priority_semantic_front,front,"[0.0,0.0,1.0]",0.2,,pending_asset_front_audit,True,/data/task3_2/share_data/scenesmith/hssd_rendered_assets/27cac8dd084e7f196a424a393e2db6df3ee45bc6
27f973b35f779ebe5bc95b8ccefb3f31acf57d15,wall art,high_priority_semantic_front,front,"[0.0,0.0,1.0]",0.2,,pending_asset_front_audit,True,/data/task3_2/share_data/scenesmith/hssd_rendered_assets/27f973b35f779ebe5bc95b8ccefb3f31acf57d15
27ff503c46d785405a00d4b86b55e72c3c5151a9,wall art,high_priority_semantic_front,front,"[0.0,0.0,1.0]",0.2,,pending_asset_front_audit,True,/data/task3_2/share_data/scenesmith/hssd_rendered_assets/27ff503c46d785405a00d4b86b55e72c3c5151a9
28a42afbf637250648a77cdcdf85ee43ec65430e,wall art,high_priority_semantic_front,front,"[0.0,0.0,1.0]",0.2,,pending_asset_front_audit,True,/data/task3_2/share_data/scenesmith/hssd_rendered_assets/28a42afbf637250648a77cdcdf85ee43ec65430e
28b3edffa821d7dd4b349d6f861801b8a669c80c,wall art,high_priority_semantic_front,front,"[0.0,0.0,1.0]",0.2,,pending_asset_front_audit,True,/data/task3_2/share_data/scenesmith/hssd_rendered_assets/28b3edffa821d7dd4b349d6f861801b8a669c80c
28b6abf7a45c50eeec9fbbfc3733a8b43d51d6b2,wall art,high_priority_semantic_front,front,"[0.0,0.0,1.0]",0.2,,pending_asset_front_audit,True,/data/task3_2/share_data/scenesmith/hssd_rendered_assets/28b6abf7a45c50eeec9fbbfc3733a8b43d51d6b2
2903d3148d1f76f139323ed93b1c9a8ac1fb8c12,wall art,high_priority_semantic_front,front,"[0.0,0.0,1.0]",0.2,,pending_asset_front_audit,True,/data/task3_2/share_data/scenesmith/hssd_rendered_assets/2903d3148d1f76f139323ed93b1c9a8ac1fb8c12
291a49f3fd1bfdb2a89951bf84db03a02b2958de,wall art,high_priority_semantic_front,front,"[0.0,0.0,1.0]",0.2,,pending_asset_front_audit,True,/data/task3_2/share_data/scenesmith/hssd_rendered_assets/291a49f3fd1bfdb2a89951bf84db03a02b2958de
291a700265cd52812c1dba27bf1567bb6a6394c6,wall art,high_priority_semantic_front,front,"[0.0,0.0,1.0]",0.2,,pending_asset_front_audit,True,/data/task3_2/share_data/scenesmith/hssd_rendered_assets/291a700265cd52812c1dba27bf1567bb6a6394c6
2968e945d53f6e496a3b670ab652f9324cb3eb1b,wall art,high_priority_semantic_front,front,"[0.0,0.0,1.0]",0.2,,pending_asset_front_audit,True,/data/task3_2/share_data/scenesmith/hssd_rendered_assets/2968e945d53f6e496a3b670ab652f9324cb3eb1b
296b4995adb6963ca5d4f96f5f57a2990f302223,wall art,high_priority_semantic_front,front,"[0.0,0.0,1.0]",0.2,,pending_asset_front_audit,True,/data/task3_2/share_data/scenesmith/hssd_rendered_assets/296b4995adb6963ca5d4f96f5f57a2990f302223
29fc1988a30e65e30c87fa0f0d10b0525b368db5,wall art,high_priority_semantic_front,front,"[0.0,0.0,1.0]",0.2,,pending_asset_front_audit,True,/data/task3_2/share_data/scenesmith/hssd_rendered_assets/29fc1988a30e65e30c87fa0f0d10b0525b368db5
2a1e170b20e50380602e9f5feb67259ca8c49e15,wall art,high_priority_semantic_front,front,"[0.0,0.0,1.0]",0.2,,pending_asset_front_audit,True,/data/task3_2/share_data/scenesmith/hssd_rendered_assets/2a1e170b20e50380602e9f5feb67259ca8c49e15
2a3cdb0da2f902130b71e8870c165db8d2c3faec,wall art,high_priority_semantic_front,front,"[0.0,0.0,1.0]",0.2,,pending_asset_front_audit,True,/data/task3_2/share_data/scenesmith/hssd_rendered_assets/2a3cdb0da2f902130b71e8870c165db8d2c3faec
2a42ad50e25953d1f56c6dea99bb2085d8bc4216,wall art,high_priority_semantic_front,front,"[0.0,0.0,1.0]",0.2,,pending_asset_front_audit,True,/data/task3_2/share_data/scenesmith/hssd_rendered_assets/2a42ad50e25953d1f56c6dea99bb2085d8bc4216
2ac482df99d6108ee1d33e4d1c8bcec4b7dfa169,wall art,high_priority_semantic_front,front,"[0.0,0.0,1.0]",0.2,,pending_asset_front_audit,True,/data/task3_2/share_data/scenesmith/hssd_rendered_assets/2ac482df99d6108ee1d33e4d1c8bcec4b7dfa169
2aec13eb84fb93992cc5f2c713cfe1819df678c6,wall art,high_priority_semantic_front,front,"[0.0,0.0,1.0]",0.2,,pending_asset_front_audit,True,/data/task3_2/share_data/scenesmith/hssd_rendered_assets/2aec13eb84fb93992cc5f2c713cfe1819df678c6
2b4628b37c2a2d6f732c268188c65daf86b16dc6,wall art,high_priority_semantic_front,front,"[0.0,0.0,1.0]",0.2,,pending_asset_front_audit,True,/data/task3_2/share_data/scenesmith/hssd_rendered_assets/2b4628b37c2a2d6f732c268188c65daf86b16dc6
2b54eedde60d311599e833173ef0757ea4931ef9,wall art,high_priority_semantic_front,front,"[0.0,0.0,1.0]",0.2,,pending_asset_front_audit,True,/data/task3_2/share_data/scenesmith/hssd_rendered_assets/2b54eedde60d311599e833173ef0757ea4931ef9
2c4bc5b4afebaf03548b211cd5f637c262ae96d1,wall art,high_priority_semantic_front,front,"[0.0,0.0,1.0]",0.2,,pending_asset_front_audit,True,/data/task3_2/share_data/scenesmith/hssd_rendered_assets/2c4bc5b4afebaf03548b211cd5f637c262ae96d1
2c7dc44607fb19c2e16312434256f20eb460f21c,wall art,high_priority_semantic_front,front,"[0.0,0.0,1.0]",0.2,,pending_asset_front_audit,True,/data/task3_2/share_data/scenesmith/hssd_rendered_assets/2c7dc44607fb19c2e16312434256f20eb460f21c
2cb375dc30e908a6e4b6545976ad71d2586d6807,wall art,high_priority_semantic_front,front,"[0.0,0.0,1.0]",0.2,,pending_asset_front_audit,True,/data/task3_2/share_data/scenesmith/hssd_rendered_assets/2cb375dc30e908a6e4b6545976ad71d2586d6807
2cefafb6aa2c2473fc3097c59429c5634a84a474,wall art,high_priority_semantic_front,front,"[0.0,0.0,1.0]",0.2,,pending_asset_front_audit,True,/data/task3_2/share_data/scenesmith/hssd_rendered_assets/2cefafb6aa2c2473fc3097c59429c5634a84a474
2cf94f94a551dbe0811cfb06b50395cc1abbb137,wall art,high_priority_semantic_front,front,"[0.0,0.0,1.0]",0.2,,pending_asset_front_audit,True,/data/task3_2/share_data/scenesmith/hssd_rendered_assets/2cf94f94a551dbe0811cfb06b50395cc1abbb137
2cfd823ec1ebdd3a3361cc093b6b109cf1c08d85,wall art,high_priority_semantic_front,front,"[0.0,0.0,1.0]",0.2,,pending_asset_front_audit,True,/data/task3_2/share_data/scenesmith/hssd_rendered_assets/2cfd823ec1ebdd3a3361cc093b6b109cf1c08d85
2d12d770c8e8c8b18ef7d3dee860bfb9a9dcb78c,wall art,high_priority_semantic_front,front,"[0.0,0.0,1.0]",0.2,,pending_asset_front_audit,True,/data/task3_2/share_data/scenesmith/hssd_rendered_assets/2d12d770c8e8c8b18ef7d3dee860bfb9a9dcb78c
2d84f0102a05a257a741c901a160c257e65183be,wall art,high_priority_semantic_front,front,"[0.0,0.0,1.0]",0.2,,pending_asset_front_audit,True,/data/task3_2/share_data/scenesmith/hssd_rendered_assets/2d84f0102a05a257a741c901a160c257e65183be
2d88453601c4516c2d2c8b6187dbdd97a1323f99,wall art,high_priority_semantic_front,front,"[0.0,0.0,1.0]",0.2,,pending_asset_front_audit,True,/data/task3_2/share_data/scenesmith/hssd_rendered_assets/2d88453601c4516c2d2c8b6187dbdd97a1323f99
2e1ad662823a47cc345a21da6a953dd5bf4f33e0,wall art,high_priority_semantic_front,front,"[0.0,0.0,1.0]",0.2,,pending_asset_front_audit,True,/data/task3_2/share_data/scenesmith/hssd_rendered_assets/2e1ad662823a47cc345a21da6a953dd5bf4f33e0
2e235a8f8b57208d0276f64df2b9d8d6e92b396d,wall art,high_priority_semantic_front,front,"[0.0,0.0,1.0]",0.2,,pending_asset_front_audit,True,/data/task3_2/share_data/scenesmith/hssd_rendered_assets/2e235a8f8b57208d0276f64df2b9d8d6e92b396d
2e3b5cb88080b617f6bc4416361c966be69dc564,wall art,high_priority_semantic_front,front,"[0.0,0.0,1.0]",0.2,,pending_asset_front_audit,True,/data/task3_2/share_data/scenesmith/hssd_rendered_assets/2e3b5cb88080b617f6bc4416361c966be69dc564
2ec881a86f89c61f5a82bb381c491e88689cd892,wall art,high_priority_semantic_front,front,"[0.0,0.0,1.0]",0.2,,pending_asset_front_audit,True,/data/task3_2/share_data/scenesmith/hssd_rendered_assets/2ec881a86f89c61f5a82bb381c491e88689cd892
2fb166ae425eabf093f3b7b3d37c2c8a9b13835f,wall art,high_priority_semantic_front,front,"[0.0,0.0,1.0]",0.2,,pending_asset_front_audit,True,/data/task3_2/share_data/scenesmith/hssd_rendered_assets/2fb166ae425eabf093f3b7b3d37c2c8a9b13835f
2fbb595428c0d986132a23f89575830e460fd504,wall art,high_priority_semantic_front,front,"[0.0,0.0,1.0]",0.2,,pending_asset_front_audit,True,/data/task3_2/share_data/scenesmith/hssd_rendered_assets/2fbb595428c0d986132a23f89575830e460fd504
2ffa44fc56c781dc03f76935cdca1704313699af,wall art,high_priority_semantic_front,front,"[0.0,0.0,1.0]",0.2,,pending_asset_front_audit,True,/data/task3_2/share_data/scenesmith/hssd_rendered_assets/2ffa44fc56c781dc03f76935cdca1704313699af
300bde36e2d7e475bd14855c9a1510c07935bd34,wall art,high_priority_semantic_front,front,"[0.0,0.0,1.0]",0.2,,pending_asset_front_audit,True,/data/task3_2/share_data/scenesmith/hssd_rendered_assets/300bde36e2d7e475bd14855c9a1510c07935bd34
30169ffca25bfe6398dc267a124f09a975531f66,wall art,high_priority_semantic_front,front,"[0.0,0.0,1.0]",0.2,,pending_asset_front_audit,True,/data/task3_2/share_data/scenesmith/hssd_rendered_assets/30169ffca25bfe6398dc267a124f09a975531f66
301c9cadfb89c5548b3806ba950ec4218886dac5,wall art,high_priority_semantic_front,front,"[0.0,0.0,1.0]",0.2,,pending_asset_front_audit,True,/data/task3_2/share_data/scenesmith/hssd_rendered_assets/301c9cadfb89c5548b3806ba950ec4218886dac5
304d36bee411538acf4ddb8a5000e42e9de19eaf,wall art,high_priority_semantic_front,front,"[0.0,0.0,1.0]",0.2,,pending_asset_front_audit,True,/data/task3_2/share_data/scenesmith/hssd_rendered_assets/304d36bee411538acf4ddb8a5000e42e9de19eaf
307582fe35abbd39fb19c150eb10066975b56c26,wall art,high_priority_semantic_front,front,"[0.0,0.0,1.0]",0.2,,pending_asset_front_audit,True,/data/task3_2/share_data/scenesmith/hssd_rendered_assets/307582fe35abbd39fb19c150eb10066975b56c26
3089904bad728020d70db7b2fcff5ff7e5235695,wall art,high_priority_semantic_front,front,"[0.0,0.0,1.0]",0.2,,pending_asset_front_audit,True,/data/task3_2/share_data/scenesmith/hssd_rendered_assets/3089904bad728020d70db7b2fcff5ff7e5235695
30c4253bab18c4d1e31a693c4b1107777fde1831,wall art,high_priority_semantic_front,front,"[0.0,0.0,1.0]",0.2,,pending_asset_front_audit,True,/data/task3_2/share_data/scenesmith/hssd_rendered_assets/30c4253bab18c4d1e31a693c4b1107777fde1831
30cce9765fca2797aff64b04b46127d6a695bc29,wall art,high_priority_semantic_front,front,"[0.0,0.0,1.0]",0.2,,pending_asset_front_audit,True,/data/task3_2/share_data/scenesmith/hssd_rendered_assets/30cce9765fca2797aff64b04b46127d6a695bc29
30cfe8ff3c64e13ec821d571031ff323bb73c8a6,wall art,high_priority_semantic_front,front,"[0.0,0.0,1.0]",0.2,,pending_asset_front_audit,True,/data/task3_2/share_data/scenesmith/hssd_rendered_assets/30cfe8ff3c64e13ec821d571031ff323bb73c8a6
31a02a4d3581b3b9f7841697fb80ee933932cf79,wall art,high_priority_semantic_front,front,"[0.0,0.0,1.0]",0.2,,pending_asset_front_audit,True,/data/task3_2/share_data/scenesmith/hssd_rendered_assets/31a02a4d3581b3b9f7841697fb80ee933932cf79
31a4624a5d93f2f4c098c9bd0723aa5136487bfa,wall art,high_priority_semantic_front,front,"[0.0,0.0,1.0]",0.2,,pending_asset_front_audit,True,/data/task3_2/share_data/scenesmith/hssd_rendered_assets/31a4624a5d93f2f4c098c9bd0723aa5136487bfa
31bfe73177f1a0769e0c3b82938e78025f0c329e,wall art,high_priority_semantic_front,front,"[0.0,0.0,1.0]",0.2,,pending_asset_front_audit,True,/data/task3_2/share_data/scenesmith/hssd_rendered_assets/31bfe73177f1a0769e0c3b82938e78025f0c329e
320a457988d8a21f5a83e019ceab20f57c4fc3e8,wall art,high_priority_semantic_front,front,"[0.0,0.0,1.0]",0.2,,pending_asset_front_audit,True,/data/task3_2/share_data/scenesmith/hssd_rendered_assets/320a457988d8a21f5a83e019ceab20f57c4fc3e8
3248e003a06811e76a9743e72979924b2b9c9373,wall art,high_priority_semantic_front,front,"[0.0,0.0,1.0]",0.2,,pending_asset_front_audit,True,/data/task3_2/share_data/scenesmith/hssd_rendered_assets/3248e003a06811e76a9743e72979924b2b9c9373
325b25695c4e419b51b1d286ef9b9d5e84955e5f,wall art,high_priority_semantic_front,front,"[0.0,0.0,1.0]",0.2,,pending_asset_front_audit,True,/data/task3_2/share_data/scenesmith/hssd_rendered_assets/325b25695c4e419b51b1d286ef9b9d5e84955e5f
32a0a1818c04208ac457579c89c2276f2f7f85a4,wall art,high_priority_semantic_front,front,"[0.0,0.0,1.0]",0.2,,pending_asset_front_audit,True,/data/task3_2/share_data/scenesmith/hssd_rendered_assets/32a0a1818c04208ac457579c89c2276f2f7f85a4
3382815f0be7a896402110bbefda2e802653704c,wall art,high_priority_semantic_front,front,"[0.0,0.0,1.0]",0.2,,pending_asset_front_audit,True,/data/task3_2/share_data/scenesmith/hssd_rendered_assets/3382815f0be7a896402110bbefda2e802653704c
33a6369dae33e185e745a936387a51c1e3c29092,wall art,high_priority_semantic_front,front,"[0.0,0.0,1.0]",0.2,,pending_asset_front_audit,True,/data/task3_2/share_data/scenesmith/hssd_rendered_assets/33a6369dae33e185e745a936387a51c1e3c29092
33c2aee6f2c96a81c8b9d6f2e47d7dffc39407d0,wall art,high_priority_semantic_front,front,"[0.0,0.0,1.0]",0.2,,pending_asset_front_audit,True,/data/task3_2/share_data/scenesmith/hssd_rendered_assets/33c2aee6f2c96a81c8b9d6f2e47d7dffc39407d0
33db2a34d62e1e686f72a5cb0b071b2734d2e3b0,wall art,high_priority_semantic_front,front,"[0.0,0.0,1.0]",0.2,,pending_asset_front_audit,True,/data/task3_2/share_data/scenesmith/hssd_rendered_assets/33db2a34d62e1e686f72a5cb0b071b2734d2e3b0
33f6ec08767e11d7dc6d51d2b3cb5d60b43c17b1,wall art,high_priority_semantic_front,front,"[0.0,0.0,1.0]",0.2,,pending_asset_front_audit,True,/data/task3_2/share_data/scenesmith/hssd_rendered_assets/33f6ec08767e11d7dc6d51d2b3cb5d60b43c17b1
33fea23cefb0bd6fe3a8c94cc19c048cea102c32,wall art,high_priority_semantic_front,front,"[0.0,0.0,1.0]",0.2,,pending_asset_front_audit,True,/data/task3_2/share_data/scenesmith/hssd_rendered_assets/33fea23cefb0bd6fe3a8c94cc19c048cea102c32
34292497a33f039dd556b550e0766a63928f8e58,wall art,high_priority_semantic_front,front,"[0.0,0.0,1.0]",0.2,,pending_asset_front_audit,True,/data/task3_2/share_data/scenesmith/hssd_rendered_assets/34292497a33f039dd556b550e0766a63928f8e58
350034066bbcf45be173c944c82f71f0a3b69f77,wall art,high_priority_semantic_front,front,"[0.0,0.0,1.0]",0.2,,pending_asset_front_audit,True,/data/task3_2/share_data/scenesmith/hssd_rendered_assets/350034066bbcf45be173c944c82f71f0a3b69f77
3527d3169b11efa3dc2edc39a47c14ef08656778,wall art,high_priority_semantic_front,front,"[0.0,0.0,1.0]",0.2,,pending_asset_front_audit,True,/data/task3_2/share_data/scenesmith/hssd_rendered_assets/3527d3169b11efa3dc2edc39a47c14ef08656778
355dd08cf44cd2d54394f8ddbae499564aba1e8b,wall art,high_priority_semantic_front,front,"[0.0,0.0,1.0]",0.2,,pending_asset_front_audit,True,/data/task3_2/share_data/scenesmith/hssd_rendered_assets/355dd08cf44cd2d54394f8ddbae499564aba1e8b
35c2b24521e612d93a41a65e403d86ff7f1e3c9b,wall art,high_priority_semantic_front,front,"[0.0,0.0,1.0]",0.2,,pending_asset_front_audit,True,/data/task3_2/share_data/scenesmith/hssd_rendered_assets/35c2b24521e612d93a41a65e403d86ff7f1e3c9b
3686480e047d1ba6aba585eba28d81867bfb4e2a,wall art,high_priority_semantic_front,front,"[0.0,0.0,1.0]",0.2,,pending_asset_front_audit,True,/data/task3_2/share_data/scenesmith/hssd_rendered_assets/3686480e047d1ba6aba585eba28d81867bfb4e2a
36b65cd988a55c9fdd7f0747d225f79624b96f75,wall art,high_priority_semantic_front,front,"[0.0,0.0,1.0]",0.2,,pending_asset_front_audit,True,/data/task3_2/share_data/scenesmith/hssd_rendered_assets/36b65cd988a55c9fdd7f0747d225f79624b96f75
36d3f1ae2c6833b85c029780e44ab8b70269446e,wall art,high_priority_semantic_front,front,"[0.0,0.0,1.0]",0.2,,pending_asset_front_audit,True,/data/task3_2/share_data/scenesmith/hssd_rendered_assets/36d3f1ae2c6833b85c029780e44ab8b70269446e
36def4dd118b2513c1c4153a5160263f191dcbb0,wall art,high_priority_semantic_front,front,"[0.0,0.0,1.0]",0.2,,pending_asset_front_audit,True,/data/task3_2/share_data/scenesmith/hssd_rendered_assets/36def4dd118b2513c1c4153a5160263f191dcbb0
36f63f5cfcb14459733a5253de92b8298814e0ee,wall art,high_priority_semantic_front,front,"[0.0,0.0,1.0]",0.2,,pending_asset_front_audit,True,/data/task3_2/share_data/scenesmith/hssd_rendered_assets/36f63f5cfcb14459733a5253de92b8298814e0ee
37567baed0ce23edf99b74a7ded7d6f163f7c6ed,wall art,high_priority_semantic_front,front,"[0.0,0.0,1.0]",0.2,,pending_asset_front_audit,True,/data/task3_2/share_data/scenesmith/hssd_rendered_assets/37567baed0ce23edf99b74a7ded7d6f163f7c6ed
3771316962563144faeda957e3349d794ca8b4d0,wall art,high_priority_semantic_front,front,"[0.0,0.0,1.0]",0.2,,pending_asset_front_audit,True,/data/task3_2/share_data/scenesmith/hssd_rendered_assets/3771316962563144faeda957e3349d794ca8b4d0
3814b56b6dfaa31419b5c3120bb842a9aea3177e,wall art,high_priority_semantic_front,front,"[0.0,0.0,1.0]",0.2,,pending_asset_front_audit,True,/data/task3_2/share_data/scenesmith/hssd_rendered_assets/3814b56b6dfaa31419b5c3120bb842a9aea3177e
3897af564168953eedff5c040579e9756218d3a0,wall art,high_priority_semantic_front,front,"[0.0,0.0,1.0]",0.2,,pending_asset_front_audit,True,/data/task3_2/share_data/scenesmith/hssd_rendered_assets/3897af564168953eedff5c040579e9756218d3a0
38c242ef8464df611699216ace838e048aed5c56,wall art,high_priority_semantic_front,front,"[0.0,0.0,1.0]",0.2,,pending_asset_front_audit,True,/data/task3_2/share_data/scenesmith/hssd_rendered_assets/38c242ef8464df611699216ace838e048aed5c56
391d2ee543c5766b33c163411dcf9fe35d37f3ca,wall art,high_priority_semantic_front,front,"[0.0,0.0,1.0]",0.2,,pending_asset_front_audit,True,/data/task3_2/share_data/scenesmith/hssd_rendered_assets/391d2ee543c5766b33c163411dcf9fe35d37f3ca
3959f46fe4a088891d360bfedee7c63587a51cb1,wall art,high_priority_semantic_front,front,"[0.0,0.0,1.0]",0.2,,pending_asset_front_audit,True,/data/task3_2/share_data/scenesmith/hssd_rendered_assets/3959f46fe4a088891d360bfedee7c63587a51cb1
3973367f338ac121444d856c28f5a76bb286bba8,wall art,high_priority_semantic_front,front,"[0.0,0.0,1.0]",0.2,,pending_asset_front_audit,True,/data/task3_2/share_data/scenesmith/hssd_rendered_assets/3973367f338ac121444d856c28f5a76bb286bba8
3986517548ad9be742888c6ea632f1848a19ee9c,wall art,high_priority_semantic_front,front,"[0.0,0.0,1.0]",0.2,,pending_asset_front_audit,True,/data/task3_2/share_data/scenesmith/hssd_rendered_assets/3986517548ad9be742888c6ea632f1848a19ee9c
39a7a6f4ca8607709f45550603cb3b09f7cf9a8c,wall art,high_priority_semantic_front,front,"[0.0,0.0,1.0]",0.2,,pending_asset_front_audit,True,/data/task3_2/share_data/scenesmith/hssd_rendered_assets/39a7a6f4ca8607709f45550603cb3b09f7cf9a8c
39dddc5b62e3132b56cd4ad075467af619155973,wall art,high_priority_semantic_front,front,"[0.0,0.0,1.0]",0.2,,pending_asset_front_audit,True,/data/task3_2/share_data/scenesmith/hssd_rendered_assets/39dddc5b62e3132b56cd4ad075467af619155973
39eaa9acc4789339b6cca1e05021f44497b1d082,wall art,high_priority_semantic_front,front,"[0.0,0.0,1.0]",0.2,,pending_asset_front_audit,True,/data/task3_2/share_data/scenesmith/hssd_rendered_assets/39eaa9acc4789339b6cca1e05021f44497b1d082
3a6980d5ae9dc09a6faa54600a985781402eb7e1,wall art,high_priority_semantic_front,front,"[0.0,0.0,1.0]",0.2,,pending_asset_front_audit,True,/data/task3_2/share_data/scenesmith/hssd_rendered_assets/3a6980d5ae9dc09a6faa54600a985781402eb7e1
3ab4ff6643b20b9d713f220ebbb3fd35ac540028,wall art,high_priority_semantic_front,front,"[0.0,0.0,1.0]",0.2,,pending_asset_front_audit,True,/data/task3_2/share_data/scenesmith/hssd_rendered_assets/3ab4ff6643b20b9d713f220ebbb3fd35ac540028
3b0d9ec67096ef1ad7a6fd743967c84546ac9e03,wall art,high_priority_semantic_front,front,"[0.0,0.0,1.0]",0.2,,pending_asset_front_audit,True,/data/task3_2/share_data/scenesmith/hssd_rendered_assets/3b0d9ec67096ef1ad7a6fd743967c84546ac9e03
3b31a045ac47c0c8da0c6a439c7f1ce8e4a858fc,wall art,high_priority_semantic_front,front,"[0.0,0.0,1.0]",0.2,,pending_asset_front_audit,True,/data/task3_2/share_data/scenesmith/hssd_rendered_assets/3b31a045ac47c0c8da0c6a439c7f1ce8e4a858fc
3b42467b3c64e5ef9a2353a3247305f1b2009ade,wall art,high_priority_semantic_front,front,"[0.0,0.0,1.0]",0.2,,pending_asset_front_audit,True,/data/task3_2/share_data/scenesmith/hssd_rendered_assets/3b42467b3c64e5ef9a2353a3247305f1b2009ade
3c129800554e0a95b19eece4b9a22820940585e6,wall art,high_priority_semantic_front,front,"[0.0,0.0,1.0]",0.2,,pending_asset_front_audit,True,/data/task3_2/share_data/scenesmith/hssd_rendered_assets/3c129800554e0a95b19eece4b9a22820940585e6
3c392ad82b9ce89e67063f6db85d65702c5443dc,wall art,high_priority_semantic_front,front,"[0.0,0.0,1.0]",0.2,,pending_asset_front_audit,True,/data/task3_2/share_data/scenesmith/hssd_rendered_assets/3c392ad82b9ce89e67063f6db85d65702c5443dc
3d293292d213c8f2ea43a5904193c24ec6f0d23e,wall art,high_priority_semantic_front,front,"[0.0,0.0,1.0]",0.2,,pending_asset_front_audit,True,/data/task3_2/share_data/scenesmith/hssd_rendered_assets/3d293292d213c8f2ea43a5904193c24ec6f0d23e
3d3855527065e55c4e24931b4cbc62a77f52e51a,wall art,high_priority_semantic_front,front,"[0.0,0.0,1.0]",0.2,,pending_asset_front_audit,True,/data/task3_2/share_data/scenesmith/hssd_rendered_assets/3d3855527065e55c4e24931b4cbc62a77f52e51a
3d8cd4a35e562bd282a8f8e66de2ac08530e1e0d,wall art,high_priority_semantic_front,front,"[0.0,0.0,1.0]",0.2,,pending_asset_front_audit,True,/data/task3_2/share_data/scenesmith/hssd_rendered_assets/3d8cd4a35e562bd282a8f8e66de2ac08530e1e0d
3d8f07b7184596b3a438121421a7ac8721041934,wall art,high_priority_semantic_front,front,"[0.0,0.0,1.0]",0.2,,pending_asset_front_audit,True,/data/task3_2/share_data/scenesmith/hssd_rendered_assets/3d8f07b7184596b3a438121421a7ac8721041934
3da77d52fed66a89cbd0fb97aadc1d31de4257a3,wall art,high_priority_semantic_front,front,"[0.0,0.0,1.0]",0.2,,pending_asset_front_audit,True,/data/task3_2/share_data/scenesmith/hssd_rendered_assets/3da77d52fed66a89cbd0fb97aadc1d31de4257a3
3e8e6a9e8fdb5aa6fc1a4656d47c1f5697c3ecfc,wall art,high_priority_semantic_front,front,"[0.0,0.0,1.0]",0.2,,pending_asset_front_audit,True,/data/task3_2/share_data/scenesmith/hssd_rendered_assets/3e8e6a9e8fdb5aa6fc1a4656d47c1f5697c3ecfc
3eb10a8dbf25170940689afef981f5e665375542,wall art,high_priority_semantic_front,front,"[0.0,0.0,1.0]",0.2,,pending_asset_front_audit,True,/data/task3_2/share_data/scenesmith/hssd_rendered_assets/3eb10a8dbf25170940689afef981f5e665375542
3ec30955d616adea881266594d5f78e85dd028c9,wall art,high_priority_semantic_front,front,"[0.0,0.0,1.0]",0.2,,pending_asset_front_audit,True,/data/task3_2/share_data/scenesmith/hssd_rendered_assets/3ec30955d616adea881266594d5f78e85dd028c9
3ed090ee4541d854eaf3aa4aa4124babe88225ac,wall art,high_priority_semantic_front,front,"[0.0,0.0,1.0]",0.2,,pending_asset_front_audit,True,/data/task3_2/share_data/scenesmith/hssd_rendered_assets/3ed090ee4541d854eaf3aa4aa4124babe88225ac
3f0abba5db2abc206f87857b044d22e0032518da,wall art,high_priority_semantic_front,front,"[0.0,0.0,1.0]",0.2,,pending_asset_front_audit,True,/data/task3_2/share_data/scenesmith/hssd_rendered_assets/3f0abba5db2abc206f87857b044d22e0032518da
3f3fec9b2386980336f453c04cb7cdd4d3a6bad7,wall art,high_priority_semantic_front,front,"[0.0,0.0,1.0]",0.2,,pending_asset_front_audit,True,/data/task3_2/share_data/scenesmith/hssd_rendered_assets/3f3fec9b2386980336f453c04cb7cdd4d3a6bad7
401ff13a2f1d387a9ee7045fe0924c3ceb357d85,wall art,high_priority_semantic_front,front,"[0.0,0.0,1.0]",0.2,,pending_asset_front_audit,True,/data/task3_2/share_data/scenesmith/hssd_rendered_assets/401ff13a2f1d387a9ee7045fe0924c3ceb357d85
40677a6877bf7c07ef01fb5cf9ec4d488e2582ef,wall art,high_priority_semantic_front,front,"[0.0,0.0,1.0]",0.2,,pending_asset_front_audit,True,/data/task3_2/share_data/scenesmith/hssd_rendered_assets/40677a6877bf7c07ef01fb5cf9ec4d488e2582ef
406c131b2490cf3d075b63c23639c7dd8de22861,wall art,high_priority_semantic_front,front,"[0.0,0.0,1.0]",0.2,,pending_asset_front_audit,True,/data/task3_2/share_data/scenesmith/hssd_rendered_assets/406c131b2490cf3d075b63c23639c7dd8de22861
4075139504b3298449370bb1d64bce30506a3329,wall art,high_priority_semantic_front,front,"[0.0,0.0,1.0]",0.2,,pending_asset_front_audit,True,/data/task3_2/share_data/scenesmith/hssd_rendered_assets/4075139504b3298449370bb1d64bce30506a3329
40a4a40f8e33f115a9ae0e30518906f45d6d8d21,wall art,high_priority_semantic_front,front,"[0.0,0.0,1.0]",0.2,,pending_asset_front_audit,True,/data/task3_2/share_data/scenesmith/hssd_rendered_assets/40a4a40f8e33f115a9ae0e30518906f45d6d8d21
410d9d8aea155e72fbc0342be6d114d7e50391fd,wall art,high_priority_semantic_front,front,"[0.0,0.0,1.0]",0.2,,pending_asset_front_audit,True,/data/task3_2/share_data/scenesmith/hssd_rendered_assets/410d9d8aea155e72fbc0342be6d114d7e50391fd
41470dec60ccdd679a508b16fa8397264ce9dcab,wall art,high_priority_semantic_front,front,"[0.0,0.0,1.0]",0.2,,pending_asset_front_audit,True,/data/task3_2/share_data/scenesmith/hssd_rendered_assets/41470dec60ccdd679a508b16fa8397264ce9dcab
4147479834fba420ecd87bdec3e666ac00a1117e,wall art,high_priority_semantic_front,front,"[0.0,0.0,1.0]",0.2,,pending_asset_front_audit,True,/data/task3_2/share_data/scenesmith/hssd_rendered_assets/4147479834fba420ecd87bdec3e666ac00a1117e
417c469d0fd9fa9bcf37359ec61feac8a69f90be,wall art,high_priority_semantic_front,front,"[0.0,0.0,1.0]",0.2,,pending_asset_front_audit,True,/data/task3_2/share_data/scenesmith/hssd_rendered_assets/417c469d0fd9fa9bcf37359ec61feac8a69f90be
4192b93682edc3c5585701c1ba90a34e9fd2f75b,wall art,high_priority_semantic_front,front,"[0.0,0.0,1.0]",0.2,,pending_asset_front_audit,True,/data/task3_2/share_data/scenesmith/hssd_rendered_assets/4192b93682edc3c5585701c1ba90a34e9fd2f75b
423452dec7665512f3c67cb9aa8079e2db904109,wall art,high_priority_semantic_front,front,"[0.0,0.0,1.0]",0.2,,pending_asset_front_audit,True,/data/task3_2/share_data/scenesmith/hssd_rendered_assets/423452dec7665512f3c67cb9aa8079e2db904109
4297ba21cc4badbbf54b3386161fc2c7a12d0c71,wall art,high_priority_semantic_front,front,"[0.0,0.0,1.0]",0.2,,pending_asset_front_audit,True,/data/task3_2/share_data/scenesmith/hssd_rendered_assets/4297ba21cc4badbbf54b3386161fc2c7a12d0c71
42dbaa9beaad7561dfb76d392e6e543cf2fd4352,wall art,high_priority_semantic_front,front,"[0.0,0.0,1.0]",0.2,,pending_asset_front_audit,True,/data/task3_2/share_data/scenesmith/hssd_rendered_assets/42dbaa9beaad7561dfb76d392e6e543cf2fd4352
43964e169ee1aa609552df4dd72dd35f54a5fde7,wall art,high_priority_semantic_front,front,"[0.0,0.0,1.0]",0.2,,pending_asset_front_audit,True,/data/task3_2/share_data/scenesmith/hssd_rendered_assets/43964e169ee1aa609552df4dd72dd35f54a5fde7
4399b76aed0913ad33b927de65aa65e7f7dce33e,wall art,high_priority_semantic_front,front,"[0.0,0.0,1.0]",0.2,,pending_asset_front_audit,True,/data/task3_2/share_data/scenesmith/hssd_rendered_assets/4399b76aed0913ad33b927de65aa65e7f7dce33e
43cb6e91ca3ca5763c91de42ddcdd4bacb203410,wall art,high_priority_semantic_front,front,"[0.0,0.0,1.0]",0.2,,pending_asset_front_audit,True,/data/task3_2/share_data/scenesmith/hssd_rendered_assets/43cb6e91ca3ca5763c91de42ddcdd4bacb203410
4517c3c8dd110a1d073c780a5519b622255fb13d,wall art,high_priority_semantic_front,front,"[0.0,0.0,1.0]",0.2,,pending_asset_front_audit,True,/data/task3_2/share_data/scenesmith/hssd_rendered_assets/4517c3c8dd110a1d073c780a5519b622255fb13d
451e882aeb903af797a2298ae5fcc18ab87e0bb5,wall art,high_priority_semantic_front,front,"[0.0,0.0,1.0]",0.2,,pending_asset_front_audit,True,/data/task3_2/share_data/scenesmith/hssd_rendered_assets/451e882aeb903af797a2298ae5fcc18ab87e0bb5
45480ab679105abf520ce464964cf2d3c9a888f6,wall art,high_priority_semantic_front,front,"[0.0,0.0,1.0]",0.2,,pending_asset_front_audit,True,/data/task3_2/share_data/scenesmith/hssd_rendered_assets/45480ab679105abf520ce464964cf2d3c9a888f6
45569415c39957f7e94dc9dc72d5c22de30a3f3f,wall art,high_priority_semantic_front,front,"[0.0,0.0,1.0]",0.2,,pending_asset_front_audit,True,/data/task3_2/share_data/scenesmith/hssd_rendered_assets/45569415c39957f7e94dc9dc72d5c22de30a3f3f
455ae335962b436f29d59631c52535930504a2e3,wall art,high_priority_semantic_front,front,"[0.0,0.0,1.0]",0.2,,pending_asset_front_audit,True,/data/task3_2/share_data/scenesmith/hssd_rendered_assets/455ae335962b436f29d59631c52535930504a2e3
4599c7245ffbda15ce5bf156b932d9d7b71040d1,wall art,high_priority_semantic_front,front,"[0.0,0.0,1.0]",0.2,,pending_asset_front_audit,True,/data/task3_2/share_data/scenesmith/hssd_rendered_assets/4599c7245ffbda15ce5bf156b932d9d7b71040d1
459ec3018546fda64a28c20e52f52502d78e2c52,wall art,high_priority_semantic_front,front,"[0.0,0.0,1.0]",0.2,,pending_asset_front_audit,True,/data/task3_2/share_data/scenesmith/hssd_rendered_assets/459ec3018546fda64a28c20e52f52502d78e2c52
45c2da0e3e74d255efed942389553cce797bb43f,wall art,high_priority_semantic_front,front,"[0.0,0.0,1.0]",0.2,,pending_asset_front_audit,True,/data/task3_2/share_data/scenesmith/hssd_rendered_assets/45c2da0e3e74d255efed942389553cce797bb43f
46090a2cea08c0109c80092b31f4a8014a10d2fd,wall art,high_priority_semantic_front,front,"[0.0,0.0,1.0]",0.2,,pending_asset_front_audit,True,/data/task3_2/share_data/scenesmith/hssd_rendered_assets/46090a2cea08c0109c80092b31f4a8014a10d2fd
461342e6ae1bc0d6d9c06e3d9a68eb25325edd49,wall art,high_priority_semantic_front,front,"[0.0,0.0,1.0]",0.2,,pending_asset_front_audit,True,/data/task3_2/share_data/scenesmith/hssd_rendered_assets/461342e6ae1bc0d6d9c06e3d9a68eb25325edd49
4629b2bfe7de3edd1e1e295a0441c0e1aca5d3fd,wall art,high_priority_semantic_front,front,"[0.0,0.0,1.0]",0.2,,pending_asset_front_audit,True,/data/task3_2/share_data/scenesmith/hssd_rendered_assets/4629b2bfe7de3edd1e1e295a0441c0e1aca5d3fd
46979d39dd98ffacb51e30784306180579eafd88,wall art,high_priority_semantic_front,front,"[0.0,0.0,1.0]",0.2,,pending_asset_front_audit,True,/data/task3_2/share_data/scenesmith/hssd_rendered_assets/46979d39dd98ffacb51e30784306180579eafd88
46a71ae56ba40530f2e895da6710ebe31fc02f54,wall art,high_priority_semantic_front,front,"[0.0,0.0,1.0]",0.2,,pending_asset_front_audit,True,/data/task3_2/share_data/scenesmith/hssd_rendered_assets/46a71ae56ba40530f2e895da6710ebe31fc02f54
472f828ecf1af0d18886197df0b8a03403698862,wall art,high_priority_semantic_front,front,"[0.0,0.0,1.0]",0.2,,pending_asset_front_audit,True,/data/task3_2/share_data/scenesmith/hssd_rendered_assets/472f828ecf1af0d18886197df0b8a03403698862
47699974fd57c1197d540784ba461c624f53ca01,wall art,high_priority_semantic_front,front,"[0.0,0.0,1.0]",0.2,,pending_asset_front_audit,True,/data/task3_2/share_data/scenesmith/hssd_rendered_assets/47699974fd57c1197d540784ba461c624f53ca01
4794fc54b3a1d01f83a8656004e60a2df41b64d7,wall art,high_priority_semantic_front,front,"[0.0,0.0,1.0]",0.2,,pending_asset_front_audit,True,/data/task3_2/share_data/scenesmith/hssd_rendered_assets/4794fc54b3a1d01f83a8656004e60a2df41b64d7
47ac569487f82e23b0a5d18057a6c6fc77610aa9,wall art,high_priority_semantic_front,front,"[0.0,0.0,1.0]",0.2,,pending_asset_front_audit,True,/data/task3_2/share_data/scenesmith/hssd_rendered_assets/47ac569487f82e23b0a5d18057a6c6fc77610aa9
47daa15c95761cca34c1f33061736777fd2b025d,wall art,high_priority_semantic_front,front,"[0.0,0.0,1.0]",0.2,,pending_asset_front_audit,True,/data/task3_2/share_data/scenesmith/hssd_rendered_assets/47daa15c95761cca34c1f33061736777fd2b025d
4818c2ed630d50b40697387cbbbb1b64cc0be070,wall art,high_priority_semantic_front,front,"[0.0,0.0,1.0]",0.2,,pending_asset_front_audit,True,/data/task3_2/share_data/scenesmith/hssd_rendered_assets/4818c2ed630d50b40697387cbbbb1b64cc0be070
4820e7f84385d1e39347154daecad22645d10e3f,wall art,high_priority_semantic_front,front,"[0.0,0.0,1.0]",0.2,,pending_asset_front_audit,True,/data/task3_2/share_data/scenesmith/hssd_rendered_assets/4820e7f84385d1e39347154daecad22645d10e3f
4895a175bfec7cb985d094509eade446cc90dccd,wall art,high_priority_semantic_front,front,"[0.0,0.0,1.0]",0.2,,pending_asset_front_audit,True,/data/task3_2/share_data/scenesmith/hssd_rendered_assets/4895a175bfec7cb985d094509eade446cc90dccd
48ae5ecd105a390458b1f328240c129832ea4734,wall art,high_priority_semantic_front,front,"[0.0,0.0,1.0]",0.2,,pending_asset_front_audit,True,/data/task3_2/share_data/scenesmith/hssd_rendered_assets/48ae5ecd105a390458b1f328240c129832ea4734
49173d0c2bef2d3443b66caaec59b0ae4c33d81f,wall art,high_priority_semantic_front,front,"[0.0,0.0,1.0]",0.2,,pending_asset_front_audit,True,/data/task3_2/share_data/scenesmith/hssd_rendered_assets/49173d0c2bef2d3443b66caaec59b0ae4c33d81f
4933d7d355153c9cc352298e859a0fef652d3962,wall art,high_priority_semantic_front,front,"[0.0,0.0,1.0]",0.2,,pending_asset_front_audit,True,/data/task3_2/share_data/scenesmith/hssd_rendered_assets/4933d7d355153c9cc352298e859a0fef652d3962
4965e27015f754063d5b32355b3e45b43ebc5b31,wall art,high_priority_semantic_front,front,"[0.0,0.0,1.0]",0.2,,pending_asset_front_audit,True,/data/task3_2/share_data/scenesmith/hssd_rendered_assets/4965e27015f754063d5b32355b3e45b43ebc5b31
498ad9602ffa2854cc2e31a54988dbecc0e9d2a9,wall art,high_priority_semantic_front,front,"[0.0,0.0,1.0]",0.2,,pending_asset_front_audit,True,/data/task3_2/share_data/scenesmith/hssd_rendered_assets/498ad9602ffa2854cc2e31a54988dbecc0e9d2a9
49d99743a350bd5e981c7ebee89e474a690a1c78,wall art,high_priority_semantic_front,front,"[0.0,0.0,1.0]",0.2,,pending_asset_front_audit,True,/data/task3_2/share_data/scenesmith/hssd_rendered_assets/49d99743a350bd5e981c7ebee89e474a690a1c78
4a720e4382722f7446b0ff289b9ef9b8fd837a87,wall art,high_priority_semantic_front,front,"[0.0,0.0,1.0]",0.2,,pending_asset_front_audit,True,/data/task3_2/share_data/scenesmith/hssd_rendered_assets/4a720e4382722f7446b0ff289b9ef9b8fd837a87
4aa682a59b7c12edfab9bdb7c7c88d0e51c2907a,wall art,high_priority_semantic_front,front,"[0.0,0.0,1.0]",0.2,,pending_asset_front_audit,True,/data/task3_2/share_data/scenesmith/hssd_rendered_assets/4aa682a59b7c12edfab9bdb7c7c88d0e51c2907a
4af2c5ee1be2e81ae2dc092bf4450675f4b9a587,wall art,high_priority_semantic_front,front,"[0.0,0.0,1.0]",0.2,,pending_asset_front_audit,True,/data/task3_2/share_data/scenesmith/hssd_rendered_assets/4af2c5ee1be2e81ae2dc092bf4450675f4b9a587
4b2d91b67c2acf4d7742e56d59c1e0c86486f779,wall art,high_priority_semantic_front,front,"[0.0,0.0,1.0]",0.2,,pending_asset_front_audit,True,/data/task3_2/share_data/scenesmith/hssd_rendered_assets/4b2d91b67c2acf4d7742e56d59c1e0c86486f779
4b397275524369fbc11a279760ed94ea7662b945,wall art,high_priority_semantic_front,front,"[0.0,0.0,1.0]",0.2,,pending_asset_front_audit,True,/data/task3_2/share_data/scenesmith/hssd_rendered_assets/4b397275524369fbc11a279760ed94ea7662b945
4b431407f01d649c473711ff5e63f120fbb42862,wall art,high_priority_semantic_front,front,"[0.0,0.0,1.0]",0.2,,pending_asset_front_audit,True,/data/task3_2/share_data/scenesmith/hssd_rendered_assets/4b431407f01d649c473711ff5e63f120fbb42862
4b64de587820f453ce2d9c0206a7bffefec64711,wall art,high_priority_semantic_front,front,"[0.0,0.0,1.0]",0.2,,pending_asset_front_audit,True,/data/task3_2/share_data/scenesmith/hssd_rendered_assets/4b64de587820f453ce2d9c0206a7bffefec64711
4b9fd5ca73badbfc28ddab558c2d16cbe34df7cf,wall art,high_priority_semantic_front,front,"[0.0,0.0,1.0]",0.2,,pending_asset_front_audit,True,/data/task3_2/share_data/scenesmith/hssd_rendered_assets/4b9fd5ca73badbfc28ddab558c2d16cbe34df7cf
4bab81efc811eefde0e853538334430083906d9b,wall art,high_priority_semantic_front,front,"[0.0,0.0,1.0]",0.2,,pending_asset_front_audit,True,/data/task3_2/share_data/scenesmith/hssd_rendered_assets/4bab81efc811eefde0e853538334430083906d9b
4cb95a6765299fee7d54ae9aa1c80a2cbf985cfe,wall art,high_priority_semantic_front,front,"[0.0,0.0,1.0]",0.2,,pending_asset_front_audit,True,/data/task3_2/share_data/scenesmith/hssd_rendered_assets/4cb95a6765299fee7d54ae9aa1c80a2cbf985cfe
4cfaa5fa609703e87da1845114b3a988754f9fa6,wall art,high_priority_semantic_front,front,"[0.0,0.0,1.0]",0.2,,pending_asset_front_audit,True,/data/task3_2/share_data/scenesmith/hssd_rendered_assets/4cfaa5fa609703e87da1845114b3a988754f9fa6
4df3ece9384e050fa7dda5b8d5a618c70d8e8327,wall art,high_priority_semantic_front,front,"[0.0,0.0,1.0]",0.2,,pending_asset_front_audit,True,/data/task3_2/share_data/scenesmith/hssd_rendered_assets/4df3ece9384e050fa7dda5b8d5a618c70d8e8327
4e920246ab70ac3ecea1edbde3c01fe3237355ef,wall art,high_priority_semantic_front,front,"[0.0,0.0,1.0]",0.2,,pending_asset_front_audit,True,/data/task3_2/share_data/scenesmith/hssd_rendered_assets/4e920246ab70ac3ecea1edbde3c01fe3237355ef
4ebb22b37692a2667f8023ab9458811e34d9670f,wall art,high_priority_semantic_front,front,"[0.0,0.0,1.0]",0.2,,pending_asset_front_audit,True,/data/task3_2/share_data/scenesmith/hssd_rendered_assets/4ebb22b37692a2667f8023ab9458811e34d9670f
4ec53159387bd57a9ffd32cdf4626b76c958ca90,wall art,high_priority_semantic_front,front,"[0.0,0.0,1.0]",0.2,,pending_asset_front_audit,True,/data/task3_2/share_data/scenesmith/hssd_rendered_assets/4ec53159387bd57a9ffd32cdf4626b76c958ca90
4ec565914cfddcc2d092556611341b5e4c6b6413,wall art,high_priority_semantic_front,front,"[0.0,0.0,1.0]",0.2,,pending_asset_front_audit,True,/data/task3_2/share_data/scenesmith/hssd_rendered_assets/4ec565914cfddcc2d092556611341b5e4c6b6413
4ec6215b43f606e9e77c881ad0f1dfa81474805d,wall art,high_priority_semantic_front,front,"[0.0,0.0,1.0]",0.2,,pending_asset_front_audit,True,/data/task3_2/share_data/scenesmith/hssd_rendered_assets/4ec6215b43f606e9e77c881ad0f1dfa81474805d
4f074b470e211c68c89da2191c2ecb976418fd01,wall art,high_priority_semantic_front,front,"[0.0,0.0,1.0]",0.2,,pending_asset_front_audit,True,/data/task3_2/share_data/scenesmith/hssd_rendered_assets/4f074b470e211c68c89da2191c2ecb976418fd01
4f0f07992ba3295d46998f6d8f1e016d18823cc8,wall art,high_priority_semantic_front,front,"[0.0,0.0,1.0]",0.2,,pending_asset_front_audit,True,/data/task3_2/share_data/scenesmith/hssd_rendered_assets/4f0f07992ba3295d46998f6d8f1e016d18823cc8
4f1317ff9ba2f1485bceb8d83985cd6868b2b5ec,wall art,high_priority_semantic_front,front,"[0.0,0.0,1.0]",0.2,,pending_asset_front_audit,True,/data/task3_2/share_data/scenesmith/hssd_rendered_assets/4f1317ff9ba2f1485bceb8d83985cd6868b2b5ec
4fe69cd967765970fb701dd70d4bb2afb6cd71d6,wall art,high_priority_semantic_front,front,"[0.0,0.0,1.0]",0.2,,pending_asset_front_audit,True,/data/task3_2/share_data/scenesmith/hssd_rendered_assets/4fe69cd967765970fb701dd70d4bb2afb6cd71d6
504dae1ab05de85b97374d3e95d6534ae35a1f6a,wall art,high_priority_semantic_front,front,"[0.0,0.0,1.0]",0.2,,pending_asset_front_audit,True,/data/task3_2/share_data/scenesmith/hssd_rendered_assets/504dae1ab05de85b97374d3e95d6534ae35a1f6a
509bbb842ecac58625254c98fccafcb12768ca84,wall art,high_priority_semantic_front,front,"[0.0,0.0,1.0]",0.2,,pending_asset_front_audit,True,/data/task3_2/share_data/scenesmith/hssd_rendered_assets/509bbb842ecac58625254c98fccafcb12768ca84
50a3cbd747c3f347410af1e021a2b0e19af00816,wall art,high_priority_semantic_front,front,"[0.0,0.0,1.0]",0.2,,pending_asset_front_audit,True,/data/task3_2/share_data/scenesmith/hssd_rendered_assets/50a3cbd747c3f347410af1e021a2b0e19af00816
50c294cd4703c993b36e0874f67c241260de1e54,wall art,high_priority_semantic_front,front,"[0.0,0.0,1.0]",0.2,,pending_asset_front_audit,True,/data/task3_2/share_data/scenesmith/hssd_rendered_assets/50c294cd4703c993b36e0874f67c241260de1e54
512adc7ecf612401958bcf0f787b6d0d7053ce2d,wall art,high_priority_semantic_front,front,"[0.0,0.0,1.0]",0.2,,pending_asset_front_audit,True,/data/task3_2/share_data/scenesmith/hssd_rendered_assets/512adc7ecf612401958bcf0f787b6d0d7053ce2d
5132dea54031ad7a12856acace542d2e4132916c,wall art,high_priority_semantic_front,front,"[0.0,0.0,1.0]",0.2,,pending_asset_front_audit,True,/data/task3_2/share_data/scenesmith/hssd_rendered_assets/5132dea54031ad7a12856acace542d2e4132916c
5163e1622f991f1a064071b7f6c3777c95208a26,wall art,high_priority_semantic_front,front,"[0.0,0.0,1.0]",0.2,,pending_asset_front_audit,True,/data/task3_2/share_data/scenesmith/hssd_rendered_assets/5163e1622f991f1a064071b7f6c3777c95208a26
51861e6a2006e5f1ff054eb3fefbcad02ca40d72,wall art,high_priority_semantic_front,front,"[0.0,0.0,1.0]",0.2,,pending_asset_front_audit,True,/data/task3_2/share_data/scenesmith/hssd_rendered_assets/51861e6a2006e5f1ff054eb3fefbcad02ca40d72
51ee83477320658bd200a16223d866673fb4a9a9,wall art,high_priority_semantic_front,front,"[0.0,0.0,1.0]",0.2,,pending_asset_front_audit,True,/data/task3_2/share_data/scenesmith/hssd_rendered_assets/51ee83477320658bd200a16223d866673fb4a9a9
523417cdfa860457d47a5a72c579c1008f556a3c,wall art,high_priority_semantic_front,front,"[0.0,0.0,1.0]",0.2,,pending_asset_front_audit,True,/data/task3_2/share_data/scenesmith/hssd_rendered_assets/523417cdfa860457d47a5a72c579c1008f556a3c
526fc1c9d3afad57d1033753c6d74f892f8f2c2f,wall art,high_priority_semantic_front,front,"[0.0,0.0,1.0]",0.2,,pending_asset_front_audit,True,/data/task3_2/share_data/scenesmith/hssd_rendered_assets/526fc1c9d3afad57d1033753c6d74f892f8f2c2f
52936dd39100c4edf6aabed066b7363618116cdd,wall art,high_priority_semantic_front,front,"[0.0,0.0,1.0]",0.2,,pending_asset_front_audit,True,/data/task3_2/share_data/scenesmith/hssd_rendered_assets/52936dd39100c4edf6aabed066b7363618116cdd
52aa33699f431317dfbd0373752aac3a0a3f60ae,wall art,high_priority_semantic_front,front,"[0.0,0.0,1.0]",0.2,,pending_asset_front_audit,True,/data/task3_2/share_data/scenesmith/hssd_rendered_assets/52aa33699f431317dfbd0373752aac3a0a3f60ae
5339f03a2e6c5a784758f602564c993f5c795bef,wall art,high_priority_semantic_front,front,"[0.0,0.0,1.0]",0.2,,pending_asset_front_audit,True,/data/task3_2/share_data/scenesmith/hssd_rendered_assets/5339f03a2e6c5a784758f602564c993f5c795bef
53b7a4dc2f48792523621ad7939a2799fb64a2c1,wall art,high_priority_semantic_front,front,"[0.0,0.0,1.0]",0.2,,pending_asset_front_audit,True,/data/task3_2/share_data/scenesmith/hssd_rendered_assets/53b7a4dc2f48792523621ad7939a2799fb64a2c1
5430399b6e003bc654ac3feaebb75a80be1b590b,wall art,high_priority_semantic_front,front,"[0.0,0.0,1.0]",0.2,,pending_asset_front_audit,True,/data/task3_2/share_data/scenesmith/hssd_rendered_assets/5430399b6e003bc654ac3feaebb75a80be1b590b
5474ea875207bd950038f8f91773cc84d4762926,wall art,high_priority_semantic_front,front,"[0.0,0.0,1.0]",0.2,,pending_asset_front_audit,True,/data/task3_2/share_data/scenesmith/hssd_rendered_assets/5474ea875207bd950038f8f91773cc84d4762926
54c900dd531bc8517ffe514964f6666190d3344a,wall art,high_priority_semantic_front,front,"[0.0,0.0,1.0]",0.2,,pending_asset_front_audit,True,/data/task3_2/share_data/scenesmith/hssd_rendered_assets/54c900dd531bc8517ffe514964f6666190d3344a
54de8a81569ad75759d3fe685801f354f3d091f3,wall art,high_priority_semantic_front,front,"[0.0,0.0,1.0]",0.2,,pending_asset_front_audit,True,/data/task3_2/share_data/scenesmith/hssd_rendered_assets/54de8a81569ad75759d3fe685801f354f3d091f3
5522d198c77a3db4f172689b176734df3a5948da,wall art,high_priority_semantic_front,front,"[0.0,0.0,1.0]",0.2,,pending_asset_front_audit,True,/data/task3_2/share_data/scenesmith/hssd_rendered_assets/5522d198c77a3db4f172689b176734df3a5948da
55953d070a408aefc4293d90084452aa168f3ddc,wall art,high_priority_semantic_front,front,"[0.0,0.0,1.0]",0.2,,pending_asset_front_audit,True,/data/task3_2/share_data/scenesmith/hssd_rendered_assets/55953d070a408aefc4293d90084452aa168f3ddc
55a5e77efee32b21d7edf4df0223fc30d330fbd9,wall art,high_priority_semantic_front,front,"[0.0,0.0,1.0]",0.2,,pending_asset_front_audit,True,/data/task3_2/share_data/scenesmith/hssd_rendered_assets/55a5e77efee32b21d7edf4df0223fc30d330fbd9
55b1488629a5df3d6eaff6e9f3dbb8424af09d1e,wall art,high_priority_semantic_front,front,"[0.0,0.0,1.0]",0.2,,pending_asset_front_audit,True,/data/task3_2/share_data/scenesmith/hssd_rendered_assets/55b1488629a5df3d6eaff6e9f3dbb8424af09d1e
55cdd89c54340c91ae14f798ac91e0e17e12acec,wall art,high_priority_semantic_front,front,"[0.0,0.0,1.0]",0.2,,pending_asset_front_audit,True,/data/task3_2/share_data/scenesmith/hssd_rendered_assets/55cdd89c54340c91ae14f798ac91e0e17e12acec
562c2db7d2607cef42947a0938815c34c3d3ba3e,wall art,high_priority_semantic_front,front,"[0.0,0.0,1.0]",0.2,,pending_asset_front_audit,True,/data/task3_2/share_data/scenesmith/hssd_rendered_assets/562c2db7d2607cef42947a0938815c34c3d3ba3e
564643c6e1c1f0d1065a2c36399e7df70a63707f,wall art,high_priority_semantic_front,front,"[0.0,0.0,1.0]",0.2,,pending_asset_front_audit,True,/data/task3_2/share_data/scenesmith/hssd_rendered_assets/564643c6e1c1f0d1065a2c36399e7df70a63707f
56b401aa4b9d4ee1a66d6924de1d4657e5f66c75,wall art,high_priority_semantic_front,front,"[0.0,0.0,1.0]",0.2,,pending_asset_front_audit,True,/data/task3_2/share_data/scenesmith/hssd_rendered_assets/56b401aa4b9d4ee1a66d6924de1d4657e5f66c75
573c01ba7dd53242008bc40dfe9c345074e62836,wall art,high_priority_semantic_front,front,"[0.0,0.0,1.0]",0.2,,pending_asset_front_audit,True,/data/task3_2/share_data/scenesmith/hssd_rendered_assets/573c01ba7dd53242008bc40dfe9c345074e62836
574628707d06cf908a04d5447f649bd0459c6b11,wall art,high_priority_semantic_front,front,"[0.0,0.0,1.0]",0.2,,pending_asset_front_audit,True,/data/task3_2/share_data/scenesmith/hssd_rendered_assets/574628707d06cf908a04d5447f649bd0459c6b11
57521636be37f8f0a68ed03792fb1807ddeeaca9,wall art,high_priority_semantic_front,front,"[0.0,0.0,1.0]",0.2,,pending_asset_front_audit,True,/data/task3_2/share_data/scenesmith/hssd_rendered_assets/57521636be37f8f0a68ed03792fb1807ddeeaca9
5771e4bbc9e503c51558ee9149be48102dbf842f,wall art,high_priority_semantic_front,front,"[0.0,0.0,1.0]",0.2,,pending_asset_front_audit,True,/data/task3_2/share_data/scenesmith/hssd_rendered_assets/5771e4bbc9e503c51558ee9149be48102dbf842f
578827e4adbf4e0b25b443f20500e51ecc92282b,wall art,high_priority_semantic_front,front,"[0.0,0.0,1.0]",0.2,,pending_asset_front_audit,True,/data/task3_2/share_data/scenesmith/hssd_rendered_assets/578827e4adbf4e0b25b443f20500e51ecc92282b
5797873d45e94121bade19a23c9e097f753f7f12,wall art,high_priority_semantic_front,front,"[0.0,0.0,1.0]",0.2,,pending_asset_front_audit,True,/data/task3_2/share_data/scenesmith/hssd_rendered_assets/5797873d45e94121bade19a23c9e097f753f7f12
57bc665985a591b7d502ecc989cd722e36354dea,wall art,high_priority_semantic_front,front,"[0.0,0.0,1.0]",0.2,,pending_asset_front_audit,True,/data/task3_2/share_data/scenesmith/hssd_rendered_assets/57bc665985a591b7d502ecc989cd722e36354dea
57f8514b427645988fcfc825d01f12ac3dba9d2c,wall art,high_priority_semantic_front,front,"[0.0,0.0,1.0]",0.2,,pending_asset_front_audit,True,/data/task3_2/share_data/scenesmith/hssd_rendered_assets/57f8514b427645988fcfc825d01f12ac3dba9d2c
57f929293b4ff71dcc52a600aa3525916af4aa72,wall art,high_priority_semantic_front,front,"[0.0,0.0,1.0]",0.2,,pending_asset_front_audit,True,/data/task3_2/share_data/scenesmith/hssd_rendered_assets/57f929293b4ff71dcc52a600aa3525916af4aa72
58339af1323d77d9b7513e33f710a1eb43d4b7fe,wall art,high_priority_semantic_front,front,"[0.0,0.0,1.0]",0.2,,pending_asset_front_audit,True,/data/task3_2/share_data/scenesmith/hssd_rendered_assets/58339af1323d77d9b7513e33f710a1eb43d4b7fe
5863ec4126fd2efe044f387e1409a4b2e0344bfb,wall art,high_priority_semantic_front,front,"[0.0,0.0,1.0]",0.2,,pending_asset_front_audit,True,/data/task3_2/share_data/scenesmith/hssd_rendered_assets/5863ec4126fd2efe044f387e1409a4b2e0344bfb
586eca382cf839bda6a0e0e8fc60b397c06c779b,wall art,high_priority_semantic_front,front,"[0.0,0.0,1.0]",0.2,,pending_asset_front_audit,True,/data/task3_2/share_data/scenesmith/hssd_rendered_assets/586eca382cf839bda6a0e0e8fc60b397c06c779b
58b252a21e795803a43ed05a944f0f099d15431f,wall art,high_priority_semantic_front,front,"[0.0,0.0,1.0]",0.2,,pending_asset_front_audit,True,/data/task3_2/share_data/scenesmith/hssd_rendered_assets/58b252a21e795803a43ed05a944f0f099d15431f
58d17410471b9d1ed6883bf7a781c2a463ee7e1d,wall art,high_priority_semantic_front,front,"[0.0,0.0,1.0]",0.2,,pending_asset_front_audit,True,/data/task3_2/share_data/scenesmith/hssd_rendered_assets/58d17410471b9d1ed6883bf7a781c2a463ee7e1d
58f2847e194a2565793641b83e587eadebe5f8af,wall art,high_priority_semantic_front,front,"[0.0,0.0,1.0]",0.2,,pending_asset_front_audit,True,/data/task3_2/share_data/scenesmith/hssd_rendered_assets/58f2847e194a2565793641b83e587eadebe5f8af
590ef58dab72a91e900eea12ee86f13a7cbf3d07,wall art,high_priority_semantic_front,front,"[0.0,0.0,1.0]",0.2,,pending_asset_front_audit,True,/data/task3_2/share_data/scenesmith/hssd_rendered_assets/590ef58dab72a91e900eea12ee86f13a7cbf3d07
593ab2b7a5a163e7f5f8fe18b9f06aa35fd4f2c9,wall art,high_priority_semantic_front,front,"[0.0,0.0,1.0]",0.2,,pending_asset_front_audit,True,/data/task3_2/share_data/scenesmith/hssd_rendered_assets/593ab2b7a5a163e7f5f8fe18b9f06aa35fd4f2c9
59a8bb467d1eb1db87d5d8a375e77f8a7f0f1b9a,wall art,high_priority_semantic_front,front,"[0.0,0.0,1.0]",0.2,,pending_asset_front_audit,True,/data/task3_2/share_data/scenesmith/hssd_rendered_assets/59a8bb467d1eb1db87d5d8a375e77f8a7f0f1b9a
59c873844cdde864900a994ec6d142aaaba06fda,wall art,high_priority_semantic_front,front,"[0.0,0.0,1.0]",0.2,,pending_asset_front_audit,True,/data/task3_2/share_data/scenesmith/hssd_rendered_assets/59c873844cdde864900a994ec6d142aaaba06fda
5a24fd5351e0ae264efdf5f8a1ea8e52da4d7917,wall art,high_priority_semantic_front,front,"[0.0,0.0,1.0]",0.2,,pending_asset_front_audit,True,/data/task3_2/share_data/scenesmith/hssd_rendered_assets/5a24fd5351e0ae264efdf5f8a1ea8e52da4d7917
5a289ad1e7dd1e5f6804113f771f22608d574a6f,wall art,high_priority_semantic_front,front,"[0.0,0.0,1.0]",0.2,,pending_asset_front_audit,True,/data/task3_2/share_data/scenesmith/hssd_rendered_assets/5a289ad1e7dd1e5f6804113f771f22608d574a6f
5a2b73218eba9a299803d6fd44bb41520e8a8e3c,wall art,high_priority_semantic_front,front,"[0.0,0.0,1.0]",0.2,,pending_asset_front_audit,True,/data/task3_2/share_data/scenesmith/hssd_rendered_assets/5a2b73218eba9a299803d6fd44bb41520e8a8e3c
5a4afe5e828b0725bf1afce657bab7c2d317e02c,wall art,high_priority_semantic_front,front,"[0.0,0.0,1.0]",0.2,,pending_asset_front_audit,True,/data/task3_2/share_data/scenesmith/hssd_rendered_assets/5a4afe5e828b0725bf1afce657bab7c2d317e02c
5aa72c0b133b30f3d03ca4549f30551d511afded,wall art,high_priority_semantic_front,front,"[0.0,0.0,1.0]",0.2,,pending_asset_front_audit,True,/data/task3_2/share_data/scenesmith/hssd_rendered_assets/5aa72c0b133b30f3d03ca4549f30551d511afded
5b56fac65edc83afe22a28706ba9bbff763f76a3,wall art,high_priority_semantic_front,front,"[0.0,0.0,1.0]",0.2,,pending_asset_front_audit,True,/data/task3_2/share_data/scenesmith/hssd_rendered_assets/5b56fac65edc83afe22a28706ba9bbff763f76a3
5b81cde32c94dc8a47ebd69e918969377205ee70,wall art,high_priority_semantic_front,front,"[0.0,0.0,1.0]",0.2,,pending_asset_front_audit,True,/data/task3_2/share_data/scenesmith/hssd_rendered_assets/5b81cde32c94dc8a47ebd69e918969377205ee70
5b92d20904ae7de88b9ab1be8d0cda42407c4e95,wall art,high_priority_semantic_front,front,"[0.0,0.0,1.0]",0.2,,pending_asset_front_audit,True,/data/task3_2/share_data/scenesmith/hssd_rendered_assets/5b92d20904ae7de88b9ab1be8d0cda42407c4e95
5bee79253ba1daa5506a21d28bd461507d390033,wall art,high_priority_semantic_front,front,"[0.0,0.0,1.0]",0.2,,pending_asset_front_audit,True,/data/task3_2/share_data/scenesmith/hssd_rendered_assets/5bee79253ba1daa5506a21d28bd461507d390033
5bfe01534702388f76da9b932eca5e839d6bedca,wall art,high_priority_semantic_front,front,"[0.0,0.0,1.0]",0.2,,pending_asset_front_audit,True,/data/task3_2/share_data/scenesmith/hssd_rendered_assets/5bfe01534702388f76da9b932eca5e839d6bedca
5c130821f12e15575e342604243b2efb5d842cac,wall art,high_priority_semantic_front,front,"[0.0,0.0,1.0]",0.2,,pending_asset_front_audit,True,/data/task3_2/share_data/scenesmith/hssd_rendered_assets/5c130821f12e15575e342604243b2efb5d842cac
5c940d8739c60cac8873ca497a6c8246b7fbd4b5,wall art,high_priority_semantic_front,front,"[0.0,0.0,1.0]",0.2,,pending_asset_front_audit,True,/data/task3_2/share_data/scenesmith/hssd_rendered_assets/5c940d8739c60cac8873ca497a6c8246b7fbd4b5
5d05edb9a155aa16cd51594d548402a418d20539,wall art,high_priority_semantic_front,front,"[0.0,0.0,1.0]",0.2,,pending_asset_front_audit,True,/data/task3_2/share_data/scenesmith/hssd_rendered_assets/5d05edb9a155aa16cd51594d548402a418d20539
5d0944b20cce762f51ee009280948128e235547d,wall art,high_priority_semantic_front,front,"[0.0,0.0,1.0]",0.2,,pending_asset_front_audit,True,/data/task3_2/share_data/scenesmith/hssd_rendered_assets/5d0944b20cce762f51ee009280948128e235547d
5d4c5918e8f7d301d36d21970d18786716dbbb1d,wall art,high_priority_semantic_front,front,"[0.0,0.0,1.0]",0.2,,pending_asset_front_audit,True,/data/task3_2/share_data/scenesmith/hssd_rendered_assets/5d4c5918e8f7d301d36d21970d18786716dbbb1d
5d5453033c113346a3052e97dff626f670327b59,wall art,high_priority_semantic_front,front,"[0.0,0.0,1.0]",0.2,,pending_asset_front_audit,True,/data/task3_2/share_data/scenesmith/hssd_rendered_assets/5d5453033c113346a3052e97dff626f670327b59
5d6e6cef334dc4c12bf73637d8f3cbaf844ed4f5,wall art,high_priority_semantic_front,front,"[0.0,0.0,1.0]",0.2,,pending_asset_front_audit,True,/data/task3_2/share_data/scenesmith/hssd_rendered_assets/5d6e6cef334dc4c12bf73637d8f3cbaf844ed4f5
5d80ddbf1af7672994107dd392ffdf5c8c014e3e,wall art,high_priority_semantic_front,front,"[0.0,0.0,1.0]",0.2,,pending_asset_front_audit,True,/data/task3_2/share_data/scenesmith/hssd_rendered_assets/5d80ddbf1af7672994107dd392ffdf5c8c014e3e
5da5f3f5d0327f6cdac3f1ee3e8a5cee12cc5476,wall art,high_priority_semantic_front,front,"[0.0,0.0,1.0]",0.2,,pending_asset_front_audit,True,/data/task3_2/share_data/scenesmith/hssd_rendered_assets/5da5f3f5d0327f6cdac3f1ee3e8a5cee12cc5476
5de0292f8242662e601a8d168a360eca274b0dd3,wall art,high_priority_semantic_front,front,"[0.0,0.0,1.0]",0.2,,pending_asset_front_audit,True,/data/task3_2/share_data/scenesmith/hssd_rendered_assets/5de0292f8242662e601a8d168a360eca274b0dd3
5e40072a0404a68d831451c0e4fd10ed924d55b6,wall art,high_priority_semantic_front,front,"[0.0,0.0,1.0]",0.2,,pending_asset_front_audit,True,/data/task3_2/share_data/scenesmith/hssd_rendered_assets/5e40072a0404a68d831451c0e4fd10ed924d55b6
5e5baebc2a8a07d20204e1399caffecdf28003f9,wall art,high_priority_semantic_front,front,"[0.0,0.0,1.0]",0.2,,pending_asset_front_audit,True,/data/task3_2/share_data/scenesmith/hssd_rendered_assets/5e5baebc2a8a07d20204e1399caffecdf28003f9
5e979ace7580ebbf7ffda422197ad9300a2a296e,wall art,high_priority_semantic_front,front,"[0.0,0.0,1.0]",0.2,,pending_asset_front_audit,True,/data/task3_2/share_data/scenesmith/hssd_rendered_assets/5e979ace7580ebbf7ffda422197ad9300a2a296e
5e9d4d4d61e99ba9604ea74dbab640f487771502,wall art,high_priority_semantic_front,front,"[0.0,0.0,1.0]",0.2,,pending_asset_front_audit,True,/data/task3_2/share_data/scenesmith/hssd_rendered_assets/5e9d4d4d61e99ba9604ea74dbab640f487771502
5ecafa8ac08ee2c7782e7e27caf20bcfecd85a00,wall art,high_priority_semantic_front,front,"[0.0,0.0,1.0]",0.2,,pending_asset_front_audit,True,/data/task3_2/share_data/scenesmith/hssd_rendered_assets/5ecafa8ac08ee2c7782e7e27caf20bcfecd85a00
5ece73ced671e546797c2337876708b76f15daa4,wall art,high_priority_semantic_front,front,"[0.0,0.0,1.0]",0.2,,pending_asset_front_audit,True,/data/task3_2/share_data/scenesmith/hssd_rendered_assets/5ece73ced671e546797c2337876708b76f15daa4
5edc641b8db2a60537eae7825e3f00b06a957bb5,wall art,high_priority_semantic_front,front,"[0.0,0.0,1.0]",0.2,,pending_asset_front_audit,True,/data/task3_2/share_data/scenesmith/hssd_rendered_assets/5edc641b8db2a60537eae7825e3f00b06a957bb5
5f1ba5121c4df5897880f1a5dccaa10b844c0461,wall art,high_priority_semantic_front,front,"[0.0,0.0,1.0]",0.2,,pending_asset_front_audit,True,/data/task3_2/share_data/scenesmith/hssd_rendered_assets/5f1ba5121c4df5897880f1a5dccaa10b844c0461
5f26183699791b31e183382d57e16b75c101f095,wall art,high_priority_semantic_front,front,"[0.0,0.0,1.0]",0.2,,pending_asset_front_audit,True,/data/task3_2/share_data/scenesmith/hssd_rendered_assets/5f26183699791b31e183382d57e16b75c101f095
5f6564ee5d1e8026846204b071361369f669855c,wall art,high_priority_semantic_front,front,"[0.0,0.0,1.0]",0.2,,pending_asset_front_audit,True,/data/task3_2/share_data/scenesmith/hssd_rendered_assets/5f6564ee5d1e8026846204b071361369f669855c
5fd20a6033b0843026268435ff3a207af65252a7,wall art,high_priority_semantic_front,front,"[0.0,0.0,1.0]",0.2,,pending_asset_front_audit,True,/data/task3_2/share_data/scenesmith/hssd_rendered_assets/5fd20a6033b0843026268435ff3a207af65252a7
5fd64b4e51109cf522a6379c10f77731043b5b9e,wall art,high_priority_semantic_front,front,"[0.0,0.0,1.0]",0.2,,pending_asset_front_audit,True,/data/task3_2/share_data/scenesmith/hssd_rendered_assets/5fd64b4e51109cf522a6379c10f77731043b5b9e
600f827f9229b66753f89df9c39ba5a25e14e81f,wall art,high_priority_semantic_front,front,"[0.0,0.0,1.0]",0.2,,pending_asset_front_audit,True,/data/task3_2/share_data/scenesmith/hssd_rendered_assets/600f827f9229b66753f89df9c39ba5a25e14e81f
608577155f76757dc03f1438ab73a7e7b8076107,wall art,high_priority_semantic_front,front,"[0.0,0.0,1.0]",0.2,,pending_asset_front_audit,True,/data/task3_2/share_data/scenesmith/hssd_rendered_assets/608577155f76757dc03f1438ab73a7e7b8076107
60cd29ad4e6dcb4a8a79f7a85ba52ec6b2a18134,wall art,high_priority_semantic_front,front,"[0.0,0.0,1.0]",0.2,,pending_asset_front_audit,True,/data/task3_2/share_data/scenesmith/hssd_rendered_assets/60cd29ad4e6dcb4a8a79f7a85ba52ec6b2a18134
60e8b55e3caf20f3818e2c02e9470dd9a1fd85c8,wall art,high_priority_semantic_front,front,"[0.0,0.0,1.0]",0.2,,pending_asset_front_audit,True,/data/task3_2/share_data/scenesmith/hssd_rendered_assets/60e8b55e3caf20f3818e2c02e9470dd9a1fd85c8
6104e37a1219482decc460649749ff0d3c48ef58,wall art,high_priority_semantic_front,front,"[0.0,0.0,1.0]",0.2,,pending_asset_front_audit,True,/data/task3_2/share_data/scenesmith/hssd_rendered_assets/6104e37a1219482decc460649749ff0d3c48ef58
612e0bd50f087b6efad23d786946f26d5fb48519,wall art,high_priority_semantic_front,front,"[0.0,0.0,1.0]",0.2,,pending_asset_front_audit,True,/data/task3_2/share_data/scenesmith/hssd_rendered_assets/612e0bd50f087b6efad23d786946f26d5fb48519
623280d0d053e06083d120f051630aaf2cc0b5a8,wall art,high_priority_semantic_front,front,"[0.0,0.0,1.0]",0.2,,pending_asset_front_audit,True,/data/task3_2/share_data/scenesmith/hssd_rendered_assets/623280d0d053e06083d120f051630aaf2cc0b5a8
6234b80bc5581c92a7bcf8d016e32b9cb5f0bba5,wall art,high_priority_semantic_front,front,"[0.0,0.0,1.0]",0.2,,pending_asset_front_audit,True,/data/task3_2/share_data/scenesmith/hssd_rendered_assets/6234b80bc5581c92a7bcf8d016e32b9cb5f0bba5
6273fa1285d1deb24ede0d0f238ab7f12504588e,wall art,high_priority_semantic_front,front,"[0.0,0.0,1.0]",0.2,,pending_asset_front_audit,True,/data/task3_2/share_data/scenesmith/hssd_rendered_assets/6273fa1285d1deb24ede0d0f238ab7f12504588e
62ede454c2fbd6468f300f907c07b7d7725c79e2,wall art,high_priority_semantic_front,front,"[0.0,0.0,1.0]",0.2,,pending_asset_front_audit,True,/data/task3_2/share_data/scenesmith/hssd_rendered_assets/62ede454c2fbd6468f300f907c07b7d7725c79e2
6390cbe813d8715d580974eaeb12cc14716ae9bd,wall art,high_priority_semantic_front,front,"[0.0,0.0,1.0]",0.2,,pending_asset_front_audit,True,/data/task3_2/share_data/scenesmith/hssd_rendered_assets/6390cbe813d8715d580974eaeb12cc14716ae9bd
63989c8da65d2727a9e62aba3ba13fb6d1bf9254,wall art,high_priority_semantic_front,front,"[0.0,0.0,1.0]",0.2,,pending_asset_front_audit,True,/data/task3_2/share_data/scenesmith/hssd_rendered_assets/63989c8da65d2727a9e62aba3ba13fb6d1bf9254
63b16a062c0aa5c766bacc3a673d1e6a8ef79175,wall art,high_priority_semantic_front,front,"[0.0,0.0,1.0]",0.2,,pending_asset_front_audit,True,/data/task3_2/share_data/scenesmith/hssd_rendered_assets/63b16a062c0aa5c766bacc3a673d1e6a8ef79175
63fdda1d91015a6cdab90f532154abbdb9d8b868,wall art,high_priority_semantic_front,front,"[0.0,0.0,1.0]",0.2,,pending_asset_front_audit,True,/data/task3_2/share_data/scenesmith/hssd_rendered_assets/63fdda1d91015a6cdab90f532154abbdb9d8b868
64399069cfdcb22744c05ed60d8ea7cba507d8a8,wall art,high_priority_semantic_front,front,"[0.0,0.0,1.0]",0.2,,pending_asset_front_audit,True,/data/task3_2/share_data/scenesmith/hssd_rendered_assets/64399069cfdcb22744c05ed60d8ea7cba507d8a8
649be1e411a498bc8169918c661cb52da347051f,wall art,high_priority_semantic_front,front,"[0.0,0.0,1.0]",0.2,,pending_asset_front_audit,True,/data/task3_2/share_data/scenesmith/hssd_rendered_assets/649be1e411a498bc8169918c661cb52da347051f
658cb8b6e6ec22d8252d8bba29c97a0a034f57da,wall art,high_priority_semantic_front,front,"[0.0,0.0,1.0]",0.2,,pending_asset_front_audit,True,/data/task3_2/share_data/scenesmith/hssd_rendered_assets/658cb8b6e6ec22d8252d8bba29c97a0a034f57da
66028b1e91b3daca686e0b06468e2bf599ab6b71,wall art,high_priority_semantic_front,front,"[0.0,0.0,1.0]",0.2,,pending_asset_front_audit,True,/data/task3_2/share_data/scenesmith/hssd_rendered_assets/66028b1e91b3daca686e0b06468e2bf599ab6b71
66226bcbcae0e12b6f500362899c9eb9dcec934d,wall art,high_priority_semantic_front,front,"[0.0,0.0,1.0]",0.2,,pending_asset_front_audit,True,/data/task3_2/share_data/scenesmith/hssd_rendered_assets/66226bcbcae0e12b6f500362899c9eb9dcec934d
6645795d9cf4ca5bc3bf469b82b99a2442fb8bee,wall art,high_priority_semantic_front,front,"[0.0,0.0,1.0]",0.2,,pending_asset_front_audit,True,/data/task3_2/share_data/scenesmith/hssd_rendered_assets/6645795d9cf4ca5bc3bf469b82b99a2442fb8bee
6656fab678d3142e423ef59ce75c30e1cf5895cf,wall art,high_priority_semantic_front,front,"[0.0,0.0,1.0]",0.2,,pending_asset_front_audit,True,/data/task3_2/share_data/scenesmith/hssd_rendered_assets/6656fab678d3142e423ef59ce75c30e1cf5895cf
6672ff8064a717269b149204bc248dd8462e3113,wall art,high_priority_semantic_front,front,"[0.0,0.0,1.0]",0.2,,pending_asset_front_audit,True,/data/task3_2/share_data/scenesmith/hssd_rendered_assets/6672ff8064a717269b149204bc248dd8462e3113
667a58a96b908e9b79a8db793352400d672970f2,wall art,high_priority_semantic_front,front,"[0.0,0.0,1.0]",0.2,,pending_asset_front_audit,True,/data/task3_2/share_data/scenesmith/hssd_rendered_assets/667a58a96b908e9b79a8db793352400d672970f2
670789b6e816365611927e83ede77475205bd8e8,wall art,high_priority_semantic_front,front,"[0.0,0.0,1.0]",0.2,,pending_asset_front_audit,True,/data/task3_2/share_data/scenesmith/hssd_rendered_assets/670789b6e816365611927e83ede77475205bd8e8
67157b851fa1841f329d82dc0b6d5b3eeb2fa80a,wall art,high_priority_semantic_front,front,"[0.0,0.0,1.0]",0.2,,pending_asset_front_audit,True,/data/task3_2/share_data/scenesmith/hssd_rendered_assets/67157b851fa1841f329d82dc0b6d5b3eeb2fa80a
6720eed450d7cbe8bd551de57ff07fc99023e768,wall art,high_priority_semantic_front,front,"[0.0,0.0,1.0]",0.2,,pending_asset_front_audit,True,/data/task3_2/share_data/scenesmith/hssd_rendered_assets/6720eed450d7cbe8bd551de57ff07fc99023e768
673f40d76a4bbd59eb9570035e59bae1d4945f26,wall art,high_priority_semantic_front,front,"[0.0,0.0,1.0]",0.2,,pending_asset_front_audit,True,/data/task3_2/share_data/scenesmith/hssd_rendered_assets/673f40d76a4bbd59eb9570035e59bae1d4945f26
67b4a9f77248f735e818698bebfe828ed284b5ca,wall art,high_priority_semantic_front,front,"[0.0,0.0,1.0]",0.2,,pending_asset_front_audit,True,/data/task3_2/share_data/scenesmith/hssd_rendered_assets/67b4a9f77248f735e818698bebfe828ed284b5ca
67dbd06257f02f132bc04d8ee2418d515626226f,wall art,high_priority_semantic_front,front,"[0.0,0.0,1.0]",0.2,,pending_asset_front_audit,True,/data/task3_2/share_data/scenesmith/hssd_rendered_assets/67dbd06257f02f132bc04d8ee2418d515626226f
67fbaf83ee77ec3b544547188b05b4be73b03de4,wall art,high_priority_semantic_front,front,"[0.0,0.0,1.0]",0.2,,pending_asset_front_audit,True,/data/task3_2/share_data/scenesmith/hssd_rendered_assets/67fbaf83ee77ec3b544547188b05b4be73b03de4
681a9a93b5b67acadabbc7e342fcd4a2fabfe3a7,wall art,high_priority_semantic_front,front,"[0.0,0.0,1.0]",0.2,,pending_asset_front_audit,True,/data/task3_2/share_data/scenesmith/hssd_rendered_assets/681a9a93b5b67acadabbc7e342fcd4a2fabfe3a7
681b6b2875851e972e29278c3a2c90b02346f3e0,wall art,high_priority_semantic_front,front,"[0.0,0.0,1.0]",0.2,,pending_asset_front_audit,True,/data/task3_2/share_data/scenesmith/hssd_rendered_assets/681b6b2875851e972e29278c3a2c90b02346f3e0
684e50a4964aefd7baf6d373378627c7592c2529,wall art,high_priority_semantic_front,front,"[0.0,0.0,1.0]",0.2,,pending_asset_front_audit,True,/data/task3_2/share_data/scenesmith/hssd_rendered_assets/684e50a4964aefd7baf6d373378627c7592c2529
68a36d82ee82a633045108e65ba21864f124acf7,wall art,high_priority_semantic_front,front,"[0.0,0.0,1.0]",0.2,,pending_asset_front_audit,True,/data/task3_2/share_data/scenesmith/hssd_rendered_assets/68a36d82ee82a633045108e65ba21864f124acf7
68c028d006d31e75f8d80317f28ab150572ced82,wall art,high_priority_semantic_front,front,"[0.0,0.0,1.0]",0.2,,pending_asset_front_audit,True,/data/task3_2/share_data/scenesmith/hssd_rendered_assets/68c028d006d31e75f8d80317f28ab150572ced82
6949251a7c3f1a5c80fb1d22f0e327c74f1ed14a,wall art,high_priority_semantic_front,front,"[0.0,0.0,1.0]",0.2,,pending_asset_front_audit,True,/data/task3_2/share_data/scenesmith/hssd_rendered_assets/6949251a7c3f1a5c80fb1d22f0e327c74f1ed14a
69f290dc18b7d92985f576f078e3d44bef963c09,wall art,high_priority_semantic_front,front,"[0.0,0.0,1.0]",0.2,,pending_asset_front_audit,True,/data/task3_2/share_data/scenesmith/hssd_rendered_assets/69f290dc18b7d92985f576f078e3d44bef963c09
69fef89f82dd0ae0588ae718ef23abbbd06135d8,wall art,high_priority_semantic_front,front,"[0.0,0.0,1.0]",0.2,,pending_asset_front_audit,True,/data/task3_2/share_data/scenesmith/hssd_rendered_assets/69fef89f82dd0ae0588ae718ef23abbbd06135d8
6a669a569d70b5701f415b02175b52c04313b087,wall art,high_priority_semantic_front,front,"[0.0,0.0,1.0]",0.2,,pending_asset_front_audit,True,/data/task3_2/share_data/scenesmith/hssd_rendered_assets/6a669a569d70b5701f415b02175b52c04313b087
6a760a4540ad095c42ba7abe9107a8985ac4fc53,wall art,high_priority_semantic_front,front,"[0.0,0.0,1.0]",0.2,,pending_asset_front_audit,True,/data/task3_2/share_data/scenesmith/hssd_rendered_assets/6a760a4540ad095c42ba7abe9107a8985ac4fc53
6abdf0ae193cb06761aa72bc6acff7fc7320e76f,wall art,high_priority_semantic_front,front,"[0.0,0.0,1.0]",0.2,,pending_asset_front_audit,True,/data/task3_2/share_data/scenesmith/hssd_rendered_assets/6abdf0ae193cb06761aa72bc6acff7fc7320e76f
6aea226699436cacc36558ae20e543be10dac830,wall art,high_priority_semantic_front,front,"[0.0,0.0,1.0]",0.2,,pending_asset_front_audit,True,/data/task3_2/share_data/scenesmith/hssd_rendered_assets/6aea226699436cacc36558ae20e543be10dac830
6b2ac2d41a90ae7554988478ad38241c0649751b,wall art,high_priority_semantic_front,front,"[0.0,0.0,1.0]",0.2,,pending_asset_front_audit,True,/data/task3_2/share_data/scenesmith/hssd_rendered_assets/6b2ac2d41a90ae7554988478ad38241c0649751b
6b3c3a602e80f176be8d18a39baba26f8c1e828b,wall art,high_priority_semantic_front,front,"[0.0,0.0,1.0]",0.2,,pending_asset_front_audit,True,/data/task3_2/share_data/scenesmith/hssd_rendered_assets/6b3c3a602e80f176be8d18a39baba26f8c1e828b
6b499036ebbe4c10a01d5fb7667d26f5a3049c42,wall art,high_priority_semantic_front,front,"[0.0,0.0,1.0]",0.2,,pending_asset_front_audit,True,/data/task3_2/share_data/scenesmith/hssd_rendered_assets/6b499036ebbe4c10a01d5fb7667d26f5a3049c42
6b5aa509ce1710e7d67a36493e6e654b6e118354,wall art,high_priority_semantic_front,front,"[0.0,0.0,1.0]",0.2,,pending_asset_front_audit,True,/data/task3_2/share_data/scenesmith/hssd_rendered_assets/6b5aa509ce1710e7d67a36493e6e654b6e118354
6b819ecc356fcb0a5891427105ea4c0109efd7e2,wall art,high_priority_semantic_front,front,"[0.0,0.0,1.0]",0.2,,pending_asset_front_audit,True,/data/task3_2/share_data/scenesmith/hssd_rendered_assets/6b819ecc356fcb0a5891427105ea4c0109efd7e2
6bcac56b4cfa6b2b931c771381349aba5d1b5d0b,wall art,high_priority_semantic_front,front,"[0.0,0.0,1.0]",0.2,,pending_asset_front_audit,True,/data/task3_2/share_data/scenesmith/hssd_rendered_assets/6bcac56b4cfa6b2b931c771381349aba5d1b5d0b
6be063043a40af34c8c7251519bc4e132d6aa1f2,wall art,high_priority_semantic_front,front,"[0.0,0.0,1.0]",0.2,,pending_asset_front_audit,True,/data/task3_2/share_data/scenesmith/hssd_rendered_assets/6be063043a40af34c8c7251519bc4e132d6aa1f2
6c3ea44f36b0b950a6cc963b337f03dd3cb92bc1,wall art,high_priority_semantic_front,front,"[0.0,0.0,1.0]",0.2,,pending_asset_front_audit,True,/data/task3_2/share_data/scenesmith/hssd_rendered_assets/6c3ea44f36b0b950a6cc963b337f03dd3cb92bc1
6c55afb0c44fbb54d0753277d164a38111f96d1c,wall art,high_priority_semantic_front,front,"[0.0,0.0,1.0]",0.2,,pending_asset_front_audit,True,/data/task3_2/share_data/scenesmith/hssd_rendered_assets/6c55afb0c44fbb54d0753277d164a38111f96d1c
6c7289d3f8c66ae6837a5bcce7016306e2bd6fed,wall art,high_priority_semantic_front,front,"[0.0,0.0,1.0]",0.2,,pending_asset_front_audit,True,/data/task3_2/share_data/scenesmith/hssd_rendered_assets/6c7289d3f8c66ae6837a5bcce7016306e2bd6fed
6cad7ceda6a1578ebebe13b51df845095cf65c0e,wall art,high_priority_semantic_front,front,"[0.0,0.0,1.0]",0.2,,pending_asset_front_audit,True,/data/task3_2/share_data/scenesmith/hssd_rendered_assets/6cad7ceda6a1578ebebe13b51df845095cf65c0e
6ce02a148d712fe3bc973e4c10cce079c17fcc6a,wall art,high_priority_semantic_front,front,"[0.0,0.0,1.0]",0.2,,pending_asset_front_audit,True,/data/task3_2/share_data/scenesmith/hssd_rendered_assets/6ce02a148d712fe3bc973e4c10cce079c17fcc6a
6ce871b592d0207d53dd45f9ce7180d275f59791,wall art,high_priority_semantic_front,front,"[0.0,0.0,1.0]",0.2,,pending_asset_front_audit,True,/data/task3_2/share_data/scenesmith/hssd_rendered_assets/6ce871b592d0207d53dd45f9ce7180d275f59791
6d07c15cb6c5e4e698fe6c2b8e2434d0dee2274c,wall art,high_priority_semantic_front,front,"[0.0,0.0,1.0]",0.2,,pending_asset_front_audit,True,/data/task3_2/share_data/scenesmith/hssd_rendered_assets/6d07c15cb6c5e4e698fe6c2b8e2434d0dee2274c
6d35a3069826f8f47f07413c23e4d80febb694fd,wall art,high_priority_semantic_front,front,"[0.0,0.0,1.0]",0.2,,pending_asset_front_audit,True,/data/task3_2/share_data/scenesmith/hssd_rendered_assets/6d35a3069826f8f47f07413c23e4d80febb694fd
6de74c197c319d1a00f17bc079ec880d5b2c1b2c,wall art,high_priority_semantic_front,front,"[0.0,0.0,1.0]",0.2,,pending_asset_front_audit,True,/data/task3_2/share_data/scenesmith/hssd_rendered_assets/6de74c197c319d1a00f17bc079ec880d5b2c1b2c
6df005a4961591dd5a4875bce0e067606b1b984b,wall art,high_priority_semantic_front,front,"[0.0,0.0,1.0]",0.2,,pending_asset_front_audit,True,/data/task3_2/share_data/scenesmith/hssd_rendered_assets/6df005a4961591dd5a4875bce0e067606b1b984b
6df92f2df8e6aa3adacc534039fcad36c29e56d9,wall art,high_priority_semantic_front,front,"[0.0,0.0,1.0]",0.2,,pending_asset_front_audit,True,/data/task3_2/share_data/scenesmith/hssd_rendered_assets/6df92f2df8e6aa3adacc534039fcad36c29e56d9
6e061cad8f01fe0c06b20435491c406c6862e589,wall art,high_priority_semantic_front,front,"[0.0,0.0,1.0]",0.2,,pending_asset_front_audit,True,/data/task3_2/share_data/scenesmith/hssd_rendered_assets/6e061cad8f01fe0c06b20435491c406c6862e589
6e7809d676a1fc6fc90252f450dc4db6d3569751,wall art,high_priority_semantic_front,front,"[0.0,0.0,1.0]",0.2,,pending_asset_front_audit,True,/data/task3_2/share_data/scenesmith/hssd_rendered_assets/6e7809d676a1fc6fc90252f450dc4db6d3569751
6e7da448a42378325c82a2a596d967ca75e84ac1,wall art,high_priority_semantic_front,front,"[0.0,0.0,1.0]",0.2,,pending_asset_front_audit,True,/data/task3_2/share_data/scenesmith/hssd_rendered_assets/6e7da448a42378325c82a2a596d967ca75e84ac1
6eb5186c4211005a2581ad0dc91419493a0a358c,wall art,high_priority_semantic_front,front,"[0.0,0.0,1.0]",0.2,,pending_asset_front_audit,True,/data/task3_2/share_data/scenesmith/hssd_rendered_assets/6eb5186c4211005a2581ad0dc91419493a0a358c
6ee4a44f8b5737998c8876aa2c4d522b5cd23feb,wall art,high_priority_semantic_front,front,"[0.0,0.0,1.0]",0.2,,pending_asset_front_audit,True,/data/task3_2/share_data/scenesmith/hssd_rendered_assets/6ee4a44f8b5737998c8876aa2c4d522b5cd23feb
6f39d280c2a04534ebaf2ea6ed2c4d12924ad092,wall art,high_priority_semantic_front,front,"[0.0,0.0,1.0]",0.2,,pending_asset_front_audit,True,/data/task3_2/share_data/scenesmith/hssd_rendered_assets/6f39d280c2a04534ebaf2ea6ed2c4d12924ad092
6f880dd0d100846cbf904ed3dd1f0941214adc2b,wall art,high_priority_semantic_front,front,"[0.0,0.0,1.0]",0.2,,pending_asset_front_audit,True,/data/task3_2/share_data/scenesmith/hssd_rendered_assets/6f880dd0d100846cbf904ed3dd1f0941214adc2b
6f9dfbe8cd3839b93525f5933243b93ff57cca8f,wall art,high_priority_semantic_front,front,"[0.0,0.0,1.0]",0.2,,pending_asset_front_audit,True,/data/task3_2/share_data/scenesmith/hssd_rendered_assets/6f9dfbe8cd3839b93525f5933243b93ff57cca8f
6ff450daad1f6bcf8eec8563a3e4f4494c70fc75,wall art,high_priority_semantic_front,front,"[0.0,0.0,1.0]",0.2,,pending_asset_front_audit,True,/data/task3_2/share_data/scenesmith/hssd_rendered_assets/6ff450daad1f6bcf8eec8563a3e4f4494c70fc75
703a09bf50842e872d6c2b21240412e885bd9fdf,wall art,high_priority_semantic_front,front,"[0.0,0.0,1.0]",0.2,,pending_asset_front_audit,True,/data/task3_2/share_data/scenesmith/hssd_rendered_assets/703a09bf50842e872d6c2b21240412e885bd9fdf
7092c2d631ad33ea65578fda9dc3f2e7ace49f9c,wall art,high_priority_semantic_front,front,"[0.0,0.0,1.0]",0.2,,pending_asset_front_audit,True,/data/task3_2/share_data/scenesmith/hssd_rendered_assets/7092c2d631ad33ea65578fda9dc3f2e7ace49f9c
70aac9fde59293c88ec2ce1b78a67d36915dd8d1,wall art,high_priority_semantic_front,front,"[0.0,0.0,1.0]",0.2,,pending_asset_front_audit,True,/data/task3_2/share_data/scenesmith/hssd_rendered_assets/70aac9fde59293c88ec2ce1b78a67d36915dd8d1
715a72b2761252b77e761724a12c5eff87ca4c00,wall art,high_priority_semantic_front,front,"[0.0,0.0,1.0]",0.2,,pending_asset_front_audit,True,/data/task3_2/share_data/scenesmith/hssd_rendered_assets/715a72b2761252b77e761724a12c5eff87ca4c00
717cab903031722384f08ee7543cba0f4df006ec,wall art,high_priority_semantic_front,front,"[0.0,0.0,1.0]",0.2,,pending_asset_front_audit,True,/data/task3_2/share_data/scenesmith/hssd_rendered_assets/717cab903031722384f08ee7543cba0f4df006ec
718d4c7844ea2efd9247139bb145228d6841b425,wall art,high_priority_semantic_front,front,"[0.0,0.0,1.0]",0.2,,pending_asset_front_audit,True,/data/task3_2/share_data/scenesmith/hssd_rendered_assets/718d4c7844ea2efd9247139bb145228d6841b425
7190489aa649a0bf3d28930dd621ea66c2063d6e,wall art,high_priority_semantic_front,front,"[0.0,0.0,1.0]",0.2,,pending_asset_front_audit,True,/data/task3_2/share_data/scenesmith/hssd_rendered_assets/7190489aa649a0bf3d28930dd621ea66c2063d6e
71b59a776ed8f0d33739a653749f68c59ae8c939,wall art,high_priority_semantic_front,front,"[0.0,0.0,1.0]",0.2,,pending_asset_front_audit,True,/data/task3_2/share_data/scenesmith/hssd_rendered_assets/71b59a776ed8f0d33739a653749f68c59ae8c939
7258807d160c815dc001a59b6a6be88f5b9ea898,wall art,high_priority_semantic_front,front,"[0.0,0.0,1.0]",0.2,,pending_asset_front_audit,True,/data/task3_2/share_data/scenesmith/hssd_rendered_assets/7258807d160c815dc001a59b6a6be88f5b9ea898
7296cba85cfaf0ab1733eca053ca054eeae8afb6,wall art,high_priority_semantic_front,front,"[0.0,0.0,1.0]",0.2,,pending_asset_front_audit,True,/data/task3_2/share_data/scenesmith/hssd_rendered_assets/7296cba85cfaf0ab1733eca053ca054eeae8afb6
72dc9e7ab50d57308450445ef4e424c0e3c3acd6,wall art,high_priority_semantic_front,front,"[0.0,0.0,1.0]",0.2,,pending_asset_front_audit,True,/data/task3_2/share_data/scenesmith/hssd_rendered_assets/72dc9e7ab50d57308450445ef4e424c0e3c3acd6
72decd843fde2d94015300738b13172ec428e3a3,wall art,high_priority_semantic_front,front,"[0.0,0.0,1.0]",0.2,,pending_asset_front_audit,True,/data/task3_2/share_data/scenesmith/hssd_rendered_assets/72decd843fde2d94015300738b13172ec428e3a3
72e64df07fa5a1da34ceba6e350e7b1bed8e4958,wall art,high_priority_semantic_front,front,"[0.0,0.0,1.0]",0.2,,pending_asset_front_audit,True,/data/task3_2/share_data/scenesmith/hssd_rendered_assets/72e64df07fa5a1da34ceba6e350e7b1bed8e4958
736dbf03e4ad0a36ebc9b4e3a5f65e8ef35ccb37,wall art,high_priority_semantic_front,front,"[0.0,0.0,1.0]",0.2,,pending_asset_front_audit,True,/data/task3_2/share_data/scenesmith/hssd_rendered_assets/736dbf03e4ad0a36ebc9b4e3a5f65e8ef35ccb37
736e7a3f89aee454434df977e28f2d311c12e8d9,wall art,high_priority_semantic_front,front,"[0.0,0.0,1.0]",0.2,,pending_asset_front_audit,True,/data/task3_2/share_data/scenesmith/hssd_rendered_assets/736e7a3f89aee454434df977e28f2d311c12e8d9
73969913e86d513a2e3bbb01a9930a7515af2959,wall art,high_priority_semantic_front,front,"[0.0,0.0,1.0]",0.2,,pending_asset_front_audit,True,/data/task3_2/share_data/scenesmith/hssd_rendered_assets/73969913e86d513a2e3bbb01a9930a7515af2959
73f023276f79e4f10461bae7768e728ba42f0c83,wall art,high_priority_semantic_front,front,"[0.0,0.0,1.0]",0.2,,pending_asset_front_audit,True,/data/task3_2/share_data/scenesmith/hssd_rendered_assets/73f023276f79e4f10461bae7768e728ba42f0c83
7422f381636c7d109de956ba2ba2207e6dec3623,wall art,high_priority_semantic_front,front,"[0.0,0.0,1.0]",0.2,,pending_asset_front_audit,True,/data/task3_2/share_data/scenesmith/hssd_rendered_assets/7422f381636c7d109de956ba2ba2207e6dec3623
74a7c899cc3d674a2cfe1f55be01c8bedd72273d,wall art,high_priority_semantic_front,front,"[0.0,0.0,1.0]",0.2,,pending_asset_front_audit,True,/data/task3_2/share_data/scenesmith/hssd_rendered_assets/74a7c899cc3d674a2cfe1f55be01c8bedd72273d
7572f4ee8c5c15d759435197d7cbe900ce324bfd,wall art,high_priority_semantic_front,front,"[0.0,0.0,1.0]",0.2,,pending_asset_front_audit,True,/data/task3_2/share_data/scenesmith/hssd_rendered_assets/7572f4ee8c5c15d759435197d7cbe900ce324bfd
75b122ae0f1409d838f4372af9b901fa68304840,wall art,high_priority_semantic_front,front,"[0.0,0.0,1.0]",0.2,,pending_asset_front_audit,True,/data/task3_2/share_data/scenesmith/hssd_rendered_assets/75b122ae0f1409d838f4372af9b901fa68304840
7679f541a9db45fd2a7ba0fcbb0e0a61efddce1e,wall art,high_priority_semantic_front,front,"[0.0,0.0,1.0]",0.2,,pending_asset_front_audit,True,/data/task3_2/share_data/scenesmith/hssd_rendered_assets/7679f541a9db45fd2a7ba0fcbb0e0a61efddce1e
7716edab9419207cdad0e48548fdccf25ed883ea,wall art,high_priority_semantic_front,front,"[0.0,0.0,1.0]",0.2,,pending_asset_front_audit,True,/data/task3_2/share_data/scenesmith/hssd_rendered_assets/7716edab9419207cdad0e48548fdccf25ed883ea
775a3ca949c41b0f143a1c919efa402817172e1f,wall art,high_priority_semantic_front,front,"[0.0,0.0,1.0]",0.2,,pending_asset_front_audit,True,/data/task3_2/share_data/scenesmith/hssd_rendered_assets/775a3ca949c41b0f143a1c919efa402817172e1f
77abeec71054aaeb7321f8b2a7f195caf582bcfa,wall art,high_priority_semantic_front,front,"[0.0,0.0,1.0]",0.2,,pending_asset_front_audit,True,/data/task3_2/share_data/scenesmith/hssd_rendered_assets/77abeec71054aaeb7321f8b2a7f195caf582bcfa
77b82c8a414243afd5b53c6efec2c77a5c8cda85,wall art,high_priority_semantic_front,front,"[0.0,0.0,1.0]",0.2,,pending_asset_front_audit,True,/data/task3_2/share_data/scenesmith/hssd_rendered_assets/77b82c8a414243afd5b53c6efec2c77a5c8cda85
77bfd8ddbcd731b9bc392cbcaa72af43496c024e,wall art,high_priority_semantic_front,front,"[0.0,0.0,1.0]",0.2,,pending_asset_front_audit,True,/data/task3_2/share_data/scenesmith/hssd_rendered_assets/77bfd8ddbcd731b9bc392cbcaa72af43496c024e
77e463ed4aeea7a8b97ec0f25765706519bf335a,wall art,high_priority_semantic_front,front,"[0.0,0.0,1.0]",0.2,,pending_asset_front_audit,True,/data/task3_2/share_data/scenesmith/hssd_rendered_assets/77e463ed4aeea7a8b97ec0f25765706519bf335a
77efedbc319b5e9c634dab836b15bc5750d19dfd,wall art,high_priority_semantic_front,front,"[0.0,0.0,1.0]",0.2,,pending_asset_front_audit,True,/data/task3_2/share_data/scenesmith/hssd_rendered_assets/77efedbc319b5e9c634dab836b15bc5750d19dfd
78731d523edf2f0f16b7a7b3f0c92ec7e8a0b0fd,wall art,high_priority_semantic_front,front,"[0.0,0.0,1.0]",0.2,,pending_asset_front_audit,True,/data/task3_2/share_data/scenesmith/hssd_rendered_assets/78731d523edf2f0f16b7a7b3f0c92ec7e8a0b0fd
78feeae49440fd1a7415a3b992796a446db40425,wall art,high_priority_semantic_front,front,"[0.0,0.0,1.0]",0.2,,pending_asset_front_audit,True,/data/task3_2/share_data/scenesmith/hssd_rendered_assets/78feeae49440fd1a7415a3b992796a446db40425
792f8cd95358bb74951621798f9a56eadc397511,wall art,high_priority_semantic_front,front,"[0.0,0.0,1.0]",0.2,,pending_asset_front_audit,True,/data/task3_2/share_data/scenesmith/hssd_rendered_assets/792f8cd95358bb74951621798f9a56eadc397511
796a643f3d4c6c84383e5e068530c8950581d8db,wall art,high_priority_semantic_front,front,"[0.0,0.0,1.0]",0.2,,pending_asset_front_audit,True,/data/task3_2/share_data/scenesmith/hssd_rendered_assets/796a643f3d4c6c84383e5e068530c8950581d8db
7974da33f5823fa7dd5ecca7b87a74824563510f,wall art,high_priority_semantic_front,front,"[0.0,0.0,1.0]",0.2,,pending_asset_front_audit,True,/data/task3_2/share_data/scenesmith/hssd_rendered_assets/7974da33f5823fa7dd5ecca7b87a74824563510f
79a6ca9ce2b4f4ff977ee7354a4b306fa1416951,wall art,high_priority_semantic_front,front,"[0.0,0.0,1.0]",0.2,,pending_asset_front_audit,True,/data/task3_2/share_data/scenesmith/hssd_rendered_assets/79a6ca9ce2b4f4ff977ee7354a4b306fa1416951
79b224535ddd7ecdff06a86f9d17d98c08536592,wall art,high_priority_semantic_front,front,"[0.0,0.0,1.0]",0.2,,pending_asset_front_audit,True,/data/task3_2/share_data/scenesmith/hssd_rendered_assets/79b224535ddd7ecdff06a86f9d17d98c08536592
79eac4e5f6e3cfb01f2d174b5d227c49e55db550,wall art,high_priority_semantic_front,front,"[0.0,0.0,1.0]",0.2,,pending_asset_front_audit,True,/data/task3_2/share_data/scenesmith/hssd_rendered_assets/79eac4e5f6e3cfb01f2d174b5d227c49e55db550
7a3655912a927718198767112d247b6b2880b6bd,wall art,high_priority_semantic_front,front,"[0.0,0.0,1.0]",0.2,,pending_asset_front_audit,True,/data/task3_2/share_data/scenesmith/hssd_rendered_assets/7a3655912a927718198767112d247b6b2880b6bd
7a45c8eb410d510348f6593f04a9269d25b32f35,wall art,high_priority_semantic_front,front,"[0.0,0.0,1.0]",0.2,,pending_asset_front_audit,True,/data/task3_2/share_data/scenesmith/hssd_rendered_assets/7a45c8eb410d510348f6593f04a9269d25b32f35
7a5099426ffb133144c50dc825bc39b43cecaabb,wall art,high_priority_semantic_front,front,"[0.0,0.0,1.0]",0.2,,pending_asset_front_audit,True,/data/task3_2/share_data/scenesmith/hssd_rendered_assets/7a5099426ffb133144c50dc825bc39b43cecaabb
7a60c62f2267af6539a5c35a2c1efdfdc1d5f3a9,wall art,high_priority_semantic_front,front,"[0.0,0.0,1.0]",0.2,,pending_asset_front_audit,True,/data/task3_2/share_data/scenesmith/hssd_rendered_assets/7a60c62f2267af6539a5c35a2c1efdfdc1d5f3a9
7a9999fc609b6f6f06e121287c41d880f8afc7b0,wall art,high_priority_semantic_front,front,"[0.0,0.0,1.0]",0.2,,pending_asset_front_audit,True,/data/task3_2/share_data/scenesmith/hssd_rendered_assets/7a9999fc609b6f6f06e121287c41d880f8afc7b0
7aadff0aaf6eee8b856eda401e5ab6e5bb546949,wall art,high_priority_semantic_front,front,"[0.0,0.0,1.0]",0.2,,pending_asset_front_audit,True,/data/task3_2/share_data/scenesmith/hssd_rendered_assets/7aadff0aaf6eee8b856eda401e5ab6e5bb546949
7ab0d5adef44aeb70c75eb6b14bbd9914bbf8c1a,wall art,high_priority_semantic_front,front,"[0.0,0.0,1.0]",0.2,,pending_asset_front_audit,True,/data/task3_2/share_data/scenesmith/hssd_rendered_assets/7ab0d5adef44aeb70c75eb6b14bbd9914bbf8c1a
7ab7966e25883da8b02f451039fd7906376fb69d,wall art,high_priority_semantic_front,front,"[0.0,0.0,1.0]",0.2,,pending_asset_front_audit,True,/data/task3_2/share_data/scenesmith/hssd_rendered_assets/7ab7966e25883da8b02f451039fd7906376fb69d
7acc577508ee43db1a2c574c901a1b56e10f2d30,wall art,high_priority_semantic_front,front,"[0.0,0.0,1.0]",0.2,,pending_asset_front_audit,True,/data/task3_2/share_data/scenesmith/hssd_rendered_assets/7acc577508ee43db1a2c574c901a1b56e10f2d30
7b5da8f9e9ea038380757649496ba1d0ca0cd2e0,wall art,high_priority_semantic_front,front,"[0.0,0.0,1.0]",0.2,,pending_asset_front_audit,True,/data/task3_2/share_data/scenesmith/hssd_rendered_assets/7b5da8f9e9ea038380757649496ba1d0ca0cd2e0
7b7cba36a188840932e677143e10b7afc9851d4f,wall art,high_priority_semantic_front,front,"[0.0,0.0,1.0]",0.2,,pending_asset_front_audit,True,/data/task3_2/share_data/scenesmith/hssd_rendered_assets/7b7cba36a188840932e677143e10b7afc9851d4f
7b8d2f7fddeefb969bcb7ea0cbc8f7398ff9590c,wall art,high_priority_semantic_front,front,"[0.0,0.0,1.0]",0.2,,pending_asset_front_audit,True,/data/task3_2/share_data/scenesmith/hssd_rendered_assets/7b8d2f7fddeefb969bcb7ea0cbc8f7398ff9590c
7badc6cf44e8b66b36938846242492fac54e5ceb,wall art,high_priority_semantic_front,front,"[0.0,0.0,1.0]",0.2,,pending_asset_front_audit,True,/data/task3_2/share_data/scenesmith/hssd_rendered_assets/7badc6cf44e8b66b36938846242492fac54e5ceb
7bb309560ab737ddb0b54fd7bd714daffc9a4489,wall art,high_priority_semantic_front,front,"[0.0,0.0,1.0]",0.2,,pending_asset_front_audit,True,/data/task3_2/share_data/scenesmith/hssd_rendered_assets/7bb309560ab737ddb0b54fd7bd714daffc9a4489
7bed529088bfdf7071ca910d1bd45948ea5c8e39,wall art,high_priority_semantic_front,front,"[0.0,0.0,1.0]",0.2,,pending_asset_front_audit,True,/data/task3_2/share_data/scenesmith/hssd_rendered_assets/7bed529088bfdf7071ca910d1bd45948ea5c8e39
7bf5d72ea721296ab6faf52406c0ba83714d55c1,wall art,high_priority_semantic_front,front,"[0.0,0.0,1.0]",0.2,,pending_asset_front_audit,True,/data/task3_2/share_data/scenesmith/hssd_rendered_assets/7bf5d72ea721296ab6faf52406c0ba83714d55c1
7c40912ec63ca60997a6d010ff8b442d47c44167,wall art,high_priority_semantic_front,front,"[0.0,0.0,1.0]",0.2,,pending_asset_front_audit,True,/data/task3_2/share_data/scenesmith/hssd_rendered_assets/7c40912ec63ca60997a6d010ff8b442d47c44167
7d283d5ee2290f3b2b80d6d028ad32d0b5ecaa58,wall art,high_priority_semantic_front,front,"[0.0,0.0,1.0]",0.2,,pending_asset_front_audit,True,/data/task3_2/share_data/scenesmith/hssd_rendered_assets/7d283d5ee2290f3b2b80d6d028ad32d0b5ecaa58
7d640c90d6fb24073768779c8e0d4e54e6d01e70,wall art,high_priority_semantic_front,front,"[0.0,0.0,1.0]",0.2,,pending_asset_front_audit,True,/data/task3_2/share_data/scenesmith/hssd_rendered_assets/7d640c90d6fb24073768779c8e0d4e54e6d01e70
7da3b70e20f1c92d108e6df63880dd6279a70c11,wall art,high_priority_semantic_front,front,"[0.0,0.0,1.0]",0.2,,pending_asset_front_audit,True,/data/task3_2/share_data/scenesmith/hssd_rendered_assets/7da3b70e20f1c92d108e6df63880dd6279a70c11
7da7cde0956537d931d37186aa8342edebd36cba,wall art,high_priority_semantic_front,front,"[0.0,0.0,1.0]",0.2,,pending_asset_front_audit,True,/data/task3_2/share_data/scenesmith/hssd_rendered_assets/7da7cde0956537d931d37186aa8342edebd36cba
7e767256aedd522af2c89e56e63ce9e8be7ac447,wall art,high_priority_semantic_front,front,"[0.0,0.0,1.0]",0.2,,pending_asset_front_audit,True,/data/task3_2/share_data/scenesmith/hssd_rendered_assets/7e767256aedd522af2c89e56e63ce9e8be7ac447
7e7e86473e298d61237b44f72ad0f362f3787454,wall art,high_priority_semantic_front,front,"[0.0,0.0,1.0]",0.2,,pending_asset_front_audit,True,/data/task3_2/share_data/scenesmith/hssd_rendered_assets/7e7e86473e298d61237b44f72ad0f362f3787454
7ea43998fe8699480d2362f23524086d0346e9ec,wall art,high_priority_semantic_front,front,"[0.0,0.0,1.0]",0.2,,pending_asset_front_audit,True,/data/task3_2/share_data/scenesmith/hssd_rendered_assets/7ea43998fe8699480d2362f23524086d0346e9ec
7ebc7102e393afd998a6007c004357e787a74b88,wall art,high_priority_semantic_front,front,"[0.0,0.0,1.0]",0.2,,pending_asset_front_audit,True,/data/task3_2/share_data/scenesmith/hssd_rendered_assets/7ebc7102e393afd998a6007c004357e787a74b88
7f4c9de625a55773fe202a055ccf7754ad16138c,wall art,high_priority_semantic_front,front,"[0.0,0.0,1.0]",0.2,,pending_asset_front_audit,True,/data/task3_2/share_data/scenesmith/hssd_rendered_assets/7f4c9de625a55773fe202a055ccf7754ad16138c
7f820df39ee7a17ee021966c55cee2b8fb796709,wall art,high_priority_semantic_front,front,"[0.0,0.0,1.0]",0.2,,pending_asset_front_audit,True,/data/task3_2/share_data/scenesmith/hssd_rendered_assets/7f820df39ee7a17ee021966c55cee2b8fb796709
7f8ff330c7452a1fb0f58dbe072213f67f8f4895,wall art,high_priority_semantic_front,front,"[0.0,0.0,1.0]",0.2,,pending_asset_front_audit,True,/data/task3_2/share_data/scenesmith/hssd_rendered_assets/7f8ff330c7452a1fb0f58dbe072213f67f8f4895
7f9a126716bf989df5ae42cd85cacc10c81b0841,wall art,high_priority_semantic_front,front,"[0.0,0.0,1.0]",0.2,,pending_asset_front_audit,True,/data/task3_2/share_data/scenesmith/hssd_rendered_assets/7f9a126716bf989df5ae42cd85cacc10c81b0841
8012eb8bd0dcd7b743bf3a7519268a36735e37a5,wall art,high_priority_semantic_front,front,"[0.0,0.0,1.0]",0.2,,pending_asset_front_audit,True,/data/task3_2/share_data/scenesmith/hssd_rendered_assets/8012eb8bd0dcd7b743bf3a7519268a36735e37a5
803ac565bad745f9121d9e77592c453ec1272069,wall art,high_priority_semantic_front,front,"[0.0,0.0,1.0]",0.2,,pending_asset_front_audit,True,/data/task3_2/share_data/scenesmith/hssd_rendered_assets/803ac565bad745f9121d9e77592c453ec1272069
806186d3b65190797e716ededa9983b7139a9c5f,wall art,high_priority_semantic_front,front,"[0.0,0.0,1.0]",0.2,,pending_asset_front_audit,True,/data/task3_2/share_data/scenesmith/hssd_rendered_assets/806186d3b65190797e716ededa9983b7139a9c5f
807f25ee14bafb74bb4c4977935a9f33c4eaa247,wall art,high_priority_semantic_front,front,"[0.0,0.0,1.0]",0.2,,pending_asset_front_audit,True,/data/task3_2/share_data/scenesmith/hssd_rendered_assets/807f25ee14bafb74bb4c4977935a9f33c4eaa247
80f0e989a1c8fdaa6947e02db86405574fc5404a,wall art,high_priority_semantic_front,front,"[0.0,0.0,1.0]",0.2,,pending_asset_front_audit,True,/data/task3_2/share_data/scenesmith/hssd_rendered_assets/80f0e989a1c8fdaa6947e02db86405574fc5404a
81a42b9340e75eb05a3a4c094a68a2a034a57ce2,wall art,high_priority_semantic_front,front,"[0.0,0.0,1.0]",0.2,,pending_asset_front_audit,True,/data/task3_2/share_data/scenesmith/hssd_rendered_assets/81a42b9340e75eb05a3a4c094a68a2a034a57ce2
824c3103fb0090f0cdce8f2792eb2ca08f392205,wall art,high_priority_semantic_front,front,"[0.0,0.0,1.0]",0.2,,pending_asset_front_audit,True,/data/task3_2/share_data/scenesmith/hssd_rendered_assets/824c3103fb0090f0cdce8f2792eb2ca08f392205
82739c6bec84bf7b9854284d74e62f4a01c4a93e,wall art,high_priority_semantic_front,front,"[0.0,0.0,1.0]",0.2,,pending_asset_front_audit,True,/data/task3_2/share_data/scenesmith/hssd_rendered_assets/82739c6bec84bf7b9854284d74e62f4a01c4a93e
8295040b3e0779981d918afd1eb00323802f8b26,wall art,high_priority_semantic_front,front,"[0.0,0.0,1.0]",0.2,,pending_asset_front_audit,True,/data/task3_2/share_data/scenesmith/hssd_rendered_assets/8295040b3e0779981d918afd1eb00323802f8b26
82b93979d621a4b74e7778a25330fd4d1821d5be,wall art,high_priority_semantic_front,front,"[0.0,0.0,1.0]",0.2,,pending_asset_front_audit,True,/data/task3_2/share_data/scenesmith/hssd_rendered_assets/82b93979d621a4b74e7778a25330fd4d1821d5be
82f93ef0997128d40a7dc69558502cd859c80f94,wall art,high_priority_semantic_front,front,"[0.0,0.0,1.0]",0.2,,pending_asset_front_audit,True,/data/task3_2/share_data/scenesmith/hssd_rendered_assets/82f93ef0997128d40a7dc69558502cd859c80f94
830b30c96ce12bbd805008797466a3b853067195,wall art,high_priority_semantic_front,front,"[0.0,0.0,1.0]",0.2,,pending_asset_front_audit,True,/data/task3_2/share_data/scenesmith/hssd_rendered_assets/830b30c96ce12bbd805008797466a3b853067195
8325bb5d44d4c80264bf4534496a4b0b0add4438,wall art,high_priority_semantic_front,front,"[0.0,0.0,1.0]",0.2,,pending_asset_front_audit,True,/data/task3_2/share_data/scenesmith/hssd_rendered_assets/8325bb5d44d4c80264bf4534496a4b0b0add4438
837e3e20c4ad389dd54574235d59abb8907b336d,wall art,high_priority_semantic_front,front,"[0.0,0.0,1.0]",0.2,,pending_asset_front_audit,True,/data/task3_2/share_data/scenesmith/hssd_rendered_assets/837e3e20c4ad389dd54574235d59abb8907b336d
83b85b3d996b73ba1cc338a3bb904a4c792ce8b0,wall art,high_priority_semantic_front,front,"[0.0,0.0,1.0]",0.2,,pending_asset_front_audit,True,/data/task3_2/share_data/scenesmith/hssd_rendered_assets/83b85b3d996b73ba1cc338a3bb904a4c792ce8b0
83bd369217da7c472b35abffbe2feb2e0a555985,wall art,high_priority_semantic_front,front,"[0.0,0.0,1.0]",0.2,,pending_asset_front_audit,True,/data/task3_2/share_data/scenesmith/hssd_rendered_assets/83bd369217da7c472b35abffbe2feb2e0a555985
83e1b4b5b8a22fc76ba8caeb74b9c11fbcf190e6,wall art,high_priority_semantic_front,front,"[0.0,0.0,1.0]",0.2,,pending_asset_front_audit,True,/data/task3_2/share_data/scenesmith/hssd_rendered_assets/83e1b4b5b8a22fc76ba8caeb74b9c11fbcf190e6
842cb2bb81d90ef468ce3bc19c39ba3acae43e2c,wall art,high_priority_semantic_front,front,"[0.0,0.0,1.0]",0.2,,pending_asset_front_audit,True,/data/task3_2/share_data/scenesmith/hssd_rendered_assets/842cb2bb81d90ef468ce3bc19c39ba3acae43e2c
84ec73df1d73e318c129fe1e41f417f7376f9e78,wall art,high_priority_semantic_front,front,"[0.0,0.0,1.0]",0.2,,pending_asset_front_audit,True,/data/task3_2/share_data/scenesmith/hssd_rendered_assets/84ec73df1d73e318c129fe1e41f417f7376f9e78
855f8925c25345b252efd508bd110a036a1d7268,wall art,high_priority_semantic_front,front,"[0.0,0.0,1.0]",0.2,,pending_asset_front_audit,True,/data/task3_2/share_data/scenesmith/hssd_rendered_assets/855f8925c25345b252efd508bd110a036a1d7268
85db43627ef7f84fafa3c19c9257a2497abd38df,wall art,high_priority_semantic_front,front,"[0.0,0.0,1.0]",0.2,,pending_asset_front_audit,True,/data/task3_2/share_data/scenesmith/hssd_rendered_assets/85db43627ef7f84fafa3c19c9257a2497abd38df
8602fe9baa73501aca16c4b7ac0c64859682d661,wall art,high_priority_semantic_front,front,"[0.0,0.0,1.0]",0.2,,pending_asset_front_audit,True,/data/task3_2/share_data/scenesmith/hssd_rendered_assets/8602fe9baa73501aca16c4b7ac0c64859682d661
8657cdb1c58bc0e36b5ae0f301e511ea17392974,wall art,high_priority_semantic_front,front,"[0.0,0.0,1.0]",0.2,,pending_asset_front_audit,True,/data/task3_2/share_data/scenesmith/hssd_rendered_assets/8657cdb1c58bc0e36b5ae0f301e511ea17392974
869024339bb6856f8a919079ede00407de42c5b7,wall art,high_priority_semantic_front,front,"[0.0,0.0,1.0]",0.2,,pending_asset_front_audit,True,/data/task3_2/share_data/scenesmith/hssd_rendered_assets/869024339bb6856f8a919079ede00407de42c5b7
873bbd97ddf742d82433693327d4e68ee264d7a5,wall art,high_priority_semantic_front,front,"[0.0,0.0,1.0]",0.2,,pending_asset_front_audit,True,/data/task3_2/share_data/scenesmith/hssd_rendered_assets/873bbd97ddf742d82433693327d4e68ee264d7a5
873cb9cbd593430260383250bec8743ca059bccd,wall art,high_priority_semantic_front,front,"[0.0,0.0,1.0]",0.2,,pending_asset_front_audit,True,/data/task3_2/share_data/scenesmith/hssd_rendered_assets/873cb9cbd593430260383250bec8743ca059bccd
878245f4289e87f35c46137ef7cf0ac43f5758c0,wall art,high_priority_semantic_front,front,"[0.0,0.0,1.0]",0.2,,pending_asset_front_audit,True,/data/task3_2/share_data/scenesmith/hssd_rendered_assets/878245f4289e87f35c46137ef7cf0ac43f5758c0
878671796abff4e429bc3b4f6b304a7a8c85a8c7,wall art,high_priority_semantic_front,front,"[0.0,0.0,1.0]",0.2,,pending_asset_front_audit,True,/data/task3_2/share_data/scenesmith/hssd_rendered_assets/878671796abff4e429bc3b4f6b304a7a8c85a8c7
87b5d5a0d698193ec223c47bc7ad3da16daf414e,wall art,high_priority_semantic_front,front,"[0.0,0.0,1.0]",0.2,,pending_asset_front_audit,True,/data/task3_2/share_data/scenesmith/hssd_rendered_assets/87b5d5a0d698193ec223c47bc7ad3da16daf414e
87d9a892513415eeb39266b867e6f9583e1ed0ab,wall art,high_priority_semantic_front,front,"[0.0,0.0,1.0]",0.2,,pending_asset_front_audit,True,/data/task3_2/share_data/scenesmith/hssd_rendered_assets/87d9a892513415eeb39266b867e6f9583e1ed0ab
881321812e706f8187904724015e01eaa60c6d67,wall art,high_priority_semantic_front,front,"[0.0,0.0,1.0]",0.2,,pending_asset_front_audit,True,/data/task3_2/share_data/scenesmith/hssd_rendered_assets/881321812e706f8187904724015e01eaa60c6d67
8815be2cfcc3eb519941b97afdea2352b9d48e49,wall art,high_priority_semantic_front,front,"[0.0,0.0,1.0]",0.2,,pending_asset_front_audit,True,/data/task3_2/share_data/scenesmith/hssd_rendered_assets/8815be2cfcc3eb519941b97afdea2352b9d48e49
88228361dca94dc02e640c3ee16d008d918fb635,wall art,high_priority_semantic_front,front,"[0.0,0.0,1.0]",0.2,,pending_asset_front_audit,True,/data/task3_2/share_data/scenesmith/hssd_rendered_assets/88228361dca94dc02e640c3ee16d008d918fb635
885bf5232852d8ee0c738b1d590ad1958186d1dd,wall art,high_priority_semantic_front,front,"[0.0,0.0,1.0]",0.2,,pending_asset_front_audit,True,/data/task3_2/share_data/scenesmith/hssd_rendered_assets/885bf5232852d8ee0c738b1d590ad1958186d1dd
886f1c20554af9cbb60c3bfdbcc0c9b6b069ef20,wall art,high_priority_semantic_front,front,"[0.0,0.0,1.0]",0.2,,pending_asset_front_audit,True,/data/task3_2/share_data/scenesmith/hssd_rendered_assets/886f1c20554af9cbb60c3bfdbcc0c9b6b069ef20
8879706acbcc49d188193ce9820eefd75068141f,wall art,high_priority_semantic_front,front,"[0.0,0.0,1.0]",0.2,,pending_asset_front_audit,True,/data/task3_2/share_data/scenesmith/hssd_rendered_assets/8879706acbcc49d188193ce9820eefd75068141f
889b6072481bd9ba383df361e3d3d2e41079dd41,wall art,high_priority_semantic_front,front,"[0.0,0.0,1.0]",0.2,,pending_asset_front_audit,True,/data/task3_2/share_data/scenesmith/hssd_rendered_assets/889b6072481bd9ba383df361e3d3d2e41079dd41
896399bc6bbb4bacd844b3dc204609bc0e6f43d3,wall art,high_priority_semantic_front,front,"[0.0,0.0,1.0]",0.2,,pending_asset_front_audit,True,/data/task3_2/share_data/scenesmith/hssd_rendered_assets/896399bc6bbb4bacd844b3dc204609bc0e6f43d3
8989ca39b1b2660f7a776e437513d33360ff3b2a,wall art,high_priority_semantic_front,front,"[0.0,0.0,1.0]",0.2,,pending_asset_front_audit,True,/data/task3_2/share_data/scenesmith/hssd_rendered_assets/8989ca39b1b2660f7a776e437513d33360ff3b2a
89d45bdb1c849e676cb44c766037d86bc246c5c6,wall art,high_priority_semantic_front,front,"[0.0,0.0,1.0]",0.2,,pending_asset_front_audit,True,/data/task3_2/share_data/scenesmith/hssd_rendered_assets/89d45bdb1c849e676cb44c766037d86bc246c5c6
8a4690491901ad1301c4b2acf0d79150ff49319d,wall art,high_priority_semantic_front,front,"[0.0,0.0,1.0]",0.2,,pending_asset_front_audit,True,/data/task3_2/share_data/scenesmith/hssd_rendered_assets/8a4690491901ad1301c4b2acf0d79150ff49319d
8ac94abca805988db3ebfb9a4afc143e2257e545,wall art,high_priority_semantic_front,front,"[0.0,0.0,1.0]",0.2,,pending_asset_front_audit,True,/data/task3_2/share_data/scenesmith/hssd_rendered_assets/8ac94abca805988db3ebfb9a4afc143e2257e545
8ac96eb402322c6b39bec9b6907827ee808f2450,wall art,high_priority_semantic_front,front,"[0.0,0.0,1.0]",0.2,,pending_asset_front_audit,True,/data/task3_2/share_data/scenesmith/hssd_rendered_assets/8ac96eb402322c6b39bec9b6907827ee808f2450
8b52232d6b92eb351c4043df56af806a4dfcfc03,wall art,high_priority_semantic_front,front,"[0.0,0.0,1.0]",0.2,,pending_asset_front_audit,True,/data/task3_2/share_data/scenesmith/hssd_rendered_assets/8b52232d6b92eb351c4043df56af806a4dfcfc03
8c377ba7665e7801bbc2147ebb5a2749149d7639,wall art,high_priority_semantic_front,front,"[0.0,0.0,1.0]",0.2,,pending_asset_front_audit,True,/data/task3_2/share_data/scenesmith/hssd_rendered_assets/8c377ba7665e7801bbc2147ebb5a2749149d7639
8c4309607997206ebdc9612db54b2ad42393df9e,wall art,high_priority_semantic_front,front,"[0.0,0.0,1.0]",0.2,,pending_asset_front_audit,True,/data/task3_2/share_data/scenesmith/hssd_rendered_assets/8c4309607997206ebdc9612db54b2ad42393df9e
8c73109a6020fbf91d2491766b22e7167f13ae21,wall art,high_priority_semantic_front,front,"[0.0,0.0,1.0]",0.2,,pending_asset_front_audit,True,/data/task3_2/share_data/scenesmith/hssd_rendered_assets/8c73109a6020fbf91d2491766b22e7167f13ae21
8c8e3efa817206e3928d344a8ea068f81eddfc8f,wall art,high_priority_semantic_front,front,"[0.0,0.0,1.0]",0.2,,pending_asset_front_audit,True,/data/task3_2/share_data/scenesmith/hssd_rendered_assets/8c8e3efa817206e3928d344a8ea068f81eddfc8f
8ca039904ce0e41fde9ed56d33af9fdcec75dc15,wall art,high_priority_semantic_front,front,"[0.0,0.0,1.0]",0.2,,pending_asset_front_audit,True,/data/task3_2/share_data/scenesmith/hssd_rendered_assets/8ca039904ce0e41fde9ed56d33af9fdcec75dc15
8cb3fabb9c1c84c35b72c4205d0957f561cbc57f,wall art,high_priority_semantic_front,front,"[0.0,0.0,1.0]",0.2,,pending_asset_front_audit,True,/data/task3_2/share_data/scenesmith/hssd_rendered_assets/8cb3fabb9c1c84c35b72c4205d0957f561cbc57f
8cc8e86db380d223278d7d87e7a790af6a455e69,wall art,high_priority_semantic_front,front,"[0.0,0.0,1.0]",0.2,,pending_asset_front_audit,True,/data/task3_2/share_data/scenesmith/hssd_rendered_assets/8cc8e86db380d223278d7d87e7a790af6a455e69
8cc92b364022b6cb01df9da28876a414e9cbd666,wall art,high_priority_semantic_front,front,"[0.0,0.0,1.0]",0.2,,pending_asset_front_audit,True,/data/task3_2/share_data/scenesmith/hssd_rendered_assets/8cc92b364022b6cb01df9da28876a414e9cbd666
8cfd798fe41e5266c999eac780946d4d6015c6b6,wall art,high_priority_semantic_front,front,"[0.0,0.0,1.0]",0.2,,pending_asset_front_audit,True,/data/task3_2/share_data/scenesmith/hssd_rendered_assets/8cfd798fe41e5266c999eac780946d4d6015c6b6
8d168114bfc57dff0d1db191da098f7b913d83f7,wall art,high_priority_semantic_front,front,"[0.0,0.0,1.0]",0.2,,pending_asset_front_audit,True,/data/task3_2/share_data/scenesmith/hssd_rendered_assets/8d168114bfc57dff0d1db191da098f7b913d83f7
8d87621828942d05495d1bfcb19b37efff88264f,wall art,high_priority_semantic_front,front,"[0.0,0.0,1.0]",0.2,,pending_asset_front_audit,True,/data/task3_2/share_data/scenesmith/hssd_rendered_assets/8d87621828942d05495d1bfcb19b37efff88264f
8db69f66237737084ddc1865082d1b378fdbd6ba,wall art,high_priority_semantic_front,front,"[0.0,0.0,1.0]",0.2,,pending_asset_front_audit,True,/data/task3_2/share_data/scenesmith/hssd_rendered_assets/8db69f66237737084ddc1865082d1b378fdbd6ba
8e01e19e06020626cd22f82afb3440d56fc5f2db,wall art,high_priority_semantic_front,front,"[0.0,0.0,1.0]",0.2,,pending_asset_front_audit,True,/data/task3_2/share_data/scenesmith/hssd_rendered_assets/8e01e19e06020626cd22f82afb3440d56fc5f2db
8e37f5aec35bbac7aafa160df0aa6cded71af9b0,wall art,high_priority_semantic_front,front,"[0.0,0.0,1.0]",0.2,,pending_asset_front_audit,True,/data/task3_2/share_data/scenesmith/hssd_rendered_assets/8e37f5aec35bbac7aafa160df0aa6cded71af9b0
8e4b28d08d37e10584bc8840a105da5ac271a330,wall art,high_priority_semantic_front,front,"[0.0,0.0,1.0]",0.2,,pending_asset_front_audit,True,/data/task3_2/share_data/scenesmith/hssd_rendered_assets/8e4b28d08d37e10584bc8840a105da5ac271a330
8e5194ea2c796c09de74b07a3b02569a9ed8b003,wall art,high_priority_semantic_front,front,"[0.0,0.0,1.0]",0.2,,pending_asset_front_audit,True,/data/task3_2/share_data/scenesmith/hssd_rendered_assets/8e5194ea2c796c09de74b07a3b02569a9ed8b003
8e5629324a727721c5f3d874ef8a05047092ef06,wall art,high_priority_semantic_front,front,"[0.0,0.0,1.0]",0.2,,pending_asset_front_audit,True,/data/task3_2/share_data/scenesmith/hssd_rendered_assets/8e5629324a727721c5f3d874ef8a05047092ef06
8eb4855fb62b8bb0a91b8189786c795945925808,wall art,high_priority_semantic_front,front,"[0.0,0.0,1.0]",0.2,,pending_asset_front_audit,True,/data/task3_2/share_data/scenesmith/hssd_rendered_assets/8eb4855fb62b8bb0a91b8189786c795945925808
8f2ec764854efb2f7ee55108ef7407491d9606f8,wall art,high_priority_semantic_front,front,"[0.0,0.0,1.0]",0.2,,pending_asset_front_audit,True,/data/task3_2/share_data/scenesmith/hssd_rendered_assets/8f2ec764854efb2f7ee55108ef7407491d9606f8
8f41150a9853c617282da079341cdbb9aa457b50,wall art,high_priority_semantic_front,front,"[0.0,0.0,1.0]",0.2,,pending_asset_front_audit,True,/data/task3_2/share_data/scenesmith/hssd_rendered_assets/8f41150a9853c617282da079341cdbb9aa457b50
8f476ba6eedd10ee2dd754ad9a32f4664499716b,wall art,high_priority_semantic_front,front,"[0.0,0.0,1.0]",0.2,,pending_asset_front_audit,True,/data/task3_2/share_data/scenesmith/hssd_rendered_assets/8f476ba6eedd10ee2dd754ad9a32f4664499716b
8fe7ae275ff333a58467a2ef22aaa0034f38cc5e,wall art,high_priority_semantic_front,front,"[0.0,0.0,1.0]",0.2,,pending_asset_front_audit,True,/data/task3_2/share_data/scenesmith/hssd_rendered_assets/8fe7ae275ff333a58467a2ef22aaa0034f38cc5e
8ff062207aeb5ad419680dc234de171c46fb1b8e,wall art,high_priority_semantic_front,front,"[0.0,0.0,1.0]",0.2,,pending_asset_front_audit,True,/data/task3_2/share_data/scenesmith/hssd_rendered_assets/8ff062207aeb5ad419680dc234de171c46fb1b8e
8ff9eb946e7c85ede0985cd237571dfd10a3f788,wall art,high_priority_semantic_front,front,"[0.0,0.0,1.0]",0.2,,pending_asset_front_audit,True,/data/task3_2/share_data/scenesmith/hssd_rendered_assets/8ff9eb946e7c85ede0985cd237571dfd10a3f788
902c39dcbd7bf935224f50acc4b8e2f38ae6ddb0,wall art,high_priority_semantic_front,front,"[0.0,0.0,1.0]",0.2,,pending_asset_front_audit,True,/data/task3_2/share_data/scenesmith/hssd_rendered_assets/902c39dcbd7bf935224f50acc4b8e2f38ae6ddb0
9033b3472cffe9a8f72ae05f695d54173c8b02b4,wall art,high_priority_semantic_front,front,"[0.0,0.0,1.0]",0.2,,pending_asset_front_audit,True,/data/task3_2/share_data/scenesmith/hssd_rendered_assets/9033b3472cffe9a8f72ae05f695d54173c8b02b4
907e3c949de93eef3c772b2178ba364b6549f013,wall art,high_priority_semantic_front,front,"[0.0,0.0,1.0]",0.2,,pending_asset_front_audit,True,/data/task3_2/share_data/scenesmith/hssd_rendered_assets/907e3c949de93eef3c772b2178ba364b6549f013
909bc98ed54a5e24fe5e60c73580424f660faa05,wall art,high_priority_semantic_front,front,"[0.0,0.0,1.0]",0.2,,pending_asset_front_audit,True,/data/task3_2/share_data/scenesmith/hssd_rendered_assets/909bc98ed54a5e24fe5e60c73580424f660faa05
90fba4ca44d021ce01dca965471972c77d58e52f,wall art,high_priority_semantic_front,front,"[0.0,0.0,1.0]",0.2,,pending_asset_front_audit,True,/data/task3_2/share_data/scenesmith/hssd_rendered_assets/90fba4ca44d021ce01dca965471972c77d58e52f
9108c4dc1b6df8d8e92ad046ebdeca26d9faac0a,wall art,high_priority_semantic_front,front,"[0.0,0.0,1.0]",0.2,,pending_asset_front_audit,True,/data/task3_2/share_data/scenesmith/hssd_rendered_assets/9108c4dc1b6df8d8e92ad046ebdeca26d9faac0a
914d14d01cad2300facaf386852f55261976dd75,wall art,high_priority_semantic_front,front,"[0.0,0.0,1.0]",0.2,,pending_asset_front_audit,True,/data/task3_2/share_data/scenesmith/hssd_rendered_assets/914d14d01cad2300facaf386852f55261976dd75
91835876589333dd5c4fd6b83cbfac255d3922b9,wall art,high_priority_semantic_front,front,"[0.0,0.0,1.0]",0.2,,pending_asset_front_audit,True,/data/task3_2/share_data/scenesmith/hssd_rendered_assets/91835876589333dd5c4fd6b83cbfac255d3922b9
91c6ebbd0c93f1c84d1afa9a86093258f91198a1,wall art,high_priority_semantic_front,front,"[0.0,0.0,1.0]",0.2,,pending_asset_front_audit,True,/data/task3_2/share_data/scenesmith/hssd_rendered_assets/91c6ebbd0c93f1c84d1afa9a86093258f91198a1
920e3797a52036dd338a603e25d46725ec257956,wall art,high_priority_semantic_front,front,"[0.0,0.0,1.0]",0.2,,pending_asset_front_audit,True,/data/task3_2/share_data/scenesmith/hssd_rendered_assets/920e3797a52036dd338a603e25d46725ec257956
92161d5f84ac50e33bd35612ca59a4a2bef72f52,wall art,high_priority_semantic_front,front,"[0.0,0.0,1.0]",0.2,,pending_asset_front_audit,True,/data/task3_2/share_data/scenesmith/hssd_rendered_assets/92161d5f84ac50e33bd35612ca59a4a2bef72f52
924b83062e9b39f8be9f5fc14e887c5c39e21bd8,wall art,high_priority_semantic_front,front,"[0.0,0.0,1.0]",0.2,,pending_asset_front_audit,True,/data/task3_2/share_data/scenesmith/hssd_rendered_assets/924b83062e9b39f8be9f5fc14e887c5c39e21bd8
9256ce47ffbb24adee1ce48072c500bda5a15161,wall art,high_priority_semantic_front,front,"[0.0,0.0,1.0]",0.2,,pending_asset_front_audit,True,/data/task3_2/share_data/scenesmith/hssd_rendered_assets/9256ce47ffbb24adee1ce48072c500bda5a15161
929d9cedf59c08362431e1ce80a363a4eb107e78,wall art,high_priority_semantic_front,front,"[0.0,0.0,1.0]",0.2,,pending_asset_front_audit,True,/data/task3_2/share_data/scenesmith/hssd_rendered_assets/929d9cedf59c08362431e1ce80a363a4eb107e78
92f242c2329324655cc23bae53c45b74f104b310,wall art,high_priority_semantic_front,front,"[0.0,0.0,1.0]",0.2,,pending_asset_front_audit,True,/data/task3_2/share_data/scenesmith/hssd_rendered_assets/92f242c2329324655cc23bae53c45b74f104b310
936087761b2c6a24ac53590faf77e731eac56285,wall art,high_priority_semantic_front,front,"[0.0,0.0,1.0]",0.2,,pending_asset_front_audit,True,/data/task3_2/share_data/scenesmith/hssd_rendered_assets/936087761b2c6a24ac53590faf77e731eac56285
93ac5cd93ed2f688a70789d456e10a57372bdd4c,wall art,high_priority_semantic_front,front,"[0.0,0.0,1.0]",0.2,,pending_asset_front_audit,True,/data/task3_2/share_data/scenesmith/hssd_rendered_assets/93ac5cd93ed2f688a70789d456e10a57372bdd4c
940566b7ca5ae78af383d69f0962780bae37609f,wall art,high_priority_semantic_front,front,"[0.0,0.0,1.0]",0.2,,pending_asset_front_audit,True,/data/task3_2/share_data/scenesmith/hssd_rendered_assets/940566b7ca5ae78af383d69f0962780bae37609f
948e5085232e643a2d1db6e242e33cb504939353,wall art,high_priority_semantic_front,front,"[0.0,0.0,1.0]",0.2,,pending_asset_front_audit,True,/data/task3_2/share_data/scenesmith/hssd_rendered_assets/948e5085232e643a2d1db6e242e33cb504939353
94cd283fd6984240af55f387837410eaa91d87ec,wall art,high_priority_semantic_front,front,"[0.0,0.0,1.0]",0.2,,pending_asset_front_audit,True,/data/task3_2/share_data/scenesmith/hssd_rendered_assets/94cd283fd6984240af55f387837410eaa91d87ec
94d7b58d9311cfb9bd38ee55a22905382f580f12,wall art,high_priority_semantic_front,front,"[0.0,0.0,1.0]",0.2,,pending_asset_front_audit,True,/data/task3_2/share_data/scenesmith/hssd_rendered_assets/94d7b58d9311cfb9bd38ee55a22905382f580f12
950c82d2ac17a015cc5e063b664f78c965247743,wall art,high_priority_semantic_front,front,"[0.0,0.0,1.0]",0.2,,pending_asset_front_audit,True,/data/task3_2/share_data/scenesmith/hssd_rendered_assets/950c82d2ac17a015cc5e063b664f78c965247743
950e64b1bffeaedccca676f61957aff3e83ebb9c,wall art,high_priority_semantic_front,front,"[0.0,0.0,1.0]",0.2,,pending_asset_front_audit,True,/data/task3_2/share_data/scenesmith/hssd_rendered_assets/950e64b1bffeaedccca676f61957aff3e83ebb9c
9618c00ef1c715361c0477e0b2c0a2f03b33eb5e,wall art,high_priority_semantic_front,front,"[0.0,0.0,1.0]",0.2,,pending_asset_front_audit,True,/data/task3_2/share_data/scenesmith/hssd_rendered_assets/9618c00ef1c715361c0477e0b2c0a2f03b33eb5e
9646b894f20ea930bdeb9f2fc7d721ce68a74fb9,wall art,high_priority_semantic_front,front,"[0.0,0.0,1.0]",0.2,,pending_asset_front_audit,True,/data/task3_2/share_data/scenesmith/hssd_rendered_assets/9646b894f20ea930bdeb9f2fc7d721ce68a74fb9
96514432f6535ef1c09a66d0c1773ab0bc386f98,wall art,high_priority_semantic_front,front,"[0.0,0.0,1.0]",0.2,,pending_asset_front_audit,True,/data/task3_2/share_data/scenesmith/hssd_rendered_assets/96514432f6535ef1c09a66d0c1773ab0bc386f98
96596a76b9e57e70cea59d44a816cf75369f0dec,wall art,high_priority_semantic_front,front,"[0.0,0.0,1.0]",0.2,,pending_asset_front_audit,True,/data/task3_2/share_data/scenesmith/hssd_rendered_assets/96596a76b9e57e70cea59d44a816cf75369f0dec
96599a8adea6b10fc9f075fc582e0cdda73a5a90,wall art,high_priority_semantic_front,front,"[0.0,0.0,1.0]",0.2,,pending_asset_front_audit,True,/data/task3_2/share_data/scenesmith/hssd_rendered_assets/96599a8adea6b10fc9f075fc582e0cdda73a5a90
965de8645e9c6c650942fccc7e2d04cf86e61a7a,wall art,high_priority_semantic_front,front,"[0.0,0.0,1.0]",0.2,,pending_asset_front_audit,True,/data/task3_2/share_data/scenesmith/hssd_rendered_assets/965de8645e9c6c650942fccc7e2d04cf86e61a7a
9693ffb819d1315a7cd10e38c0a1e5a2a4b7716c,wall art,high_priority_semantic_front,front,"[0.0,0.0,1.0]",0.2,,pending_asset_front_audit,True,/data/task3_2/share_data/scenesmith/hssd_rendered_assets/9693ffb819d1315a7cd10e38c0a1e5a2a4b7716c
96a324899117e87637271e74d9bb8d4870380333,wall art,high_priority_semantic_front,front,"[0.0,0.0,1.0]",0.2,,pending_asset_front_audit,True,/data/task3_2/share_data/scenesmith/hssd_rendered_assets/96a324899117e87637271e74d9bb8d4870380333
96d346744cb7732374850a0feded94e944d0dc9f,wall art,high_priority_semantic_front,front,"[0.0,0.0,1.0]",0.2,,pending_asset_front_audit,True,/data/task3_2/share_data/scenesmith/hssd_rendered_assets/96d346744cb7732374850a0feded94e944d0dc9f
9705ae5590c7fe837ff93a0115aab908c33b56ef,wall art,high_priority_semantic_front,front,"[0.0,0.0,1.0]",0.2,,pending_asset_front_audit,True,/data/task3_2/share_data/scenesmith/hssd_rendered_assets/9705ae5590c7fe837ff93a0115aab908c33b56ef
97063fdc0df9cb9ac72bcb4f42e4866afb626d44,wall art,high_priority_semantic_front,front,"[0.0,0.0,1.0]",0.2,,pending_asset_front_audit,True,/data/task3_2/share_data/scenesmith/hssd_rendered_assets/97063fdc0df9cb9ac72bcb4f42e4866afb626d44
9734f01dbc4a982296e4007ab1d3b2a5049e7dcf,wall art,high_priority_semantic_front,front,"[0.0,0.0,1.0]",0.2,,pending_asset_front_audit,True,/data/task3_2/share_data/scenesmith/hssd_rendered_assets/9734f01dbc4a982296e4007ab1d3b2a5049e7dcf
973bae970692efdc92de18a558512f929f768dfa,wall art,high_priority_semantic_front,front,"[0.0,0.0,1.0]",0.2,,pending_asset_front_audit,True,/data/task3_2/share_data/scenesmith/hssd_rendered_assets/973bae970692efdc92de18a558512f929f768dfa
974521d9a0c492bafbd4bf2277aee239cc4e5b7a,wall art,high_priority_semantic_front,front,"[0.0,0.0,1.0]",0.2,,pending_asset_front_audit,True,/data/task3_2/share_data/scenesmith/hssd_rendered_assets/974521d9a0c492bafbd4bf2277aee239cc4e5b7a
97c1e35ddbb0d2cdb89e96f689292a83b8fb4344,wall art,high_priority_semantic_front,front,"[0.0,0.0,1.0]",0.2,,pending_asset_front_audit,True,/data/task3_2/share_data/scenesmith/hssd_rendered_assets/97c1e35ddbb0d2cdb89e96f689292a83b8fb4344
98cf18b68d785371521ffea65e19dd290813c2eb,wall art,high_priority_semantic_front,front,"[0.0,0.0,1.0]",0.2,,pending_asset_front_audit,True,/data/task3_2/share_data/scenesmith/hssd_rendered_assets/98cf18b68d785371521ffea65e19dd290813c2eb
9970b3797375dbcd1213c631aaece54c9144671e,wall art,high_priority_semantic_front,front,"[0.0,0.0,1.0]",0.2,,pending_asset_front_audit,True,/data/task3_2/share_data/scenesmith/hssd_rendered_assets/9970b3797375dbcd1213c631aaece54c9144671e
9a42cf68aff647f5ee128699b407f14d2a61c6e3,wall art,high_priority_semantic_front,front,"[0.0,0.0,1.0]",0.2,,pending_asset_front_audit,True,/data/task3_2/share_data/scenesmith/hssd_rendered_assets/9a42cf68aff647f5ee128699b407f14d2a61c6e3
9a67dd93b7dfaad21b26057d9b35f7e4447cbe4e,wall art,high_priority_semantic_front,front,"[0.0,0.0,1.0]",0.2,,pending_asset_front_audit,True,/data/task3_2/share_data/scenesmith/hssd_rendered_assets/9a67dd93b7dfaad21b26057d9b35f7e4447cbe4e
9aa228c3c51c73bed74f4cef9280c12eb1f0f3bf,wall art,high_priority_semantic_front,front,"[0.0,0.0,1.0]",0.2,,pending_asset_front_audit,True,/data/task3_2/share_data/scenesmith/hssd_rendered_assets/9aa228c3c51c73bed74f4cef9280c12eb1f0f3bf
9acd3162df46349241176301f20a6e542ba622f8,wall art,high_priority_semantic_front,front,"[0.0,0.0,1.0]",0.2,,pending_asset_front_audit,True,/data/task3_2/share_data/scenesmith/hssd_rendered_assets/9acd3162df46349241176301f20a6e542ba622f8
9adb92678a5b8be3709220751c77dfecc7b5aa02,wall art,high_priority_semantic_front,front,"[0.0,0.0,1.0]",0.2,,pending_asset_front_audit,True,/data/task3_2/share_data/scenesmith/hssd_rendered_assets/9adb92678a5b8be3709220751c77dfecc7b5aa02
9adc11afde6b82707a265cbfa3556675b99c6698,wall art,high_priority_semantic_front,front,"[0.0,0.0,1.0]",0.2,,pending_asset_front_audit,True,/data/task3_2/share_data/scenesmith/hssd_rendered_assets/9adc11afde6b82707a265cbfa3556675b99c6698
9ae6f4e89c56f0255d44da4cfb3ad414eaad2559,wall art,high_priority_semantic_front,front,"[0.0,0.0,1.0]",0.2,,pending_asset_front_audit,True,/data/task3_2/share_data/scenesmith/hssd_rendered_assets/9ae6f4e89c56f0255d44da4cfb3ad414eaad2559
9b47bed7a70bfc498622105cef0b64f760be2670,wall art,high_priority_semantic_front,front,"[0.0,0.0,1.0]",0.2,,pending_asset_front_audit,True,/data/task3_2/share_data/scenesmith/hssd_rendered_assets/9b47bed7a70bfc498622105cef0b64f760be2670
9b70f76883decc09096c6fec4e9a265fe036bc43,wall art,high_priority_semantic_front,front,"[0.0,0.0,1.0]",0.2,,pending_asset_front_audit,True,/data/task3_2/share_data/scenesmith/hssd_rendered_assets/9b70f76883decc09096c6fec4e9a265fe036bc43
9b80b2c525e351351cd90d75e63c57d502c130b8,wall art,high_priority_semantic_front,front,"[0.0,0.0,1.0]",0.2,,pending_asset_front_audit,True,/data/task3_2/share_data/scenesmith/hssd_rendered_assets/9b80b2c525e351351cd90d75e63c57d502c130b8
9bbe665ffd8ae57251265df4b5ecc078f98afec6,wall art,high_priority_semantic_front,front,"[0.0,0.0,1.0]",0.2,,pending_asset_front_audit,True,/data/task3_2/share_data/scenesmith/hssd_rendered_assets/9bbe665ffd8ae57251265df4b5ecc078f98afec6
9bc478e89faa7bd84e3a3e34f963d46d6fddaffe,wall art,high_priority_semantic_front,front,"[0.0,0.0,1.0]",0.2,,pending_asset_front_audit,True,/data/task3_2/share_data/scenesmith/hssd_rendered_assets/9bc478e89faa7bd84e3a3e34f963d46d6fddaffe
9bc71e33a2c9b986e10b922bff8ce66f564ff222,wall art,high_priority_semantic_front,front,"[0.0,0.0,1.0]",0.2,,pending_asset_front_audit,True,/data/task3_2/share_data/scenesmith/hssd_rendered_assets/9bc71e33a2c9b986e10b922bff8ce66f564ff222
9c2902376cd3ea71544701d6dfa949102c2c5161,wall art,high_priority_semantic_front,front,"[0.0,0.0,1.0]",0.2,,pending_asset_front_audit,True,/data/task3_2/share_data/scenesmith/hssd_rendered_assets/9c2902376cd3ea71544701d6dfa949102c2c5161
9c304b5f856ed062cbbb620219f62b6d4e4e25e4,wall art,high_priority_semantic_front,front,"[0.0,0.0,1.0]",0.2,,pending_asset_front_audit,True,/data/task3_2/share_data/scenesmith/hssd_rendered_assets/9c304b5f856ed062cbbb620219f62b6d4e4e25e4
9cb86951879a7047e11cdcde6eff3abe3cb766c6,wall art,high_priority_semantic_front,front,"[0.0,0.0,1.0]",0.2,,pending_asset_front_audit,True,/data/task3_2/share_data/scenesmith/hssd_rendered_assets/9cb86951879a7047e11cdcde6eff3abe3cb766c6
9cf26aebe52607c0c19770b1dd92c7f612e6addf,wall art,high_priority_semantic_front,front,"[0.0,0.0,1.0]",0.2,,pending_asset_front_audit,True,/data/task3_2/share_data/scenesmith/hssd_rendered_assets/9cf26aebe52607c0c19770b1dd92c7f612e6addf
9dadffc779c58ed360391365f6f9d8dcc59be2f3,wall art,high_priority_semantic_front,front,"[0.0,0.0,1.0]",0.2,,pending_asset_front_audit,True,/data/task3_2/share_data/scenesmith/hssd_rendered_assets/9dadffc779c58ed360391365f6f9d8dcc59be2f3
9dafbaa075585d1a841f489e1e24d6bea287353c,wall art,high_priority_semantic_front,front,"[0.0,0.0,1.0]",0.2,,pending_asset_front_audit,True,/data/task3_2/share_data/scenesmith/hssd_rendered_assets/9dafbaa075585d1a841f489e1e24d6bea287353c
9db90d4e2e0fe554a949484540bd06a231860ebd,wall art,high_priority_semantic_front,front,"[0.0,0.0,1.0]",0.2,,pending_asset_front_audit,True,/data/task3_2/share_data/scenesmith/hssd_rendered_assets/9db90d4e2e0fe554a949484540bd06a231860ebd
9ea1a714899a28c475a0a4fe509a7e4c27b13b10,wall art,high_priority_semantic_front,front,"[0.0,0.0,1.0]",0.2,,pending_asset_front_audit,True,/data/task3_2/share_data/scenesmith/hssd_rendered_assets/9ea1a714899a28c475a0a4fe509a7e4c27b13b10
9eb65cf35b028599dad3e1a8569237279cb7868c,wall art,high_priority_semantic_front,front,"[0.0,0.0,1.0]",0.2,,pending_asset_front_audit,True,/data/task3_2/share_data/scenesmith/hssd_rendered_assets/9eb65cf35b028599dad3e1a8569237279cb7868c
9f33bdd7dfb65d863d8d9025fb780598ee68d4ec,wall art,high_priority_semantic_front,front,"[0.0,0.0,1.0]",0.2,,pending_asset_front_audit,True,/data/task3_2/share_data/scenesmith/hssd_rendered_assets/9f33bdd7dfb65d863d8d9025fb780598ee68d4ec
9fccd8b434e613208c1e63c34f1c1c72872b67c3,wall art,high_priority_semantic_front,front,"[0.0,0.0,1.0]",0.2,,pending_asset_front_audit,True,/data/task3_2/share_data/scenesmith/hssd_rendered_assets/9fccd8b434e613208c1e63c34f1c1c72872b67c3
9fd41e31ab27141315fba3cc5e332cc0d2bcda9b,wall art,high_priority_semantic_front,front,"[0.0,0.0,1.0]",0.2,,pending_asset_front_audit,True,/data/task3_2/share_data/scenesmith/hssd_rendered_assets/9fd41e31ab27141315fba3cc5e332cc0d2bcda9b
9fe0225b96c0d1d79860e41b42153f054de3e0f1,wall art,high_priority_semantic_front,front,"[0.0,0.0,1.0]",0.2,,pending_asset_front_audit,True,/data/task3_2/share_data/scenesmith/hssd_rendered_assets/9fe0225b96c0d1d79860e41b42153f054de3e0f1
a00b268db0101cb85fce76f00a6b8e3f79ec263e,wall art,high_priority_semantic_front,front,"[0.0,0.0,1.0]",0.2,,pending_asset_front_audit,True,/data/task3_2/share_data/scenesmith/hssd_rendered_assets/a00b268db0101cb85fce76f00a6b8e3f79ec263e
a03f0b998f495518bf930f3176841500a87c7cc9,wall art,high_priority_semantic_front,front,"[0.0,0.0,1.0]",0.2,,pending_asset_front_audit,True,/data/task3_2/share_data/scenesmith/hssd_rendered_assets/a03f0b998f495518bf930f3176841500a87c7cc9
a0458521df58e57cf0f1592d1281804256353885,wall art,high_priority_semantic_front,front,"[0.0,0.0,1.0]",0.2,,pending_asset_front_audit,True,/data/task3_2/share_data/scenesmith/hssd_rendered_assets/a0458521df58e57cf0f1592d1281804256353885
a1315ddb1cd4a3478ed4498ae8fe893c1e8c4a3c,wall art,high_priority_semantic_front,front,"[0.0,0.0,1.0]",0.2,,pending_asset_front_audit,True,/data/task3_2/share_data/scenesmith/hssd_rendered_assets/a1315ddb1cd4a3478ed4498ae8fe893c1e8c4a3c
a149eb75978abe43e1c968676d3d52b1759b9b5a,wall art,high_priority_semantic_front,front,"[0.0,0.0,1.0]",0.2,,pending_asset_front_audit,True,/data/task3_2/share_data/scenesmith/hssd_rendered_assets/a149eb75978abe43e1c968676d3d52b1759b9b5a
a17474ee5c21671b30a73d9203a763d901de6352,wall art,high_priority_semantic_front,front,"[0.0,0.0,1.0]",0.2,,pending_asset_front_audit,True,/data/task3_2/share_data/scenesmith/hssd_rendered_assets/a17474ee5c21671b30a73d9203a763d901de6352
a19e842593852d0614648a3acb3f1fcc117f7407,wall art,high_priority_semantic_front,front,"[0.0,0.0,1.0]",0.2,,pending_asset_front_audit,True,/data/task3_2/share_data/scenesmith/hssd_rendered_assets/a19e842593852d0614648a3acb3f1fcc117f7407
a1df437d263e5758c23e6653d365e0fdcc81ad31,wall art,high_priority_semantic_front,front,"[0.0,0.0,1.0]",0.2,,pending_asset_front_audit,True,/data/task3_2/share_data/scenesmith/hssd_rendered_assets/a1df437d263e5758c23e6653d365e0fdcc81ad31
a1df488a41d87d4561c429349bc2097e21e8c978,wall art,high_priority_semantic_front,front,"[0.0,0.0,1.0]",0.2,,pending_asset_front_audit,True,/data/task3_2/share_data/scenesmith/hssd_rendered_assets/a1df488a41d87d4561c429349bc2097e21e8c978
a2a1ec31ab47a0a637616de59901ec2eb4163855,wall art,high_priority_semantic_front,front,"[0.0,0.0,1.0]",0.2,,pending_asset_front_audit,True,/data/task3_2/share_data/scenesmith/hssd_rendered_assets/a2a1ec31ab47a0a637616de59901ec2eb4163855
a3037f0f7fbe458c01e019a5db8c4d9914ed0f10,wall art,high_priority_semantic_front,front,"[0.0,0.0,1.0]",0.2,,pending_asset_front_audit,True,/data/task3_2/share_data/scenesmith/hssd_rendered_assets/a3037f0f7fbe458c01e019a5db8c4d9914ed0f10
a3b325ff5e4d15c184fdc8494e17f5414849fa8d,wall art,high_priority_semantic_front,front,"[0.0,0.0,1.0]",0.2,,pending_asset_front_audit,True,/data/task3_2/share_data/scenesmith/hssd_rendered_assets/a3b325ff5e4d15c184fdc8494e17f5414849fa8d
a3c360ebc850cc5b1bc9cc8b2636d7f2eda848b5,wall art,high_priority_semantic_front,front,"[0.0,0.0,1.0]",0.2,,pending_asset_front_audit,True,/data/task3_2/share_data/scenesmith/hssd_rendered_assets/a3c360ebc850cc5b1bc9cc8b2636d7f2eda848b5
a3c7913636db84951ec7c51d6ef059a954d16d0b,wall art,high_priority_semantic_front,front,"[0.0,0.0,1.0]",0.2,,pending_asset_front_audit,True,/data/task3_2/share_data/scenesmith/hssd_rendered_assets/a3c7913636db84951ec7c51d6ef059a954d16d0b
a3e7ee889942ea04526f0c0bab67f0b255d6a17f,wall art,high_priority_semantic_front,front,"[0.0,0.0,1.0]",0.2,,pending_asset_front_audit,True,/data/task3_2/share_data/scenesmith/hssd_rendered_assets/a3e7ee889942ea04526f0c0bab67f0b255d6a17f
a4ce98147b16d501516e15e56dce76be9f46124f,wall art,high_priority_semantic_front,front,"[0.0,0.0,1.0]",0.2,,pending_asset_front_audit,True,/data/task3_2/share_data/scenesmith/hssd_rendered_assets/a4ce98147b16d501516e15e56dce76be9f46124f
a4d3cd6af07096126cb54583f13c1b06a631c7d6,wall art,high_priority_semantic_front,front,"[0.0,0.0,1.0]",0.2,,pending_asset_front_audit,True,/data/task3_2/share_data/scenesmith/hssd_rendered_assets/a4d3cd6af07096126cb54583f13c1b06a631c7d6
a585d0a9569d7d2fe6f20661e63937614b5fef9e,wall art,high_priority_semantic_front,front,"[0.0,0.0,1.0]",0.2,,pending_asset_front_audit,True,/data/task3_2/share_data/scenesmith/hssd_rendered_assets/a585d0a9569d7d2fe6f20661e63937614b5fef9e
a59205db06e99925d8fdf6c9c15b4ea223d0ad50,wall art,high_priority_semantic_front,front,"[0.0,0.0,1.0]",0.2,,pending_asset_front_audit,True,/data/task3_2/share_data/scenesmith/hssd_rendered_assets/a59205db06e99925d8fdf6c9c15b4ea223d0ad50
a5d12b6c09273e095ecb0edda640bc4bfde3832d,wall art,high_priority_semantic_front,front,"[0.0,0.0,1.0]",0.2,,pending_asset_front_audit,True,/data/task3_2/share_data/scenesmith/hssd_rendered_assets/a5d12b6c09273e095ecb0edda640bc4bfde3832d
a5ed8abe60e8461fe8ae82dfbd7765d5c08c7f6d,wall art,high_priority_semantic_front,front,"[0.0,0.0,1.0]",0.2,,pending_asset_front_audit,True,/data/task3_2/share_data/scenesmith/hssd_rendered_assets/a5ed8abe60e8461fe8ae82dfbd7765d5c08c7f6d
a67e5e909d4229ddfbfed42896ba79f9a61750fb,wall art,high_priority_semantic_front,front,"[0.0,0.0,1.0]",0.2,,pending_asset_front_audit,True,/data/task3_2/share_data/scenesmith/hssd_rendered_assets/a67e5e909d4229ddfbfed42896ba79f9a61750fb
a68ed12c6ad62a575cc8e4be225e14ab80ae7959,wall art,high_priority_semantic_front,front,"[0.0,0.0,1.0]",0.2,,pending_asset_front_audit,True,/data/task3_2/share_data/scenesmith/hssd_rendered_assets/a68ed12c6ad62a575cc8e4be225e14ab80ae7959
a6c7c25fda32c77d416f8fe73a262a9fa73e5a86,wall art,high_priority_semantic_front,front,"[0.0,0.0,1.0]",0.2,,pending_asset_front_audit,True,/data/task3_2/share_data/scenesmith/hssd_rendered_assets/a6c7c25fda32c77d416f8fe73a262a9fa73e5a86
a7120619c5758076fc2dc999cf8840390b7135a4,wall art,high_priority_semantic_front,front,"[0.0,0.0,1.0]",0.2,,pending_asset_front_audit,True,/data/task3_2/share_data/scenesmith/hssd_rendered_assets/a7120619c5758076fc2dc999cf8840390b7135a4
a7251200a39772ea39e1fbfc74cd67c09b69ebb8,wall art,high_priority_semantic_front,front,"[0.0,0.0,1.0]",0.2,,pending_asset_front_audit,True,/data/task3_2/share_data/scenesmith/hssd_rendered_assets/a7251200a39772ea39e1fbfc74cd67c09b69ebb8
a73f237dbb361f9a72c384c2023d1d7257e8dcb3,wall art,high_priority_semantic_front,front,"[0.0,0.0,1.0]",0.2,,pending_asset_front_audit,True,/data/task3_2/share_data/scenesmith/hssd_rendered_assets/a73f237dbb361f9a72c384c2023d1d7257e8dcb3
a741ae95ad2a109ef6f6f8781870def429815c12,wall art,high_priority_semantic_front,front,"[0.0,0.0,1.0]",0.2,,pending_asset_front_audit,True,/data/task3_2/share_data/scenesmith/hssd_rendered_assets/a741ae95ad2a109ef6f6f8781870def429815c12
a78f4c764f89f8d62969bb1af66013dca32dab5f,wall art,high_priority_semantic_front,front,"[0.0,0.0,1.0]",0.2,,pending_asset_front_audit,True,/data/task3_2/share_data/scenesmith/hssd_rendered_assets/a78f4c764f89f8d62969bb1af66013dca32dab5f
a7c2a006fbc020eceae0be06a3d5f3423926423e,wall art,high_priority_semantic_front,front,"[0.0,0.0,1.0]",0.2,,pending_asset_front_audit,True,/data/task3_2/share_data/scenesmith/hssd_rendered_assets/a7c2a006fbc020eceae0be06a3d5f3423926423e
a7ea5f486922ebe96a5dc95bcc070ac6c22daa00,wall art,high_priority_semantic_front,front,"[0.0,0.0,1.0]",0.2,,pending_asset_front_audit,True,/data/task3_2/share_data/scenesmith/hssd_rendered_assets/a7ea5f486922ebe96a5dc95bcc070ac6c22daa00
a80f4fd3aba250b90ab16faaa067a694808653ab,wall art,high_priority_semantic_front,front,"[0.0,0.0,1.0]",0.2,,pending_asset_front_audit,True,/data/task3_2/share_data/scenesmith/hssd_rendered_assets/a80f4fd3aba250b90ab16faaa067a694808653ab
a94ad5bf090f46893207101007c3527da0c45a20,wall art,high_priority_semantic_front,front,"[0.0,0.0,1.0]",0.2,,pending_asset_front_audit,True,/data/task3_2/share_data/scenesmith/hssd_rendered_assets/a94ad5bf090f46893207101007c3527da0c45a20
a990b5e87e092c6dad88d6d85dd62488dbf992e6,wall art,high_priority_semantic_front,front,"[0.0,0.0,1.0]",0.2,,pending_asset_front_audit,True,/data/task3_2/share_data/scenesmith/hssd_rendered_assets/a990b5e87e092c6dad88d6d85dd62488dbf992e6
aa06ad39494f2b5f4c07753c64432b6191823717,wall art,high_priority_semantic_front,front,"[0.0,0.0,1.0]",0.2,,pending_asset_front_audit,True,/data/task3_2/share_data/scenesmith/hssd_rendered_assets/aa06ad39494f2b5f4c07753c64432b6191823717
aa0b04216de754d8cde67390bb6c2ba28cd27f3d,wall art,high_priority_semantic_front,front,"[0.0,0.0,1.0]",0.2,,pending_asset_front_audit,True,/data/task3_2/share_data/scenesmith/hssd_rendered_assets/aa0b04216de754d8cde67390bb6c2ba28cd27f3d
aa5c19f84c4cf98b8f02b44c9efbaad76a7c3974,wall art,high_priority_semantic_front,front,"[0.0,0.0,1.0]",0.2,,pending_asset_front_audit,True,/data/task3_2/share_data/scenesmith/hssd_rendered_assets/aa5c19f84c4cf98b8f02b44c9efbaad76a7c3974
aa8e358ae6d9333c37c9ceecd41bd047d2a058d3,wall art,high_priority_semantic_front,front,"[0.0,0.0,1.0]",0.2,,pending_asset_front_audit,True,/data/task3_2/share_data/scenesmith/hssd_rendered_assets/aa8e358ae6d9333c37c9ceecd41bd047d2a058d3
aaa7d9e60617aa53e918da84c3b15e887dcf548a,wall art,high_priority_semantic_front,front,"[0.0,0.0,1.0]",0.2,,pending_asset_front_audit,True,/data/task3_2/share_data/scenesmith/hssd_rendered_assets/aaa7d9e60617aa53e918da84c3b15e887dcf548a
aac76408ad9b74b1e1aff59fd6221a5e49bab963,wall art,high_priority_semantic_front,front,"[0.0,0.0,1.0]",0.2,,pending_asset_front_audit,True,/data/task3_2/share_data/scenesmith/hssd_rendered_assets/aac76408ad9b74b1e1aff59fd6221a5e49bab963
aae6190f0c23e2170f40c4736c0841feaf397356,wall art,high_priority_semantic_front,front,"[0.0,0.0,1.0]",0.2,,pending_asset_front_audit,True,/data/task3_2/share_data/scenesmith/hssd_rendered_assets/aae6190f0c23e2170f40c4736c0841feaf397356
ab05e0ea6aa3801d378abbbc54a269212303822a,wall art,high_priority_semantic_front,front,"[0.0,0.0,1.0]",0.2,,pending_asset_front_audit,True,/data/task3_2/share_data/scenesmith/hssd_rendered_assets/ab05e0ea6aa3801d378abbbc54a269212303822a
ab0b13222d38e8a42a2cb9964312589c3cde536c,wall art,high_priority_semantic_front,front,"[0.0,0.0,1.0]",0.2,,pending_asset_front_audit,True,/data/task3_2/share_data/scenesmith/hssd_rendered_assets/ab0b13222d38e8a42a2cb9964312589c3cde536c
ab3ba837dfdae2fec09cd2aacb84839c86a945c0,wall art,high_priority_semantic_front,front,"[0.0,0.0,1.0]",0.2,,pending_asset_front_audit,True,/data/task3_2/share_data/scenesmith/hssd_rendered_assets/ab3ba837dfdae2fec09cd2aacb84839c86a945c0
ab49a2b99b6b30f079b9fc852f8938bef646276d,wall art,high_priority_semantic_front,front,"[0.0,0.0,1.0]",0.2,,pending_asset_front_audit,True,/data/task3_2/share_data/scenesmith/hssd_rendered_assets/ab49a2b99b6b30f079b9fc852f8938bef646276d
ab8b3eb571842581b2ce2542bc0c0e146470caac,wall art,high_priority_semantic_front,front,"[0.0,0.0,1.0]",0.2,,pending_asset_front_audit,True,/data/task3_2/share_data/scenesmith/hssd_rendered_assets/ab8b3eb571842581b2ce2542bc0c0e146470caac
ac05a558895d021774f34ed90ddbd9398d54ef57,wall art,high_priority_semantic_front,front,"[0.0,0.0,1.0]",0.2,,pending_asset_front_audit,True,/data/task3_2/share_data/scenesmith/hssd_rendered_assets/ac05a558895d021774f34ed90ddbd9398d54ef57
ac114540d559a727d248ae6c7f252c1daf9d2223,wall art,high_priority_semantic_front,front,"[0.0,0.0,1.0]",0.2,,pending_asset_front_audit,True,/data/task3_2/share_data/scenesmith/hssd_rendered_assets/ac114540d559a727d248ae6c7f252c1daf9d2223
ac3f9029091c16dc5350fecc9a887c36646abdd5,wall art,high_priority_semantic_front,front,"[0.0,0.0,1.0]",0.2,,pending_asset_front_audit,True,/data/task3_2/share_data/scenesmith/hssd_rendered_assets/ac3f9029091c16dc5350fecc9a887c36646abdd5
ac5f091d789aa866473708b4070158d6c09a2904,wall art,high_priority_semantic_front,front,"[0.0,0.0,1.0]",0.2,,pending_asset_front_audit,True,/data/task3_2/share_data/scenesmith/hssd_rendered_assets/ac5f091d789aa866473708b4070158d6c09a2904
ac79ee94568d0c4d75ab52c40160ca4cfb8d479c,wall art,high_priority_semantic_front,front,"[0.0,0.0,1.0]",0.2,,pending_asset_front_audit,True,/data/task3_2/share_data/scenesmith/hssd_rendered_assets/ac79ee94568d0c4d75ab52c40160ca4cfb8d479c
ace03d490cb4d773daa89576ea1c7f3ef42c2d54,wall art,high_priority_semantic_front,front,"[0.0,0.0,1.0]",0.2,,pending_asset_front_audit,True,/data/task3_2/share_data/scenesmith/hssd_rendered_assets/ace03d490cb4d773daa89576ea1c7f3ef42c2d54
acf22253e1046a2ea9abe28d2dcb37816851334f,wall art,high_priority_semantic_front,front,"[0.0,0.0,1.0]",0.2,,pending_asset_front_audit,True,/data/task3_2/share_data/scenesmith/hssd_rendered_assets/acf22253e1046a2ea9abe28d2dcb37816851334f
acf548e4c65d6e6b6a855a446b17d33e2e2c498d,wall art,high_priority_semantic_front,front,"[0.0,0.0,1.0]",0.2,,pending_asset_front_audit,True,/data/task3_2/share_data/scenesmith/hssd_rendered_assets/acf548e4c65d6e6b6a855a446b17d33e2e2c498d
ad69d384732f027940cfbced6b4a9dded7e483a0,wall art,high_priority_semantic_front,front,"[0.0,0.0,1.0]",0.2,,pending_asset_front_audit,True,/data/task3_2/share_data/scenesmith/hssd_rendered_assets/ad69d384732f027940cfbced6b4a9dded7e483a0
ada2b6f4342263e90ee35b41ef4d46c0c6fef719,wall art,high_priority_semantic_front,front,"[0.0,0.0,1.0]",0.2,,pending_asset_front_audit,True,/data/task3_2/share_data/scenesmith/hssd_rendered_assets/ada2b6f4342263e90ee35b41ef4d46c0c6fef719
add272846c1867361182a25b1c6387f95a5e9ab9,wall art,high_priority_semantic_front,front,"[0.0,0.0,1.0]",0.2,,pending_asset_front_audit,True,/data/task3_2/share_data/scenesmith/hssd_rendered_assets/add272846c1867361182a25b1c6387f95a5e9ab9
ae3113759afa44e43d5afa119c5771b10e5bdf56,wall art,high_priority_semantic_front,front,"[0.0,0.0,1.0]",0.2,,pending_asset_front_audit,True,/data/task3_2/share_data/scenesmith/hssd_rendered_assets/ae3113759afa44e43d5afa119c5771b10e5bdf56
ae8c5d556602da4345b2db888081903a3b689b00,wall art,high_priority_semantic_front,front,"[0.0,0.0,1.0]",0.2,,pending_asset_front_audit,True,/data/task3_2/share_data/scenesmith/hssd_rendered_assets/ae8c5d556602da4345b2db888081903a3b689b00
aebd4cd68f3d073d927f5d3e66e5285fd0fd8954,wall art,high_priority_semantic_front,front,"[0.0,0.0,1.0]",0.2,,pending_asset_front_audit,True,/data/task3_2/share_data/scenesmith/hssd_rendered_assets/aebd4cd68f3d073d927f5d3e66e5285fd0fd8954
aec527eef8ce07f9b14aa36e43f173d3c0369f6f,wall art,high_priority_semantic_front,front,"[0.0,0.0,1.0]",0.2,,pending_asset_front_audit,True,/data/task3_2/share_data/scenesmith/hssd_rendered_assets/aec527eef8ce07f9b14aa36e43f173d3c0369f6f
aef17eb901a2e590865bef12532558e05834a963,wall art,high_priority_semantic_front,front,"[0.0,0.0,1.0]",0.2,,pending_asset_front_audit,True,/data/task3_2/share_data/scenesmith/hssd_rendered_assets/aef17eb901a2e590865bef12532558e05834a963
aef50100348d5a15b6caea0cfbb5184997d5ef0d,wall art,high_priority_semantic_front,front,"[0.0,0.0,1.0]",0.2,,pending_asset_front_audit,True,/data/task3_2/share_data/scenesmith/hssd_rendered_assets/aef50100348d5a15b6caea0cfbb5184997d5ef0d
aefe38e12b52119d1fb87ee3fa51f1f5facb63ed,wall art,high_priority_semantic_front,front,"[0.0,0.0,1.0]",0.2,,pending_asset_front_audit,True,/data/task3_2/share_data/scenesmith/hssd_rendered_assets/aefe38e12b52119d1fb87ee3fa51f1f5facb63ed
af69e5fc28473e0fb23ba972e074112051fad449,wall art,high_priority_semantic_front,front,"[0.0,0.0,1.0]",0.2,,pending_asset_front_audit,True,/data/task3_2/share_data/scenesmith/hssd_rendered_assets/af69e5fc28473e0fb23ba972e074112051fad449
afbb5651607106d810c719265eaf83a472f56551,wall art,high_priority_semantic_front,front,"[0.0,0.0,1.0]",0.2,,pending_asset_front_audit,True,/data/task3_2/share_data/scenesmith/hssd_rendered_assets/afbb5651607106d810c719265eaf83a472f56551
afdd4e983c37b1582ff757e2f20c7257cfdb7d01,wall art,high_priority_semantic_front,front,"[0.0,0.0,1.0]",0.2,,pending_asset_front_audit,True,/data/task3_2/share_data/scenesmith/hssd_rendered_assets/afdd4e983c37b1582ff757e2f20c7257cfdb7d01
b0b486e247fdb3468e93cf64af4db346566ed80b,wall art,high_priority_semantic_front,front,"[0.0,0.0,1.0]",0.2,,pending_asset_front_audit,True,/data/task3_2/share_data/scenesmith/hssd_rendered_assets/b0b486e247fdb3468e93cf64af4db346566ed80b
b0d49e8407aa9c5cb22c78fdf0be679761cfaf1a,wall art,high_priority_semantic_front,front,"[0.0,0.0,1.0]",0.2,,pending_asset_front_audit,True,/data/task3_2/share_data/scenesmith/hssd_rendered_assets/b0d49e8407aa9c5cb22c78fdf0be679761cfaf1a
b0f13a31349346dd4ce358d56a504a860877c327,wall art,high_priority_semantic_front,front,"[0.0,0.0,1.0]",0.2,,pending_asset_front_audit,True,/data/task3_2/share_data/scenesmith/hssd_rendered_assets/b0f13a31349346dd4ce358d56a504a860877c327
b10620e794a96839cce5f37974578229667b89b7,wall art,high_priority_semantic_front,front,"[0.0,0.0,1.0]",0.2,,pending_asset_front_audit,True,/data/task3_2/share_data/scenesmith/hssd_rendered_assets/b10620e794a96839cce5f37974578229667b89b7
b117ef7f67b26099b97b30a01f78b297990b569b,wall art,high_priority_semantic_front,front,"[0.0,0.0,1.0]",0.2,,pending_asset_front_audit,True,/data/task3_2/share_data/scenesmith/hssd_rendered_assets/b117ef7f67b26099b97b30a01f78b297990b569b
b12f303d46330bde137a1f82991deaea68d59e68,wall art,high_priority_semantic_front,front,"[0.0,0.0,1.0]",0.2,,pending_asset_front_audit,True,/data/task3_2/share_data/scenesmith/hssd_rendered_assets/b12f303d46330bde137a1f82991deaea68d59e68
b14671863c23f04164ce1f4545fd0fe64ff5181c,wall art,high_priority_semantic_front,front,"[0.0,0.0,1.0]",0.2,,pending_asset_front_audit,True,/data/task3_2/share_data/scenesmith/hssd_rendered_assets/b14671863c23f04164ce1f4545fd0fe64ff5181c
b1a388d0e7cfefee509ad5b8a34aa63aa610c50e,wall art,high_priority_semantic_front,front,"[0.0,0.0,1.0]",0.2,,pending_asset_front_audit,True,/data/task3_2/share_data/scenesmith/hssd_rendered_assets/b1a388d0e7cfefee509ad5b8a34aa63aa610c50e
b1a6d2e88e4140c31fd5e419065c47571582b53f,wall art,high_priority_semantic_front,front,"[0.0,0.0,1.0]",0.2,,pending_asset_front_audit,True,/data/task3_2/share_data/scenesmith/hssd_rendered_assets/b1a6d2e88e4140c31fd5e419065c47571582b53f
b22e386790fbc049bfc554f8eeab943ea228587f,wall art,high_priority_semantic_front,front,"[0.0,0.0,1.0]",0.2,,pending_asset_front_audit,True,/data/task3_2/share_data/scenesmith/hssd_rendered_assets/b22e386790fbc049bfc554f8eeab943ea228587f
b2658c3d883d6c04665838f75e42a7f739e5f871,wall art,high_priority_semantic_front,front,"[0.0,0.0,1.0]",0.2,,pending_asset_front_audit,True,/data/task3_2/share_data/scenesmith/hssd_rendered_assets/b2658c3d883d6c04665838f75e42a7f739e5f871
b270094d150af2094f7333e5594481b42e6a1302,wall art,high_priority_semantic_front,front,"[0.0,0.0,1.0]",0.2,,pending_asset_front_audit,True,/data/task3_2/share_data/scenesmith/hssd_rendered_assets/b270094d150af2094f7333e5594481b42e6a1302
b28d0b8cc2287b94b9d850a2466a107514270c22,wall art,high_priority_semantic_front,front,"[0.0,0.0,1.0]",0.2,,pending_asset_front_audit,True,/data/task3_2/share_data/scenesmith/hssd_rendered_assets/b28d0b8cc2287b94b9d850a2466a107514270c22
b294990174311cd86f54a70cae38175c9f9309c6,wall art,high_priority_semantic_front,front,"[0.0,0.0,1.0]",0.2,,pending_asset_front_audit,True,/data/task3_2/share_data/scenesmith/hssd_rendered_assets/b294990174311cd86f54a70cae38175c9f9309c6
b29dc41dae06d64a3a406c75f4379dfcf56be556,wall art,high_priority_semantic_front,front,"[0.0,0.0,1.0]",0.2,,pending_asset_front_audit,True,/data/task3_2/share_data/scenesmith/hssd_rendered_assets/b29dc41dae06d64a3a406c75f4379dfcf56be556
b2ff19db6719e57bae84f00b7b7d45556c2c3498,wall art,high_priority_semantic_front,front,"[0.0,0.0,1.0]",0.2,,pending_asset_front_audit,True,/data/task3_2/share_data/scenesmith/hssd_rendered_assets/b2ff19db6719e57bae84f00b7b7d45556c2c3498
b3029ca8ae0ad5baab76e7b8fce76c09279871ab,wall art,high_priority_semantic_front,front,"[0.0,0.0,1.0]",0.2,,pending_asset_front_audit,True,/data/task3_2/share_data/scenesmith/hssd_rendered_assets/b3029ca8ae0ad5baab76e7b8fce76c09279871ab
b30fa7b4dd4c48829a2c3ec014cb013d4db361ee,wall art,high_priority_semantic_front,front,"[0.0,0.0,1.0]",0.2,,pending_asset_front_audit,True,/data/task3_2/share_data/scenesmith/hssd_rendered_assets/b30fa7b4dd4c48829a2c3ec014cb013d4db361ee
b3364d5b34808c61c2a82863eaea9d183e0e4285,wall art,high_priority_semantic_front,front,"[0.0,0.0,1.0]",0.2,,pending_asset_front_audit,True,/data/task3_2/share_data/scenesmith/hssd_rendered_assets/b3364d5b34808c61c2a82863eaea9d183e0e4285
b35b2853a988906394635d4823057439ae304daa,wall art,high_priority_semantic_front,front,"[0.0,0.0,1.0]",0.2,,pending_asset_front_audit,True,/data/task3_2/share_data/scenesmith/hssd_rendered_assets/b35b2853a988906394635d4823057439ae304daa
b35efb81e807cfb1101481659e41e64d16832124,wall art,high_priority_semantic_front,front,"[0.0,0.0,1.0]",0.2,,pending_asset_front_audit,True,/data/task3_2/share_data/scenesmith/hssd_rendered_assets/b35efb81e807cfb1101481659e41e64d16832124
b36034af5a6b020dc06eb28c0fde6e215e151b0e,wall art,high_priority_semantic_front,front,"[0.0,0.0,1.0]",0.2,,pending_asset_front_audit,True,/data/task3_2/share_data/scenesmith/hssd_rendered_assets/b36034af5a6b020dc06eb28c0fde6e215e151b0e
b41fea77f4c3efb03b642eabd6ea095ac97d9735,wall art,high_priority_semantic_front,front,"[0.0,0.0,1.0]",0.2,,pending_asset_front_audit,True,/data/task3_2/share_data/scenesmith/hssd_rendered_assets/b41fea77f4c3efb03b642eabd6ea095ac97d9735
b427d6dfbae7fa3c1db7dc4c4af7d72223c9c18e,wall art,high_priority_semantic_front,front,"[0.0,0.0,1.0]",0.2,,pending_asset_front_audit,True,/data/task3_2/share_data/scenesmith/hssd_rendered_assets/b427d6dfbae7fa3c1db7dc4c4af7d72223c9c18e
b42c22f3523f5f99a962e313aa2290dd6d5f9053,wall art,high_priority_semantic_front,front,"[0.0,0.0,1.0]",0.2,,pending_asset_front_audit,True,/data/task3_2/share_data/scenesmith/hssd_rendered_assets/b42c22f3523f5f99a962e313aa2290dd6d5f9053
b45f25fae96795e8a7917f5041dc9edf7741d1be,wall art,high_priority_semantic_front,front,"[0.0,0.0,1.0]",0.2,,pending_asset_front_audit,True,/data/task3_2/share_data/scenesmith/hssd_rendered_assets/b45f25fae96795e8a7917f5041dc9edf7741d1be
b49c6f0f86bae4490cfd22c89f11257544cafa63,wall art,high_priority_semantic_front,front,"[0.0,0.0,1.0]",0.2,,pending_asset_front_audit,True,/data/task3_2/share_data/scenesmith/hssd_rendered_assets/b49c6f0f86bae4490cfd22c89f11257544cafa63
b5f83cc8375ece0b24d1cd2f3e85f29e9138b49a,wall art,high_priority_semantic_front,front,"[0.0,0.0,1.0]",0.2,,pending_asset_front_audit,True,/data/task3_2/share_data/scenesmith/hssd_rendered_assets/b5f83cc8375ece0b24d1cd2f3e85f29e9138b49a
b60059cc4c6fac5d74326d0fdfcf0f0799ae6f77,wall art,high_priority_semantic_front,front,"[0.0,0.0,1.0]",0.2,,pending_asset_front_audit,True,/data/task3_2/share_data/scenesmith/hssd_rendered_assets/b60059cc4c6fac5d74326d0fdfcf0f0799ae6f77
b606a93dbcd018b15152202d0c33e593fc6b9ee8,wall art,high_priority_semantic_front,front,"[0.0,0.0,1.0]",0.2,,pending_asset_front_audit,True,/data/task3_2/share_data/scenesmith/hssd_rendered_assets/b606a93dbcd018b15152202d0c33e593fc6b9ee8
b60b0de640d430993d675c53d1fd2b30b796ee3c,wall art,high_priority_semantic_front,front,"[0.0,0.0,1.0]",0.2,,pending_asset_front_audit,True,/data/task3_2/share_data/scenesmith/hssd_rendered_assets/b60b0de640d430993d675c53d1fd2b30b796ee3c
b60fc3219412e1cc863ca51ea4599e38a0864c76,wall art,high_priority_semantic_front,front,"[0.0,0.0,1.0]",0.2,,pending_asset_front_audit,True,/data/task3_2/share_data/scenesmith/hssd_rendered_assets/b60fc3219412e1cc863ca51ea4599e38a0864c76
b645ac0b787d641c9a28d4edee3fd99704d63654,wall art,high_priority_semantic_front,front,"[0.0,0.0,1.0]",0.2,,pending_asset_front_audit,True,/data/task3_2/share_data/scenesmith/hssd_rendered_assets/b645ac0b787d641c9a28d4edee3fd99704d63654
b648eaebdef1bdeb4df32ff43a0dc45d8c0099c0,wall art,high_priority_semantic_front,front,"[0.0,0.0,1.0]",0.2,,pending_asset_front_audit,True,/data/task3_2/share_data/scenesmith/hssd_rendered_assets/b648eaebdef1bdeb4df32ff43a0dc45d8c0099c0
b66dd75ad997c3e2fb1095ecae793e9a68d3e3b4,wall art,high_priority_semantic_front,front,"[0.0,0.0,1.0]",0.2,,pending_asset_front_audit,True,/data/task3_2/share_data/scenesmith/hssd_rendered_assets/b66dd75ad997c3e2fb1095ecae793e9a68d3e3b4
b79cbfbea68ef0394ffc9b8a7e87d6e9ceb6a05a,wall art,high_priority_semantic_front,front,"[0.0,0.0,1.0]",0.2,,pending_asset_front_audit,True,/data/task3_2/share_data/scenesmith/hssd_rendered_assets/b79cbfbea68ef0394ffc9b8a7e87d6e9ceb6a05a
b8246076ff45245e6d2a453692daf992ba82ef52,wall art,high_priority_semantic_front,front,"[0.0,0.0,1.0]",0.2,,pending_asset_front_audit,True,/data/task3_2/share_data/scenesmith/hssd_rendered_assets/b8246076ff45245e6d2a453692daf992ba82ef52
b84c239ee6edb0bda2e3057fc352518368083c7b,wall art,high_priority_semantic_front,front,"[0.0,0.0,1.0]",0.2,,pending_asset_front_audit,True,/data/task3_2/share_data/scenesmith/hssd_rendered_assets/b84c239ee6edb0bda2e3057fc352518368083c7b
b875ecb880fc97f65f6f770c4820dc8b6e4022e9,wall art,high_priority_semantic_front,front,"[0.0,0.0,1.0]",0.2,,pending_asset_front_audit,True,/data/task3_2/share_data/scenesmith/hssd_rendered_assets/b875ecb880fc97f65f6f770c4820dc8b6e4022e9
b8782df23b8459ca6fe269eb38ec096a6e54a47e,wall art,high_priority_semantic_front,front,"[0.0,0.0,1.0]",0.2,,pending_asset_front_audit,True,/data/task3_2/share_data/scenesmith/hssd_rendered_assets/b8782df23b8459ca6fe269eb38ec096a6e54a47e
b87c691a43f5d0f5d35bf759a8ea7cc0a2252af2,wall art,high_priority_semantic_front,front,"[0.0,0.0,1.0]",0.2,,pending_asset_front_audit,True,/data/task3_2/share_data/scenesmith/hssd_rendered_assets/b87c691a43f5d0f5d35bf759a8ea7cc0a2252af2
b883b58bdd53fccec7153d88a98dea8e31158c64,wall art,high_priority_semantic_front,front,"[0.0,0.0,1.0]",0.2,,pending_asset_front_audit,True,/data/task3_2/share_data/scenesmith/hssd_rendered_assets/b883b58bdd53fccec7153d88a98dea8e31158c64
b88a1abf821f1b54050d30e82c03ecb461a51918,wall art,high_priority_semantic_front,front,"[0.0,0.0,1.0]",0.2,,pending_asset_front_audit,True,/data/task3_2/share_data/scenesmith/hssd_rendered_assets/b88a1abf821f1b54050d30e82c03ecb461a51918
b92a7150ac2630a728ef9926bab51ba9f9142566,wall art,high_priority_semantic_front,front,"[0.0,0.0,1.0]",0.2,,pending_asset_front_audit,True,/data/task3_2/share_data/scenesmith/hssd_rendered_assets/b92a7150ac2630a728ef9926bab51ba9f9142566
b9491afc9c0cbe43b31f6f9b3791c98c88a6ae3b,wall art,high_priority_semantic_front,front,"[0.0,0.0,1.0]",0.2,,pending_asset_front_audit,True,/data/task3_2/share_data/scenesmith/hssd_rendered_assets/b9491afc9c0cbe43b31f6f9b3791c98c88a6ae3b
b96c6f86f7bedaa223209216b6d0900ceeceea66,wall art,high_priority_semantic_front,front,"[0.0,0.0,1.0]",0.2,,pending_asset_front_audit,True,/data/task3_2/share_data/scenesmith/hssd_rendered_assets/b96c6f86f7bedaa223209216b6d0900ceeceea66
b9b736b89c0da8dfa3d739ff35db49087da04cdc,wall art,high_priority_semantic_front,front,"[0.0,0.0,1.0]",0.2,,pending_asset_front_audit,True,/data/task3_2/share_data/scenesmith/hssd_rendered_assets/b9b736b89c0da8dfa3d739ff35db49087da04cdc
b9c49bfce9696145e4328cd3e23b5b3e9eeb5b78,wall art,high_priority_semantic_front,front,"[0.0,0.0,1.0]",0.2,,pending_asset_front_audit,True,/data/task3_2/share_data/scenesmith/hssd_rendered_assets/b9c49bfce9696145e4328cd3e23b5b3e9eeb5b78
b9df619438b3f159fe24dbd3100e99db32ab388f,wall art,high_priority_semantic_front,front,"[0.0,0.0,1.0]",0.2,,pending_asset_front_audit,True,/data/task3_2/share_data/scenesmith/hssd_rendered_assets/b9df619438b3f159fe24dbd3100e99db32ab388f
b9efd51aa3b5b4de7032ba71dde234907522cfe5,wall art,high_priority_semantic_front,front,"[0.0,0.0,1.0]",0.2,,pending_asset_front_audit,True,/data/task3_2/share_data/scenesmith/hssd_rendered_assets/b9efd51aa3b5b4de7032ba71dde234907522cfe5
ba0176d25840bbe3c024c638f9bbf8fe71909c0e,wall art,high_priority_semantic_front,front,"[0.0,0.0,1.0]",0.2,,pending_asset_front_audit,True,/data/task3_2/share_data/scenesmith/hssd_rendered_assets/ba0176d25840bbe3c024c638f9bbf8fe71909c0e
ba1874fedf87c84a4c5cad9324b8da998bbba8c5,wall art,high_priority_semantic_front,front,"[0.0,0.0,1.0]",0.2,,pending_asset_front_audit,True,/data/task3_2/share_data/scenesmith/hssd_rendered_assets/ba1874fedf87c84a4c5cad9324b8da998bbba8c5
ba408029932277e9a1ed574155c8b148c95a7fcc,wall art,high_priority_semantic_front,front,"[0.0,0.0,1.0]",0.2,,pending_asset_front_audit,True,/data/task3_2/share_data/scenesmith/hssd_rendered_assets/ba408029932277e9a1ed574155c8b148c95a7fcc
bac5419f620d39420df6d0a24840001c93c7ece1,wall art,high_priority_semantic_front,front,"[0.0,0.0,1.0]",0.2,,pending_asset_front_audit,True,/data/task3_2/share_data/scenesmith/hssd_rendered_assets/bac5419f620d39420df6d0a24840001c93c7ece1
bb0d3899cc2471f0fa5b1dfc98621e26b15d1fba,wall art,high_priority_semantic_front,front,"[0.0,0.0,1.0]",0.2,,pending_asset_front_audit,True,/data/task3_2/share_data/scenesmith/hssd_rendered_assets/bb0d3899cc2471f0fa5b1dfc98621e26b15d1fba
bb41e30df206117e3f800c8831d5cbae2fa068dd,wall art,high_priority_semantic_front,front,"[0.0,0.0,1.0]",0.2,,pending_asset_front_audit,True,/data/task3_2/share_data/scenesmith/hssd_rendered_assets/bb41e30df206117e3f800c8831d5cbae2fa068dd
bc1fe7873eb8f050a0ba3644da0e271e2fc3eed1,wall art,high_priority_semantic_front,front,"[0.0,0.0,1.0]",0.2,,pending_asset_front_audit,True,/data/task3_2/share_data/scenesmith/hssd_rendered_assets/bc1fe7873eb8f050a0ba3644da0e271e2fc3eed1
bc582e0654f3aa7243e11ee0fd76942a74940d5a,wall art,high_priority_semantic_front,front,"[0.0,0.0,1.0]",0.2,,pending_asset_front_audit,True,/data/task3_2/share_data/scenesmith/hssd_rendered_assets/bc582e0654f3aa7243e11ee0fd76942a74940d5a
bc59d29d1dd89583b138da32dd3a25916c4dd684,wall art,high_priority_semantic_front,front,"[0.0,0.0,1.0]",0.2,,pending_asset_front_audit,True,/data/task3_2/share_data/scenesmith/hssd_rendered_assets/bc59d29d1dd89583b138da32dd3a25916c4dd684
bca05d502eecf7f29ecd33de75df3073086a2ca8,wall art,high_priority_semantic_front,front,"[0.0,0.0,1.0]",0.2,,pending_asset_front_audit,True,/data/task3_2/share_data/scenesmith/hssd_rendered_assets/bca05d502eecf7f29ecd33de75df3073086a2ca8
bcc2d2bda9532b1fd0f5a0501cdf5a8eab47862b,wall art,high_priority_semantic_front,front,"[0.0,0.0,1.0]",0.2,,pending_asset_front_audit,True,/data/task3_2/share_data/scenesmith/hssd_rendered_assets/bcc2d2bda9532b1fd0f5a0501cdf5a8eab47862b
bce7f890b108cbe3ed1b589b14996cd8a3697c08,wall art,high_priority_semantic_front,front,"[0.0,0.0,1.0]",0.2,,pending_asset_front_audit,True,/data/task3_2/share_data/scenesmith/hssd_rendered_assets/bce7f890b108cbe3ed1b589b14996cd8a3697c08
bd3b9556d7aa4605b0445353958ccf21611638f0,wall art,high_priority_semantic_front,front,"[0.0,0.0,1.0]",0.2,,pending_asset_front_audit,True,/data/task3_2/share_data/scenesmith/hssd_rendered_assets/bd3b9556d7aa4605b0445353958ccf21611638f0
bd899064a407f0e665e0b347807e8e07c92b193d,wall art,high_priority_semantic_front,front,"[0.0,0.0,1.0]",0.2,,pending_asset_front_audit,True,/data/task3_2/share_data/scenesmith/hssd_rendered_assets/bd899064a407f0e665e0b347807e8e07c92b193d
bdb2256bad0a16f3c4187629deed180c676a16a8,wall art,high_priority_semantic_front,front,"[0.0,0.0,1.0]",0.2,,pending_asset_front_audit,True,/data/task3_2/share_data/scenesmith/hssd_rendered_assets/bdb2256bad0a16f3c4187629deed180c676a16a8
be0590360a2e781c7af44b45fbf9abb31060f362,wall art,high_priority_semantic_front,front,"[0.0,0.0,1.0]",0.2,,pending_asset_front_audit,True,/data/task3_2/share_data/scenesmith/hssd_rendered_assets/be0590360a2e781c7af44b45fbf9abb31060f362
be0bfe20f81951d85da964edd6f484fa0134f56c,wall art,high_priority_semantic_front,front,"[0.0,0.0,1.0]",0.2,,pending_asset_front_audit,True,/data/task3_2/share_data/scenesmith/hssd_rendered_assets/be0bfe20f81951d85da964edd6f484fa0134f56c
be3742355992203757a1bd2c4b496e4ce7c17782,wall art,high_priority_semantic_front,front,"[0.0,0.0,1.0]",0.2,,pending_asset_front_audit,True,/data/task3_2/share_data/scenesmith/hssd_rendered_assets/be3742355992203757a1bd2c4b496e4ce7c17782
be3f2eea019eb0db989072f9172c048ee8c10734,wall art,high_priority_semantic_front,front,"[0.0,0.0,1.0]",0.2,,pending_asset_front_audit,True,/data/task3_2/share_data/scenesmith/hssd_rendered_assets/be3f2eea019eb0db989072f9172c048ee8c10734
bec570e38d0a9746659299893ee8fd12d44aed5f,wall art,high_priority_semantic_front,front,"[0.0,0.0,1.0]",0.2,,pending_asset_front_audit,True,/data/task3_2/share_data/scenesmith/hssd_rendered_assets/bec570e38d0a9746659299893ee8fd12d44aed5f
bec5d3ce13e3916c9a8dc0df40d60a35633f37bd,wall art,high_priority_semantic_front,front,"[0.0,0.0,1.0]",0.2,,pending_asset_front_audit,True,/data/task3_2/share_data/scenesmith/hssd_rendered_assets/bec5d3ce13e3916c9a8dc0df40d60a35633f37bd
c05e14677327cf580b3670db2ceeb9c9f0522b30,wall art,high_priority_semantic_front,front,"[0.0,0.0,1.0]",0.2,,pending_asset_front_audit,True,/data/task3_2/share_data/scenesmith/hssd_rendered_assets/c05e14677327cf580b3670db2ceeb9c9f0522b30
c06376da5d9f31aa1beab208fec234a438a9a05f,wall art,high_priority_semantic_front,front,"[0.0,0.0,1.0]",0.2,,pending_asset_front_audit,True,/data/task3_2/share_data/scenesmith/hssd_rendered_assets/c06376da5d9f31aa1beab208fec234a438a9a05f
c069cb898b610bcfee008c69703936b095c482c7,wall art,high_priority_semantic_front,front,"[0.0,0.0,1.0]",0.2,,pending_asset_front_audit,True,/data/task3_2/share_data/scenesmith/hssd_rendered_assets/c069cb898b610bcfee008c69703936b095c482c7
c17be1c2c06a77201fb00f71669a2a4b7ee28a40,wall art,high_priority_semantic_front,front,"[0.0,0.0,1.0]",0.2,,pending_asset_front_audit,True,/data/task3_2/share_data/scenesmith/hssd_rendered_assets/c17be1c2c06a77201fb00f71669a2a4b7ee28a40
c1d2dc22b02045c8751a44c2b4abde1071e30910,wall art,high_priority_semantic_front,front,"[0.0,0.0,1.0]",0.2,,pending_asset_front_audit,True,/data/task3_2/share_data/scenesmith/hssd_rendered_assets/c1d2dc22b02045c8751a44c2b4abde1071e30910
c1f6c57fa38f763b7921728ffff954bc26f7eec6,wall art,high_priority_semantic_front,front,"[0.0,0.0,1.0]",0.2,,pending_asset_front_audit,True,/data/task3_2/share_data/scenesmith/hssd_rendered_assets/c1f6c57fa38f763b7921728ffff954bc26f7eec6
c201c0c2a779f7d701b692e136e57a16477b1526,wall art,high_priority_semantic_front,front,"[0.0,0.0,1.0]",0.2,,pending_asset_front_audit,True,/data/task3_2/share_data/scenesmith/hssd_rendered_assets/c201c0c2a779f7d701b692e136e57a16477b1526
c222e9038be7c4c332118578a97bb68f17d6c481,wall art,high_priority_semantic_front,front,"[0.0,0.0,1.0]",0.2,,pending_asset_front_audit,True,/data/task3_2/share_data/scenesmith/hssd_rendered_assets/c222e9038be7c4c332118578a97bb68f17d6c481
c25b6b75e343e6f6e7ec2322c96455b9a419c9f8,wall art,high_priority_semantic_front,front,"[0.0,0.0,1.0]",0.2,,pending_asset_front_audit,True,/data/task3_2/share_data/scenesmith/hssd_rendered_assets/c25b6b75e343e6f6e7ec2322c96455b9a419c9f8
c27179f707d3f7afa65dfe1daf842ab250997a5b,wall art,high_priority_semantic_front,front,"[0.0,0.0,1.0]",0.2,,pending_asset_front_audit,True,/data/task3_2/share_data/scenesmith/hssd_rendered_assets/c27179f707d3f7afa65dfe1daf842ab250997a5b
c280ce8f98e45e745104c62a2200d4ceeb51ae9c,wall art,high_priority_semantic_front,front,"[0.0,0.0,1.0]",0.2,,pending_asset_front_audit,True,/data/task3_2/share_data/scenesmith/hssd_rendered_assets/c280ce8f98e45e745104c62a2200d4ceeb51ae9c
c39792ff1a0b330389efdc0f2113e4d50d6e96e3,wall art,high_priority_semantic_front,front,"[0.0,0.0,1.0]",0.2,,pending_asset_front_audit,True,/data/task3_2/share_data/scenesmith/hssd_rendered_assets/c39792ff1a0b330389efdc0f2113e4d50d6e96e3
c39dc0b9f1bb9173e74c1842874690e236dc5f40,wall art,high_priority_semantic_front,front,"[0.0,0.0,1.0]",0.2,,pending_asset_front_audit,True,/data/task3_2/share_data/scenesmith/hssd_rendered_assets/c39dc0b9f1bb9173e74c1842874690e236dc5f40
c444bd4ee4524c01839e9b0e1632eb4396b1910c,wall art,high_priority_semantic_front,front,"[0.0,0.0,1.0]",0.2,,pending_asset_front_audit,True,/data/task3_2/share_data/scenesmith/hssd_rendered_assets/c444bd4ee4524c01839e9b0e1632eb4396b1910c
c4e50fe4d7750a52962c0b90fd8ab6c5a3702c19,wall art,high_priority_semantic_front,front,"[0.0,0.0,1.0]",0.2,,pending_asset_front_audit,True,/data/task3_2/share_data/scenesmith/hssd_rendered_assets/c4e50fe4d7750a52962c0b90fd8ab6c5a3702c19
c515d4ceb42ceacdbc4c38b0f9bc635bc1fc239f,wall art,high_priority_semantic_front,front,"[0.0,0.0,1.0]",0.2,,pending_asset_front_audit,True,/data/task3_2/share_data/scenesmith/hssd_rendered_assets/c515d4ceb42ceacdbc4c38b0f9bc635bc1fc239f
c530b0594e9d724f34319e5bda3df575ef2a5af5,wall art,high_priority_semantic_front,front,"[0.0,0.0,1.0]",0.2,,pending_asset_front_audit,True,/data/task3_2/share_data/scenesmith/hssd_rendered_assets/c530b0594e9d724f34319e5bda3df575ef2a5af5
c54e11bdecf809c38c699a781a745036e4c5b8f6,wall art,high_priority_semantic_front,front,"[0.0,0.0,1.0]",0.2,,pending_asset_front_audit,True,/data/task3_2/share_data/scenesmith/hssd_rendered_assets/c54e11bdecf809c38c699a781a745036e4c5b8f6
c56d01344e3aefc9502f050ef8db91e8aef28cad,wall art,high_priority_semantic_front,front,"[0.0,0.0,1.0]",0.2,,pending_asset_front_audit,True,/data/task3_2/share_data/scenesmith/hssd_rendered_assets/c56d01344e3aefc9502f050ef8db91e8aef28cad
c59a5e54e8082f4a2e4ace78e0940d290b55df65,wall art,high_priority_semantic_front,front,"[0.0,0.0,1.0]",0.2,,pending_asset_front_audit,True,/data/task3_2/share_data/scenesmith/hssd_rendered_assets/c59a5e54e8082f4a2e4ace78e0940d290b55df65
c5e608ebbdfd0ca139c610e2ecbf9acf67456d99,wall art,high_priority_semantic_front,front,"[0.0,0.0,1.0]",0.2,,pending_asset_front_audit,True,/data/task3_2/share_data/scenesmith/hssd_rendered_assets/c5e608ebbdfd0ca139c610e2ecbf9acf67456d99
c607cb721e91c7b298b08b86ddd796f578947884,wall art,high_priority_semantic_front,front,"[0.0,0.0,1.0]",0.2,,pending_asset_front_audit,True,/data/task3_2/share_data/scenesmith/hssd_rendered_assets/c607cb721e91c7b298b08b86ddd796f578947884
c624e2fa4f1d962515c51ffbb2e1d20c7b5cc560,wall art,high_priority_semantic_front,front,"[0.0,0.0,1.0]",0.2,,pending_asset_front_audit,True,/data/task3_2/share_data/scenesmith/hssd_rendered_assets/c624e2fa4f1d962515c51ffbb2e1d20c7b5cc560
c65ed8df95e4e7789495aa1b620c3f3be5d6061f,wall art,high_priority_semantic_front,front,"[0.0,0.0,1.0]",0.2,,pending_asset_front_audit,True,/data/task3_2/share_data/scenesmith/hssd_rendered_assets/c65ed8df95e4e7789495aa1b620c3f3be5d6061f
c734bb27bf982ac93171eea697977e81df54ab41,wall art,high_priority_semantic_front,front,"[0.0,0.0,1.0]",0.2,,pending_asset_front_audit,True,/data/task3_2/share_data/scenesmith/hssd_rendered_assets/c734bb27bf982ac93171eea697977e81df54ab41
c7564571e612aed3f444a3066b7c063671a1bb29,wall art,high_priority_semantic_front,front,"[0.0,0.0,1.0]",0.2,,pending_asset_front_audit,True,/data/task3_2/share_data/scenesmith/hssd_rendered_assets/c7564571e612aed3f444a3066b7c063671a1bb29
c790785989744470af26ac5023bd3b1cd989fab7,wall art,high_priority_semantic_front,front,"[0.0,0.0,1.0]",0.2,,pending_asset_front_audit,True,/data/task3_2/share_data/scenesmith/hssd_rendered_assets/c790785989744470af26ac5023bd3b1cd989fab7
c7b59499334f445f2b1680cfad3fb3656eac554b,wall art,high_priority_semantic_front,front,"[0.0,0.0,1.0]",0.2,,pending_asset_front_audit,True,/data/task3_2/share_data/scenesmith/hssd_rendered_assets/c7b59499334f445f2b1680cfad3fb3656eac554b
c94e1bba463878d1aadb7c56ff87cb8258b75ae8,wall art,high_priority_semantic_front,front,"[0.0,0.0,1.0]",0.2,,pending_asset_front_audit,True,/data/task3_2/share_data/scenesmith/hssd_rendered_assets/c94e1bba463878d1aadb7c56ff87cb8258b75ae8
c96b33101041fa3ab53246e8b73fc9d37d092a1a,wall art,high_priority_semantic_front,front,"[0.0,0.0,1.0]",0.2,,pending_asset_front_audit,True,/data/task3_2/share_data/scenesmith/hssd_rendered_assets/c96b33101041fa3ab53246e8b73fc9d37d092a1a
c9790fcb07f496b87971a297ba59be2f0a91b46b,wall art,high_priority_semantic_front,front,"[0.0,0.0,1.0]",0.2,,pending_asset_front_audit,True,/data/task3_2/share_data/scenesmith/hssd_rendered_assets/c9790fcb07f496b87971a297ba59be2f0a91b46b
c9ac589dbef66b3e367d7851638a845e7ddc3600,wall art,high_priority_semantic_front,front,"[0.0,0.0,1.0]",0.2,,pending_asset_front_audit,True,/data/task3_2/share_data/scenesmith/hssd_rendered_assets/c9ac589dbef66b3e367d7851638a845e7ddc3600
c9daa7db4a9e3e69470769a107c91c96db36a1c2,wall art,high_priority_semantic_front,front,"[0.0,0.0,1.0]",0.2,,pending_asset_front_audit,True,/data/task3_2/share_data/scenesmith/hssd_rendered_assets/c9daa7db4a9e3e69470769a107c91c96db36a1c2
c9fe5514c6cfa1614b11b6e98dd8328f2705eb54,wall art,high_priority_semantic_front,front,"[0.0,0.0,1.0]",0.2,,pending_asset_front_audit,True,/data/task3_2/share_data/scenesmith/hssd_rendered_assets/c9fe5514c6cfa1614b11b6e98dd8328f2705eb54
ca1d9e341342fd9a6fe8c74f1bebda2a06610339,wall art,high_priority_semantic_front,front,"[0.0,0.0,1.0]",0.2,,pending_asset_front_audit,True,/data/task3_2/share_data/scenesmith/hssd_rendered_assets/ca1d9e341342fd9a6fe8c74f1bebda2a06610339
ca299a4043f2e747175f75db672324997a75b81b,wall art,high_priority_semantic_front,front,"[0.0,0.0,1.0]",0.2,,pending_asset_front_audit,True,/data/task3_2/share_data/scenesmith/hssd_rendered_assets/ca299a4043f2e747175f75db672324997a75b81b
ca9e1558a070e2b21d78dc13c3271b347e165750,wall art,high_priority_semantic_front,front,"[0.0,0.0,1.0]",0.2,,pending_asset_front_audit,True,/data/task3_2/share_data/scenesmith/hssd_rendered_assets/ca9e1558a070e2b21d78dc13c3271b347e165750
caed7dd8a8edb05d31940f5afaee64180fea28ab,wall art,high_priority_semantic_front,front,"[0.0,0.0,1.0]",0.2,,pending_asset_front_audit,True,/data/task3_2/share_data/scenesmith/hssd_rendered_assets/caed7dd8a8edb05d31940f5afaee64180fea28ab
caf281fc61ef48ec1800d2eec6d5adca4a70f652,wall art,high_priority_semantic_front,front,"[0.0,0.0,1.0]",0.2,,pending_asset_front_audit,True,/data/task3_2/share_data/scenesmith/hssd_rendered_assets/caf281fc61ef48ec1800d2eec6d5adca4a70f652
cb40ac8eeef13613222677455fec827b139ac010,wall art,high_priority_semantic_front,front,"[0.0,0.0,1.0]",0.2,,pending_asset_front_audit,True,/data/task3_2/share_data/scenesmith/hssd_rendered_assets/cb40ac8eeef13613222677455fec827b139ac010
cb58e240c34ab4b813a15a126e4eed094316861d,wall art,high_priority_semantic_front,front,"[0.0,0.0,1.0]",0.2,,pending_asset_front_audit,True,/data/task3_2/share_data/scenesmith/hssd_rendered_assets/cb58e240c34ab4b813a15a126e4eed094316861d
cbb6c88a961ceb766b4fef14cdbe236464be0881,wall art,high_priority_semantic_front,front,"[0.0,0.0,1.0]",0.2,,pending_asset_front_audit,True,/data/task3_2/share_data/scenesmith/hssd_rendered_assets/cbb6c88a961ceb766b4fef14cdbe236464be0881
cbb88687e92551e439e3dcf5810a8626ca4bfb15,wall art,high_priority_semantic_front,front,"[0.0,0.0,1.0]",0.2,,pending_asset_front_audit,True,/data/task3_2/share_data/scenesmith/hssd_rendered_assets/cbb88687e92551e439e3dcf5810a8626ca4bfb15
cbf24a57c8dbf816d950b907413f3deef3725627,wall art,high_priority_semantic_front,front,"[0.0,0.0,1.0]",0.2,,pending_asset_front_audit,True,/data/task3_2/share_data/scenesmith/hssd_rendered_assets/cbf24a57c8dbf816d950b907413f3deef3725627
cc17054d09c889e72d32457505e032dedf054b71,wall art,high_priority_semantic_front,front,"[0.0,0.0,1.0]",0.2,,pending_asset_front_audit,True,/data/task3_2/share_data/scenesmith/hssd_rendered_assets/cc17054d09c889e72d32457505e032dedf054b71
cc22182ec83fb0d00a1fbd5e1b6b550d1beae125,wall art,high_priority_semantic_front,front,"[0.0,0.0,1.0]",0.2,,pending_asset_front_audit,True,/data/task3_2/share_data/scenesmith/hssd_rendered_assets/cc22182ec83fb0d00a1fbd5e1b6b550d1beae125
cc63802212507b3c1b5c24a7a38561fa4c9107d1,wall art,high_priority_semantic_front,front,"[0.0,0.0,1.0]",0.2,,pending_asset_front_audit,True,/data/task3_2/share_data/scenesmith/hssd_rendered_assets/cc63802212507b3c1b5c24a7a38561fa4c9107d1
cc77404cecfd8b9ef01d2f46634013c200b25492,wall art,high_priority_semantic_front,front,"[0.0,0.0,1.0]",0.2,,pending_asset_front_audit,True,/data/task3_2/share_data/scenesmith/hssd_rendered_assets/cc77404cecfd8b9ef01d2f46634013c200b25492
ccc209c29fe66cecea49f496e8f8131a9d16a105,wall art,high_priority_semantic_front,front,"[0.0,0.0,1.0]",0.2,,pending_asset_front_audit,True,/data/task3_2/share_data/scenesmith/hssd_rendered_assets/ccc209c29fe66cecea49f496e8f8131a9d16a105
cde4deb2051ece9aa0dc3bda6d70c3c1be201f57,wall art,high_priority_semantic_front,front,"[0.0,0.0,1.0]",0.2,,pending_asset_front_audit,True,/data/task3_2/share_data/scenesmith/hssd_rendered_assets/cde4deb2051ece9aa0dc3bda6d70c3c1be201f57
ce403cb3bfb6c40048b3a64d5e0496fd7d10cf39,wall art,high_priority_semantic_front,front,"[0.0,0.0,1.0]",0.2,,pending_asset_front_audit,True,/data/task3_2/share_data/scenesmith/hssd_rendered_assets/ce403cb3bfb6c40048b3a64d5e0496fd7d10cf39
ce7eeea9920237a74e708fff98610fd738ab9ce5,wall art,high_priority_semantic_front,front,"[0.0,0.0,1.0]",0.2,,pending_asset_front_audit,True,/data/task3_2/share_data/scenesmith/hssd_rendered_assets/ce7eeea9920237a74e708fff98610fd738ab9ce5
ced455da4cae7c68aa79926a738645301871cf1b,wall art,high_priority_semantic_front,front,"[0.0,0.0,1.0]",0.2,,pending_asset_front_audit,True,/data/task3_2/share_data/scenesmith/hssd_rendered_assets/ced455da4cae7c68aa79926a738645301871cf1b
cf5da8f8914274162f015e5d35af9c16240b77ad,wall art,high_priority_semantic_front,front,"[0.0,0.0,1.0]",0.2,,pending_asset_front_audit,True,/data/task3_2/share_data/scenesmith/hssd_rendered_assets/cf5da8f8914274162f015e5d35af9c16240b77ad
cf9af550b2eaf084ce16868f9559da84233a2e15,wall art,high_priority_semantic_front,front,"[0.0,0.0,1.0]",0.2,,pending_asset_front_audit,True,/data/task3_2/share_data/scenesmith/hssd_rendered_assets/cf9af550b2eaf084ce16868f9559da84233a2e15
cfa2a50e86c181cf1fd4a5fb7da54926406dafd7,wall art,high_priority_semantic_front,front,"[0.0,0.0,1.0]",0.2,,pending_asset_front_audit,True,/data/task3_2/share_data/scenesmith/hssd_rendered_assets/cfa2a50e86c181cf1fd4a5fb7da54926406dafd7
cfc49a5387109e753b5df46e6ed18e88c370661d,wall art,high_priority_semantic_front,front,"[0.0,0.0,1.0]",0.2,,pending_asset_front_audit,True,/data/task3_2/share_data/scenesmith/hssd_rendered_assets/cfc49a5387109e753b5df46e6ed18e88c370661d
d04768e5c4c17fc846bdfc195926680dd4cce836,wall art,high_priority_semantic_front,front,"[0.0,0.0,1.0]",0.2,,pending_asset_front_audit,True,/data/task3_2/share_data/scenesmith/hssd_rendered_assets/d04768e5c4c17fc846bdfc195926680dd4cce836
d07c137b8cf1bddecae95ef376c297b65f204961,wall art,high_priority_semantic_front,front,"[0.0,0.0,1.0]",0.2,,pending_asset_front_audit,True,/data/task3_2/share_data/scenesmith/hssd_rendered_assets/d07c137b8cf1bddecae95ef376c297b65f204961
d0b556764051e5ea4800252b4b9ba5210ab28a32,wall art,high_priority_semantic_front,front,"[0.0,0.0,1.0]",0.2,,pending_asset_front_audit,True,/data/task3_2/share_data/scenesmith/hssd_rendered_assets/d0b556764051e5ea4800252b4b9ba5210ab28a32
d0bd61d559ecb7403b4068fb6060dd85aea4e85e,wall art,high_priority_semantic_front,front,"[0.0,0.0,1.0]",0.2,,pending_asset_front_audit,True,/data/task3_2/share_data/scenesmith/hssd_rendered_assets/d0bd61d559ecb7403b4068fb6060dd85aea4e85e
d14e1d5cb087cf36434a49d051df7973c0d67725,wall art,high_priority_semantic_front,front,"[0.0,0.0,1.0]",0.2,,pending_asset_front_audit,True,/data/task3_2/share_data/scenesmith/hssd_rendered_assets/d14e1d5cb087cf36434a49d051df7973c0d67725
d16ee0031a895fd7a1f34ebb0dc69c89c3050b0d,wall art,high_priority_semantic_front,front,"[0.0,0.0,1.0]",0.2,,pending_asset_front_audit,True,/data/task3_2/share_data/scenesmith/hssd_rendered_assets/d16ee0031a895fd7a1f34ebb0dc69c89c3050b0d
d19a110579145ade0ca988b02b7db98c48429c5a,wall art,high_priority_semantic_front,front,"[0.0,0.0,1.0]",0.2,,pending_asset_front_audit,True,/data/task3_2/share_data/scenesmith/hssd_rendered_assets/d19a110579145ade0ca988b02b7db98c48429c5a
d20e542b79d75fe5e6d69227f9a7ca6bf76ae60f,wall art,high_priority_semantic_front,front,"[0.0,0.0,1.0]",0.2,,pending_asset_front_audit,True,/data/task3_2/share_data/scenesmith/hssd_rendered_assets/d20e542b79d75fe5e6d69227f9a7ca6bf76ae60f
d2818154274729e634a586fb7d55ddf296173f32,wall art,high_priority_semantic_front,front,"[0.0,0.0,1.0]",0.2,,pending_asset_front_audit,True,/data/task3_2/share_data/scenesmith/hssd_rendered_assets/d2818154274729e634a586fb7d55ddf296173f32
d2c8b1afb605c01df14dc02dc83c10309f7b479d,wall art,high_priority_semantic_front,front,"[0.0,0.0,1.0]",0.2,,pending_asset_front_audit,True,/data/task3_2/share_data/scenesmith/hssd_rendered_assets/d2c8b1afb605c01df14dc02dc83c10309f7b479d
d2d4f34f92eaa9ef1fdfd9b9b380ecbb5869d58c,wall art,high_priority_semantic_front,front,"[0.0,0.0,1.0]",0.2,,pending_asset_front_audit,True,/data/task3_2/share_data/scenesmith/hssd_rendered_assets/d2d4f34f92eaa9ef1fdfd9b9b380ecbb5869d58c
d3130dfc0953142f76fa092b068690719d8f35e1,wall art,high_priority_semantic_front,front,"[0.0,0.0,1.0]",0.2,,pending_asset_front_audit,True,/data/task3_2/share_data/scenesmith/hssd_rendered_assets/d3130dfc0953142f76fa092b068690719d8f35e1
d314acbdc90de2a33367e1d012472af438b14a18,wall art,high_priority_semantic_front,front,"[0.0,0.0,1.0]",0.2,,pending_asset_front_audit,True,/data/task3_2/share_data/scenesmith/hssd_rendered_assets/d314acbdc90de2a33367e1d012472af438b14a18
d34badf1d6a7112aed615c8a40b50dfa3c03c81b,wall art,high_priority_semantic_front,front,"[0.0,0.0,1.0]",0.2,,pending_asset_front_audit,True,/data/task3_2/share_data/scenesmith/hssd_rendered_assets/d34badf1d6a7112aed615c8a40b50dfa3c03c81b
d39736049ec9c4ee18b48ea42b636b343fa71f84,wall art,high_priority_semantic_front,front,"[0.0,0.0,1.0]",0.2,,pending_asset_front_audit,True,/data/task3_2/share_data/scenesmith/hssd_rendered_assets/d39736049ec9c4ee18b48ea42b636b343fa71f84
d44476ba09967949e9ba513843777ee539f1738d,wall art,high_priority_semantic_front,front,"[0.0,0.0,1.0]",0.2,,pending_asset_front_audit,True,/data/task3_2/share_data/scenesmith/hssd_rendered_assets/d44476ba09967949e9ba513843777ee539f1738d
d46961f14aaeedea60f9d8a57fb06fa034210b66,wall art,high_priority_semantic_front,front,"[0.0,0.0,1.0]",0.2,,pending_asset_front_audit,True,/data/task3_2/share_data/scenesmith/hssd_rendered_assets/d46961f14aaeedea60f9d8a57fb06fa034210b66
d4eb192f94e20f4142c8d8ac3d4e0a4cef899bd4,wall art,high_priority_semantic_front,front,"[0.0,0.0,1.0]",0.2,,pending_asset_front_audit,True,/data/task3_2/share_data/scenesmith/hssd_rendered_assets/d4eb192f94e20f4142c8d8ac3d4e0a4cef899bd4
d4ffac01fb53b35fb167619a53badcfcfdbbdcdf,wall art,high_priority_semantic_front,front,"[0.0,0.0,1.0]",0.2,,pending_asset_front_audit,True,/data/task3_2/share_data/scenesmith/hssd_rendered_assets/d4ffac01fb53b35fb167619a53badcfcfdbbdcdf
d529daa3c4583eaa496b217f911be88d02b5857d,wall art,high_priority_semantic_front,front,"[0.0,0.0,1.0]",0.2,,pending_asset_front_audit,True,/data/task3_2/share_data/scenesmith/hssd_rendered_assets/d529daa3c4583eaa496b217f911be88d02b5857d
d539b5571a6a8f2bb60bbe4144fdc8f234439c44,wall art,high_priority_semantic_front,front,"[0.0,0.0,1.0]",0.2,,pending_asset_front_audit,True,/data/task3_2/share_data/scenesmith/hssd_rendered_assets/d539b5571a6a8f2bb60bbe4144fdc8f234439c44
d53ef954eec463d3d2dc301dfd37183665c4d432,wall art,high_priority_semantic_front,front,"[0.0,0.0,1.0]",0.2,,pending_asset_front_audit,True,/data/task3_2/share_data/scenesmith/hssd_rendered_assets/d53ef954eec463d3d2dc301dfd37183665c4d432
d5d870c220cc0c2cb1dec56015f875245c2fea32,wall art,high_priority_semantic_front,front,"[0.0,0.0,1.0]",0.2,,pending_asset_front_audit,True,/data/task3_2/share_data/scenesmith/hssd_rendered_assets/d5d870c220cc0c2cb1dec56015f875245c2fea32
d5f9fe56273d8974db4318e39053b063523a4eed,wall art,high_priority_semantic_front,front,"[0.0,0.0,1.0]",0.2,,pending_asset_front_audit,True,/data/task3_2/share_data/scenesmith/hssd_rendered_assets/d5f9fe56273d8974db4318e39053b063523a4eed
d61cec3ebf7dbeed1589b832ffd425f6493a81cc,wall art,high_priority_semantic_front,front,"[0.0,0.0,1.0]",0.2,,pending_asset_front_audit,True,/data/task3_2/share_data/scenesmith/hssd_rendered_assets/d61cec3ebf7dbeed1589b832ffd425f6493a81cc
d648a3d42925f6e091ceb5b78ffa8f9bc96cf746,wall art,high_priority_semantic_front,front,"[0.0,0.0,1.0]",0.2,,pending_asset_front_audit,True,/data/task3_2/share_data/scenesmith/hssd_rendered_assets/d648a3d42925f6e091ceb5b78ffa8f9bc96cf746
d651b87abc8e23c36120e257916b466a06980a3c,wall art,high_priority_semantic_front,front,"[0.0,0.0,1.0]",0.2,,pending_asset_front_audit,True,/data/task3_2/share_data/scenesmith/hssd_rendered_assets/d651b87abc8e23c36120e257916b466a06980a3c
d66d6349603904a5c4af4fdd70e1cdae7e9a1239,wall art,high_priority_semantic_front,front,"[0.0,0.0,1.0]",0.2,,pending_asset_front_audit,True,/data/task3_2/share_data/scenesmith/hssd_rendered_assets/d66d6349603904a5c4af4fdd70e1cdae7e9a1239
d6f74ac26ab18691b1c20529a58fec8e9fae7179,wall art,high_priority_semantic_front,front,"[0.0,0.0,1.0]",0.2,,pending_asset_front_audit,True,/data/task3_2/share_data/scenesmith/hssd_rendered_assets/d6f74ac26ab18691b1c20529a58fec8e9fae7179
d762b383e9fe4e0288b5364c3902180fe48a8880,wall art,high_priority_semantic_front,front,"[0.0,0.0,1.0]",0.2,,pending_asset_front_audit,True,/data/task3_2/share_data/scenesmith/hssd_rendered_assets/d762b383e9fe4e0288b5364c3902180fe48a8880
d7a473eabd6845566195218aba52ebc0a609d6c6,wall art,high_priority_semantic_front,front,"[0.0,0.0,1.0]",0.2,,pending_asset_front_audit,True,/data/task3_2/share_data/scenesmith/hssd_rendered_assets/d7a473eabd6845566195218aba52ebc0a609d6c6
d7fd25440d82e45d3d994cc560206a1f96c2af99,wall art,high_priority_semantic_front,front,"[0.0,0.0,1.0]",0.2,,pending_asset_front_audit,True,/data/task3_2/share_data/scenesmith/hssd_rendered_assets/d7fd25440d82e45d3d994cc560206a1f96c2af99
d8288b42ead30dcc56f4440236d293c6cd5b7746,wall art,high_priority_semantic_front,front,"[0.0,0.0,1.0]",0.2,,pending_asset_front_audit,True,/data/task3_2/share_data/scenesmith/hssd_rendered_assets/d8288b42ead30dcc56f4440236d293c6cd5b7746
d84033d406982f2b102b4c2b83c4e500fe479c8a,wall art,high_priority_semantic_front,front,"[0.0,0.0,1.0]",0.2,,pending_asset_front_audit,True,/data/task3_2/share_data/scenesmith/hssd_rendered_assets/d84033d406982f2b102b4c2b83c4e500fe479c8a
d85dcec1887a20aa8be3384a4f1b9b4883baa4b5,wall art,high_priority_semantic_front,front,"[0.0,0.0,1.0]",0.2,,pending_asset_front_audit,True,/data/task3_2/share_data/scenesmith/hssd_rendered_assets/d85dcec1887a20aa8be3384a4f1b9b4883baa4b5
d8ab78934f1f04bc6bb3babbe1337a27cc8cdf80,wall art,high_priority_semantic_front,front,"[0.0,0.0,1.0]",0.2,,pending_asset_front_audit,True,/data/task3_2/share_data/scenesmith/hssd_rendered_assets/d8ab78934f1f04bc6bb3babbe1337a27cc8cdf80
d8c33846cd05fc87c20b3d76cd0012566591b10f,wall art,high_priority_semantic_front,front,"[0.0,0.0,1.0]",0.2,,pending_asset_front_audit,True,/data/task3_2/share_data/scenesmith/hssd_rendered_assets/d8c33846cd05fc87c20b3d76cd0012566591b10f
d919f8b1bdf5976ed57aef04d87ffb21234e32c0,wall art,high_priority_semantic_front,front,"[0.0,0.0,1.0]",0.2,,pending_asset_front_audit,True,/data/task3_2/share_data/scenesmith/hssd_rendered_assets/d919f8b1bdf5976ed57aef04d87ffb21234e32c0
d92ae5e390a927ec9c56fc22bbfe0292a612fb49,wall art,high_priority_semantic_front,front,"[0.0,0.0,1.0]",0.2,,pending_asset_front_audit,True,/data/task3_2/share_data/scenesmith/hssd_rendered_assets/d92ae5e390a927ec9c56fc22bbfe0292a612fb49
d947b3470b9ad07875b2e03fb0f3d365b04fe1a2,wall art,high_priority_semantic_front,front,"[0.0,0.0,1.0]",0.2,,pending_asset_front_audit,True,/data/task3_2/share_data/scenesmith/hssd_rendered_assets/d947b3470b9ad07875b2e03fb0f3d365b04fe1a2
d9c1f769e3706be6e0dcaf0acd8ddd0815297af6,wall art,high_priority_semantic_front,front,"[0.0,0.0,1.0]",0.2,,pending_asset_front_audit,True,/data/task3_2/share_data/scenesmith/hssd_rendered_assets/d9c1f769e3706be6e0dcaf0acd8ddd0815297af6
d9e51bfaf58b88c3024ddbc4fa8c6a7433d52092,wall art,high_priority_semantic_front,front,"[0.0,0.0,1.0]",0.2,,pending_asset_front_audit,True,/data/task3_2/share_data/scenesmith/hssd_rendered_assets/d9e51bfaf58b88c3024ddbc4fa8c6a7433d52092
da85d22712981495da746c292c8e6964344639ce,wall art,high_priority_semantic_front,front,"[0.0,0.0,1.0]",0.2,,pending_asset_front_audit,True,/data/task3_2/share_data/scenesmith/hssd_rendered_assets/da85d22712981495da746c292c8e6964344639ce
da909ae4a0f2411ddfe5f499f11bee8cec508197,wall art,high_priority_semantic_front,front,"[0.0,0.0,1.0]",0.2,,pending_asset_front_audit,True,/data/task3_2/share_data/scenesmith/hssd_rendered_assets/da909ae4a0f2411ddfe5f499f11bee8cec508197
dacd5ec9bab8e856bd255328dc4974dfa702d02a,wall art,high_priority_semantic_front,front,"[0.0,0.0,1.0]",0.2,,pending_asset_front_audit,True,/data/task3_2/share_data/scenesmith/hssd_rendered_assets/dacd5ec9bab8e856bd255328dc4974dfa702d02a
dadfdb82be460718cb75c21d1270af6dca285398,wall art,high_priority_semantic_front,front,"[0.0,0.0,1.0]",0.2,,pending_asset_front_audit,True,/data/task3_2/share_data/scenesmith/hssd_rendered_assets/dadfdb82be460718cb75c21d1270af6dca285398
daf23a42563540e0aa495b3a1f9ac34d2ba04ce9,wall art,high_priority_semantic_front,front,"[0.0,0.0,1.0]",0.2,,pending_asset_front_audit,True,/data/task3_2/share_data/scenesmith/hssd_rendered_assets/daf23a42563540e0aa495b3a1f9ac34d2ba04ce9
db234c4cb0f0833ae253d5c9b77d68c89e0842a3,wall art,high_priority_semantic_front,front,"[0.0,0.0,1.0]",0.2,,pending_asset_front_audit,True,/data/task3_2/share_data/scenesmith/hssd_rendered_assets/db234c4cb0f0833ae253d5c9b77d68c89e0842a3
db5f37340adc4983c0c111b2fcd1642e0df68225,wall art,high_priority_semantic_front,front,"[0.0,0.0,1.0]",0.2,,pending_asset_front_audit,True,/data/task3_2/share_data/scenesmith/hssd_rendered_assets/db5f37340adc4983c0c111b2fcd1642e0df68225
db8b6fc147451292f029e99c0aa7f3413dc694be,wall art,high_priority_semantic_front,front,"[0.0,0.0,1.0]",0.2,,pending_asset_front_audit,True,/data/task3_2/share_data/scenesmith/hssd_rendered_assets/db8b6fc147451292f029e99c0aa7f3413dc694be
db91828e9f89095b603445ec5f03859a798a88e9,wall art,high_priority_semantic_front,front,"[0.0,0.0,1.0]",0.2,,pending_asset_front_audit,True,/data/task3_2/share_data/scenesmith/hssd_rendered_assets/db91828e9f89095b603445ec5f03859a798a88e9
dbc3b8d7b076436fdd6aef159aa4242a31020d4b,wall art,high_priority_semantic_front,front,"[0.0,0.0,1.0]",0.2,,pending_asset_front_audit,True,/data/task3_2/share_data/scenesmith/hssd_rendered_assets/dbc3b8d7b076436fdd6aef159aa4242a31020d4b
dc1d8cd55b0eb4be8519a83cce15fa61353266c7,wall art,high_priority_semantic_front,front,"[0.0,0.0,1.0]",0.2,,pending_asset_front_audit,True,/data/task3_2/share_data/scenesmith/hssd_rendered_assets/dc1d8cd55b0eb4be8519a83cce15fa61353266c7
dc2321d990868a82857d03c1b9946611d55afd51,wall art,high_priority_semantic_front,front,"[0.0,0.0,1.0]",0.2,,pending_asset_front_audit,True,/data/task3_2/share_data/scenesmith/hssd_rendered_assets/dc2321d990868a82857d03c1b9946611d55afd51
dc5034d8e547d0512e828be6b87fc654a6297746,wall art,high_priority_semantic_front,front,"[0.0,0.0,1.0]",0.2,,pending_asset_front_audit,True,/data/task3_2/share_data/scenesmith/hssd_rendered_assets/dc5034d8e547d0512e828be6b87fc654a6297746
dc6837563f4b5990c246cb4a6ae2f6247bfd5ce3,wall art,high_priority_semantic_front,front,"[0.0,0.0,1.0]",0.2,,pending_asset_front_audit,True,/data/task3_2/share_data/scenesmith/hssd_rendered_assets/dc6837563f4b5990c246cb4a6ae2f6247bfd5ce3
dc6ff12f11e047419ed8cd446a9a3f63e1dcc59e,wall art,high_priority_semantic_front,front,"[0.0,0.0,1.0]",0.2,,pending_asset_front_audit,True,/data/task3_2/share_data/scenesmith/hssd_rendered_assets/dc6ff12f11e047419ed8cd446a9a3f63e1dcc59e
dc8c0884341279d6fce22bc121dca894ca71be98,wall art,high_priority_semantic_front,front,"[0.0,0.0,1.0]",0.2,,pending_asset_front_audit,True,/data/task3_2/share_data/scenesmith/hssd_rendered_assets/dc8c0884341279d6fce22bc121dca894ca71be98
dc8d0a4e26bdefb8b569e2a517274d113f261ef2,wall art,high_priority_semantic_front,front,"[0.0,0.0,1.0]",0.2,,pending_asset_front_audit,True,/data/task3_2/share_data/scenesmith/hssd_rendered_assets/dc8d0a4e26bdefb8b569e2a517274d113f261ef2
dccdaa5fec1f799d31288d95e46aa723ffbd3574,wall art,high_priority_semantic_front,front,"[0.0,0.0,1.0]",0.2,,pending_asset_front_audit,True,/data/task3_2/share_data/scenesmith/hssd_rendered_assets/dccdaa5fec1f799d31288d95e46aa723ffbd3574
dd77fa0584028e80a2b7991f3ff7e08c9e1960fd,wall art,high_priority_semantic_front,front,"[0.0,0.0,1.0]",0.2,,pending_asset_front_audit,True,/data/task3_2/share_data/scenesmith/hssd_rendered_assets/dd77fa0584028e80a2b7991f3ff7e08c9e1960fd
dd8223f1a7ea2da666681328b6febd74cddcce76,wall art,high_priority_semantic_front,front,"[0.0,0.0,1.0]",0.2,,pending_asset_front_audit,True,/data/task3_2/share_data/scenesmith/hssd_rendered_assets/dd8223f1a7ea2da666681328b6febd74cddcce76
dd9683feefbd9e892570f3478c91f31c21fcb916,wall art,high_priority_semantic_front,front,"[0.0,0.0,1.0]",0.2,,pending_asset_front_audit,True,/data/task3_2/share_data/scenesmith/hssd_rendered_assets/dd9683feefbd9e892570f3478c91f31c21fcb916
dddf20d1f2e70eb7a9e24a3fe88d668d01f1feda,wall art,high_priority_semantic_front,front,"[0.0,0.0,1.0]",0.2,,pending_asset_front_audit,True,/data/task3_2/share_data/scenesmith/hssd_rendered_assets/dddf20d1f2e70eb7a9e24a3fe88d668d01f1feda
ddfde7cfe571e69b3e7b3598bdb11fb5e21ff7ac,wall art,high_priority_semantic_front,front,"[0.0,0.0,1.0]",0.2,,pending_asset_front_audit,True,/data/task3_2/share_data/scenesmith/hssd_rendered_assets/ddfde7cfe571e69b3e7b3598bdb11fb5e21ff7ac
de2b7f0bebe42b3ec6d54d8e4de9e5856d9c79da,wall art,high_priority_semantic_front,front,"[0.0,0.0,1.0]",0.2,,pending_asset_front_audit,True,/data/task3_2/share_data/scenesmith/hssd_rendered_assets/de2b7f0bebe42b3ec6d54d8e4de9e5856d9c79da
de4c59c5fbc1228e4483ee1a4294c9ed6d322042,wall art,high_priority_semantic_front,front,"[0.0,0.0,1.0]",0.2,,pending_asset_front_audit,True,/data/task3_2/share_data/scenesmith/hssd_rendered_assets/de4c59c5fbc1228e4483ee1a4294c9ed6d322042
de51c3824f68373875c9a21e1139aecfbcf9c5f3,wall art,high_priority_semantic_front,front,"[0.0,0.0,1.0]",0.2,,pending_asset_front_audit,True,/data/task3_2/share_data/scenesmith/hssd_rendered_assets/de51c3824f68373875c9a21e1139aecfbcf9c5f3
df67345cedaab86582d28c630e7c2744b93df17c,wall art,high_priority_semantic_front,front,"[0.0,0.0,1.0]",0.2,,pending_asset_front_audit,True,/data/task3_2/share_data/scenesmith/hssd_rendered_assets/df67345cedaab86582d28c630e7c2744b93df17c
df88e5b8b52b8477d45e19a1d1f272d340b6536e,wall art,high_priority_semantic_front,front,"[0.0,0.0,1.0]",0.2,,pending_asset_front_audit,True,/data/task3_2/share_data/scenesmith/hssd_rendered_assets/df88e5b8b52b8477d45e19a1d1f272d340b6536e
dfeb3a781d1168ddfbac4e212433b20b815ebb19,wall art,high_priority_semantic_front,front,"[0.0,0.0,1.0]",0.2,,pending_asset_front_audit,True,/data/task3_2/share_data/scenesmith/hssd_rendered_assets/dfeb3a781d1168ddfbac4e212433b20b815ebb19
e0786b4bdea146df2edb04ec60a92a7fadc4f6bd,wall art,high_priority_semantic_front,front,"[0.0,0.0,1.0]",0.2,,pending_asset_front_audit,True,/data/task3_2/share_data/scenesmith/hssd_rendered_assets/e0786b4bdea146df2edb04ec60a92a7fadc4f6bd
e0a215e268886dde314b134f63c2a7ea2f9a6d41,wall art,high_priority_semantic_front,front,"[0.0,0.0,1.0]",0.2,,pending_asset_front_audit,True,/data/task3_2/share_data/scenesmith/hssd_rendered_assets/e0a215e268886dde314b134f63c2a7ea2f9a6d41
e0b35909e989ceb443828e0027795babd8ec8823,wall art,high_priority_semantic_front,front,"[0.0,0.0,1.0]",0.2,,pending_asset_front_audit,True,/data/task3_2/share_data/scenesmith/hssd_rendered_assets/e0b35909e989ceb443828e0027795babd8ec8823
e0de0c88028406936ea5c1576a1a112e6ca678bc,wall art,high_priority_semantic_front,front,"[0.0,0.0,1.0]",0.2,,pending_asset_front_audit,True,/data/task3_2/share_data/scenesmith/hssd_rendered_assets/e0de0c88028406936ea5c1576a1a112e6ca678bc
e1139d8a4dcd3f1934ef70bbf013c2a61e06bdb4,wall art,high_priority_semantic_front,front,"[0.0,0.0,1.0]",0.2,,pending_asset_front_audit,True,/data/task3_2/share_data/scenesmith/hssd_rendered_assets/e1139d8a4dcd3f1934ef70bbf013c2a61e06bdb4
e15516cdcba0af259eb8714411809ce4a7d7fe6a,wall art,high_priority_semantic_front,front,"[0.0,0.0,1.0]",0.2,,pending_asset_front_audit,True,/data/task3_2/share_data/scenesmith/hssd_rendered_assets/e15516cdcba0af259eb8714411809ce4a7d7fe6a
e223ba3d7758a2cc688c949ff6688971f4f169fa,wall art,high_priority_semantic_front,front,"[0.0,0.0,1.0]",0.2,,pending_asset_front_audit,True,/data/task3_2/share_data/scenesmith/hssd_rendered_assets/e223ba3d7758a2cc688c949ff6688971f4f169fa
e24154474f97c0dfe9e2f6d745c2216a2bebee58,wall art,high_priority_semantic_front,front,"[0.0,0.0,1.0]",0.2,,pending_asset_front_audit,True,/data/task3_2/share_data/scenesmith/hssd_rendered_assets/e24154474f97c0dfe9e2f6d745c2216a2bebee58
e24449e3c2ce454a904c6a7011488632a6b1c875,wall art,high_priority_semantic_front,front,"[0.0,0.0,1.0]",0.2,,pending_asset_front_audit,True,/data/task3_2/share_data/scenesmith/hssd_rendered_assets/e24449e3c2ce454a904c6a7011488632a6b1c875
e2dced5ca4ac21becfa850bebaad8af4a8063438,wall art,high_priority_semantic_front,front,"[0.0,0.0,1.0]",0.2,,pending_asset_front_audit,True,/data/task3_2/share_data/scenesmith/hssd_rendered_assets/e2dced5ca4ac21becfa850bebaad8af4a8063438
e2feb988770fa45b6e58493829df5c8f267c8b28,wall art,high_priority_semantic_front,front,"[0.0,0.0,1.0]",0.2,,pending_asset_front_audit,True,/data/task3_2/share_data/scenesmith/hssd_rendered_assets/e2feb988770fa45b6e58493829df5c8f267c8b28
e347fb6231e4afd401f57bdd8cc05f498c211768,wall art,high_priority_semantic_front,front,"[0.0,0.0,1.0]",0.2,,pending_asset_front_audit,True,/data/task3_2/share_data/scenesmith/hssd_rendered_assets/e347fb6231e4afd401f57bdd8cc05f498c211768
e38673f1648b9606a41abc76b90c9681b6c7fefb,wall art,high_priority_semantic_front,front,"[0.0,0.0,1.0]",0.2,,pending_asset_front_audit,True,/data/task3_2/share_data/scenesmith/hssd_rendered_assets/e38673f1648b9606a41abc76b90c9681b6c7fefb
e460bdb42d7cc2ecf568be1a36df376b8ab69d05,wall art,high_priority_semantic_front,front,"[0.0,0.0,1.0]",0.2,,pending_asset_front_audit,True,/data/task3_2/share_data/scenesmith/hssd_rendered_assets/e460bdb42d7cc2ecf568be1a36df376b8ab69d05
e4a0e3eac59e3865872a50e3dece64893429aaad,wall art,high_priority_semantic_front,front,"[0.0,0.0,1.0]",0.2,,pending_asset_front_audit,True,/data/task3_2/share_data/scenesmith/hssd_rendered_assets/e4a0e3eac59e3865872a50e3dece64893429aaad
e50a99c14e92f6485f82139c338779df903955d2,wall art,high_priority_semantic_front,front,"[0.0,0.0,1.0]",0.2,,pending_asset_front_audit,True,/data/task3_2/share_data/scenesmith/hssd_rendered_assets/e50a99c14e92f6485f82139c338779df903955d2
e592c826575570ea0984c28e77e66b4b57fde65d,wall art,high_priority_semantic_front,front,"[0.0,0.0,1.0]",0.2,,pending_asset_front_audit,True,/data/task3_2/share_data/scenesmith/hssd_rendered_assets/e592c826575570ea0984c28e77e66b4b57fde65d
e5ff4ca19237863e4f0e52bf57f1ef70523d036a,wall art,high_priority_semantic_front,front,"[0.0,0.0,1.0]",0.2,,pending_asset_front_audit,True,/data/task3_2/share_data/scenesmith/hssd_rendered_assets/e5ff4ca19237863e4f0e52bf57f1ef70523d036a
e63f2f68c0d0de795e8a71d0f834b637502bb7db,wall art,high_priority_semantic_front,front,"[0.0,0.0,1.0]",0.2,,pending_asset_front_audit,True,/data/task3_2/share_data/scenesmith/hssd_rendered_assets/e63f2f68c0d0de795e8a71d0f834b637502bb7db
e6721c1f71a614592b41e3bb81f6125be1e685bb,wall art,high_priority_semantic_front,front,"[0.0,0.0,1.0]",0.2,,pending_asset_front_audit,True,/data/task3_2/share_data/scenesmith/hssd_rendered_assets/e6721c1f71a614592b41e3bb81f6125be1e685bb
e6afa230cb48f17a5417b74b880c4f0d4624ac00,wall art,high_priority_semantic_front,front,"[0.0,0.0,1.0]",0.2,,pending_asset_front_audit,True,/data/task3_2/share_data/scenesmith/hssd_rendered_assets/e6afa230cb48f17a5417b74b880c4f0d4624ac00
e73c99996443b0c74a9c191625573afff84f5dc7,wall art,high_priority_semantic_front,front,"[0.0,0.0,1.0]",0.2,,pending_asset_front_audit,True,/data/task3_2/share_data/scenesmith/hssd_rendered_assets/e73c99996443b0c74a9c191625573afff84f5dc7
e7813f051747532da5871685105b47d735bbe6b6,wall art,high_priority_semantic_front,front,"[0.0,0.0,1.0]",0.2,,pending_asset_front_audit,True,/data/task3_2/share_data/scenesmith/hssd_rendered_assets/e7813f051747532da5871685105b47d735bbe6b6
e7ecadfd54d74638d1de977ac7b04dfd1702d6af,wall art,high_priority_semantic_front,front,"[0.0,0.0,1.0]",0.2,,pending_asset_front_audit,True,/data/task3_2/share_data/scenesmith/hssd_rendered_assets/e7ecadfd54d74638d1de977ac7b04dfd1702d6af
e7ff7baed5818e9f167113c81b84da6c2a503944,wall art,high_priority_semantic_front,front,"[0.0,0.0,1.0]",0.2,,pending_asset_front_audit,True,/data/task3_2/share_data/scenesmith/hssd_rendered_assets/e7ff7baed5818e9f167113c81b84da6c2a503944
e856ac6c1bea94c6032251d81f1379fff6cf5a75,wall art,high_priority_semantic_front,front,"[0.0,0.0,1.0]",0.2,,pending_asset_front_audit,True,/data/task3_2/share_data/scenesmith/hssd_rendered_assets/e856ac6c1bea94c6032251d81f1379fff6cf5a75
e86fb9c3c9243acca5078c3830dad4569b8a72af,wall art,high_priority_semantic_front,front,"[0.0,0.0,1.0]",0.2,,pending_asset_front_audit,True,/data/task3_2/share_data/scenesmith/hssd_rendered_assets/e86fb9c3c9243acca5078c3830dad4569b8a72af
e8a8d169c17b2f14008e10642994c92ea35b3946,wall art,high_priority_semantic_front,front,"[0.0,0.0,1.0]",0.2,,pending_asset_front_audit,True,/data/task3_2/share_data/scenesmith/hssd_rendered_assets/e8a8d169c17b2f14008e10642994c92ea35b3946
e8af4d236d2dc2a9838f1c7a098806bd6b11a85b,wall art,high_priority_semantic_front,front,"[0.0,0.0,1.0]",0.2,,pending_asset_front_audit,True,/data/task3_2/share_data/scenesmith/hssd_rendered_assets/e8af4d236d2dc2a9838f1c7a098806bd6b11a85b
e8e05338d973e1845aea18072e1086cadaf6a1e6,wall art,high_priority_semantic_front,front,"[0.0,0.0,1.0]",0.2,,pending_asset_front_audit,True,/data/task3_2/share_data/scenesmith/hssd_rendered_assets/e8e05338d973e1845aea18072e1086cadaf6a1e6
e9247bd57832e5c20a09bdf7e0257899cff54f51,wall art,high_priority_semantic_front,front,"[0.0,0.0,1.0]",0.2,,pending_asset_front_audit,True,/data/task3_2/share_data/scenesmith/hssd_rendered_assets/e9247bd57832e5c20a09bdf7e0257899cff54f51
e946025ab4168c75d712294a44f37f11cd90ec2c,wall art,high_priority_semantic_front,front,"[0.0,0.0,1.0]",0.2,,pending_asset_front_audit,True,/data/task3_2/share_data/scenesmith/hssd_rendered_assets/e946025ab4168c75d712294a44f37f11cd90ec2c
e965778391dc6e1e46d7bc3bb48b58030e1e1c9a,wall art,high_priority_semantic_front,front,"[0.0,0.0,1.0]",0.2,,pending_asset_front_audit,True,/data/task3_2/share_data/scenesmith/hssd_rendered_assets/e965778391dc6e1e46d7bc3bb48b58030e1e1c9a
e98b0eed4926c2fec2d9d5230ba796174e17c937,wall art,high_priority_semantic_front,front,"[0.0,0.0,1.0]",0.2,,pending_asset_front_audit,True,/data/task3_2/share_data/scenesmith/hssd_rendered_assets/e98b0eed4926c2fec2d9d5230ba796174e17c937
e9cfdff55695403cc4d9b5380d29073ec851c0ce,wall art,high_priority_semantic_front,front,"[0.0,0.0,1.0]",0.2,,pending_asset_front_audit,True,/data/task3_2/share_data/scenesmith/hssd_rendered_assets/e9cfdff55695403cc4d9b5380d29073ec851c0ce
e9d4710af951e1175449b01451a6a49cb6231949,wall art,high_priority_semantic_front,front,"[0.0,0.0,1.0]",0.2,,pending_asset_front_audit,True,/data/task3_2/share_data/scenesmith/hssd_rendered_assets/e9d4710af951e1175449b01451a6a49cb6231949
ea402f38c075752d6858cfc8fe8a29193d277e8e,wall art,high_priority_semantic_front,front,"[0.0,0.0,1.0]",0.2,,pending_asset_front_audit,True,/data/task3_2/share_data/scenesmith/hssd_rendered_assets/ea402f38c075752d6858cfc8fe8a29193d277e8e
ea5d3ca45a495eba8168a2303efbcdeda57f5c5f,wall art,high_priority_semantic_front,front,"[0.0,0.0,1.0]",0.2,,pending_asset_front_audit,True,/data/task3_2/share_data/scenesmith/hssd_rendered_assets/ea5d3ca45a495eba8168a2303efbcdeda57f5c5f
ea620cdc8d7f3669b588e22a7c280f64b253050e,wall art,high_priority_semantic_front,front,"[0.0,0.0,1.0]",0.2,,pending_asset_front_audit,True,/data/task3_2/share_data/scenesmith/hssd_rendered_assets/ea620cdc8d7f3669b588e22a7c280f64b253050e
eac0f0b99f0473fea0b330049d7651d81aafd3f5,wall art,high_priority_semantic_front,front,"[0.0,0.0,1.0]",0.2,,pending_asset_front_audit,True,/data/task3_2/share_data/scenesmith/hssd_rendered_assets/eac0f0b99f0473fea0b330049d7651d81aafd3f5
eaec5282f4c09e8d460bb6ae9fbb1e70f79d5970,wall art,high_priority_semantic_front,front,"[0.0,0.0,1.0]",0.2,,pending_asset_front_audit,True,/data/task3_2/share_data/scenesmith/hssd_rendered_assets/eaec5282f4c09e8d460bb6ae9fbb1e70f79d5970
ebb6136dba027318ba32c409a85e1086fc6da230,wall art,high_priority_semantic_front,front,"[0.0,0.0,1.0]",0.2,,pending_asset_front_audit,True,/data/task3_2/share_data/scenesmith/hssd_rendered_assets/ebb6136dba027318ba32c409a85e1086fc6da230
ecb23145bd23ff3a6f57ede3b897564481da9faa,wall art,high_priority_semantic_front,front,"[0.0,0.0,1.0]",0.2,,pending_asset_front_audit,True,/data/task3_2/share_data/scenesmith/hssd_rendered_assets/ecb23145bd23ff3a6f57ede3b897564481da9faa
ed52ec3c148b723afe956fad2587b437720a6860,wall art,high_priority_semantic_front,front,"[0.0,0.0,1.0]",0.2,,pending_asset_front_audit,True,/data/task3_2/share_data/scenesmith/hssd_rendered_assets/ed52ec3c148b723afe956fad2587b437720a6860
ed8faaff035e3b9dc1097cd26fb15f1aadf47192,wall art,high_priority_semantic_front,front,"[0.0,0.0,1.0]",0.2,,pending_asset_front_audit,True,/data/task3_2/share_data/scenesmith/hssd_rendered_assets/ed8faaff035e3b9dc1097cd26fb15f1aadf47192
edcaad6754e1873c7a77a00913cc17f8bbdedd5d,wall art,high_priority_semantic_front,front,"[0.0,0.0,1.0]",0.2,,pending_asset_front_audit,True,/data/task3_2/share_data/scenesmith/hssd_rendered_assets/edcaad6754e1873c7a77a00913cc17f8bbdedd5d
ee5aa790cae1f2406bc74a8c55d3b158420fbeb1,wall art,high_priority_semantic_front,front,"[0.0,0.0,1.0]",0.2,,pending_asset_front_audit,True,/data/task3_2/share_data/scenesmith/hssd_rendered_assets/ee5aa790cae1f2406bc74a8c55d3b158420fbeb1
ee5e350cfb35b8127df8563179964fe87f24ed86,wall art,high_priority_semantic_front,front,"[0.0,0.0,1.0]",0.2,,pending_asset_front_audit,True,/data/task3_2/share_data/scenesmith/hssd_rendered_assets/ee5e350cfb35b8127df8563179964fe87f24ed86
ee9ef1e3553783623560845de2f6161161d46f60,wall art,high_priority_semantic_front,front,"[0.0,0.0,1.0]",0.2,,pending_asset_front_audit,True,/data/task3_2/share_data/scenesmith/hssd_rendered_assets/ee9ef1e3553783623560845de2f6161161d46f60
ef23addc11dac03e7cb5b0db0971eea10e1c28a8,wall art,high_priority_semantic_front,front,"[0.0,0.0,1.0]",0.2,,pending_asset_front_audit,True,/data/task3_2/share_data/scenesmith/hssd_rendered_assets/ef23addc11dac03e7cb5b0db0971eea10e1c28a8
ef2e10b0b642cdb7742470452fc01bd4a64f9ee2,wall art,high_priority_semantic_front,front,"[0.0,0.0,1.0]",0.2,,pending_asset_front_audit,True,/data/task3_2/share_data/scenesmith/hssd_rendered_assets/ef2e10b0b642cdb7742470452fc01bd4a64f9ee2
ef3151692db4b6ac209ff1f493246e2f47be6a16,wall art,high_priority_semantic_front,front,"[0.0,0.0,1.0]",0.2,,pending_asset_front_audit,True,/data/task3_2/share_data/scenesmith/hssd_rendered_assets/ef3151692db4b6ac209ff1f493246e2f47be6a16
ef36438c658fab0080157a178f5cdf7e4ec1862d,wall art,high_priority_semantic_front,front,"[0.0,0.0,1.0]",0.2,,pending_asset_front_audit,True,/data/task3_2/share_data/scenesmith/hssd_rendered_assets/ef36438c658fab0080157a178f5cdf7e4ec1862d
ef77ce4011d1236705688d74763c078a013ba7b9,wall art,high_priority_semantic_front,front,"[0.0,0.0,1.0]",0.2,,pending_asset_front_audit,True,/data/task3_2/share_data/scenesmith/hssd_rendered_assets/ef77ce4011d1236705688d74763c078a013ba7b9
f040a5e7efbeb978c90b76b5ac1e412d65416a36,wall art,high_priority_semantic_front,front,"[0.0,0.0,1.0]",0.2,,pending_asset_front_audit,True,/data/task3_2/share_data/scenesmith/hssd_rendered_assets/f040a5e7efbeb978c90b76b5ac1e412d65416a36
f0445464b0b253539065418da867b5ecb54bfb84,wall art,high_priority_semantic_front,front,"[0.0,0.0,1.0]",0.2,,pending_asset_front_audit,True,/data/task3_2/share_data/scenesmith/hssd_rendered_assets/f0445464b0b253539065418da867b5ecb54bfb84
f09d8b0034985941ac1890c8c0e7d32ecc003f75,wall art,high_priority_semantic_front,front,"[0.0,0.0,1.0]",0.2,,pending_asset_front_audit,True,/data/task3_2/share_data/scenesmith/hssd_rendered_assets/f09d8b0034985941ac1890c8c0e7d32ecc003f75
f1060281ecb9903623755e30cf227200b71742dc,wall art,high_priority_semantic_front,front,"[0.0,0.0,1.0]",0.2,,pending_asset_front_audit,True,/data/task3_2/share_data/scenesmith/hssd_rendered_assets/f1060281ecb9903623755e30cf227200b71742dc
f10eae3f3df155bdb519f2a7aa3443f51f111717,wall art,high_priority_semantic_front,front,"[0.0,0.0,1.0]",0.2,,pending_asset_front_audit,True,/data/task3_2/share_data/scenesmith/hssd_rendered_assets/f10eae3f3df155bdb519f2a7aa3443f51f111717
f190677272ce20e5b7129842c3ba28c4ce8a2eba,wall art,high_priority_semantic_front,front,"[0.0,0.0,1.0]",0.2,,pending_asset_front_audit,True,/data/task3_2/share_data/scenesmith/hssd_rendered_assets/f190677272ce20e5b7129842c3ba28c4ce8a2eba
f1aac17b9f3bca148ad965b01a18e2858a88e1a6,wall art,high_priority_semantic_front,front,"[0.0,0.0,1.0]",0.2,,pending_asset_front_audit,True,/data/task3_2/share_data/scenesmith/hssd_rendered_assets/f1aac17b9f3bca148ad965b01a18e2858a88e1a6
f1ef260c5ae58308cac79ca7307f7f6cc96c0f25,wall art,high_priority_semantic_front,front,"[0.0,0.0,1.0]",0.2,,pending_asset_front_audit,True,/data/task3_2/share_data/scenesmith/hssd_rendered_assets/f1ef260c5ae58308cac79ca7307f7f6cc96c0f25
f21b19baeb780987ab7a450e89ffaa95f7c9ee96,wall art,high_priority_semantic_front,front,"[0.0,0.0,1.0]",0.2,,pending_asset_front_audit,True,/data/task3_2/share_data/scenesmith/hssd_rendered_assets/f21b19baeb780987ab7a450e89ffaa95f7c9ee96
f25cf740f8e3cf689982238eb89491800f1e1a86,wall art,high_priority_semantic_front,front,"[0.0,0.0,1.0]",0.2,,pending_asset_front_audit,True,/data/task3_2/share_data/scenesmith/hssd_rendered_assets/f25cf740f8e3cf689982238eb89491800f1e1a86
f29b95797c5c26bc3ffeb344b8d04a4b30b3086b,wall art,high_priority_semantic_front,front,"[0.0,0.0,1.0]",0.2,,pending_asset_front_audit,True,/data/task3_2/share_data/scenesmith/hssd_rendered_assets/f29b95797c5c26bc3ffeb344b8d04a4b30b3086b
f2c9b514d391f05b83a80d6698b7606c0e8bd447,wall art,high_priority_semantic_front,front,"[0.0,0.0,1.0]",0.2,,pending_asset_front_audit,True,/data/task3_2/share_data/scenesmith/hssd_rendered_assets/f2c9b514d391f05b83a80d6698b7606c0e8bd447
f31ef1c4bac9f129d3cb2d29016846c0102a81b3,wall art,high_priority_semantic_front,front,"[0.0,0.0,1.0]",0.2,,pending_asset_front_audit,True,/data/task3_2/share_data/scenesmith/hssd_rendered_assets/f31ef1c4bac9f129d3cb2d29016846c0102a81b3
f35e6809f0a6753ca965a30e6bbb5013d988b286,wall art,high_priority_semantic_front,front,"[0.0,0.0,1.0]",0.2,,pending_asset_front_audit,True,/data/task3_2/share_data/scenesmith/hssd_rendered_assets/f35e6809f0a6753ca965a30e6bbb5013d988b286
f3676b1fade7fa49209743acd4898d30939c4ea7,wall art,high_priority_semantic_front,front,"[0.0,0.0,1.0]",0.2,,pending_asset_front_audit,True,/data/task3_2/share_data/scenesmith/hssd_rendered_assets/f3676b1fade7fa49209743acd4898d30939c4ea7
f369cc8d533d4f409dc600f770df6bc4e5eb4d47,wall art,high_priority_semantic_front,front,"[0.0,0.0,1.0]",0.2,,pending_asset_front_audit,True,/data/task3_2/share_data/scenesmith/hssd_rendered_assets/f369cc8d533d4f409dc600f770df6bc4e5eb4d47
f3bfb48a6fe7e9770b1f8b534c0599af6f06d3aa,wall art,high_priority_semantic_front,front,"[0.0,0.0,1.0]",0.2,,pending_asset_front_audit,True,/data/task3_2/share_data/scenesmith/hssd_rendered_assets/f3bfb48a6fe7e9770b1f8b534c0599af6f06d3aa
f3c89960070fe66026ced7add3861aefe3a9bd07,wall art,high_priority_semantic_front,front,"[0.0,0.0,1.0]",0.2,,pending_asset_front_audit,True,/data/task3_2/share_data/scenesmith/hssd_rendered_assets/f3c89960070fe66026ced7add3861aefe3a9bd07
f3e01d91881ec4bbafc3481ce19d85eaaff6d2f5,wall art,high_priority_semantic_front,front,"[0.0,0.0,1.0]",0.2,,pending_asset_front_audit,True,/data/task3_2/share_data/scenesmith/hssd_rendered_assets/f3e01d91881ec4bbafc3481ce19d85eaaff6d2f5
f4b84b285fdf37b677197cad41b45037294ce67e,wall art,high_priority_semantic_front,front,"[0.0,0.0,1.0]",0.2,,pending_asset_front_audit,True,/data/task3_2/share_data/scenesmith/hssd_rendered_assets/f4b84b285fdf37b677197cad41b45037294ce67e
f4e4d2ff2ff87127c3f8de45020555ad074c21c7,wall art,high_priority_semantic_front,front,"[0.0,0.0,1.0]",0.2,,pending_asset_front_audit,True,/data/task3_2/share_data/scenesmith/hssd_rendered_assets/f4e4d2ff2ff87127c3f8de45020555ad074c21c7
f4ed79fe7493f976c65ef6ce0d054869a6744e8d,wall art,high_priority_semantic_front,front,"[0.0,0.0,1.0]",0.2,,pending_asset_front_audit,True,/data/task3_2/share_data/scenesmith/hssd_rendered_assets/f4ed79fe7493f976c65ef6ce0d054869a6744e8d
f4f31a18f05088794f03176bdf289513a2b9669f,wall art,high_priority_semantic_front,front,"[0.0,0.0,1.0]",0.2,,pending_asset_front_audit,True,/data/task3_2/share_data/scenesmith/hssd_rendered_assets/f4f31a18f05088794f03176bdf289513a2b9669f
f5190e93461abfd5af55b308cfb873abb0dc44fe,wall art,high_priority_semantic_front,front,"[0.0,0.0,1.0]",0.2,,pending_asset_front_audit,True,/data/task3_2/share_data/scenesmith/hssd_rendered_assets/f5190e93461abfd5af55b308cfb873abb0dc44fe
f52acce6de591668fafb96e5f5ab0bbdc8bb9e06,wall art,high_priority_semantic_front,front,"[0.0,0.0,1.0]",0.2,,pending_asset_front_audit,True,/data/task3_2/share_data/scenesmith/hssd_rendered_assets/f52acce6de591668fafb96e5f5ab0bbdc8bb9e06
f559458e3821903732eabf9d77d297d4ea22e67a,wall art,high_priority_semantic_front,front,"[0.0,0.0,1.0]",0.2,,pending_asset_front_audit,True,/data/task3_2/share_data/scenesmith/hssd_rendered_assets/f559458e3821903732eabf9d77d297d4ea22e67a
f5774307cd8b7e70e4735aaf411f109ff4f7fc00,wall art,high_priority_semantic_front,front,"[0.0,0.0,1.0]",0.2,,pending_asset_front_audit,True,/data/task3_2/share_data/scenesmith/hssd_rendered_assets/f5774307cd8b7e70e4735aaf411f109ff4f7fc00
f598c7088bedbbc208a2ed8d292de22eee9f1bff,wall art,high_priority_semantic_front,front,"[0.0,0.0,1.0]",0.2,,pending_asset_front_audit,True,/data/task3_2/share_data/scenesmith/hssd_rendered_assets/f598c7088bedbbc208a2ed8d292de22eee9f1bff
f5d710a001f0b36bbd2b34d584101ffde31cba36,wall art,high_priority_semantic_front,front,"[0.0,0.0,1.0]",0.2,,pending_asset_front_audit,True,/data/task3_2/share_data/scenesmith/hssd_rendered_assets/f5d710a001f0b36bbd2b34d584101ffde31cba36
f5fda3b7f27ba99c244297121f71616cb831d79a,wall art,high_priority_semantic_front,front,"[0.0,0.0,1.0]",0.2,,pending_asset_front_audit,True,/data/task3_2/share_data/scenesmith/hssd_rendered_assets/f5fda3b7f27ba99c244297121f71616cb831d79a
f6956517c9c0eebb905bf38ba5f672b6f3e1008f,wall art,high_priority_semantic_front,front,"[0.0,0.0,1.0]",0.2,,pending_asset_front_audit,True,/data/task3_2/share_data/scenesmith/hssd_rendered_assets/f6956517c9c0eebb905bf38ba5f672b6f3e1008f
f698ff7c8d59bc3ba09f7fe2903fff5f7e34ef52,wall art,high_priority_semantic_front,front,"[0.0,0.0,1.0]",0.2,,pending_asset_front_audit,True,/data/task3_2/share_data/scenesmith/hssd_rendered_assets/f698ff7c8d59bc3ba09f7fe2903fff5f7e34ef52
f730d83fb57d625fe15827a9bb8f51cea74bdcf1,wall art,high_priority_semantic_front,front,"[0.0,0.0,1.0]",0.2,,pending_asset_front_audit,True,/data/task3_2/share_data/scenesmith/hssd_rendered_assets/f730d83fb57d625fe15827a9bb8f51cea74bdcf1
f78d13384c14c8fbcd35b05a4d0c6505513c2e90,wall art,high_priority_semantic_front,front,"[0.0,0.0,1.0]",0.2,,pending_asset_front_audit,True,/data/task3_2/share_data/scenesmith/hssd_rendered_assets/f78d13384c14c8fbcd35b05a4d0c6505513c2e90
f79736b4217fdb4d125233cee62491a2207009bc,wall art,high_priority_semantic_front,front,"[0.0,0.0,1.0]",0.2,,pending_asset_front_audit,True,/data/task3_2/share_data/scenesmith/hssd_rendered_assets/f79736b4217fdb4d125233cee62491a2207009bc
f7d1deb06de0465cfd7725eba9ab1c1287fb1bf5,wall art,high_priority_semantic_front,front,"[0.0,0.0,1.0]",0.2,,pending_asset_front_audit,True,/data/task3_2/share_data/scenesmith/hssd_rendered_assets/f7d1deb06de0465cfd7725eba9ab1c1287fb1bf5
f81d76ec51de5b21a4abaea60c7920110bbbae6b,wall art,high_priority_semantic_front,front,"[0.0,0.0,1.0]",0.2,,pending_asset_front_audit,True,/data/task3_2/share_data/scenesmith/hssd_rendered_assets/f81d76ec51de5b21a4abaea60c7920110bbbae6b
f8841b14029099df9c23089d844c979084514c38,wall art,high_priority_semantic_front,front,"[0.0,0.0,1.0]",0.2,,pending_asset_front_audit,True,/data/task3_2/share_data/scenesmith/hssd_rendered_assets/f8841b14029099df9c23089d844c979084514c38
f888c98f7f06c2edbce8d41ce8d38c043ecd5bd2,wall art,high_priority_semantic_front,front,"[0.0,0.0,1.0]",0.2,,pending_asset_front_audit,True,/data/task3_2/share_data/scenesmith/hssd_rendered_assets/f888c98f7f06c2edbce8d41ce8d38c043ecd5bd2
f89f390efa6e2cf65b4833f6320eec8648d0d8e9,wall art,high_priority_semantic_front,front,"[0.0,0.0,1.0]",0.2,,pending_asset_front_audit,True,/data/task3_2/share_data/scenesmith/hssd_rendered_assets/f89f390efa6e2cf65b4833f6320eec8648d0d8e9
f8d4f892a20bc53f98f87de7715eed4e80fb0c81,wall art,high_priority_semantic_front,front,"[0.0,0.0,1.0]",0.2,,pending_asset_front_audit,True,/data/task3_2/share_data/scenesmith/hssd_rendered_assets/f8d4f892a20bc53f98f87de7715eed4e80fb0c81
f935bfb3451765fe24cc7a4d7511917588ab9a9d,wall art,high_priority_semantic_front,front,"[0.0,0.0,1.0]",0.2,,pending_asset_front_audit,True,/data/task3_2/share_data/scenesmith/hssd_rendered_assets/f935bfb3451765fe24cc7a4d7511917588ab9a9d
f95755853e145f6b14ecaac7610c68cbb027bf85,wall art,high_priority_semantic_front,front,"[0.0,0.0,1.0]",0.2,,pending_asset_front_audit,True,/data/task3_2/share_data/scenesmith/hssd_rendered_assets/f95755853e145f6b14ecaac7610c68cbb027bf85
f9edbcfde457e4966eb294ba2cb7a9161e6c405f,wall art,high_priority_semantic_front,front,"[0.0,0.0,1.0]",0.2,,pending_asset_front_audit,True,/data/task3_2/share_data/scenesmith/hssd_rendered_assets/f9edbcfde457e4966eb294ba2cb7a9161e6c405f
fa3b094872420c4714ff74284f83f6dcdf8bc2ad,wall art,high_priority_semantic_front,front,"[0.0,0.0,1.0]",0.2,,pending_asset_front_audit,True,/data/task3_2/share_data/scenesmith/hssd_rendered_assets/fa3b094872420c4714ff74284f83f6dcdf8bc2ad
fa48e5340c1537045e720bb6ffa9b66cfc5744ba,wall art,high_priority_semantic_front,front,"[0.0,0.0,1.0]",0.2,,pending_asset_front_audit,True,/data/task3_2/share_data/scenesmith/hssd_rendered_assets/fa48e5340c1537045e720bb6ffa9b66cfc5744ba
fb2f74adad7f712babad7f809f8da2e0463d0443,wall art,high_priority_semantic_front,front,"[0.0,0.0,1.0]",0.2,,pending_asset_front_audit,True,/data/task3_2/share_data/scenesmith/hssd_rendered_assets/fb2f74adad7f712babad7f809f8da2e0463d0443
fbdd36ee1ac69cf70143314fa7276e0dd9235730,wall art,high_priority_semantic_front,front,"[0.0,0.0,1.0]",0.2,,pending_asset_front_audit,True,/data/task3_2/share_data/scenesmith/hssd_rendered_assets/fbdd36ee1ac69cf70143314fa7276e0dd9235730
fbf471c28742c0448154c4030d1ec088fe6c3ac5,wall art,high_priority_semantic_front,front,"[0.0,0.0,1.0]",0.2,,pending_asset_front_audit,True,/data/task3_2/share_data/scenesmith/hssd_rendered_assets/fbf471c28742c0448154c4030d1ec088fe6c3ac5
fc7a691be30049009fd939cca2d71310db4e664d,wall art,high_priority_semantic_front,front,"[0.0,0.0,1.0]",0.2,,pending_asset_front_audit,True,/data/task3_2/share_data/scenesmith/hssd_rendered_assets/fc7a691be30049009fd939cca2d71310db4e664d
fcbf6292b5868850e9834cff597dcdf404cacca5,wall art,high_priority_semantic_front,front,"[0.0,0.0,1.0]",0.2,,pending_asset_front_audit,True,/data/task3_2/share_data/scenesmith/hssd_rendered_assets/fcbf6292b5868850e9834cff597dcdf404cacca5
fd06d6e82abf64426f965c46b9a125caa23d874e,wall art,high_priority_semantic_front,front,"[0.0,0.0,1.0]",0.2,,pending_asset_front_audit,True,/data/task3_2/share_data/scenesmith/hssd_rendered_assets/fd06d6e82abf64426f965c46b9a125caa23d874e
fd4d24d3442b2cd0f52dc63b62ee44244e7ccb0e,wall art,high_priority_semantic_front,front,"[0.0,0.0,1.0]",0.2,,pending_asset_front_audit,True,/data/task3_2/share_data/scenesmith/hssd_rendered_assets/fd4d24d3442b2cd0f52dc63b62ee44244e7ccb0e
fd4e4f3981b13556a4e92de5efb8b107a92851aa,wall art,high_priority_semantic_front,front,"[0.0,0.0,1.0]",0.2,,pending_asset_front_audit,True,/data/task3_2/share_data/scenesmith/hssd_rendered_assets/fd4e4f3981b13556a4e92de5efb8b107a92851aa
fd940fdb42b1b8e6648dbb410f30c33be5a9f24f,wall art,high_priority_semantic_front,front,"[0.0,0.0,1.0]",0.2,,pending_asset_front_audit,True,/data/task3_2/share_data/scenesmith/hssd_rendered_assets/fd940fdb42b1b8e6648dbb410f30c33be5a9f24f
fda44fbed88b6966a5f396842342005d0e16eccd,wall art,high_priority_semantic_front,front,"[0.0,0.0,1.0]",0.2,,pending_asset_front_audit,True,/data/task3_2/share_data/scenesmith/hssd_rendered_assets/fda44fbed88b6966a5f396842342005d0e16eccd
fec1f039592db9aa823057d88f52730780fea593,wall art,high_priority_semantic_front,front,"[0.0,0.0,1.0]",0.2,,pending_asset_front_audit,True,/data/task3_2/share_data/scenesmith/hssd_rendered_assets/fec1f039592db9aa823057d88f52730780fea593
fed9e08e5cff089f3c27df8610f90f63f936f41d,wall art,high_priority_semantic_front,front,"[0.0,0.0,1.0]",0.2,,pending_asset_front_audit,True,/data/task3_2/share_data/scenesmith/hssd_rendered_assets/fed9e08e5cff089f3c27df8610f90f63f936f41d
ff91b5657b7a07fd20f8fc54c3797da1a28cfb23,wall art,high_priority_semantic_front,front,"[0.0,0.0,1.0]",0.2,,pending_asset_front_audit,True,/data/task3_2/share_data/scenesmith/hssd_rendered_assets/ff91b5657b7a07fd20f8fc54c3797da1a28cfb23
ffd0c436ccdf4cc56de91d5a90a86e64402f53bc,wall art,high_priority_semantic_front,front,"[0.0,0.0,1.0]",0.2,,pending_asset_front_audit,True,/data/task3_2/share_data/scenesmith/hssd_rendered_assets/ffd0c436ccdf4cc56de91d5a90a86e64402f53bc
xxxx0e4b25bbx2c67x40a0x9c66x8fccebe8a8d4,wall art,high_priority_semantic_front,front,"[0.0,0.0,1.0]",0.2,,pending_asset_front_audit,True,/data/task3_2/share_data/scenesmith/hssd_rendered_assets/xxxx0e4b25bbx2c67x40a0x9c66x8fccebe8a8d4
xxxx1e87c2fex06a2x48c4x941dxbb43908ff514,wall art,high_priority_semantic_front,front,"[0.0,0.0,1.0]",0.2,,pending_asset_front_audit,True,/data/task3_2/share_data/scenesmith/hssd_rendered_assets/xxxx1e87c2fex06a2x48c4x941dxbb43908ff514
xxxx226d6dffx6189x4db4xa71bx62b0cbbdff3f,wall art,high_priority_semantic_front,front,"[0.0,0.0,1.0]",0.2,,pending_asset_front_audit,True,/data/task3_2/share_data/scenesmith/hssd_rendered_assets/xxxx226d6dffx6189x4db4xa71bx62b0cbbdff3f
xxxx230ea233x3f7fx40a1x848cxd6d1b0d9713b,wall art,high_priority_semantic_front,front,"[0.0,0.0,1.0]",0.2,,pending_asset_front_audit,True,/data/task3_2/share_data/scenesmith/hssd_rendered_assets/xxxx230ea233x3f7fx40a1x848cxd6d1b0d9713b
xxxx26261aacx21b5x4a0cxa4ecxf4178873851d,wall art,high_priority_semantic_front,front,"[0.0,0.0,1.0]",0.2,,pending_asset_front_audit,True,/data/task3_2/share_data/scenesmith/hssd_rendered_assets/xxxx26261aacx21b5x4a0cxa4ecxf4178873851d
xxxx28f80079x640dx4cc1x8301xefd9a41dfaa5,wall art,high_priority_semantic_front,front,"[0.0,0.0,1.0]",0.2,,pending_asset_front_audit,True,/data/task3_2/share_data/scenesmith/hssd_rendered_assets/xxxx28f80079x640dx4cc1x8301xefd9a41dfaa5
xxxx33236ee0x42bfx40c2x8efdx120f08cbe2b3,wall art,high_priority_semantic_front,front,"[0.0,0.0,1.0]",0.2,,pending_asset_front_audit,True,/data/task3_2/share_data/scenesmith/hssd_rendered_assets/xxxx33236ee0x42bfx40c2x8efdx120f08cbe2b3
xxxx36cdfedexb506x4174xb70ex0b2299f0a5dc,wall art,high_priority_semantic_front,front,"[0.0,0.0,1.0]",0.2,,pending_asset_front_audit,True,/data/task3_2/share_data/scenesmith/hssd_rendered_assets/xxxx36cdfedexb506x4174xb70ex0b2299f0a5dc
xxxx36dbb991x6efbx46acx9696x8495ffbee9b3,wall art,high_priority_semantic_front,front,"[0.0,0.0,1.0]",0.2,,pending_asset_front_audit,True,/data/task3_2/share_data/scenesmith/hssd_rendered_assets/xxxx36dbb991x6efbx46acx9696x8495ffbee9b3
xxxx49b029c9x584dx47fdx8ae1x9ef375d878f0,wall art,high_priority_semantic_front,front,"[0.0,0.0,1.0]",0.2,,pending_asset_front_audit,True,/data/task3_2/share_data/scenesmith/hssd_rendered_assets/xxxx49b029c9x584dx47fdx8ae1x9ef375d878f0
xxxx4cb1866bx512fx47e3x82cfxf399d67915fb,wall art,high_priority_semantic_front,front,"[0.0,0.0,1.0]",0.2,,pending_asset_front_audit,True,/data/task3_2/share_data/scenesmith/hssd_rendered_assets/xxxx4cb1866bx512fx47e3x82cfxf399d67915fb
xxxx56485f52x704fx4fdax84d0xf19fce540362,wall art,high_priority_semantic_front,front,"[0.0,0.0,1.0]",0.2,,pending_asset_front_audit,True,/data/task3_2/share_data/scenesmith/hssd_rendered_assets/xxxx56485f52x704fx4fdax84d0xf19fce540362
xxxx5ae6c084xa11bx48a9xbcf2xc6a3faff10ea,wall art,high_priority_semantic_front,front,"[0.0,0.0,1.0]",0.2,,pending_asset_front_audit,True,/data/task3_2/share_data/scenesmith/hssd_rendered_assets/xxxx5ae6c084xa11bx48a9xbcf2xc6a3faff10ea
xxxx5b19d4e0xa35bx4a8exbe93x00f83a66b354,wall art,high_priority_semantic_front,front,"[0.0,0.0,1.0]",0.2,,pending_asset_front_audit,True,/data/task3_2/share_data/scenesmith/hssd_rendered_assets/xxxx5b19d4e0xa35bx4a8exbe93x00f83a66b354
xxxx6234a06dx3ef9x47d9xafe6xd28e1e9524ad,wall art,high_priority_semantic_front,front,"[0.0,0.0,1.0]",0.2,,pending_asset_front_audit,True,/data/task3_2/share_data/scenesmith/hssd_rendered_assets/xxxx6234a06dx3ef9x47d9xafe6xd28e1e9524ad
xxxx67393f5ex03ecx498cx9027x628f1075350c,wall art,high_priority_semantic_front,front,"[0.0,0.0,1.0]",0.2,,pending_asset_front_audit,True,/data/task3_2/share_data/scenesmith/hssd_rendered_assets/xxxx67393f5ex03ecx498cx9027x628f1075350c
xxxx69c8e2cfx5a16x4499xbac4x97647feec4dd,wall art,high_priority_semantic_front,front,"[0.0,0.0,1.0]",0.2,,pending_asset_front_audit,True,/data/task3_2/share_data/scenesmith/hssd_rendered_assets/xxxx69c8e2cfx5a16x4499xbac4x97647feec4dd
xxxx8131008dx062bx441dx93cexb68a8ad6a8d5,wall art,high_priority_semantic_front,front,"[0.0,0.0,1.0]",0.2,,pending_asset_front_audit,True,/data/task3_2/share_data/scenesmith/hssd_rendered_assets/xxxx8131008dx062bx441dx93cexb68a8ad6a8d5
xxxx9335daa9x84b6x46fbxbe4cx45b6e9876382,wall art,high_priority_semantic_front,front,"[0.0,0.0,1.0]",0.2,,pending_asset_front_audit,True,/data/task3_2/share_data/scenesmith/hssd_rendered_assets/xxxx9335daa9x84b6x46fbxbe4cx45b6e9876382
xxxx9a0d37ffx5cadx4e16xa709x673ce8a794d3,wall art,high_priority_semantic_front,front,"[0.0,0.0,1.0]",0.2,,pending_asset_front_audit,True,/data/task3_2/share_data/scenesmith/hssd_rendered_assets/xxxx9a0d37ffx5cadx4e16xa709x673ce8a794d3
xxxxa423deacx006ex4c0cxa9a0xb565b122a798,wall art,high_priority_semantic_front,front,"[0.0,0.0,1.0]",0.2,,pending_asset_front_audit,True,/data/task3_2/share_data/scenesmith/hssd_rendered_assets/xxxxa423deacx006ex4c0cxa9a0xb565b122a798
xxxxae2f01e3xe2c3x411dx9794xfab01d30c3f8,wall art,high_priority_semantic_front,front,"[0.0,0.0,1.0]",0.2,,pending_asset_front_audit,True,/data/task3_2/share_data/scenesmith/hssd_rendered_assets/xxxxae2f01e3xe2c3x411dx9794xfab01d30c3f8
xxxxbe0989d6xfc2ax4516xa2c6xb497a6037fb8,wall art,high_priority_semantic_front,front,"[0.0,0.0,1.0]",0.2,,pending_asset_front_audit,True,/data/task3_2/share_data/scenesmith/hssd_rendered_assets/xxxxbe0989d6xfc2ax4516xa2c6xb497a6037fb8
xxxxc81098ccxe330x44f9xb758x9d95f5f7bbea,wall art,high_priority_semantic_front,front,"[0.0,0.0,1.0]",0.2,,pending_asset_front_audit,True,/data/task3_2/share_data/scenesmith/hssd_rendered_assets/xxxxc81098ccxe330x44f9xb758x9d95f5f7bbea
xxxxd517c980x80cax4da0xbf58x5f70ecd7f8d4,wall art,high_priority_semantic_front,front,"[0.0,0.0,1.0]",0.2,,pending_asset_front_audit,True,/data/task3_2/share_data/scenesmith/hssd_rendered_assets/xxxxd517c980x80cax4da0xbf58x5f70ecd7f8d4
xxxxd8a7930dx2e42x4a8bxbff9x5d6f100cd1fc,wall art,high_priority_semantic_front,front,"[0.0,0.0,1.0]",0.2,,pending_asset_front_audit,True,/data/task3_2/share_data/scenesmith/hssd_rendered_assets/xxxxd8a7930dx2e42x4a8bxbff9x5d6f100cd1fc
xxxxde46a28cx3fcax477dx82b9x227719c98ba6,wall art,high_priority_semantic_front,front,"[0.0,0.0,1.0]",0.2,,pending_asset_front_audit,True,/data/task3_2/share_data/scenesmith/hssd_rendered_assets/xxxxde46a28cx3fcax477dx82b9x227719c98ba6
xxxxe6ecc3b1x656ax4652xbe6bxe0de1744087b,wall art,high_priority_semantic_front,front,"[0.0,0.0,1.0]",0.2,,pending_asset_front_audit,True,/data/task3_2/share_data/scenesmith/hssd_rendered_assets/xxxxe6ecc3b1x656ax4652xbe6bxe0de1744087b
xxxxed8471c7x236cx488bxb738xb43e206f618e,wall art,high_priority_semantic_front,front,"[0.0,0.0,1.0]",0.2,,pending_asset_front_audit,True,/data/task3_2/share_data/scenesmith/hssd_rendered_assets/xxxxed8471c7x236cx488bxb738xb43e206f618e
xxxxfd360ba4x0b85x456dx9d25x27ce62ee4202,wall art,high_priority_semantic_front,front,"[0.0,0.0,1.0]",0.2,,pending_asset_front_audit,True,/data/task3_2/share_data/scenesmith/hssd_rendered_assets/xxxxfd360ba4x0b85x456dx9d25x27ce62ee4202
xxxxfec44175x9cb9x4b9cx9eddx518a02594ee4,wall art,high_priority_semantic_front,front,"[0.0,0.0,1.0]",0.2,,pending_asset_front_audit,True,/data/task3_2/share_data/scenesmith/hssd_rendered_assets/xxxxfec44175x9cb9x4b9cx9eddx518a02594ee4
109afc6efb93da1a724fd47595a3cf5c97debcaa,wall clock,high_priority_semantic_front,front,"[0.0,0.0,1.0]",0.2,,pending_asset_front_audit,True,/data/task3_2/share_data/scenesmith/hssd_rendered_assets/109afc6efb93da1a724fd47595a3cf5c97debcaa
14a5d16e99eb93da52f1b528b272d15ac2e81fd7,wall clock,high_priority_semantic_front,front,"[0.0,0.0,1.0]",0.2,,pending_asset_front_audit,True,/data/task3_2/share_data/scenesmith/hssd_rendered_assets/14a5d16e99eb93da52f1b528b272d15ac2e81fd7
1713b7870401f42349f41c6937f55b3986b7edae,wall clock,high_priority_semantic_front,front,"[0.0,0.0,1.0]",0.2,,pending_asset_front_audit,True,/data/task3_2/share_data/scenesmith/hssd_rendered_assets/1713b7870401f42349f41c6937f55b3986b7edae
1857e7e42b468aa86d32b4ced3495b3cd4f8d1cf,wall clock,high_priority_semantic_front,front,"[0.0,0.0,1.0]",0.2,,pending_asset_front_audit,True,/data/task3_2/share_data/scenesmith/hssd_rendered_assets/1857e7e42b468aa86d32b4ced3495b3cd4f8d1cf
20c32bc8e148545c59afd79fdfe8ea3155073179,wall clock,high_priority_semantic_front,front,"[0.0,0.0,1.0]",0.2,,pending_asset_front_audit,True,/data/task3_2/share_data/scenesmith/hssd_rendered_assets/20c32bc8e148545c59afd79fdfe8ea3155073179
223acc6157d76226d2a4f0a8cb52d4a8e6873c2d,wall clock,high_priority_semantic_front,front,"[0.0,0.0,1.0]",0.2,,pending_asset_front_audit,True,/data/task3_2/share_data/scenesmith/hssd_rendered_assets/223acc6157d76226d2a4f0a8cb52d4a8e6873c2d
237ad4380151310b50d0c5c9b7f2c95983558bed,wall clock,high_priority_semantic_front,front,"[0.0,0.0,1.0]",0.2,,pending_asset_front_audit,True,/data/task3_2/share_data/scenesmith/hssd_rendered_assets/237ad4380151310b50d0c5c9b7f2c95983558bed
25949c55f620cb15ac7a3ee28625d5e17cca7757,wall clock,high_priority_semantic_front,front,"[0.0,0.0,1.0]",0.2,,pending_asset_front_audit,True,/data/task3_2/share_data/scenesmith/hssd_rendered_assets/25949c55f620cb15ac7a3ee28625d5e17cca7757
274367e6e49572dc64062b5ea8bb5fd90c324ab9,wall clock,high_priority_semantic_front,front,"[0.0,0.0,1.0]",0.2,,pending_asset_front_audit,True,/data/task3_2/share_data/scenesmith/hssd_rendered_assets/274367e6e49572dc64062b5ea8bb5fd90c324ab9
2a3711d0adf28a3223a41295be2d33bf93757525,wall clock,high_priority_semantic_front,front,"[0.0,0.0,1.0]",0.2,,pending_asset_front_audit,True,/data/task3_2/share_data/scenesmith/hssd_rendered_assets/2a3711d0adf28a3223a41295be2d33bf93757525
2b51a2430ac691e24d97a7c39a6386ecca27f434,wall clock,high_priority_semantic_front,front,"[0.0,0.0,1.0]",0.2,,pending_asset_front_audit,True,/data/task3_2/share_data/scenesmith/hssd_rendered_assets/2b51a2430ac691e24d97a7c39a6386ecca27f434
2dffa1c635649148b266eafd69fb37a956dce354,wall clock,high_priority_semantic_front,front,"[0.0,0.0,1.0]",0.2,,pending_asset_front_audit,True,/data/task3_2/share_data/scenesmith/hssd_rendered_assets/2dffa1c635649148b266eafd69fb37a956dce354
3292f88d808f0de9389b6866a1535d71b0ff8851,wall clock,high_priority_semantic_front,front,"[0.0,0.0,1.0]",0.2,,pending_asset_front_audit,True,/data/task3_2/share_data/scenesmith/hssd_rendered_assets/3292f88d808f0de9389b6866a1535d71b0ff8851
34f427f048c0ac8a4c5d5fe12d9afd7f95f8cec2,wall clock,high_priority_semantic_front,front,"[0.0,0.0,1.0]",0.2,,pending_asset_front_audit,True,/data/task3_2/share_data/scenesmith/hssd_rendered_assets/34f427f048c0ac8a4c5d5fe12d9afd7f95f8cec2
37b2b3b5f46d2d3f6a53ac07358efc4082adf56c,wall clock,high_priority_semantic_front,front,"[0.0,0.0,1.0]",0.2,,pending_asset_front_audit,True,/data/task3_2/share_data/scenesmith/hssd_rendered_assets/37b2b3b5f46d2d3f6a53ac07358efc4082adf56c
3939d7897a530d8f9674177487cfd51f1f9b1e36,wall clock,high_priority_semantic_front,front,"[0.0,0.0,1.0]",0.2,,pending_asset_front_audit,True,/data/task3_2/share_data/scenesmith/hssd_rendered_assets/3939d7897a530d8f9674177487cfd51f1f9b1e36
3cd35ef3fcab6f291510a0afcfb76f8e38ba6853,wall clock,high_priority_semantic_front,front,"[0.0,0.0,1.0]",0.2,,pending_asset_front_audit,True,/data/task3_2/share_data/scenesmith/hssd_rendered_assets/3cd35ef3fcab6f291510a0afcfb76f8e38ba6853
438a231e232c8a096d1cee23f1be4ab4bc497e0c,wall clock,high_priority_semantic_front,front,"[0.0,0.0,1.0]",0.2,,pending_asset_front_audit,True,/data/task3_2/share_data/scenesmith/hssd_rendered_assets/438a231e232c8a096d1cee23f1be4ab4bc497e0c
47126eb0c9db11644c9be4b13a978a8ffed4cda4,wall clock,high_priority_semantic_front,front,"[0.0,0.0,1.0]",0.2,,pending_asset_front_audit,True,/data/task3_2/share_data/scenesmith/hssd_rendered_assets/47126eb0c9db11644c9be4b13a978a8ffed4cda4
48e26ef9b82dea6a528a63804e477f747dc02f73,wall clock,high_priority_semantic_front,front,"[0.0,0.0,1.0]",0.2,,pending_asset_front_audit,True,/data/task3_2/share_data/scenesmith/hssd_rendered_assets/48e26ef9b82dea6a528a63804e477f747dc02f73
49ca87177c158b74241314395ad8dc7a91d688ea,wall clock,high_priority_semantic_front,front,"[0.0,0.0,1.0]",0.2,,pending_asset_front_audit,True,/data/task3_2/share_data/scenesmith/hssd_rendered_assets/49ca87177c158b74241314395ad8dc7a91d688ea
4a2889029248c287434644199e6af99fd7017484,wall clock,high_priority_semantic_front,front,"[0.0,0.0,1.0]",0.2,,pending_asset_front_audit,True,/data/task3_2/share_data/scenesmith/hssd_rendered_assets/4a2889029248c287434644199e6af99fd7017484
4c5bc843ec5845f24a0c5d5fa572189a4de797f9,wall clock,high_priority_semantic_front,front,"[0.0,0.0,1.0]",0.2,,pending_asset_front_audit,True,/data/task3_2/share_data/scenesmith/hssd_rendered_assets/4c5bc843ec5845f24a0c5d5fa572189a4de797f9
4f1c5e70a1d94f62cacc6081acc5f4db8b5f0881,wall clock,high_priority_semantic_front,front,"[0.0,0.0,1.0]",0.2,,pending_asset_front_audit,True,/data/task3_2/share_data/scenesmith/hssd_rendered_assets/4f1c5e70a1d94f62cacc6081acc5f4db8b5f0881
5656274741e1d77c18ad0c3fde61cfbb5144d796,wall clock,high_priority_semantic_front,front,"[0.0,0.0,1.0]",0.2,,pending_asset_front_audit,True,/data/task3_2/share_data/scenesmith/hssd_rendered_assets/5656274741e1d77c18ad0c3fde61cfbb5144d796
573c6477f0f3067edcd1e9fb52c558a4291f0c5c,wall clock,high_priority_semantic_front,front,"[0.0,0.0,1.0]",0.2,,pending_asset_front_audit,True,/data/task3_2/share_data/scenesmith/hssd_rendered_assets/573c6477f0f3067edcd1e9fb52c558a4291f0c5c
58628e28273d80b364691f0c630ff61c32582140,wall clock,high_priority_semantic_front,front,"[0.0,0.0,1.0]",0.2,,pending_asset_front_audit,True,/data/task3_2/share_data/scenesmith/hssd_rendered_assets/58628e28273d80b364691f0c630ff61c32582140
600dcd8882cb8b65c85c26eb116ff94bf32259c2,wall clock,high_priority_semantic_front,front,"[0.0,0.0,1.0]",0.2,,pending_asset_front_audit,True,/data/task3_2/share_data/scenesmith/hssd_rendered_assets/600dcd8882cb8b65c85c26eb116ff94bf32259c2
6134146c932085fc58a0896938860cb09fd8722a,wall clock,high_priority_semantic_front,front,"[0.0,0.0,1.0]",0.2,,pending_asset_front_audit,True,/data/task3_2/share_data/scenesmith/hssd_rendered_assets/6134146c932085fc58a0896938860cb09fd8722a
62c14562565ddf8e5cb749f573be1c44aa146184,wall clock,high_priority_semantic_front,front,"[0.0,0.0,1.0]",0.2,,pending_asset_front_audit,True,/data/task3_2/share_data/scenesmith/hssd_rendered_assets/62c14562565ddf8e5cb749f573be1c44aa146184
65626013f583e84fbc528f4fd9760d34e25ce1d3,wall clock,high_priority_semantic_front,front,"[0.0,0.0,1.0]",0.2,,pending_asset_front_audit,True,/data/task3_2/share_data/scenesmith/hssd_rendered_assets/65626013f583e84fbc528f4fd9760d34e25ce1d3
676393804c822df089c32bbd36c24d5660a82379,wall clock,high_priority_semantic_front,front,"[0.0,0.0,1.0]",0.2,,pending_asset_front_audit,True,/data/task3_2/share_data/scenesmith/hssd_rendered_assets/676393804c822df089c32bbd36c24d5660a82379
6ab885950a641b70addf55b2cfc9e18e27acb5a2,wall clock,high_priority_semantic_front,front,"[0.0,0.0,1.0]",0.2,,pending_asset_front_audit,True,/data/task3_2/share_data/scenesmith/hssd_rendered_assets/6ab885950a641b70addf55b2cfc9e18e27acb5a2
770311f153df8ccc86d08f4f24749227a91e153f,wall clock,high_priority_semantic_front,front,"[0.0,0.0,1.0]",0.2,,pending_asset_front_audit,True,/data/task3_2/share_data/scenesmith/hssd_rendered_assets/770311f153df8ccc86d08f4f24749227a91e153f
78b8616f8a54b53f22143900e3321c4783c0b985,wall clock,high_priority_semantic_front,front,"[0.0,0.0,1.0]",0.2,,pending_asset_front_audit,True,/data/task3_2/share_data/scenesmith/hssd_rendered_assets/78b8616f8a54b53f22143900e3321c4783c0b985
7baa2081db278ef342800ab53d30f613c59d7213,wall clock,high_priority_semantic_front,front,"[0.0,0.0,1.0]",0.2,,pending_asset_front_audit,True,/data/task3_2/share_data/scenesmith/hssd_rendered_assets/7baa2081db278ef342800ab53d30f613c59d7213
7ce49155b21fea189e2fcc51a4f0d88cc8a418a5,wall clock,high_priority_semantic_front,front,"[0.0,0.0,1.0]",0.2,,pending_asset_front_audit,True,/data/task3_2/share_data/scenesmith/hssd_rendered_assets/7ce49155b21fea189e2fcc51a4f0d88cc8a418a5
7ed53b441a08176c88286ccfffac81f66ec7bfed,wall clock,high_priority_semantic_front,front,"[0.0,0.0,1.0]",0.2,,pending_asset_front_audit,True,/data/task3_2/share_data/scenesmith/hssd_rendered_assets/7ed53b441a08176c88286ccfffac81f66ec7bfed
80cd6ce3ae3d2426b8f63a91c780d91869c261b1,wall clock,high_priority_semantic_front,front,"[0.0,0.0,1.0]",0.2,,pending_asset_front_audit,True,/data/task3_2/share_data/scenesmith/hssd_rendered_assets/80cd6ce3ae3d2426b8f63a91c780d91869c261b1
80e791f62ca228869b7ce952c0d5320eb345d1ca,wall clock,high_priority_semantic_front,front,"[0.0,0.0,1.0]",0.2,,pending_asset_front_audit,True,/data/task3_2/share_data/scenesmith/hssd_rendered_assets/80e791f62ca228869b7ce952c0d5320eb345d1ca
812f4e51eeca4441ed87c2296ff2757ccbd0ddd8,wall clock,high_priority_semantic_front,front,"[0.0,0.0,1.0]",0.2,,pending_asset_front_audit,True,/data/task3_2/share_data/scenesmith/hssd_rendered_assets/812f4e51eeca4441ed87c2296ff2757ccbd0ddd8
829fcda8d1d112598ecb6bbf89e75d19d9331ccc,wall clock,high_priority_semantic_front,front,"[0.0,0.0,1.0]",0.2,,pending_asset_front_audit,True,/data/task3_2/share_data/scenesmith/hssd_rendered_assets/829fcda8d1d112598ecb6bbf89e75d19d9331ccc
82b8c87d7ed3b69754468b334f9e3927b499a2a9,wall clock,high_priority_semantic_front,front,"[0.0,0.0,1.0]",0.2,,pending_asset_front_audit,True,/data/task3_2/share_data/scenesmith/hssd_rendered_assets/82b8c87d7ed3b69754468b334f9e3927b499a2a9
86d71aeb5d17baa1980b5b836c1939da80b74b83,wall clock,high_priority_semantic_front,front,"[0.0,0.0,1.0]",0.2,,pending_asset_front_audit,True,/data/task3_2/share_data/scenesmith/hssd_rendered_assets/86d71aeb5d17baa1980b5b836c1939da80b74b83
88296cdf6fcbde410b567ce4f4d3896a6a0390c5,wall clock,high_priority_semantic_front,front,"[0.0,0.0,1.0]",0.2,,pending_asset_front_audit,True,/data/task3_2/share_data/scenesmith/hssd_rendered_assets/88296cdf6fcbde410b567ce4f4d3896a6a0390c5
8b85ea233d898502894d435a7c9eedb4513a7736,wall clock,high_priority_semantic_front,front,"[0.0,0.0,1.0]",0.2,,pending_asset_front_audit,True,/data/task3_2/share_data/scenesmith/hssd_rendered_assets/8b85ea233d898502894d435a7c9eedb4513a7736
8bb3d39af67f313abaa79d58300eccb5ab119578,wall clock,high_priority_semantic_front,front,"[0.0,0.0,1.0]",0.2,,pending_asset_front_audit,True,/data/task3_2/share_data/scenesmith/hssd_rendered_assets/8bb3d39af67f313abaa79d58300eccb5ab119578
9127e0f95c95802be0e0ca3f15e733331ddb39ca,wall clock,high_priority_semantic_front,front,"[0.0,0.0,1.0]",0.2,,pending_asset_front_audit,True,/data/task3_2/share_data/scenesmith/hssd_rendered_assets/9127e0f95c95802be0e0ca3f15e733331ddb39ca
988c8f3bedac15261ab3007ec6ffacb65573aa5a,wall clock,high_priority_semantic_front,front,"[0.0,0.0,1.0]",0.2,,pending_asset_front_audit,True,/data/task3_2/share_data/scenesmith/hssd_rendered_assets/988c8f3bedac15261ab3007ec6ffacb65573aa5a
9a8afdac2da85b781e7e2cf35e663009b27d4ffe,wall clock,high_priority_semantic_front,front,"[0.0,0.0,1.0]",0.2,,pending_asset_front_audit,True,/data/task3_2/share_data/scenesmith/hssd_rendered_assets/9a8afdac2da85b781e7e2cf35e663009b27d4ffe
9ab41388593cd03a6390bf96e8434edc67ae600f,wall clock,high_priority_semantic_front,front,"[0.0,0.0,1.0]",0.2,,pending_asset_front_audit,True,/data/task3_2/share_data/scenesmith/hssd_rendered_assets/9ab41388593cd03a6390bf96e8434edc67ae600f
9e291008f9ce02a1d73c644ac6534c9747179a20,wall clock,high_priority_semantic_front,front,"[0.0,0.0,1.0]",0.2,,pending_asset_front_audit,True,/data/task3_2/share_data/scenesmith/hssd_rendered_assets/9e291008f9ce02a1d73c644ac6534c9747179a20
a0171ed3f8b3852a86f49fcb85ce0f6a6901bc60,wall clock,high_priority_semantic_front,front,"[0.0,0.0,1.0]",0.2,,pending_asset_front_audit,True,/data/task3_2/share_data/scenesmith/hssd_rendered_assets/a0171ed3f8b3852a86f49fcb85ce0f6a6901bc60
a110fe07e23ef68fdac3763765c7909edae75759,wall clock,high_priority_semantic_front,front,"[0.0,0.0,1.0]",0.2,,pending_asset_front_audit,True,/data/task3_2/share_data/scenesmith/hssd_rendered_assets/a110fe07e23ef68fdac3763765c7909edae75759
a7f27777d1632bc247b7d52e5d811663f4d87a2a,wall clock,high_priority_semantic_front,front,"[0.0,0.0,1.0]",0.2,,pending_asset_front_audit,True,/data/task3_2/share_data/scenesmith/hssd_rendered_assets/a7f27777d1632bc247b7d52e5d811663f4d87a2a
aa2b2a2a6f377ff82c551d21f177eef2ff7a48af,wall clock,high_priority_semantic_front,front,"[0.0,0.0,1.0]",0.2,,pending_asset_front_audit,True,/data/task3_2/share_data/scenesmith/hssd_rendered_assets/aa2b2a2a6f377ff82c551d21f177eef2ff7a48af
ae76a7493b769bd7cae75043bbcc25afdb2de437,wall clock,high_priority_semantic_front,front,"[0.0,0.0,1.0]",0.2,,pending_asset_front_audit,True,/data/task3_2/share_data/scenesmith/hssd_rendered_assets/ae76a7493b769bd7cae75043bbcc25afdb2de437
aeb2e9a5c81221e82f0418913d419afea1c05f69,wall clock,high_priority_semantic_front,front,"[0.0,0.0,1.0]",0.2,,pending_asset_front_audit,True,/data/task3_2/share_data/scenesmith/hssd_rendered_assets/aeb2e9a5c81221e82f0418913d419afea1c05f69
b19a38b2b4b21abff5e0c41d247c79779bf02333,wall clock,high_priority_semantic_front,front,"[0.0,0.0,1.0]",0.2,,pending_asset_front_audit,True,/data/task3_2/share_data/scenesmith/hssd_rendered_assets/b19a38b2b4b21abff5e0c41d247c79779bf02333
b4564eba61b2f62cd803d50c06b62f1bd3692e8d,wall clock,high_priority_semantic_front,front,"[0.0,0.0,1.0]",0.2,,pending_asset_front_audit,True,/data/task3_2/share_data/scenesmith/hssd_rendered_assets/b4564eba61b2f62cd803d50c06b62f1bd3692e8d
b8283d9b0c6adfc1ccdb43184675653b5bdc96c6,wall clock,high_priority_semantic_front,front,"[0.0,0.0,1.0]",0.2,,pending_asset_front_audit,True,/data/task3_2/share_data/scenesmith/hssd_rendered_assets/b8283d9b0c6adfc1ccdb43184675653b5bdc96c6
bd36014ac46d2054a4e97c147f2ddc59e08fa840,wall clock,high_priority_semantic_front,front,"[0.0,0.0,1.0]",0.2,,pending_asset_front_audit,True,/data/task3_2/share_data/scenesmith/hssd_rendered_assets/bd36014ac46d2054a4e97c147f2ddc59e08fa840
bfedb2c63e6852488accb790eb4a03943b411688,wall clock,high_priority_semantic_front,front,"[0.0,0.0,1.0]",0.2,,pending_asset_front_audit,True,/data/task3_2/share_data/scenesmith/hssd_rendered_assets/bfedb2c63e6852488accb790eb4a03943b411688
c03f04a67b9d698f19a0bec08b897b4ebb87ce75,wall clock,high_priority_semantic_front,front,"[0.0,0.0,1.0]",0.2,,pending_asset_front_audit,True,/data/task3_2/share_data/scenesmith/hssd_rendered_assets/c03f04a67b9d698f19a0bec08b897b4ebb87ce75
c57ead736b5283dd715db70a50b140b2fea1e296,wall clock,high_priority_semantic_front,front,"[0.0,0.0,1.0]",0.2,,pending_asset_front_audit,True,/data/task3_2/share_data/scenesmith/hssd_rendered_assets/c57ead736b5283dd715db70a50b140b2fea1e296
c5ade2980883d832809b93a9da1b881ec5602ed9,wall clock,high_priority_semantic_front,front,"[0.0,0.0,1.0]",0.2,,pending_asset_front_audit,True,/data/task3_2/share_data/scenesmith/hssd_rendered_assets/c5ade2980883d832809b93a9da1b881ec5602ed9
ca5f5dfd4564353aee167464dae2c409c42634b6,wall clock,high_priority_semantic_front,front,"[0.0,0.0,1.0]",0.2,,pending_asset_front_audit,True,/data/task3_2/share_data/scenesmith/hssd_rendered_assets/ca5f5dfd4564353aee167464dae2c409c42634b6
cc0725a4e72499499722e95245b78abfbc19b946,wall clock,high_priority_semantic_front,front,"[0.0,0.0,1.0]",0.2,,pending_asset_front_audit,True,/data/task3_2/share_data/scenesmith/hssd_rendered_assets/cc0725a4e72499499722e95245b78abfbc19b946
cebd08a46fe07e84fb32f9985f824aa280a08b0d,wall clock,high_priority_semantic_front,front,"[0.0,0.0,1.0]",0.2,,pending_asset_front_audit,True,/data/task3_2/share_data/scenesmith/hssd_rendered_assets/cebd08a46fe07e84fb32f9985f824aa280a08b0d
d2434e91b15302c672f0c9866e9f229c232e92e9,wall clock,high_priority_semantic_front,front,"[0.0,0.0,1.0]",0.2,,pending_asset_front_audit,True,/data/task3_2/share_data/scenesmith/hssd_rendered_assets/d2434e91b15302c672f0c9866e9f229c232e92e9
d32a2d363c1302cc6742d8b91b446fbd6e18158e,wall clock,high_priority_semantic_front,front,"[0.0,0.0,1.0]",0.2,,pending_asset_front_audit,True,/data/task3_2/share_data/scenesmith/hssd_rendered_assets/d32a2d363c1302cc6742d8b91b446fbd6e18158e
d57e3132eb49a7e0a3e6971f304a6d52951a4f74,wall clock,high_priority_semantic_front,front,"[0.0,0.0,1.0]",0.2,,pending_asset_front_audit,True,/data/task3_2/share_data/scenesmith/hssd_rendered_assets/d57e3132eb49a7e0a3e6971f304a6d52951a4f74
d8a9ab0770f17ef8709b94ef138472901652067f,wall clock,high_priority_semantic_front,front,"[0.0,0.0,1.0]",0.2,,pending_asset_front_audit,True,/data/task3_2/share_data/scenesmith/hssd_rendered_assets/d8a9ab0770f17ef8709b94ef138472901652067f
d9fe07900fcc239469de2210d9bcfcdba8b8fd54,wall clock,high_priority_semantic_front,front,"[0.0,0.0,1.0]",0.2,,pending_asset_front_audit,True,/data/task3_2/share_data/scenesmith/hssd_rendered_assets/d9fe07900fcc239469de2210d9bcfcdba8b8fd54
dab1618febb08ddf95ad9edc4e547646a4d01a0c,wall clock,high_priority_semantic_front,front,"[0.0,0.0,1.0]",0.2,,pending_asset_front_audit,True,/data/task3_2/share_data/scenesmith/hssd_rendered_assets/dab1618febb08ddf95ad9edc4e547646a4d01a0c
dc3942016710852ec295b80aa926326ca7fa731c,wall clock,high_priority_semantic_front,front,"[0.0,0.0,1.0]",0.2,,pending_asset_front_audit,True,/data/task3_2/share_data/scenesmith/hssd_rendered_assets/dc3942016710852ec295b80aa926326ca7fa731c
dfefd7abfc58df9f16eac562b399e52add53386f,wall clock,high_priority_semantic_front,front,"[0.0,0.0,1.0]",0.2,,pending_asset_front_audit,True,/data/task3_2/share_data/scenesmith/hssd_rendered_assets/dfefd7abfc58df9f16eac562b399e52add53386f
e0350efb3c6ee8c12f0dfb25769deb6637c6236c,wall clock,high_priority_semantic_front,front,"[0.0,0.0,1.0]",0.2,,pending_asset_front_audit,True,/data/task3_2/share_data/scenesmith/hssd_rendered_assets/e0350efb3c6ee8c12f0dfb25769deb6637c6236c
e1725f63ab8658c1a31edbf0be78375fa93770ee,wall clock,high_priority_semantic_front,front,"[0.0,0.0,1.0]",0.2,,pending_asset_front_audit,True,/data/task3_2/share_data/scenesmith/hssd_rendered_assets/e1725f63ab8658c1a31edbf0be78375fa93770ee
e2a365604a32d1002bdb5c41c6d6d7b13a3adb56,wall clock,high_priority_semantic_front,front,"[0.0,0.0,1.0]",0.2,,pending_asset_front_audit,True,/data/task3_2/share_data/scenesmith/hssd_rendered_assets/e2a365604a32d1002bdb5c41c6d6d7b13a3adb56
e33d9290a0833c81db2e7e55a80d86ea0aea6082,wall clock,high_priority_semantic_front,front,"[0.0,0.0,1.0]",0.2,,pending_asset_front_audit,True,/data/task3_2/share_data/scenesmith/hssd_rendered_assets/e33d9290a0833c81db2e7e55a80d86ea0aea6082
e509208447f919a6bac349aca072f118f633ca67,wall clock,high_priority_semantic_front,front,"[0.0,0.0,1.0]",0.2,,pending_asset_front_audit,True,/data/task3_2/share_data/scenesmith/hssd_rendered_assets/e509208447f919a6bac349aca072f118f633ca67
e6f556728f4209db41e6226e13a1b571b3e58032,wall clock,high_priority_semantic_front,front,"[0.0,0.0,1.0]",0.2,,pending_asset_front_audit,True,/data/task3_2/share_data/scenesmith/hssd_rendered_assets/e6f556728f4209db41e6226e13a1b571b3e58032
ef301ca7e1638883dfcbe35bf451d4f05b727371,wall clock,high_priority_semantic_front,front,"[0.0,0.0,1.0]",0.2,,pending_asset_front_audit,True,/data/task3_2/share_data/scenesmith/hssd_rendered_assets/ef301ca7e1638883dfcbe35bf451d4f05b727371
f3611bdf5295f762467c98607dc33485c45b9d31,wall clock,high_priority_semantic_front,front,"[0.0,0.0,1.0]",0.2,,pending_asset_front_audit,True,/data/task3_2/share_data/scenesmith/hssd_rendered_assets/f3611bdf5295f762467c98607dc33485c45b9d31
f619d4aebe06e15ef0e68fad7f84e8765639e6f6,wall clock,high_priority_semantic_front,front,"[0.0,0.0,1.0]",0.2,,pending_asset_front_audit,True,/data/task3_2/share_data/scenesmith/hssd_rendered_assets/f619d4aebe06e15ef0e68fad7f84e8765639e6f6
fef66685e5945a740f974d07b66c142a2968c348,wall clock,high_priority_semantic_front,front,"[0.0,0.0,1.0]",0.2,,pending_asset_front_audit,True,/data/task3_2/share_data/scenesmith/hssd_rendered_assets/fef66685e5945a740f974d07b66c142a2968c348
0092599e2477209980084af7df385284843a3ff3,wall lamp,high_priority_semantic_front,front,"[0.0,0.0,1.0]",0.2,,pending_asset_front_audit,True,/data/task3_2/share_data/scenesmith/hssd_rendered_assets/0092599e2477209980084af7df385284843a3ff3
09a766ff4f118a7f60b80c671bc8662fd6a5cf72,wall lamp,high_priority_semantic_front,front,"[0.0,0.0,1.0]",0.2,,pending_asset_front_audit,True,/data/task3_2/share_data/scenesmith/hssd_rendered_assets/09a766ff4f118a7f60b80c671bc8662fd6a5cf72
0a4577674fe517baf226f74c3703732095741f27,wall lamp,high_priority_semantic_front,front,"[0.0,0.0,1.0]",0.2,,pending_asset_front_audit,True,/data/task3_2/share_data/scenesmith/hssd_rendered_assets/0a4577674fe517baf226f74c3703732095741f27
0b75ef863b231ca522257a452ea9a567f39d25ee,wall lamp,high_priority_semantic_front,front,"[0.0,0.0,1.0]",0.2,,pending_asset_front_audit,True,/data/task3_2/share_data/scenesmith/hssd_rendered_assets/0b75ef863b231ca522257a452ea9a567f39d25ee
0d8ef9aefb19bc381f12c011535c38c883659e08,wall lamp,high_priority_semantic_front,front,"[0.0,0.0,1.0]",0.2,,pending_asset_front_audit,True,/data/task3_2/share_data/scenesmith/hssd_rendered_assets/0d8ef9aefb19bc381f12c011535c38c883659e08
0ed1c890e79c646bb9b4332bd435bbed3d556e92,wall lamp,high_priority_semantic_front,front,"[0.0,0.0,1.0]",0.2,,pending_asset_front_audit,True,/data/task3_2/share_data/scenesmith/hssd_rendered_assets/0ed1c890e79c646bb9b4332bd435bbed3d556e92
10df611ce0eb7d957978695c8c8e1da31c58d23b,wall lamp,high_priority_semantic_front,front,"[0.0,0.0,1.0]",0.2,,pending_asset_front_audit,True,/data/task3_2/share_data/scenesmith/hssd_rendered_assets/10df611ce0eb7d957978695c8c8e1da31c58d23b
135182711c1a16fa8687aa3f908f4973ee20edee,wall lamp,high_priority_semantic_front,front,"[0.0,0.0,1.0]",0.2,,pending_asset_front_audit,True,/data/task3_2/share_data/scenesmith/hssd_rendered_assets/135182711c1a16fa8687aa3f908f4973ee20edee
135c021765c37200857cac559329a50ab66e6a1e,wall lamp,high_priority_semantic_front,front,"[0.0,0.0,1.0]",0.2,,pending_asset_front_audit,True,/data/task3_2/share_data/scenesmith/hssd_rendered_assets/135c021765c37200857cac559329a50ab66e6a1e
196d29f92b7b97d30bce126d87fe3f6b0e4e6d07,wall lamp,high_priority_semantic_front,front,"[0.0,0.0,1.0]",0.2,,pending_asset_front_audit,True,/data/task3_2/share_data/scenesmith/hssd_rendered_assets/196d29f92b7b97d30bce126d87fe3f6b0e4e6d07
1e8dfeea0abd21d8f597a616bff386bcd098bbaa,wall lamp,high_priority_semantic_front,front,"[0.0,0.0,1.0]",0.2,,pending_asset_front_audit,True,/data/task3_2/share_data/scenesmith/hssd_rendered_assets/1e8dfeea0abd21d8f597a616bff386bcd098bbaa
211f711ed4f711c1d85f9aae2de4ae2a0163977e,wall lamp,high_priority_semantic_front,front,"[0.0,0.0,1.0]",0.2,,pending_asset_front_audit,True,/data/task3_2/share_data/scenesmith/hssd_rendered_assets/211f711ed4f711c1d85f9aae2de4ae2a0163977e
26bcde5d0e77e2d448c97d0ad201b192940ed6cf,wall lamp,high_priority_semantic_front,front,"[0.0,0.0,1.0]",0.2,,pending_asset_front_audit,True,/data/task3_2/share_data/scenesmith/hssd_rendered_assets/26bcde5d0e77e2d448c97d0ad201b192940ed6cf
2b43a31a33be111b70eea87620b2be178b555ad9,wall lamp,high_priority_semantic_front,front,"[0.0,0.0,1.0]",0.2,,pending_asset_front_audit,True,/data/task3_2/share_data/scenesmith/hssd_rendered_assets/2b43a31a33be111b70eea87620b2be178b555ad9
2d6a21fd2b6a13acf86b01311e497e7e51c5b434,wall lamp,high_priority_semantic_front,front,"[0.0,0.0,1.0]",0.2,,pending_asset_front_audit,True,/data/task3_2/share_data/scenesmith/hssd_rendered_assets/2d6a21fd2b6a13acf86b01311e497e7e51c5b434
2d80cee0d27a41decb1cc93cde2be70c4cb91158,wall lamp,high_priority_semantic_front,front,"[0.0,0.0,1.0]",0.2,,pending_asset_front_audit,True,/data/task3_2/share_data/scenesmith/hssd_rendered_assets/2d80cee0d27a41decb1cc93cde2be70c4cb91158
2f2777ac33641e3971d97994ca54ef35fa1a1ed3,wall lamp,high_priority_semantic_front,front,"[0.0,0.0,1.0]",0.2,,pending_asset_front_audit,True,/data/task3_2/share_data/scenesmith/hssd_rendered_assets/2f2777ac33641e3971d97994ca54ef35fa1a1ed3
2fa3194c698dc17c8b2b1c45bc1d96cb532689d4,wall lamp,high_priority_semantic_front,front,"[0.0,0.0,1.0]",0.2,,pending_asset_front_audit,True,/data/task3_2/share_data/scenesmith/hssd_rendered_assets/2fa3194c698dc17c8b2b1c45bc1d96cb532689d4
32387b1ed8abf60b0b551a1612e17074d76c5a44,wall lamp,high_priority_semantic_front,front,"[0.0,0.0,1.0]",0.2,,pending_asset_front_audit,True,/data/task3_2/share_data/scenesmith/hssd_rendered_assets/32387b1ed8abf60b0b551a1612e17074d76c5a44
32620999debf3d3afebd7749200375c457fd79ac,wall lamp,high_priority_semantic_front,front,"[0.0,0.0,1.0]",0.2,,pending_asset_front_audit,True,/data/task3_2/share_data/scenesmith/hssd_rendered_assets/32620999debf3d3afebd7749200375c457fd79ac
3823106a2050bcc550bafa70d0dcdd1135673b5c,wall lamp,high_priority_semantic_front,front,"[0.0,0.0,1.0]",0.2,,pending_asset_front_audit,True,/data/task3_2/share_data/scenesmith/hssd_rendered_assets/3823106a2050bcc550bafa70d0dcdd1135673b5c
39d6022b879492a235fb2ccd320debd91bd70ee9,wall lamp,high_priority_semantic_front,front,"[0.0,0.0,1.0]",0.2,,pending_asset_front_audit,True,/data/task3_2/share_data/scenesmith/hssd_rendered_assets/39d6022b879492a235fb2ccd320debd91bd70ee9
3b77de9ed9f6fba82a19c0be99544db712156a73,wall lamp,high_priority_semantic_front,front,"[0.0,0.0,1.0]",0.2,,pending_asset_front_audit,True,/data/task3_2/share_data/scenesmith/hssd_rendered_assets/3b77de9ed9f6fba82a19c0be99544db712156a73
45bf38771653bbe7ab8eb75e55bf7facb685fe55,wall lamp,high_priority_semantic_front,front,"[0.0,0.0,1.0]",0.2,,pending_asset_front_audit,True,/data/task3_2/share_data/scenesmith/hssd_rendered_assets/45bf38771653bbe7ab8eb75e55bf7facb685fe55
4a5e5a25db17c1fbffd4489c49f5c3f3180db696,wall lamp,high_priority_semantic_front,front,"[0.0,0.0,1.0]",0.2,,pending_asset_front_audit,True,/data/task3_2/share_data/scenesmith/hssd_rendered_assets/4a5e5a25db17c1fbffd4489c49f5c3f3180db696
4cf2271ec2c25f5db34704b2ecaf117c2f78d4d8,wall lamp,high_priority_semantic_front,front,"[0.0,0.0,1.0]",0.2,,pending_asset_front_audit,True,/data/task3_2/share_data/scenesmith/hssd_rendered_assets/4cf2271ec2c25f5db34704b2ecaf117c2f78d4d8
4d642847f2d24fa65d643e54a2a17a20f3fd8b7b,wall lamp,high_priority_semantic_front,front,"[0.0,0.0,1.0]",0.2,,pending_asset_front_audit,True,/data/task3_2/share_data/scenesmith/hssd_rendered_assets/4d642847f2d24fa65d643e54a2a17a20f3fd8b7b
4dccaf3809ceb0cc83acd53bbbe617478c2ff317,wall lamp,high_priority_semantic_front,front,"[0.0,0.0,1.0]",0.2,,pending_asset_front_audit,True,/data/task3_2/share_data/scenesmith/hssd_rendered_assets/4dccaf3809ceb0cc83acd53bbbe617478c2ff317
4f4e94bbd1fa1e08f39d0810cdf1184cdb10992b,wall lamp,high_priority_semantic_front,front,"[0.0,0.0,1.0]",0.2,,pending_asset_front_audit,True,/data/task3_2/share_data/scenesmith/hssd_rendered_assets/4f4e94bbd1fa1e08f39d0810cdf1184cdb10992b
520237b36fc1bcb1c588e724c91775ee3510bf3f,wall lamp,high_priority_semantic_front,front,"[0.0,0.0,1.0]",0.2,,pending_asset_front_audit,True,/data/task3_2/share_data/scenesmith/hssd_rendered_assets/520237b36fc1bcb1c588e724c91775ee3510bf3f
5559b8affc577d4b29eadc8ac71b229215ac8746,wall lamp,high_priority_semantic_front,front,"[0.0,0.0,1.0]",0.2,,pending_asset_front_audit,True,/data/task3_2/share_data/scenesmith/hssd_rendered_assets/5559b8affc577d4b29eadc8ac71b229215ac8746
584e1b94f98589eb4df1b66cb6e6ebab53a014d0,wall lamp,high_priority_semantic_front,front,"[0.0,0.0,1.0]",0.2,,pending_asset_front_audit,True,/data/task3_2/share_data/scenesmith/hssd_rendered_assets/584e1b94f98589eb4df1b66cb6e6ebab53a014d0
589a93662b835c204390b56afc0d4c59aaa9a111,wall lamp,high_priority_semantic_front,front,"[0.0,0.0,1.0]",0.2,,pending_asset_front_audit,True,/data/task3_2/share_data/scenesmith/hssd_rendered_assets/589a93662b835c204390b56afc0d4c59aaa9a111
5eb19b386f796a5410f100774f4fc6ccbbef2c3c,wall lamp,high_priority_semantic_front,front,"[0.0,0.0,1.0]",0.2,,pending_asset_front_audit,True,/data/task3_2/share_data/scenesmith/hssd_rendered_assets/5eb19b386f796a5410f100774f4fc6ccbbef2c3c
61fe3dcea2c3d03b301ce46af9d8dcc1962c90d2,wall lamp,high_priority_semantic_front,front,"[0.0,0.0,1.0]",0.2,,pending_asset_front_audit,True,/data/task3_2/share_data/scenesmith/hssd_rendered_assets/61fe3dcea2c3d03b301ce46af9d8dcc1962c90d2
6319836748d647739bf8f23c3dc3bcf58bd62753,wall lamp,high_priority_semantic_front,front,"[0.0,0.0,1.0]",0.2,,pending_asset_front_audit,True,/data/task3_2/share_data/scenesmith/hssd_rendered_assets/6319836748d647739bf8f23c3dc3bcf58bd62753
66a282f7fe1bc21fd90a35a3f9623f193103b493,wall lamp,high_priority_semantic_front,front,"[0.0,0.0,1.0]",0.2,,pending_asset_front_audit,True,/data/task3_2/share_data/scenesmith/hssd_rendered_assets/66a282f7fe1bc21fd90a35a3f9623f193103b493
66acb9f68bede308384a05b8167577d67885d6a2,wall lamp,high_priority_semantic_front,front,"[0.0,0.0,1.0]",0.2,,pending_asset_front_audit,True,/data/task3_2/share_data/scenesmith/hssd_rendered_assets/66acb9f68bede308384a05b8167577d67885d6a2
697c2f6ef676b4b5ad340142409fd933589bb27e,wall lamp,high_priority_semantic_front,front,"[0.0,0.0,1.0]",0.2,,pending_asset_front_audit,True,/data/task3_2/share_data/scenesmith/hssd_rendered_assets/697c2f6ef676b4b5ad340142409fd933589bb27e
70c4e28c73b61b7e5258120b790c4a76a9767f08,wall lamp,high_priority_semantic_front,front,"[0.0,0.0,1.0]",0.2,,pending_asset_front_audit,True,/data/task3_2/share_data/scenesmith/hssd_rendered_assets/70c4e28c73b61b7e5258120b790c4a76a9767f08
71386a3b48f2ecd4425ebab99d11249f561dbe49,wall lamp,high_priority_semantic_front,front,"[0.0,0.0,1.0]",0.2,,pending_asset_front_audit,True,/data/task3_2/share_data/scenesmith/hssd_rendered_assets/71386a3b48f2ecd4425ebab99d11249f561dbe49
724e22df3ff437c7a22926040ed4747f1f6fc372,wall lamp,high_priority_semantic_front,front,"[0.0,0.0,1.0]",0.2,,pending_asset_front_audit,True,/data/task3_2/share_data/scenesmith/hssd_rendered_assets/724e22df3ff437c7a22926040ed4747f1f6fc372
73572ccb995b7693be384c480a41f5a6b909b56a,wall lamp,high_priority_semantic_front,front,"[0.0,0.0,1.0]",0.2,,pending_asset_front_audit,True,/data/task3_2/share_data/scenesmith/hssd_rendered_assets/73572ccb995b7693be384c480a41f5a6b909b56a
7373373f21ea951710cf7a639d6fb37807b8dfa0,wall lamp,high_priority_semantic_front,front,"[0.0,0.0,1.0]",0.2,,pending_asset_front_audit,True,/data/task3_2/share_data/scenesmith/hssd_rendered_assets/7373373f21ea951710cf7a639d6fb37807b8dfa0
7425bd61005d86128b0ca59218ad8a2981b53503,wall lamp,high_priority_semantic_front,front,"[0.0,0.0,1.0]",0.2,,pending_asset_front_audit,True,/data/task3_2/share_data/scenesmith/hssd_rendered_assets/7425bd61005d86128b0ca59218ad8a2981b53503
7a7658678b26ac6559765f5c4c40c4e66e2b6393,wall lamp,high_priority_semantic_front,front,"[0.0,0.0,1.0]",0.2,,pending_asset_front_audit,True,/data/task3_2/share_data/scenesmith/hssd_rendered_assets/7a7658678b26ac6559765f5c4c40c4e66e2b6393
7c10ed5e64d2e935f2883d0d2517f391f2550455,wall lamp,high_priority_semantic_front,front,"[0.0,0.0,1.0]",0.2,,pending_asset_front_audit,True,/data/task3_2/share_data/scenesmith/hssd_rendered_assets/7c10ed5e64d2e935f2883d0d2517f391f2550455
7cb51f70c4fc2baf08f5c8c9f9b4f87b44408c8a,wall lamp,high_priority_semantic_front,front,"[0.0,0.0,1.0]",0.2,,pending_asset_front_audit,True,/data/task3_2/share_data/scenesmith/hssd_rendered_assets/7cb51f70c4fc2baf08f5c8c9f9b4f87b44408c8a
7e4c58a1bb39c142c2d5afd1bb703f32dd0dc5a5,wall lamp,high_priority_semantic_front,front,"[0.0,0.0,1.0]",0.2,,pending_asset_front_audit,True,/data/task3_2/share_data/scenesmith/hssd_rendered_assets/7e4c58a1bb39c142c2d5afd1bb703f32dd0dc5a5
7f320769e548eb6ddc0d2526af162732a13201f0,wall lamp,high_priority_semantic_front,front,"[0.0,0.0,1.0]",0.2,,pending_asset_front_audit,True,/data/task3_2/share_data/scenesmith/hssd_rendered_assets/7f320769e548eb6ddc0d2526af162732a13201f0
806fa7097244cd9142f15f6f16e7d1f112378925,wall lamp,high_priority_semantic_front,front,"[0.0,0.0,1.0]",0.2,,pending_asset_front_audit,True,/data/task3_2/share_data/scenesmith/hssd_rendered_assets/806fa7097244cd9142f15f6f16e7d1f112378925
8164155bf26ce3dd003dfba25a89d208189235b4,wall lamp,high_priority_semantic_front,front,"[0.0,0.0,1.0]",0.2,,pending_asset_front_audit,True,/data/task3_2/share_data/scenesmith/hssd_rendered_assets/8164155bf26ce3dd003dfba25a89d208189235b4
823341ebc26f9f326b379a0d9500591cf85d68ff,wall lamp,high_priority_semantic_front,front,"[0.0,0.0,1.0]",0.2,,pending_asset_front_audit,True,/data/task3_2/share_data/scenesmith/hssd_rendered_assets/823341ebc26f9f326b379a0d9500591cf85d68ff
8d94d6f4782e78916fe4795e2a339a7cfbafe892,wall lamp,high_priority_semantic_front,front,"[0.0,0.0,1.0]",0.2,,pending_asset_front_audit,True,/data/task3_2/share_data/scenesmith/hssd_rendered_assets/8d94d6f4782e78916fe4795e2a339a7cfbafe892
8d99807b186f30ef7a4af7b51cb20a82f42aa7f1,wall lamp,high_priority_semantic_front,front,"[0.0,0.0,1.0]",0.2,,pending_asset_front_audit,True,/data/task3_2/share_data/scenesmith/hssd_rendered_assets/8d99807b186f30ef7a4af7b51cb20a82f42aa7f1
8eebae0e37aec963e3ae2eb3acb99880f4ecf1f9,wall lamp,high_priority_semantic_front,front,"[0.0,0.0,1.0]",0.2,,pending_asset_front_audit,True,/data/task3_2/share_data/scenesmith/hssd_rendered_assets/8eebae0e37aec963e3ae2eb3acb99880f4ecf1f9
9136365f52477150321d3cad6ea6a58cc68aa0dc,wall lamp,high_priority_semantic_front,front,"[0.0,0.0,1.0]",0.2,,pending_asset_front_audit,True,/data/task3_2/share_data/scenesmith/hssd_rendered_assets/9136365f52477150321d3cad6ea6a58cc68aa0dc
955a8985ac24815296052263395940eeb9fb6081,wall lamp,high_priority_semantic_front,front,"[0.0,0.0,1.0]",0.2,,pending_asset_front_audit,True,/data/task3_2/share_data/scenesmith/hssd_rendered_assets/955a8985ac24815296052263395940eeb9fb6081
9660650ff625837bd38b203699a0189296ad6b32,wall lamp,high_priority_semantic_front,front,"[0.0,0.0,1.0]",0.2,,pending_asset_front_audit,True,/data/task3_2/share_data/scenesmith/hssd_rendered_assets/9660650ff625837bd38b203699a0189296ad6b32
96a128b250de4be8a907b602ab2ac6a635fd0797,wall lamp,high_priority_semantic_front,front,"[0.0,0.0,1.0]",0.2,,pending_asset_front_audit,True,/data/task3_2/share_data/scenesmith/hssd_rendered_assets/96a128b250de4be8a907b602ab2ac6a635fd0797
96c173202f74fb1ca1f9c1983abcbd2b25e39e7e,wall lamp,high_priority_semantic_front,front,"[0.0,0.0,1.0]",0.2,,pending_asset_front_audit,True,/data/task3_2/share_data/scenesmith/hssd_rendered_assets/96c173202f74fb1ca1f9c1983abcbd2b25e39e7e
9a18d9af1bf49f705d94ba6a39d1e1066051c027,wall lamp,high_priority_semantic_front,front,"[0.0,0.0,1.0]",0.2,,pending_asset_front_audit,True,/data/task3_2/share_data/scenesmith/hssd_rendered_assets/9a18d9af1bf49f705d94ba6a39d1e1066051c027
9b066fcb30627fbb376391921486ff2589b9ae27,wall lamp,high_priority_semantic_front,front,"[0.0,0.0,1.0]",0.2,,pending_asset_front_audit,True,/data/task3_2/share_data/scenesmith/hssd_rendered_assets/9b066fcb30627fbb376391921486ff2589b9ae27
9b373e8e1489e66e543dda1386855ff7c8eed50f,wall lamp,high_priority_semantic_front,front,"[0.0,0.0,1.0]",0.2,,pending_asset_front_audit,True,/data/task3_2/share_data/scenesmith/hssd_rendered_assets/9b373e8e1489e66e543dda1386855ff7c8eed50f
9bcdc59d9733fe74cbdce4058d33a16933e2d41f,wall lamp,high_priority_semantic_front,front,"[0.0,0.0,1.0]",0.2,,pending_asset_front_audit,True,/data/task3_2/share_data/scenesmith/hssd_rendered_assets/9bcdc59d9733fe74cbdce4058d33a16933e2d41f
9c32308e03439f052d4069337f78fe056111194f,wall lamp,high_priority_semantic_front,front,"[0.0,0.0,1.0]",0.2,,pending_asset_front_audit,True,/data/task3_2/share_data/scenesmith/hssd_rendered_assets/9c32308e03439f052d4069337f78fe056111194f
9d0b75962ab317e1bce7197823cbff9f101cee77,wall lamp,high_priority_semantic_front,front,"[0.0,0.0,1.0]",0.2,,pending_asset_front_audit,True,/data/task3_2/share_data/scenesmith/hssd_rendered_assets/9d0b75962ab317e1bce7197823cbff9f101cee77
9d38ee2834c392ebd96c5f49876272f0aa97900c,wall lamp,high_priority_semantic_front,front,"[0.0,0.0,1.0]",0.2,,pending_asset_front_audit,True,/data/task3_2/share_data/scenesmith/hssd_rendered_assets/9d38ee2834c392ebd96c5f49876272f0aa97900c
9dc5cc0291a241c4d5ea37bf8f03d7ed883a25de,wall lamp,high_priority_semantic_front,front,"[0.0,0.0,1.0]",0.2,,pending_asset_front_audit,True,/data/task3_2/share_data/scenesmith/hssd_rendered_assets/9dc5cc0291a241c4d5ea37bf8f03d7ed883a25de
9e9ffa4a9f606d32f39561333dc21f5070decd5d,wall lamp,high_priority_semantic_front,front,"[0.0,0.0,1.0]",0.2,,pending_asset_front_audit,True,/data/task3_2/share_data/scenesmith/hssd_rendered_assets/9e9ffa4a9f606d32f39561333dc21f5070decd5d
9edbeab0758f8629488b4ecac9719693e169952d,wall lamp,high_priority_semantic_front,front,"[0.0,0.0,1.0]",0.2,,pending_asset_front_audit,True,/data/task3_2/share_data/scenesmith/hssd_rendered_assets/9edbeab0758f8629488b4ecac9719693e169952d
9ff8e088c27cea8024049f43cc99ab0a5358bfde,wall lamp,high_priority_semantic_front,front,"[0.0,0.0,1.0]",0.2,,pending_asset_front_audit,True,/data/task3_2/share_data/scenesmith/hssd_rendered_assets/9ff8e088c27cea8024049f43cc99ab0a5358bfde
a32b93f33cc3fe878420109402d59027bda7c8f2,wall lamp,high_priority_semantic_front,front,"[0.0,0.0,1.0]",0.2,,pending_asset_front_audit,True,/data/task3_2/share_data/scenesmith/hssd_rendered_assets/a32b93f33cc3fe878420109402d59027bda7c8f2
a53f95dc79580503ac12763c3ae42ebca93270c4,wall lamp,high_priority_semantic_front,front,"[0.0,0.0,1.0]",0.2,,pending_asset_front_audit,True,/data/task3_2/share_data/scenesmith/hssd_rendered_assets/a53f95dc79580503ac12763c3ae42ebca93270c4
a62409c9dad2a4e7612ef932db2d03a192b56332,wall lamp,high_priority_semantic_front,front,"[0.0,0.0,1.0]",0.2,,pending_asset_front_audit,True,/data/task3_2/share_data/scenesmith/hssd_rendered_assets/a62409c9dad2a4e7612ef932db2d03a192b56332
a7f6ef013ea0beecca1af4344b2547fd367e90d6,wall lamp,high_priority_semantic_front,front,"[0.0,0.0,1.0]",0.2,,pending_asset_front_audit,True,/data/task3_2/share_data/scenesmith/hssd_rendered_assets/a7f6ef013ea0beecca1af4344b2547fd367e90d6
a8292b780623daf11fa459a857bd52c8738f6a99,wall lamp,high_priority_semantic_front,front,"[0.0,0.0,1.0]",0.2,,pending_asset_front_audit,True,/data/task3_2/share_data/scenesmith/hssd_rendered_assets/a8292b780623daf11fa459a857bd52c8738f6a99
ab8d86ced366bc30fc1b0733419a8a6f6b3c69ea,wall lamp,high_priority_semantic_front,front,"[0.0,0.0,1.0]",0.2,,pending_asset_front_audit,True,/data/task3_2/share_data/scenesmith/hssd_rendered_assets/ab8d86ced366bc30fc1b0733419a8a6f6b3c69ea
aeeec9884524ab8598dd97d5312a4ebc93148bc1,wall lamp,high_priority_semantic_front,front,"[0.0,0.0,1.0]",0.2,,pending_asset_front_audit,True,/data/task3_2/share_data/scenesmith/hssd_rendered_assets/aeeec9884524ab8598dd97d5312a4ebc93148bc1
b0cd3d53ad12385bfc59247a57292addc4daad1f,wall lamp,high_priority_semantic_front,front,"[0.0,0.0,1.0]",0.2,,pending_asset_front_audit,True,/data/task3_2/share_data/scenesmith/hssd_rendered_assets/b0cd3d53ad12385bfc59247a57292addc4daad1f
b1a13367818e6353acc5dda9c3489e08e4feaa11,wall lamp,high_priority_semantic_front,front,"[0.0,0.0,1.0]",0.2,,pending_asset_front_audit,True,/data/task3_2/share_data/scenesmith/hssd_rendered_assets/b1a13367818e6353acc5dda9c3489e08e4feaa11
b58217777a96a5d511fe155b92c66a7d01d9dfbc,wall lamp,high_priority_semantic_front,front,"[0.0,0.0,1.0]",0.2,,pending_asset_front_audit,True,/data/task3_2/share_data/scenesmith/hssd_rendered_assets/b58217777a96a5d511fe155b92c66a7d01d9dfbc
b79bfb91ba19bd310aa1fade9121d1611e738b48,wall lamp,high_priority_semantic_front,front,"[0.0,0.0,1.0]",0.2,,pending_asset_front_audit,True,/data/task3_2/share_data/scenesmith/hssd_rendered_assets/b79bfb91ba19bd310aa1fade9121d1611e738b48
bc7b1b52ef7c9d5e3687db8f85a9c859c2f6403c,wall lamp,high_priority_semantic_front,front,"[0.0,0.0,1.0]",0.2,,pending_asset_front_audit,True,/data/task3_2/share_data/scenesmith/hssd_rendered_assets/bc7b1b52ef7c9d5e3687db8f85a9c859c2f6403c
bd64ce44a6968773329684c0de5d5cbcfcecde71,wall lamp,high_priority_semantic_front,front,"[0.0,0.0,1.0]",0.2,,pending_asset_front_audit,True,/data/task3_2/share_data/scenesmith/hssd_rendered_assets/bd64ce44a6968773329684c0de5d5cbcfcecde71
be41048d9f38c67fedaa15dc85a61d7ec6d39012,wall lamp,high_priority_semantic_front,front,"[0.0,0.0,1.0]",0.2,,pending_asset_front_audit,True,/data/task3_2/share_data/scenesmith/hssd_rendered_assets/be41048d9f38c67fedaa15dc85a61d7ec6d39012
c1ae5b90e3544de032a04e50f95ae8212bfa9fbb,wall lamp,high_priority_semantic_front,front,"[0.0,0.0,1.0]",0.2,,pending_asset_front_audit,True,/data/task3_2/share_data/scenesmith/hssd_rendered_assets/c1ae5b90e3544de032a04e50f95ae8212bfa9fbb
c2dff928bfe8dd26f95b33b5c7ac8c325e3feb93,wall lamp,high_priority_semantic_front,front,"[0.0,0.0,1.0]",0.2,,pending_asset_front_audit,True,/data/task3_2/share_data/scenesmith/hssd_rendered_assets/c2dff928bfe8dd26f95b33b5c7ac8c325e3feb93
c3ac47826153213d9f0be074e52d2c5993487645,wall lamp,high_priority_semantic_front,front,"[0.0,0.0,1.0]",0.2,,pending_asset_front_audit,True,/data/task3_2/share_data/scenesmith/hssd_rendered_assets/c3ac47826153213d9f0be074e52d2c5993487645
c609f6e7d2119414087787a969f0f1c16fa26aff,wall lamp,high_priority_semantic_front,front,"[0.0,0.0,1.0]",0.2,,pending_asset_front_audit,True,/data/task3_2/share_data/scenesmith/hssd_rendered_assets/c609f6e7d2119414087787a969f0f1c16fa26aff
c62a15562a28312af165e840b363cd317c1b468a,wall lamp,high_priority_semantic_front,front,"[0.0,0.0,1.0]",0.2,,pending_asset_front_audit,True,/data/task3_2/share_data/scenesmith/hssd_rendered_assets/c62a15562a28312af165e840b363cd317c1b468a
c90407872e08305f4ad17bcc225c602ae52e6722,wall lamp,high_priority_semantic_front,front,"[0.0,0.0,1.0]",0.2,,pending_asset_front_audit,True,/data/task3_2/share_data/scenesmith/hssd_rendered_assets/c90407872e08305f4ad17bcc225c602ae52e6722
d0fe779d6d9f152945ca1929693e1fc0b7473a1e,wall lamp,high_priority_semantic_front,front,"[0.0,0.0,1.0]",0.2,,pending_asset_front_audit,True,/data/task3_2/share_data/scenesmith/hssd_rendered_assets/d0fe779d6d9f152945ca1929693e1fc0b7473a1e
d1ccd28ed1f245d4849edf2b0acec336d2141d6a,wall lamp,high_priority_semantic_front,front,"[0.0,0.0,1.0]",0.2,,pending_asset_front_audit,True,/data/task3_2/share_data/scenesmith/hssd_rendered_assets/d1ccd28ed1f245d4849edf2b0acec336d2141d6a
d2eb225c6c89b774a3e62fa15737ce4362f0086f,wall lamp,high_priority_semantic_front,front,"[0.0,0.0,1.0]",0.2,,pending_asset_front_audit,True,/data/task3_2/share_data/scenesmith/hssd_rendered_assets/d2eb225c6c89b774a3e62fa15737ce4362f0086f
d4cda80842a9885beb1a8c87116a21b0e03f9d65,wall lamp,high_priority_semantic_front,front,"[0.0,0.0,1.0]",0.2,,pending_asset_front_audit,True,/data/task3_2/share_data/scenesmith/hssd_rendered_assets/d4cda80842a9885beb1a8c87116a21b0e03f9d65
d6b64f90f38cb86d99b4183d901b8bd65271d79c,wall lamp,high_priority_semantic_front,front,"[0.0,0.0,1.0]",0.2,,pending_asset_front_audit,True,/data/task3_2/share_data/scenesmith/hssd_rendered_assets/d6b64f90f38cb86d99b4183d901b8bd65271d79c
d6f28598e8233ac9ba7bcbf9b8ab6f73ec3716e6,wall lamp,high_priority_semantic_front,front,"[0.0,0.0,1.0]",0.2,,pending_asset_front_audit,True,/data/task3_2/share_data/scenesmith/hssd_rendered_assets/d6f28598e8233ac9ba7bcbf9b8ab6f73ec3716e6
d6fb40dab042c5f7030eac9aba3b4634a80b2af2,wall lamp,high_priority_semantic_front,front,"[0.0,0.0,1.0]",0.2,,pending_asset_front_audit,True,/data/task3_2/share_data/scenesmith/hssd_rendered_assets/d6fb40dab042c5f7030eac9aba3b4634a80b2af2
d7089d30b95cbba0e404a8e6c13871bd7e0d4555,wall lamp,high_priority_semantic_front,front,"[0.0,0.0,1.0]",0.2,,pending_asset_front_audit,True,/data/task3_2/share_data/scenesmith/hssd_rendered_assets/d7089d30b95cbba0e404a8e6c13871bd7e0d4555
d81029cb1ea56418f5a5c286b8679668268c20cc,wall lamp,high_priority_semantic_front,front,"[0.0,0.0,1.0]",0.2,,pending_asset_front_audit,True,/data/task3_2/share_data/scenesmith/hssd_rendered_assets/d81029cb1ea56418f5a5c286b8679668268c20cc
d8554bf96f7e9058f1cbad9db0e699a69fbb5e68,wall lamp,high_priority_semantic_front,front,"[0.0,0.0,1.0]",0.2,,pending_asset_front_audit,True,/data/task3_2/share_data/scenesmith/hssd_rendered_assets/d8554bf96f7e9058f1cbad9db0e699a69fbb5e68
e32c46f75f40ef08078b38d9eb5b756e4add2607,wall lamp,high_priority_semantic_front,front,"[0.0,0.0,1.0]",0.2,,pending_asset_front_audit,True,/data/task3_2/share_data/scenesmith/hssd_rendered_assets/e32c46f75f40ef08078b38d9eb5b756e4add2607
e39154e6536b8ec6aaaf2815172021b5797b30e1,wall lamp,high_priority_semantic_front,front,"[0.0,0.0,1.0]",0.2,,pending_asset_front_audit,True,/data/task3_2/share_data/scenesmith/hssd_rendered_assets/e39154e6536b8ec6aaaf2815172021b5797b30e1
e5fee3ab7d52dab4a333ddc7bb7b294102c82902,wall lamp,high_priority_semantic_front,front,"[0.0,0.0,1.0]",0.2,,pending_asset_front_audit,True,/data/task3_2/share_data/scenesmith/hssd_rendered_assets/e5fee3ab7d52dab4a333ddc7bb7b294102c82902
e98c48cf9c55fde9623443bb26fe7258c24b90e5,wall lamp,high_priority_semantic_front,front,"[0.0,0.0,1.0]",0.2,,pending_asset_front_audit,True,/data/task3_2/share_data/scenesmith/hssd_rendered_assets/e98c48cf9c55fde9623443bb26fe7258c24b90e5
f06fb81bca5985254c9fb024c86544bb9684dc5a,wall lamp,high_priority_semantic_front,front,"[0.0,0.0,1.0]",0.2,,pending_asset_front_audit,True,/data/task3_2/share_data/scenesmith/hssd_rendered_assets/f06fb81bca5985254c9fb024c86544bb9684dc5a
f136b5e672caff760c6c478c876b4b63f30a5dde,wall lamp,high_priority_semantic_front,front,"[0.0,0.0,1.0]",0.2,,pending_asset_front_audit,True,/data/task3_2/share_data/scenesmith/hssd_rendered_assets/f136b5e672caff760c6c478c876b4b63f30a5dde
f344d0fce7b7f10c89b65d7c62b462c6d1507f8f,wall lamp,high_priority_semantic_front,front,"[0.0,0.0,1.0]",0.2,,pending_asset_front_audit,True,/data/task3_2/share_data/scenesmith/hssd_rendered_assets/f344d0fce7b7f10c89b65d7c62b462c6d1507f8f
f6a0af9cc8d9e2b7a716a49cb3b8c4dbb4347830,wall lamp,high_priority_semantic_front,front,"[0.0,0.0,1.0]",0.2,,pending_asset_front_audit,True,/data/task3_2/share_data/scenesmith/hssd_rendered_assets/f6a0af9cc8d9e2b7a716a49cb3b8c4dbb4347830
f80ff0ccbc8ad674971dc8a339b291a8a8af26d6,wall lamp,high_priority_semantic_front,front,"[0.0,0.0,1.0]",0.2,,pending_asset_front_audit,True,/data/task3_2/share_data/scenesmith/hssd_rendered_assets/f80ff0ccbc8ad674971dc8a339b291a8a8af26d6
fe799ce4f050da99c88ef6f994b2197d874cf67d,wall lamp,high_priority_semantic_front,front,"[0.0,0.0,1.0]",0.2,,pending_asset_front_audit,True,/data/task3_2/share_data/scenesmith/hssd_rendered_assets/fe799ce4f050da99c88ef6f994b2197d874cf67d
fea8e9ef588c762c08dcf93005a250674219c48c,wall lamp,high_priority_semantic_front,front,"[0.0,0.0,1.0]",0.2,,pending_asset_front_audit,True,/data/task3_2/share_data/scenesmith/hssd_rendered_assets/fea8e9ef588c762c08dcf93005a250674219c48c
xxxx17a82ccbxafdfx42d5xab4cxd07a0034b5c0,wall lamp,high_priority_semantic_front,front,"[0.0,0.0,1.0]",0.2,,pending_asset_front_audit,True,/data/task3_2/share_data/scenesmith/hssd_rendered_assets/xxxx17a82ccbxafdfx42d5xab4cxd07a0034b5c0
xxxx3868e13cx3de2x4f51x991fx5e42b9633b0c,wall lamp,high_priority_semantic_front,front,"[0.0,0.0,1.0]",0.2,,pending_asset_front_audit,True,/data/task3_2/share_data/scenesmith/hssd_rendered_assets/xxxx3868e13cx3de2x4f51x991fx5e42b9633b0c
xxxx3e44791axdec8x4e01xabc8x244e8337733e,wall lamp,high_priority_semantic_front,front,"[0.0,0.0,1.0]",0.2,,pending_asset_front_audit,True,/data/task3_2/share_data/scenesmith/hssd_rendered_assets/xxxx3e44791axdec8x4e01xabc8x244e8337733e
xxxx451ae2daxa7d3x4ea1xb66cx1f6b5bc332ae,wall lamp,high_priority_semantic_front,front,"[0.0,0.0,1.0]",0.2,,pending_asset_front_audit,True,/data/task3_2/share_data/scenesmith/hssd_rendered_assets/xxxx451ae2daxa7d3x4ea1xb66cx1f6b5bc332ae
xxxxba5e8acax7ae0x45c5xbbc6x48fb85b326bd,wall lamp,high_priority_semantic_front,front,"[0.0,0.0,1.0]",0.2,,pending_asset_front_audit,True,/data/task3_2/share_data/scenesmith/hssd_rendered_assets/xxxxba5e8acax7ae0x45c5xbbc6x48fb85b326bd
009f96f4bd369a2294a1b29538c52b14ec792a54,wall mirror,high_priority_semantic_front,front,"[0.0,0.0,1.0]",0.2,,pending_asset_front_audit,True,/data/task3_2/share_data/scenesmith/hssd_rendered_assets/009f96f4bd369a2294a1b29538c52b14ec792a54
017ce24cca44d57f292120d0479539ffb133d91a,wall mirror,high_priority_semantic_front,front,"[0.0,0.0,1.0]",0.2,,pending_asset_front_audit,True,/data/task3_2/share_data/scenesmith/hssd_rendered_assets/017ce24cca44d57f292120d0479539ffb133d91a
0392aac9912e9cc1420355e1c03c89df342c2e39,wall mirror,high_priority_semantic_front,front,"[0.0,0.0,1.0]",0.2,,pending_asset_front_audit,True,/data/task3_2/share_data/scenesmith/hssd_rendered_assets/0392aac9912e9cc1420355e1c03c89df342c2e39
03dd9dd0d7ba659a94414118a71378d01463755c,wall mirror,high_priority_semantic_front,front,"[0.0,0.0,1.0]",0.2,,pending_asset_front_audit,True,/data/task3_2/share_data/scenesmith/hssd_rendered_assets/03dd9dd0d7ba659a94414118a71378d01463755c
0408927888d894832d62589d945d600dad793e90,wall mirror,high_priority_semantic_front,front,"[0.0,0.0,1.0]",0.2,,pending_asset_front_audit,True,/data/task3_2/share_data/scenesmith/hssd_rendered_assets/0408927888d894832d62589d945d600dad793e90
04c4d866301b6f347bd5dc7b4d91e4f33dbd7688,wall mirror,high_priority_semantic_front,front,"[0.0,0.0,1.0]",0.2,,pending_asset_front_audit,True,/data/task3_2/share_data/scenesmith/hssd_rendered_assets/04c4d866301b6f347bd5dc7b4d91e4f33dbd7688
067b1ee46f53f164cf9bbb9aa205ee0f15073d44,wall mirror,high_priority_semantic_front,front,"[0.0,0.0,1.0]",0.2,,pending_asset_front_audit,True,/data/task3_2/share_data/scenesmith/hssd_rendered_assets/067b1ee46f53f164cf9bbb9aa205ee0f15073d44
0777d705a2f0646b60e38b61f02766df97ad8146,wall mirror,high_priority_semantic_front,front,"[0.0,0.0,1.0]",0.2,,pending_asset_front_audit,True,/data/task3_2/share_data/scenesmith/hssd_rendered_assets/0777d705a2f0646b60e38b61f02766df97ad8146
0797a7cf1a2bca537456ce458b2c76d2f04351b2,wall mirror,high_priority_semantic_front,front,"[0.0,0.0,1.0]",0.2,,pending_asset_front_audit,True,/data/task3_2/share_data/scenesmith/hssd_rendered_assets/0797a7cf1a2bca537456ce458b2c76d2f04351b2
09cb03f0708756554d3f79334fb2a87e854b97d2,wall mirror,high_priority_semantic_front,front,"[0.0,0.0,1.0]",0.2,,pending_asset_front_audit,True,/data/task3_2/share_data/scenesmith/hssd_rendered_assets/09cb03f0708756554d3f79334fb2a87e854b97d2
0a787686579c50a9ff3bb866b2635efb8edad78d,wall mirror,high_priority_semantic_front,front,"[0.0,0.0,1.0]",0.2,,pending_asset_front_audit,True,/data/task3_2/share_data/scenesmith/hssd_rendered_assets/0a787686579c50a9ff3bb866b2635efb8edad78d
0aae5e3deaa3889234fd02db6e29e69a7b0e114a,wall mirror,high_priority_semantic_front,front,"[0.0,0.0,1.0]",0.2,,pending_asset_front_audit,True,/data/task3_2/share_data/scenesmith/hssd_rendered_assets/0aae5e3deaa3889234fd02db6e29e69a7b0e114a
0b51819512f294909819f2514ee47369f068a375,wall mirror,high_priority_semantic_front,front,"[0.0,0.0,1.0]",0.2,,pending_asset_front_audit,True,/data/task3_2/share_data/scenesmith/hssd_rendered_assets/0b51819512f294909819f2514ee47369f068a375
0e3ac72ce44f30662e5fd1ab87fbca38946d1864,wall mirror,high_priority_semantic_front,front,"[0.0,0.0,1.0]",0.2,,pending_asset_front_audit,True,/data/task3_2/share_data/scenesmith/hssd_rendered_assets/0e3ac72ce44f30662e5fd1ab87fbca38946d1864
0f9f01ac8eed6f1f5bfe08188228eb0e601b38b4,wall mirror,high_priority_semantic_front,front,"[0.0,0.0,1.0]",0.2,,pending_asset_front_audit,True,/data/task3_2/share_data/scenesmith/hssd_rendered_assets/0f9f01ac8eed6f1f5bfe08188228eb0e601b38b4
12f84ddb85a86778bec19594a7dff0080e9d0670,wall mirror,high_priority_semantic_front,front,"[0.0,0.0,1.0]",0.2,,pending_asset_front_audit,True,/data/task3_2/share_data/scenesmith/hssd_rendered_assets/12f84ddb85a86778bec19594a7dff0080e9d0670
1312588b459da75a5a79139dbf20a5368d2d2a07,wall mirror,high_priority_semantic_front,front,"[0.0,0.0,1.0]",0.2,,pending_asset_front_audit,True,/data/task3_2/share_data/scenesmith/hssd_rendered_assets/1312588b459da75a5a79139dbf20a5368d2d2a07
1673f85e235a423a01c564c2c97e8f45f196df44,wall mirror,high_priority_semantic_front,front,"[0.0,0.0,1.0]",0.2,,pending_asset_front_audit,True,/data/task3_2/share_data/scenesmith/hssd_rendered_assets/1673f85e235a423a01c564c2c97e8f45f196df44
16bf4d1156695ceef23139aec039e6d65283d39e,wall mirror,high_priority_semantic_front,front,"[0.0,0.0,1.0]",0.2,,pending_asset_front_audit,True,/data/task3_2/share_data/scenesmith/hssd_rendered_assets/16bf4d1156695ceef23139aec039e6d65283d39e
177431d8a9f2217dff12759e3613c3594cbf0567,wall mirror,high_priority_semantic_front,front,"[0.0,0.0,1.0]",0.2,,pending_asset_front_audit,True,/data/task3_2/share_data/scenesmith/hssd_rendered_assets/177431d8a9f2217dff12759e3613c3594cbf0567
17f604e099a148d4e9ab740065361118fd37bafe,wall mirror,high_priority_semantic_front,front,"[0.0,0.0,1.0]",0.2,,pending_asset_front_audit,True,/data/task3_2/share_data/scenesmith/hssd_rendered_assets/17f604e099a148d4e9ab740065361118fd37bafe
19a8974d385a12a5a1f51c0c615fa5a52d65a50e,wall mirror,high_priority_semantic_front,front,"[0.0,0.0,1.0]",0.2,,pending_asset_front_audit,True,/data/task3_2/share_data/scenesmith/hssd_rendered_assets/19a8974d385a12a5a1f51c0c615fa5a52d65a50e
1a1e2f3ba84e6f4dfa2cdec6c41b13f7cf4d94c9,wall mirror,high_priority_semantic_front,front,"[0.0,0.0,1.0]",0.2,,pending_asset_front_audit,True,/data/task3_2/share_data/scenesmith/hssd_rendered_assets/1a1e2f3ba84e6f4dfa2cdec6c41b13f7cf4d94c9
22702db22714c08a873947a899843f315a0b3e41,wall mirror,high_priority_semantic_front,front,"[0.0,0.0,1.0]",0.2,,pending_asset_front_audit,True,/data/task3_2/share_data/scenesmith/hssd_rendered_assets/22702db22714c08a873947a899843f315a0b3e41
2284dec4d6285378e45f9eb153b5ab9cabcc8062,wall mirror,high_priority_semantic_front,front,"[0.0,0.0,1.0]",0.2,,pending_asset_front_audit,True,/data/task3_2/share_data/scenesmith/hssd_rendered_assets/2284dec4d6285378e45f9eb153b5ab9cabcc8062
22890e6458585de446db5950dc6f3b6210f1d358,wall mirror,high_priority_semantic_front,front,"[0.0,0.0,1.0]",0.2,,pending_asset_front_audit,True,/data/task3_2/share_data/scenesmith/hssd_rendered_assets/22890e6458585de446db5950dc6f3b6210f1d358
242033fa7adb4568efd076be17a58e09538863fc,wall mirror,high_priority_semantic_front,front,"[0.0,0.0,1.0]",0.2,,pending_asset_front_audit,True,/data/task3_2/share_data/scenesmith/hssd_rendered_assets/242033fa7adb4568efd076be17a58e09538863fc
27270bd8cd43d174767c0348a0bcb826ed3e97a1,wall mirror,high_priority_semantic_front,front,"[0.0,0.0,1.0]",0.2,,pending_asset_front_audit,True,/data/task3_2/share_data/scenesmith/hssd_rendered_assets/27270bd8cd43d174767c0348a0bcb826ed3e97a1
27f0693e994d95f0e728ac4360c0dcbdbaf29d14,wall mirror,high_priority_semantic_front,front,"[0.0,0.0,1.0]",0.2,,pending_asset_front_audit,True,/data/task3_2/share_data/scenesmith/hssd_rendered_assets/27f0693e994d95f0e728ac4360c0dcbdbaf29d14
28badbb40f26413285775e7921a50c25ec862e7e,wall mirror,high_priority_semantic_front,front,"[0.0,0.0,1.0]",0.2,,pending_asset_front_audit,True,/data/task3_2/share_data/scenesmith/hssd_rendered_assets/28badbb40f26413285775e7921a50c25ec862e7e
29636d463d89eb7c7f8319a2d1547bcd174c24ae,wall mirror,high_priority_semantic_front,front,"[0.0,0.0,1.0]",0.2,,pending_asset_front_audit,True,/data/task3_2/share_data/scenesmith/hssd_rendered_assets/29636d463d89eb7c7f8319a2d1547bcd174c24ae
29767b2a5c2d871ad8fab1a04d7441ac088d55bf,wall mirror,high_priority_semantic_front,front,"[0.0,0.0,1.0]",0.2,,pending_asset_front_audit,True,/data/task3_2/share_data/scenesmith/hssd_rendered_assets/29767b2a5c2d871ad8fab1a04d7441ac088d55bf
2a548a2524e280dc1e01f43e7513777bc6bd649e,wall mirror,high_priority_semantic_front,front,"[0.0,0.0,1.0]",0.2,,pending_asset_front_audit,True,/data/task3_2/share_data/scenesmith/hssd_rendered_assets/2a548a2524e280dc1e01f43e7513777bc6bd649e
2ad3c468422316fd04353ad860b759cf8965e3e9,wall mirror,high_priority_semantic_front,front,"[0.0,0.0,1.0]",0.2,,pending_asset_front_audit,True,/data/task3_2/share_data/scenesmith/hssd_rendered_assets/2ad3c468422316fd04353ad860b759cf8965e3e9
2aebb95394554e88ea4e219214ba964b8524d784,wall mirror,high_priority_semantic_front,front,"[0.0,0.0,1.0]",0.2,,pending_asset_front_audit,True,/data/task3_2/share_data/scenesmith/hssd_rendered_assets/2aebb95394554e88ea4e219214ba964b8524d784
2b2fe06a895010da5b0b164c726aad6c1bc54012,wall mirror,high_priority_semantic_front,front,"[0.0,0.0,1.0]",0.2,,pending_asset_front_audit,True,/data/task3_2/share_data/scenesmith/hssd_rendered_assets/2b2fe06a895010da5b0b164c726aad6c1bc54012
2cf2504a8f09e07d65c3678b24b38730c673e0e8,wall mirror,high_priority_semantic_front,front,"[0.0,0.0,1.0]",0.2,,pending_asset_front_audit,True,/data/task3_2/share_data/scenesmith/hssd_rendered_assets/2cf2504a8f09e07d65c3678b24b38730c673e0e8
2dbd13061836569068a31af0417c100360060a63,wall mirror,high_priority_semantic_front,front,"[0.0,0.0,1.0]",0.2,,pending_asset_front_audit,True,/data/task3_2/share_data/scenesmith/hssd_rendered_assets/2dbd13061836569068a31af0417c100360060a63
2dcebc69212b690c3a51c725a22d5698fe091664,wall mirror,high_priority_semantic_front,front,"[0.0,0.0,1.0]",0.2,,pending_asset_front_audit,True,/data/task3_2/share_data/scenesmith/hssd_rendered_assets/2dcebc69212b690c3a51c725a22d5698fe091664
2defe14f5fd9e16764bd77f9a7b24328d9191b21,wall mirror,high_priority_semantic_front,front,"[0.0,0.0,1.0]",0.2,,pending_asset_front_audit,True,/data/task3_2/share_data/scenesmith/hssd_rendered_assets/2defe14f5fd9e16764bd77f9a7b24328d9191b21
2ea340da635b5d6625837936ea858ca64c31806b,wall mirror,high_priority_semantic_front,front,"[0.0,0.0,1.0]",0.2,,pending_asset_front_audit,True,/data/task3_2/share_data/scenesmith/hssd_rendered_assets/2ea340da635b5d6625837936ea858ca64c31806b
2f005e62747d5b1073de56e05730fb5c2528d49a,wall mirror,high_priority_semantic_front,front,"[0.0,0.0,1.0]",0.2,,pending_asset_front_audit,True,/data/task3_2/share_data/scenesmith/hssd_rendered_assets/2f005e62747d5b1073de56e05730fb5c2528d49a
301673c088e8e69860077c5800776f2e33ac36a6,wall mirror,high_priority_semantic_front,front,"[0.0,0.0,1.0]",0.2,,pending_asset_front_audit,True,/data/task3_2/share_data/scenesmith/hssd_rendered_assets/301673c088e8e69860077c5800776f2e33ac36a6
30bc43e4cc623417e45da2701d7ffbea74ff7b2a,wall mirror,high_priority_semantic_front,front,"[0.0,0.0,1.0]",0.2,,pending_asset_front_audit,True,/data/task3_2/share_data/scenesmith/hssd_rendered_assets/30bc43e4cc623417e45da2701d7ffbea74ff7b2a
3303632d475f16ba7c32dad5c1e932ca22d920d5,wall mirror,high_priority_semantic_front,front,"[0.0,0.0,1.0]",0.2,,pending_asset_front_audit,True,/data/task3_2/share_data/scenesmith/hssd_rendered_assets/3303632d475f16ba7c32dad5c1e932ca22d920d5
342a5098abd62af93849f28247b60e9e42a2c41a,wall mirror,high_priority_semantic_front,front,"[0.0,0.0,1.0]",0.2,,pending_asset_front_audit,True,/data/task3_2/share_data/scenesmith/hssd_rendered_assets/342a5098abd62af93849f28247b60e9e42a2c41a
3430154a5fb9f7f80994c7e8fdb7a619f6f3deee,wall mirror,high_priority_semantic_front,front,"[0.0,0.0,1.0]",0.2,,pending_asset_front_audit,True,/data/task3_2/share_data/scenesmith/hssd_rendered_assets/3430154a5fb9f7f80994c7e8fdb7a619f6f3deee
343a9b32e5d6ae85a76218c49b84d4911b0791fe,wall mirror,high_priority_semantic_front,front,"[0.0,0.0,1.0]",0.2,,pending_asset_front_audit,True,/data/task3_2/share_data/scenesmith/hssd_rendered_assets/343a9b32e5d6ae85a76218c49b84d4911b0791fe
3459ff07fbf6366f77c2fb2fdcffc159822b862e,wall mirror,high_priority_semantic_front,front,"[0.0,0.0,1.0]",0.2,,pending_asset_front_audit,True,/data/task3_2/share_data/scenesmith/hssd_rendered_assets/3459ff07fbf6366f77c2fb2fdcffc159822b862e
3539c2e8efccc5af37dae758e6fee50078e7c822,wall mirror,high_priority_semantic_front,front,"[0.0,0.0,1.0]",0.2,,pending_asset_front_audit,True,/data/task3_2/share_data/scenesmith/hssd_rendered_assets/3539c2e8efccc5af37dae758e6fee50078e7c822
365331297a135e4a53fa8e04c66e626712dd9d66,wall mirror,high_priority_semantic_front,front,"[0.0,0.0,1.0]",0.2,,pending_asset_front_audit,True,/data/task3_2/share_data/scenesmith/hssd_rendered_assets/365331297a135e4a53fa8e04c66e626712dd9d66
367796cb87a179bc6a88515d656eecb9e9402ec4,wall mirror,high_priority_semantic_front,front,"[0.0,0.0,1.0]",0.2,,pending_asset_front_audit,True,/data/task3_2/share_data/scenesmith/hssd_rendered_assets/367796cb87a179bc6a88515d656eecb9e9402ec4
37207221f2cefb23b0a7f9dfa7f3407bce9f9732,wall mirror,high_priority_semantic_front,front,"[0.0,0.0,1.0]",0.2,,pending_asset_front_audit,True,/data/task3_2/share_data/scenesmith/hssd_rendered_assets/37207221f2cefb23b0a7f9dfa7f3407bce9f9732
377f1c4c021d211ed2150e3cd1a7649d21f11957,wall mirror,high_priority_semantic_front,front,"[0.0,0.0,1.0]",0.2,,pending_asset_front_audit,True,/data/task3_2/share_data/scenesmith/hssd_rendered_assets/377f1c4c021d211ed2150e3cd1a7649d21f11957
37953b50762456632d9252e732ff2814180a2c8e,wall mirror,high_priority_semantic_front,front,"[0.0,0.0,1.0]",0.2,,pending_asset_front_audit,True,/data/task3_2/share_data/scenesmith/hssd_rendered_assets/37953b50762456632d9252e732ff2814180a2c8e
379a8d5ff0f70de78fbee23adcef5aecb95bc4ce,wall mirror,high_priority_semantic_front,front,"[0.0,0.0,1.0]",0.2,,pending_asset_front_audit,True,/data/task3_2/share_data/scenesmith/hssd_rendered_assets/379a8d5ff0f70de78fbee23adcef5aecb95bc4ce
37df562f7e34d2635ffacf543f58422b49e1732e,wall mirror,high_priority_semantic_front,front,"[0.0,0.0,1.0]",0.2,,pending_asset_front_audit,True,/data/task3_2/share_data/scenesmith/hssd_rendered_assets/37df562f7e34d2635ffacf543f58422b49e1732e
3ac215af85d5423c555d75704ef89eae5d2b4d40,wall mirror,high_priority_semantic_front,front,"[0.0,0.0,1.0]",0.2,,pending_asset_front_audit,True,/data/task3_2/share_data/scenesmith/hssd_rendered_assets/3ac215af85d5423c555d75704ef89eae5d2b4d40
3ac399e4a1e00d9776ff0f4da244f051c13cc405,wall mirror,high_priority_semantic_front,front,"[0.0,0.0,1.0]",0.2,,pending_asset_front_audit,True,/data/task3_2/share_data/scenesmith/hssd_rendered_assets/3ac399e4a1e00d9776ff0f4da244f051c13cc405
3afd8e1677d04159831b7b4b8a4fc5e1cd762fa4,wall mirror,high_priority_semantic_front,front,"[0.0,0.0,1.0]",0.2,,pending_asset_front_audit,True,/data/task3_2/share_data/scenesmith/hssd_rendered_assets/3afd8e1677d04159831b7b4b8a4fc5e1cd762fa4
3c9ea3502cafd99c255a1f1cfa13b899f604c2d9,wall mirror,high_priority_semantic_front,front,"[0.0,0.0,1.0]",0.2,,pending_asset_front_audit,True,/data/task3_2/share_data/scenesmith/hssd_rendered_assets/3c9ea3502cafd99c255a1f1cfa13b899f604c2d9
3d891a2608d3428cef128bf4aeb855f7232edb00,wall mirror,high_priority_semantic_front,front,"[0.0,0.0,1.0]",0.2,,pending_asset_front_audit,True,/data/task3_2/share_data/scenesmith/hssd_rendered_assets/3d891a2608d3428cef128bf4aeb855f7232edb00
3db77e4ce243cc4324876f8c673ba8d1835fefca,wall mirror,high_priority_semantic_front,front,"[0.0,0.0,1.0]",0.2,,pending_asset_front_audit,True,/data/task3_2/share_data/scenesmith/hssd_rendered_assets/3db77e4ce243cc4324876f8c673ba8d1835fefca
400a89ec51870ecc97a0a2d8f61d61e5195ec6a1,wall mirror,high_priority_semantic_front,front,"[0.0,0.0,1.0]",0.2,,pending_asset_front_audit,True,/data/task3_2/share_data/scenesmith/hssd_rendered_assets/400a89ec51870ecc97a0a2d8f61d61e5195ec6a1
406f2c8ab60ca71de28aed10c13e8798a31d2155,wall mirror,high_priority_semantic_front,front,"[0.0,0.0,1.0]",0.2,,pending_asset_front_audit,True,/data/task3_2/share_data/scenesmith/hssd_rendered_assets/406f2c8ab60ca71de28aed10c13e8798a31d2155
4122c550741deeda8ed0b4da129bab0cd403cae7,wall mirror,high_priority_semantic_front,front,"[0.0,0.0,1.0]",0.2,,pending_asset_front_audit,True,/data/task3_2/share_data/scenesmith/hssd_rendered_assets/4122c550741deeda8ed0b4da129bab0cd403cae7
42a8880b28da59cf63d332ae8eef5787134cad84,wall mirror,high_priority_semantic_front,front,"[0.0,0.0,1.0]",0.2,,pending_asset_front_audit,True,/data/task3_2/share_data/scenesmith/hssd_rendered_assets/42a8880b28da59cf63d332ae8eef5787134cad84
42b7a9e128cfaa5cf7811476d91dc14718b90050,wall mirror,high_priority_semantic_front,front,"[0.0,0.0,1.0]",0.2,,pending_asset_front_audit,True,/data/task3_2/share_data/scenesmith/hssd_rendered_assets/42b7a9e128cfaa5cf7811476d91dc14718b90050
42e0f927a6c68ae118ef54b5c6257b3cb32a4565,wall mirror,high_priority_semantic_front,front,"[0.0,0.0,1.0]",0.2,,pending_asset_front_audit,True,/data/task3_2/share_data/scenesmith/hssd_rendered_assets/42e0f927a6c68ae118ef54b5c6257b3cb32a4565
44238272ebffd070d4d2c6101916ad2b4a5baffe,wall mirror,high_priority_semantic_front,front,"[0.0,0.0,1.0]",0.2,,pending_asset_front_audit,True,/data/task3_2/share_data/scenesmith/hssd_rendered_assets/44238272ebffd070d4d2c6101916ad2b4a5baffe
455f487f5f9ab494261861de7faf67fd4d49f61d,wall mirror,high_priority_semantic_front,front,"[0.0,0.0,1.0]",0.2,,pending_asset_front_audit,True,/data/task3_2/share_data/scenesmith/hssd_rendered_assets/455f487f5f9ab494261861de7faf67fd4d49f61d
4593f3b397983f2991c32a39c93f3dc4caf057c4,wall mirror,high_priority_semantic_front,front,"[0.0,0.0,1.0]",0.2,,pending_asset_front_audit,True,/data/task3_2/share_data/scenesmith/hssd_rendered_assets/4593f3b397983f2991c32a39c93f3dc4caf057c4
463a670f203cf2cc8b946568c0a843a8097cd7f1,wall mirror,high_priority_semantic_front,front,"[0.0,0.0,1.0]",0.2,,pending_asset_front_audit,True,/data/task3_2/share_data/scenesmith/hssd_rendered_assets/463a670f203cf2cc8b946568c0a843a8097cd7f1
4712d33155aa41e40520e838e4cab54c4622f397,wall mirror,high_priority_semantic_front,front,"[0.0,0.0,1.0]",0.2,,pending_asset_front_audit,True,/data/task3_2/share_data/scenesmith/hssd_rendered_assets/4712d33155aa41e40520e838e4cab54c4622f397
485b05625bd08d69dcb9c7fb13e656d55b78f64c,wall mirror,high_priority_semantic_front,front,"[0.0,0.0,1.0]",0.2,,pending_asset_front_audit,True,/data/task3_2/share_data/scenesmith/hssd_rendered_assets/485b05625bd08d69dcb9c7fb13e656d55b78f64c
48d67a6b6d88964f83f687c253d1177b17a0359b,wall mirror,high_priority_semantic_front,front,"[0.0,0.0,1.0]",0.2,,pending_asset_front_audit,True,/data/task3_2/share_data/scenesmith/hssd_rendered_assets/48d67a6b6d88964f83f687c253d1177b17a0359b
4901f54c8d9e490974955d1e5431f71366f39282,wall mirror,high_priority_semantic_front,front,"[0.0,0.0,1.0]",0.2,,pending_asset_front_audit,True,/data/task3_2/share_data/scenesmith/hssd_rendered_assets/4901f54c8d9e490974955d1e5431f71366f39282
4924fe8041d31c8b3204384dd4c1b6b911a68564,wall mirror,high_priority_semantic_front,front,"[0.0,0.0,1.0]",0.2,,pending_asset_front_audit,True,/data/task3_2/share_data/scenesmith/hssd_rendered_assets/4924fe8041d31c8b3204384dd4c1b6b911a68564
4958d046ed5ba6adde9ec21ba2c57d58f1bd7038,wall mirror,high_priority_semantic_front,front,"[0.0,0.0,1.0]",0.2,,pending_asset_front_audit,True,/data/task3_2/share_data/scenesmith/hssd_rendered_assets/4958d046ed5ba6adde9ec21ba2c57d58f1bd7038
497983ec22a062ab6f709491212a08312516c741,wall mirror,high_priority_semantic_front,front,"[0.0,0.0,1.0]",0.2,,pending_asset_front_audit,True,/data/task3_2/share_data/scenesmith/hssd_rendered_assets/497983ec22a062ab6f709491212a08312516c741
49ac5c85bea178f60e16380f334e6b36cd113985,wall mirror,high_priority_semantic_front,front,"[0.0,0.0,1.0]",0.2,,pending_asset_front_audit,True,/data/task3_2/share_data/scenesmith/hssd_rendered_assets/49ac5c85bea178f60e16380f334e6b36cd113985
4ac647c8283fa3bd48e2f1ab924e0434d3520a46,wall mirror,high_priority_semantic_front,front,"[0.0,0.0,1.0]",0.2,,pending_asset_front_audit,True,/data/task3_2/share_data/scenesmith/hssd_rendered_assets/4ac647c8283fa3bd48e2f1ab924e0434d3520a46
4aded4a69e64b7bbd7dd478695d524d569493ef2,wall mirror,high_priority_semantic_front,front,"[0.0,0.0,1.0]",0.2,,pending_asset_front_audit,True,/data/task3_2/share_data/scenesmith/hssd_rendered_assets/4aded4a69e64b7bbd7dd478695d524d569493ef2
4bc70f82b71353ef76b6fb89c5388d1241a15e11,wall mirror,high_priority_semantic_front,front,"[0.0,0.0,1.0]",0.2,,pending_asset_front_audit,True,/data/task3_2/share_data/scenesmith/hssd_rendered_assets/4bc70f82b71353ef76b6fb89c5388d1241a15e11
4dd9aeb4d798afcb627707c81ccc072382c58f0e,wall mirror,high_priority_semantic_front,front,"[0.0,0.0,1.0]",0.2,,pending_asset_front_audit,True,/data/task3_2/share_data/scenesmith/hssd_rendered_assets/4dd9aeb4d798afcb627707c81ccc072382c58f0e
500c9c515586f440e149580a0ce2a7f7f98ef547,wall mirror,high_priority_semantic_front,front,"[0.0,0.0,1.0]",0.2,,pending_asset_front_audit,True,/data/task3_2/share_data/scenesmith/hssd_rendered_assets/500c9c515586f440e149580a0ce2a7f7f98ef547
50d08862a40bcb64a53333660c11bfadee3e2284,wall mirror,high_priority_semantic_front,front,"[0.0,0.0,1.0]",0.2,,pending_asset_front_audit,True,/data/task3_2/share_data/scenesmith/hssd_rendered_assets/50d08862a40bcb64a53333660c11bfadee3e2284
514415c67175ee934c1467cbd1b5e5febbb0c3d1,wall mirror,high_priority_semantic_front,front,"[0.0,0.0,1.0]",0.2,,pending_asset_front_audit,True,/data/task3_2/share_data/scenesmith/hssd_rendered_assets/514415c67175ee934c1467cbd1b5e5febbb0c3d1
5210ac10aa5c48a67dd29a2caa7cc7e2ce5eef29,wall mirror,high_priority_semantic_front,front,"[0.0,0.0,1.0]",0.2,,pending_asset_front_audit,True,/data/task3_2/share_data/scenesmith/hssd_rendered_assets/5210ac10aa5c48a67dd29a2caa7cc7e2ce5eef29
5308f862dcc5bd45f62aececd538135a03ff93d2,wall mirror,high_priority_semantic_front,front,"[0.0,0.0,1.0]",0.2,,pending_asset_front_audit,True,/data/task3_2/share_data/scenesmith/hssd_rendered_assets/5308f862dcc5bd45f62aececd538135a03ff93d2
534c814f7c77be8abda5cb2bdf9d1f2a7dd353e0,wall mirror,high_priority_semantic_front,front,"[0.0,0.0,1.0]",0.2,,pending_asset_front_audit,True,/data/task3_2/share_data/scenesmith/hssd_rendered_assets/534c814f7c77be8abda5cb2bdf9d1f2a7dd353e0
541eca7ceee7736769af16a4f3ad9928076a7f7f,wall mirror,high_priority_semantic_front,front,"[0.0,0.0,1.0]",0.2,,pending_asset_front_audit,True,/data/task3_2/share_data/scenesmith/hssd_rendered_assets/541eca7ceee7736769af16a4f3ad9928076a7f7f
54889c1113dea0b739a16e1a237f5736948ea5ef,wall mirror,high_priority_semantic_front,front,"[0.0,0.0,1.0]",0.2,,pending_asset_front_audit,True,/data/task3_2/share_data/scenesmith/hssd_rendered_assets/54889c1113dea0b739a16e1a237f5736948ea5ef
565325582cd3eb4ce7b429d0423508992a3dfdc7,wall mirror,high_priority_semantic_front,front,"[0.0,0.0,1.0]",0.2,,pending_asset_front_audit,True,/data/task3_2/share_data/scenesmith/hssd_rendered_assets/565325582cd3eb4ce7b429d0423508992a3dfdc7
5755694030063b5a7b6e4762cef9900c6bb2313c,wall mirror,high_priority_semantic_front,front,"[0.0,0.0,1.0]",0.2,,pending_asset_front_audit,True,/data/task3_2/share_data/scenesmith/hssd_rendered_assets/5755694030063b5a7b6e4762cef9900c6bb2313c
5a649e95a0b90058612f5b65747abf53d6671b17,wall mirror,high_priority_semantic_front,front,"[0.0,0.0,1.0]",0.2,,pending_asset_front_audit,True,/data/task3_2/share_data/scenesmith/hssd_rendered_assets/5a649e95a0b90058612f5b65747abf53d6671b17
5bfc73bbfb31954cb5734e588cbbedf238782f62,wall mirror,high_priority_semantic_front,front,"[0.0,0.0,1.0]",0.2,,pending_asset_front_audit,True,/data/task3_2/share_data/scenesmith/hssd_rendered_assets/5bfc73bbfb31954cb5734e588cbbedf238782f62
5c51bb06d6b868e98769018b4b2602487701e8a7,wall mirror,high_priority_semantic_front,front,"[0.0,0.0,1.0]",0.2,,pending_asset_front_audit,True,/data/task3_2/share_data/scenesmith/hssd_rendered_assets/5c51bb06d6b868e98769018b4b2602487701e8a7
5d5ba7d8285d9b9652f7f0f0208914e6028fcde7,wall mirror,high_priority_semantic_front,front,"[0.0,0.0,1.0]",0.2,,pending_asset_front_audit,True,/data/task3_2/share_data/scenesmith/hssd_rendered_assets/5d5ba7d8285d9b9652f7f0f0208914e6028fcde7
5d9d99d5281840568022132ae37ac8bb3420fff8,wall mirror,high_priority_semantic_front,front,"[0.0,0.0,1.0]",0.2,,pending_asset_front_audit,True,/data/task3_2/share_data/scenesmith/hssd_rendered_assets/5d9d99d5281840568022132ae37ac8bb3420fff8
5ece3ffd87ad47ae85dd04c925cc63f9760e6b7f,wall mirror,high_priority_semantic_front,front,"[0.0,0.0,1.0]",0.2,,pending_asset_front_audit,True,/data/task3_2/share_data/scenesmith/hssd_rendered_assets/5ece3ffd87ad47ae85dd04c925cc63f9760e6b7f
5ed089b1d9661c17f95919c22a3c2f39fb42b409,wall mirror,high_priority_semantic_front,front,"[0.0,0.0,1.0]",0.2,,pending_asset_front_audit,True,/data/task3_2/share_data/scenesmith/hssd_rendered_assets/5ed089b1d9661c17f95919c22a3c2f39fb42b409
5ee88522c5f6f1723c413f3ba4b485602d3ed861,wall mirror,high_priority_semantic_front,front,"[0.0,0.0,1.0]",0.2,,pending_asset_front_audit,True,/data/task3_2/share_data/scenesmith/hssd_rendered_assets/5ee88522c5f6f1723c413f3ba4b485602d3ed861
604d1de95fd7679a9d65621606f7ca00fbfd6353,wall mirror,high_priority_semantic_front,front,"[0.0,0.0,1.0]",0.2,,pending_asset_front_audit,True,/data/task3_2/share_data/scenesmith/hssd_rendered_assets/604d1de95fd7679a9d65621606f7ca00fbfd6353
647710e17089feed0c1bbca264aeca0722c0e6a8,wall mirror,high_priority_semantic_front,front,"[0.0,0.0,1.0]",0.2,,pending_asset_front_audit,True,/data/task3_2/share_data/scenesmith/hssd_rendered_assets/647710e17089feed0c1bbca264aeca0722c0e6a8
673afb3cf4defbd2c71573f88ab1bf1f164eacf0,wall mirror,high_priority_semantic_front,front,"[0.0,0.0,1.0]",0.2,,pending_asset_front_audit,True,/data/task3_2/share_data/scenesmith/hssd_rendered_assets/673afb3cf4defbd2c71573f88ab1bf1f164eacf0
6905b9cfc896ddcd6de60654012e91a781678f7c,wall mirror,high_priority_semantic_front,front,"[0.0,0.0,1.0]",0.2,,pending_asset_front_audit,True,/data/task3_2/share_data/scenesmith/hssd_rendered_assets/6905b9cfc896ddcd6de60654012e91a781678f7c
695aa8438c80becf1f7918e9c8c90fe3717e4e64,wall mirror,high_priority_semantic_front,front,"[0.0,0.0,1.0]",0.2,,pending_asset_front_audit,True,/data/task3_2/share_data/scenesmith/hssd_rendered_assets/695aa8438c80becf1f7918e9c8c90fe3717e4e64
6e6b15be2a745938a2095b2b1048bb030bd921f9,wall mirror,high_priority_semantic_front,front,"[0.0,0.0,1.0]",0.2,,pending_asset_front_audit,True,/data/task3_2/share_data/scenesmith/hssd_rendered_assets/6e6b15be2a745938a2095b2b1048bb030bd921f9
6fb43dd9a6f262dd6d391b860437ab10a76a0acd,wall mirror,high_priority_semantic_front,front,"[0.0,0.0,1.0]",0.2,,pending_asset_front_audit,True,/data/task3_2/share_data/scenesmith/hssd_rendered_assets/6fb43dd9a6f262dd6d391b860437ab10a76a0acd
6fe25297682d06a3593f40cb06736314a98e7ccf,wall mirror,high_priority_semantic_front,front,"[0.0,0.0,1.0]",0.2,,pending_asset_front_audit,True,/data/task3_2/share_data/scenesmith/hssd_rendered_assets/6fe25297682d06a3593f40cb06736314a98e7ccf
7002b31b6c8246acf1387c3a7ddfeef0c888d914,wall mirror,high_priority_semantic_front,front,"[0.0,0.0,1.0]",0.2,,pending_asset_front_audit,True,/data/task3_2/share_data/scenesmith/hssd_rendered_assets/7002b31b6c8246acf1387c3a7ddfeef0c888d914
713797714014a1bdb4e0c2c13c722892e7c71999,wall mirror,high_priority_semantic_front,front,"[0.0,0.0,1.0]",0.2,,pending_asset_front_audit,True,/data/task3_2/share_data/scenesmith/hssd_rendered_assets/713797714014a1bdb4e0c2c13c722892e7c71999
718d699c964758dc7761aa623afa836c6479866f,wall mirror,high_priority_semantic_front,front,"[0.0,0.0,1.0]",0.2,,pending_asset_front_audit,True,/data/task3_2/share_data/scenesmith/hssd_rendered_assets/718d699c964758dc7761aa623afa836c6479866f
740b60d7e19ae0e19a08e397c7c55ba89af70660,wall mirror,high_priority_semantic_front,front,"[0.0,0.0,1.0]",0.2,,pending_asset_front_audit,True,/data/task3_2/share_data/scenesmith/hssd_rendered_assets/740b60d7e19ae0e19a08e397c7c55ba89af70660
7742a7a3405f9a95df70ae937a17db980ac368d3,wall mirror,high_priority_semantic_front,front,"[0.0,0.0,1.0]",0.2,,pending_asset_front_audit,True,/data/task3_2/share_data/scenesmith/hssd_rendered_assets/7742a7a3405f9a95df70ae937a17db980ac368d3
7796fab886b31054bced0b263eaa4051afad1406,wall mirror,high_priority_semantic_front,front,"[0.0,0.0,1.0]",0.2,,pending_asset_front_audit,True,/data/task3_2/share_data/scenesmith/hssd_rendered_assets/7796fab886b31054bced0b263eaa4051afad1406
779ad00f8ce31d728fc716a5619a8aa153fdc118,wall mirror,high_priority_semantic_front,front,"[0.0,0.0,1.0]",0.2,,pending_asset_front_audit,True,/data/task3_2/share_data/scenesmith/hssd_rendered_assets/779ad00f8ce31d728fc716a5619a8aa153fdc118
77dfe68feca44d3ae80213c5b6be90ff571cf046,wall mirror,high_priority_semantic_front,front,"[0.0,0.0,1.0]",0.2,,pending_asset_front_audit,True,/data/task3_2/share_data/scenesmith/hssd_rendered_assets/77dfe68feca44d3ae80213c5b6be90ff571cf046
782198ae361cc2f369ebfba61c613201baa50711,wall mirror,high_priority_semantic_front,front,"[0.0,0.0,1.0]",0.2,,pending_asset_front_audit,True,/data/task3_2/share_data/scenesmith/hssd_rendered_assets/782198ae361cc2f369ebfba61c613201baa50711
78d1e48a7ae1f926dd123bd4afd5d313ee9041cc,wall mirror,high_priority_semantic_front,front,"[0.0,0.0,1.0]",0.2,,pending_asset_front_audit,True,/data/task3_2/share_data/scenesmith/hssd_rendered_assets/78d1e48a7ae1f926dd123bd4afd5d313ee9041cc
793346ee8860cb6014eaa7cb2f9cc766cf626c2b,wall mirror,high_priority_semantic_front,front,"[0.0,0.0,1.0]",0.2,,pending_asset_front_audit,True,/data/task3_2/share_data/scenesmith/hssd_rendered_assets/793346ee8860cb6014eaa7cb2f9cc766cf626c2b
7b36bb15fb7c52e12fc54cb3c2642209f5fe23c1,wall mirror,high_priority_semantic_front,front,"[0.0,0.0,1.0]",0.2,,pending_asset_front_audit,True,/data/task3_2/share_data/scenesmith/hssd_rendered_assets/7b36bb15fb7c52e12fc54cb3c2642209f5fe23c1
7e354b64f947a85d73b2d1ce69817986c69d7375,wall mirror,high_priority_semantic_front,front,"[0.0,0.0,1.0]",0.2,,pending_asset_front_audit,True,/data/task3_2/share_data/scenesmith/hssd_rendered_assets/7e354b64f947a85d73b2d1ce69817986c69d7375
8083346ccbdd2b001e8e6e1c6e5c2a37e4774792,wall mirror,high_priority_semantic_front,front,"[0.0,0.0,1.0]",0.2,,pending_asset_front_audit,True,/data/task3_2/share_data/scenesmith/hssd_rendered_assets/8083346ccbdd2b001e8e6e1c6e5c2a37e4774792
80925c5eb4abb851b8a5277c0b94d62e0a8a8489,wall mirror,high_priority_semantic_front,front,"[0.0,0.0,1.0]",0.2,,pending_asset_front_audit,True,/data/task3_2/share_data/scenesmith/hssd_rendered_assets/80925c5eb4abb851b8a5277c0b94d62e0a8a8489
80bed40f27559dcfb81dfd705687463e79110de9,wall mirror,high_priority_semantic_front,front,"[0.0,0.0,1.0]",0.2,,pending_asset_front_audit,True,/data/task3_2/share_data/scenesmith/hssd_rendered_assets/80bed40f27559dcfb81dfd705687463e79110de9
82053e087204f3dffbac4c9a47baebc685fc7b35,wall mirror,high_priority_semantic_front,front,"[0.0,0.0,1.0]",0.2,,pending_asset_front_audit,True,/data/task3_2/share_data/scenesmith/hssd_rendered_assets/82053e087204f3dffbac4c9a47baebc685fc7b35
82506f481ca07d1ffd8339dbd5e43b7ee2dabd11,wall mirror,high_priority_semantic_front,front,"[0.0,0.0,1.0]",0.2,,pending_asset_front_audit,True,/data/task3_2/share_data/scenesmith/hssd_rendered_assets/82506f481ca07d1ffd8339dbd5e43b7ee2dabd11
84acb06380c27003b3d6538d66c825ea332f8173,wall mirror,high_priority_semantic_front,front,"[0.0,0.0,1.0]",0.2,,pending_asset_front_audit,True,/data/task3_2/share_data/scenesmith/hssd_rendered_assets/84acb06380c27003b3d6538d66c825ea332f8173
853e4e301305a0884e64b17efb9ada196bbfcf87,wall mirror,high_priority_semantic_front,front,"[0.0,0.0,1.0]",0.2,,pending_asset_front_audit,True,/data/task3_2/share_data/scenesmith/hssd_rendered_assets/853e4e301305a0884e64b17efb9ada196bbfcf87
86c594b95727a2f743e07669e7c99d5da6343be2,wall mirror,high_priority_semantic_front,front,"[0.0,0.0,1.0]",0.2,,pending_asset_front_audit,True,/data/task3_2/share_data/scenesmith/hssd_rendered_assets/86c594b95727a2f743e07669e7c99d5da6343be2
8750f4f527b72ea5d1cb4b4ca9fb92ab2b9b8df4,wall mirror,high_priority_semantic_front,front,"[0.0,0.0,1.0]",0.2,,pending_asset_front_audit,True,/data/task3_2/share_data/scenesmith/hssd_rendered_assets/8750f4f527b72ea5d1cb4b4ca9fb92ab2b9b8df4
87b334f6e7eab81ec0424ce77bda910fa375bc48,wall mirror,high_priority_semantic_front,front,"[0.0,0.0,1.0]",0.2,,pending_asset_front_audit,True,/data/task3_2/share_data/scenesmith/hssd_rendered_assets/87b334f6e7eab81ec0424ce77bda910fa375bc48
89b54bb9d4bac30e06521f4d5ad23da90e576ffa,wall mirror,high_priority_semantic_front,front,"[0.0,0.0,1.0]",0.2,,pending_asset_front_audit,True,/data/task3_2/share_data/scenesmith/hssd_rendered_assets/89b54bb9d4bac30e06521f4d5ad23da90e576ffa
89c794c1d6a59847f69d9343f1d592758ea1da1f,wall mirror,high_priority_semantic_front,front,"[0.0,0.0,1.0]",0.2,,pending_asset_front_audit,True,/data/task3_2/share_data/scenesmith/hssd_rendered_assets/89c794c1d6a59847f69d9343f1d592758ea1da1f
8caa5fdba25388cc5e3c86cfc74caaad61b9ad05,wall mirror,high_priority_semantic_front,front,"[0.0,0.0,1.0]",0.2,,pending_asset_front_audit,True,/data/task3_2/share_data/scenesmith/hssd_rendered_assets/8caa5fdba25388cc5e3c86cfc74caaad61b9ad05
8d032a049ed3127e0b52a51f244c1d3151bb7f9f,wall mirror,high_priority_semantic_front,front,"[0.0,0.0,1.0]",0.2,,pending_asset_front_audit,True,/data/task3_2/share_data/scenesmith/hssd_rendered_assets/8d032a049ed3127e0b52a51f244c1d3151bb7f9f
90b0edd458dba867c8048273d2ae3348b1303ac2,wall mirror,high_priority_semantic_front,front,"[0.0,0.0,1.0]",0.2,,pending_asset_front_audit,True,/data/task3_2/share_data/scenesmith/hssd_rendered_assets/90b0edd458dba867c8048273d2ae3348b1303ac2
91984a71a898620ee603f9178932dd2659e2972d,wall mirror,high_priority_semantic_front,front,"[0.0,0.0,1.0]",0.2,,pending_asset_front_audit,True,/data/task3_2/share_data/scenesmith/hssd_rendered_assets/91984a71a898620ee603f9178932dd2659e2972d
925bd301c7ce126b52f40ec28f4a199c9ead71f5,wall mirror,high_priority_semantic_front,front,"[0.0,0.0,1.0]",0.2,,pending_asset_front_audit,True,/data/task3_2/share_data/scenesmith/hssd_rendered_assets/925bd301c7ce126b52f40ec28f4a199c9ead71f5
93d32bc381b9439e342494d9f33b6059e6757c8e,wall mirror,high_priority_semantic_front,front,"[0.0,0.0,1.0]",0.2,,pending_asset_front_audit,True,/data/task3_2/share_data/scenesmith/hssd_rendered_assets/93d32bc381b9439e342494d9f33b6059e6757c8e
9485aa33c40a6000111a0cef7f2903539ae989f0,wall mirror,high_priority_semantic_front,front,"[0.0,0.0,1.0]",0.2,,pending_asset_front_audit,True,/data/task3_2/share_data/scenesmith/hssd_rendered_assets/9485aa33c40a6000111a0cef7f2903539ae989f0
94b884c1f9e01a971c45d12c1bc1d74014e4f811,wall mirror,high_priority_semantic_front,front,"[0.0,0.0,1.0]",0.2,,pending_asset_front_audit,True,/data/task3_2/share_data/scenesmith/hssd_rendered_assets/94b884c1f9e01a971c45d12c1bc1d74014e4f811
94d8ae0dda48f9ae33262ee0cc39c3c60c70f217,wall mirror,high_priority_semantic_front,front,"[0.0,0.0,1.0]",0.2,,pending_asset_front_audit,True,/data/task3_2/share_data/scenesmith/hssd_rendered_assets/94d8ae0dda48f9ae33262ee0cc39c3c60c70f217
951066357cfa1737d330d826c616e17dc98c668a,wall mirror,high_priority_semantic_front,front,"[0.0,0.0,1.0]",0.2,,pending_asset_front_audit,True,/data/task3_2/share_data/scenesmith/hssd_rendered_assets/951066357cfa1737d330d826c616e17dc98c668a
95e382d31b12e57aab88caeff004bf8a003baee8,wall mirror,high_priority_semantic_front,front,"[0.0,0.0,1.0]",0.2,,pending_asset_front_audit,True,/data/task3_2/share_data/scenesmith/hssd_rendered_assets/95e382d31b12e57aab88caeff004bf8a003baee8
963622558db560a1f236b9ee2927d003c3024d17,wall mirror,high_priority_semantic_front,front,"[0.0,0.0,1.0]",0.2,,pending_asset_front_audit,True,/data/task3_2/share_data/scenesmith/hssd_rendered_assets/963622558db560a1f236b9ee2927d003c3024d17
9712705f3d7a4517a03891a212de1a74ef0c2b65,wall mirror,high_priority_semantic_front,front,"[0.0,0.0,1.0]",0.2,,pending_asset_front_audit,True,/data/task3_2/share_data/scenesmith/hssd_rendered_assets/9712705f3d7a4517a03891a212de1a74ef0c2b65
97bee005b2ebdf8387f87787f1ada5d836da1cb3,wall mirror,high_priority_semantic_front,front,"[0.0,0.0,1.0]",0.2,,pending_asset_front_audit,True,/data/task3_2/share_data/scenesmith/hssd_rendered_assets/97bee005b2ebdf8387f87787f1ada5d836da1cb3
9a33b9011f40b5d464b03836bda13a98cd488ca6,wall mirror,high_priority_semantic_front,front,"[0.0,0.0,1.0]",0.2,,pending_asset_front_audit,True,/data/task3_2/share_data/scenesmith/hssd_rendered_assets/9a33b9011f40b5d464b03836bda13a98cd488ca6
9b339e0722140e978cf76932923dd69cb41faf0d,wall mirror,high_priority_semantic_front,front,"[0.0,0.0,1.0]",0.2,,pending_asset_front_audit,True,/data/task3_2/share_data/scenesmith/hssd_rendered_assets/9b339e0722140e978cf76932923dd69cb41faf0d
9b6dca7b332efae3c2e3939ed628578874e1cb7d,wall mirror,high_priority_semantic_front,front,"[0.0,0.0,1.0]",0.2,,pending_asset_front_audit,True,/data/task3_2/share_data/scenesmith/hssd_rendered_assets/9b6dca7b332efae3c2e3939ed628578874e1cb7d
9b95939158b68ebfe853071c6befdc1497e753ae,wall mirror,high_priority_semantic_front,front,"[0.0,0.0,1.0]",0.2,,pending_asset_front_audit,True,/data/task3_2/share_data/scenesmith/hssd_rendered_assets/9b95939158b68ebfe853071c6befdc1497e753ae
9d0a7c6b380f48cc4cc5112f346a4d65af4e4533,wall mirror,high_priority_semantic_front,front,"[0.0,0.0,1.0]",0.2,,pending_asset_front_audit,True,/data/task3_2/share_data/scenesmith/hssd_rendered_assets/9d0a7c6b380f48cc4cc5112f346a4d65af4e4533
9f1a56c0a7218c5fa6202cc4f068645525259c30,wall mirror,high_priority_semantic_front,front,"[0.0,0.0,1.0]",0.2,,pending_asset_front_audit,True,/data/task3_2/share_data/scenesmith/hssd_rendered_assets/9f1a56c0a7218c5fa6202cc4f068645525259c30
9fb05971077bc23ed1b0da26fe44cc86ce562858,wall mirror,high_priority_semantic_front,front,"[0.0,0.0,1.0]",0.2,,pending_asset_front_audit,True,/data/task3_2/share_data/scenesmith/hssd_rendered_assets/9fb05971077bc23ed1b0da26fe44cc86ce562858
a11d0d99b96c93560b423f7149c1655ee97f848f,wall mirror,high_priority_semantic_front,front,"[0.0,0.0,1.0]",0.2,,pending_asset_front_audit,True,/data/task3_2/share_data/scenesmith/hssd_rendered_assets/a11d0d99b96c93560b423f7149c1655ee97f848f
a1fb09d44c5303fe450f75238d5a299e426af38e,wall mirror,high_priority_semantic_front,front,"[0.0,0.0,1.0]",0.2,,pending_asset_front_audit,True,/data/task3_2/share_data/scenesmith/hssd_rendered_assets/a1fb09d44c5303fe450f75238d5a299e426af38e
a2c6c904c56e2efbc932a1a3c1a0613f7a39994b,wall mirror,high_priority_semantic_front,front,"[0.0,0.0,1.0]",0.2,,pending_asset_front_audit,True,/data/task3_2/share_data/scenesmith/hssd_rendered_assets/a2c6c904c56e2efbc932a1a3c1a0613f7a39994b
a371e0f1b268f791c3fd4c27e07bae8a4b59cf9e,wall mirror,high_priority_semantic_front,front,"[0.0,0.0,1.0]",0.2,,pending_asset_front_audit,True,/data/task3_2/share_data/scenesmith/hssd_rendered_assets/a371e0f1b268f791c3fd4c27e07bae8a4b59cf9e
a82034ab419a404283dee141a91414904109f3db,wall mirror,high_priority_semantic_front,front,"[0.0,0.0,1.0]",0.2,,pending_asset_front_audit,True,/data/task3_2/share_data/scenesmith/hssd_rendered_assets/a82034ab419a404283dee141a91414904109f3db
a9f5b28a6f5ef96ba2a49c8fec2458c8f7ced7e1,wall mirror,high_priority_semantic_front,front,"[0.0,0.0,1.0]",0.2,,pending_asset_front_audit,True,/data/task3_2/share_data/scenesmith/hssd_rendered_assets/a9f5b28a6f5ef96ba2a49c8fec2458c8f7ced7e1
aca089073861dd70c7db5e99f294ed311d6f3ec4,wall mirror,high_priority_semantic_front,front,"[0.0,0.0,1.0]",0.2,,pending_asset_front_audit,True,/data/task3_2/share_data/scenesmith/hssd_rendered_assets/aca089073861dd70c7db5e99f294ed311d6f3ec4
ae8d6d659e5b918671bd99d7f6351dfdc8fb7ae4,wall mirror,high_priority_semantic_front,front,"[0.0,0.0,1.0]",0.2,,pending_asset_front_audit,True,/data/task3_2/share_data/scenesmith/hssd_rendered_assets/ae8d6d659e5b918671bd99d7f6351dfdc8fb7ae4
aea7950e68f500cd36ccfa35a6f34f395e677d96,wall mirror,high_priority_semantic_front,front,"[0.0,0.0,1.0]",0.2,,pending_asset_front_audit,True,/data/task3_2/share_data/scenesmith/hssd_rendered_assets/aea7950e68f500cd36ccfa35a6f34f395e677d96
aeed66167e7b425a01bcc7a18334583e86be9e1d,wall mirror,high_priority_semantic_front,front,"[0.0,0.0,1.0]",0.2,,pending_asset_front_audit,True,/data/task3_2/share_data/scenesmith/hssd_rendered_assets/aeed66167e7b425a01bcc7a18334583e86be9e1d
afe773ff0423115a55e49defb4c62bf5e20cf172,wall mirror,high_priority_semantic_front,front,"[0.0,0.0,1.0]",0.2,,pending_asset_front_audit,True,/data/task3_2/share_data/scenesmith/hssd_rendered_assets/afe773ff0423115a55e49defb4c62bf5e20cf172
b06c300a066ab6c3b1078b735ff9111cc0f0ec0a,wall mirror,high_priority_semantic_front,front,"[0.0,0.0,1.0]",0.2,,pending_asset_front_audit,True,/data/task3_2/share_data/scenesmith/hssd_rendered_assets/b06c300a066ab6c3b1078b735ff9111cc0f0ec0a
b13552c14f0b9d99862fd089cd14e2cd403e123c,wall mirror,high_priority_semantic_front,front,"[0.0,0.0,1.0]",0.2,,pending_asset_front_audit,True,/data/task3_2/share_data/scenesmith/hssd_rendered_assets/b13552c14f0b9d99862fd089cd14e2cd403e123c
b1fa106541c328b43460dbce62396b06183d8e68,wall mirror,high_priority_semantic_front,front,"[0.0,0.0,1.0]",0.2,,pending_asset_front_audit,True,/data/task3_2/share_data/scenesmith/hssd_rendered_assets/b1fa106541c328b43460dbce62396b06183d8e68
b35a7b24cc984d6e9d6a15dd55bb64f2359eb845,wall mirror,high_priority_semantic_front,front,"[0.0,0.0,1.0]",0.2,,pending_asset_front_audit,True,/data/task3_2/share_data/scenesmith/hssd_rendered_assets/b35a7b24cc984d6e9d6a15dd55bb64f2359eb845
b510bed6efb14de310a6ff2851ccfc6d6702c3e0,wall mirror,high_priority_semantic_front,front,"[0.0,0.0,1.0]",0.2,,pending_asset_front_audit,True,/data/task3_2/share_data/scenesmith/hssd_rendered_assets/b510bed6efb14de310a6ff2851ccfc6d6702c3e0
b6807fa0030f1222fc9af08c2e0685ff0e44990b,wall mirror,high_priority_semantic_front,front,"[0.0,0.0,1.0]",0.2,,pending_asset_front_audit,True,/data/task3_2/share_data/scenesmith/hssd_rendered_assets/b6807fa0030f1222fc9af08c2e0685ff0e44990b
b6841ebeda34eddf68c66baa380583ffd6bf83fe,wall mirror,high_priority_semantic_front,front,"[0.0,0.0,1.0]",0.2,,pending_asset_front_audit,True,/data/task3_2/share_data/scenesmith/hssd_rendered_assets/b6841ebeda34eddf68c66baa380583ffd6bf83fe
b835bfc799493093b94fa8966d9f22d6f513acfa,wall mirror,high_priority_semantic_front,front,"[0.0,0.0,1.0]",0.2,,pending_asset_front_audit,True,/data/task3_2/share_data/scenesmith/hssd_rendered_assets/b835bfc799493093b94fa8966d9f22d6f513acfa
ba9ab59b8278c83a205b9282cf83b7b1a5270531,wall mirror,high_priority_semantic_front,front,"[0.0,0.0,1.0]",0.2,,pending_asset_front_audit,True,/data/task3_2/share_data/scenesmith/hssd_rendered_assets/ba9ab59b8278c83a205b9282cf83b7b1a5270531
bae224fef524d206d0691a1f244393d0a127f6f8,wall mirror,high_priority_semantic_front,front,"[0.0,0.0,1.0]",0.2,,pending_asset_front_audit,True,/data/task3_2/share_data/scenesmith/hssd_rendered_assets/bae224fef524d206d0691a1f244393d0a127f6f8
bc2efa5088d5b25f7aacaaf18ff555f187f3056a,wall mirror,high_priority_semantic_front,front,"[0.0,0.0,1.0]",0.2,,pending_asset_front_audit,True,/data/task3_2/share_data/scenesmith/hssd_rendered_assets/bc2efa5088d5b25f7aacaaf18ff555f187f3056a
bc71f73e9f0f3ab3fee5f8a00085d8f6d51e29be,wall mirror,high_priority_semantic_front,front,"[0.0,0.0,1.0]",0.2,,pending_asset_front_audit,True,/data/task3_2/share_data/scenesmith/hssd_rendered_assets/bc71f73e9f0f3ab3fee5f8a00085d8f6d51e29be
bc81ac07f2de8cc72e4e29e19f48f4b17896a9c5,wall mirror,high_priority_semantic_front,front,"[0.0,0.0,1.0]",0.2,,pending_asset_front_audit,True,/data/task3_2/share_data/scenesmith/hssd_rendered_assets/bc81ac07f2de8cc72e4e29e19f48f4b17896a9c5
bcd44dc7053b781c54868c45c8232d828bb8bf55,wall mirror,high_priority_semantic_front,front,"[0.0,0.0,1.0]",0.2,,pending_asset_front_audit,True,/data/task3_2/share_data/scenesmith/hssd_rendered_assets/bcd44dc7053b781c54868c45c8232d828bb8bf55
bd369caff4c20d6a8a30da0b83a169c26e7cbb45,wall mirror,high_priority_semantic_front,front,"[0.0,0.0,1.0]",0.2,,pending_asset_front_audit,True,/data/task3_2/share_data/scenesmith/hssd_rendered_assets/bd369caff4c20d6a8a30da0b83a169c26e7cbb45
bdfb2c362461fe0bf3ef2a2a9825cd5cde388bae,wall mirror,high_priority_semantic_front,front,"[0.0,0.0,1.0]",0.2,,pending_asset_front_audit,True,/data/task3_2/share_data/scenesmith/hssd_rendered_assets/bdfb2c362461fe0bf3ef2a2a9825cd5cde388bae
bf854d8470d3c7f268d2696ba20c6984225da690,wall mirror,high_priority_semantic_front,front,"[0.0,0.0,1.0]",0.2,,pending_asset_front_audit,True,/data/task3_2/share_data/scenesmith/hssd_rendered_assets/bf854d8470d3c7f268d2696ba20c6984225da690
c14551d1606e78d0f95a95562514de6add52a072,wall mirror,high_priority_semantic_front,front,"[0.0,0.0,1.0]",0.2,,pending_asset_front_audit,True,/data/task3_2/share_data/scenesmith/hssd_rendered_assets/c14551d1606e78d0f95a95562514de6add52a072
c212806e4ce9e2df02df2a3c67db2da44794954e,wall mirror,high_priority_semantic_front,front,"[0.0,0.0,1.0]",0.2,,pending_asset_front_audit,True,/data/task3_2/share_data/scenesmith/hssd_rendered_assets/c212806e4ce9e2df02df2a3c67db2da44794954e
c2f412d6053a51a162ad0c42eb0116d30cd181be,wall mirror,high_priority_semantic_front,front,"[0.0,0.0,1.0]",0.2,,pending_asset_front_audit,True,/data/task3_2/share_data/scenesmith/hssd_rendered_assets/c2f412d6053a51a162ad0c42eb0116d30cd181be
c2febcc32890f66534eec8364ae9ba1ec6802615,wall mirror,high_priority_semantic_front,front,"[0.0,0.0,1.0]",0.2,,pending_asset_front_audit,True,/data/task3_2/share_data/scenesmith/hssd_rendered_assets/c2febcc32890f66534eec8364ae9ba1ec6802615
c35bb16753d55d5118dd8901eb3ca45e2ce14b80,wall mirror,high_priority_semantic_front,front,"[0.0,0.0,1.0]",0.2,,pending_asset_front_audit,True,/data/task3_2/share_data/scenesmith/hssd_rendered_assets/c35bb16753d55d5118dd8901eb3ca45e2ce14b80
c3a37bd25b300803d89fbc845f7c88286cd3051a,wall mirror,high_priority_semantic_front,front,"[0.0,0.0,1.0]",0.2,,pending_asset_front_audit,True,/data/task3_2/share_data/scenesmith/hssd_rendered_assets/c3a37bd25b300803d89fbc845f7c88286cd3051a
c4c03cef798d0326eb19c50f6b4c9dc31b3d29a6,wall mirror,high_priority_semantic_front,front,"[0.0,0.0,1.0]",0.2,,pending_asset_front_audit,True,/data/task3_2/share_data/scenesmith/hssd_rendered_assets/c4c03cef798d0326eb19c50f6b4c9dc31b3d29a6
c5f8140c2c12b63edb31cd47ea966575926fcacc,wall mirror,high_priority_semantic_front,front,"[0.0,0.0,1.0]",0.2,,pending_asset_front_audit,True,/data/task3_2/share_data/scenesmith/hssd_rendered_assets/c5f8140c2c12b63edb31cd47ea966575926fcacc
c76bb8afa2d70a152cdb982b7f55e06664689816,wall mirror,high_priority_semantic_front,front,"[0.0,0.0,1.0]",0.2,,pending_asset_front_audit,True,/data/task3_2/share_data/scenesmith/hssd_rendered_assets/c76bb8afa2d70a152cdb982b7f55e06664689816
c8052c588ae53d7f74bb87fcc1f6d3e085d1b9f4,wall mirror,high_priority_semantic_front,front,"[0.0,0.0,1.0]",0.2,,pending_asset_front_audit,True,/data/task3_2/share_data/scenesmith/hssd_rendered_assets/c8052c588ae53d7f74bb87fcc1f6d3e085d1b9f4
c859b2b52d3f2acdde6a00b4f0767f63e0bccad5,wall mirror,high_priority_semantic_front,front,"[0.0,0.0,1.0]",0.2,,pending_asset_front_audit,True,/data/task3_2/share_data/scenesmith/hssd_rendered_assets/c859b2b52d3f2acdde6a00b4f0767f63e0bccad5
c8d544f1415086d808deb2050de0e589eb9c6af7,wall mirror,high_priority_semantic_front,front,"[0.0,0.0,1.0]",0.2,,pending_asset_front_audit,True,/data/task3_2/share_data/scenesmith/hssd_rendered_assets/c8d544f1415086d808deb2050de0e589eb9c6af7
c9d4c6f3dba4ab9b4949ac310ddf1b7775a56365,wall mirror,high_priority_semantic_front,front,"[0.0,0.0,1.0]",0.2,,pending_asset_front_audit,True,/data/task3_2/share_data/scenesmith/hssd_rendered_assets/c9d4c6f3dba4ab9b4949ac310ddf1b7775a56365
cd1a32857dd7bbc7d78d214f727a0f07cb71d76c,wall mirror,high_priority_semantic_front,front,"[0.0,0.0,1.0]",0.2,,pending_asset_front_audit,True,/data/task3_2/share_data/scenesmith/hssd_rendered_assets/cd1a32857dd7bbc7d78d214f727a0f07cb71d76c
cf2ec95dfe4f8f92bbcb5e6eff9cb5112d9ccd37,wall mirror,high_priority_semantic_front,front,"[0.0,0.0,1.0]",0.2,,pending_asset_front_audit,True,/data/task3_2/share_data/scenesmith/hssd_rendered_assets/cf2ec95dfe4f8f92bbcb5e6eff9cb5112d9ccd37
d256e964a99cfc1e7f16dbfe50835c157c7d3be6,wall mirror,high_priority_semantic_front,front,"[0.0,0.0,1.0]",0.2,,pending_asset_front_audit,True,/data/task3_2/share_data/scenesmith/hssd_rendered_assets/d256e964a99cfc1e7f16dbfe50835c157c7d3be6
d3d78b3c184b0a2a42f552b753bd72c37a5debce,wall mirror,high_priority_semantic_front,front,"[0.0,0.0,1.0]",0.2,,pending_asset_front_audit,True,/data/task3_2/share_data/scenesmith/hssd_rendered_assets/d3d78b3c184b0a2a42f552b753bd72c37a5debce
d4073b022df84fbfddbc7eb98ce65da3a7f3b92d,wall mirror,high_priority_semantic_front,front,"[0.0,0.0,1.0]",0.2,,pending_asset_front_audit,True,/data/task3_2/share_data/scenesmith/hssd_rendered_assets/d4073b022df84fbfddbc7eb98ce65da3a7f3b92d
d43823d5aaedf212a93be9d714b8344e36685bbe,wall mirror,high_priority_semantic_front,front,"[0.0,0.0,1.0]",0.2,,pending_asset_front_audit,True,/data/task3_2/share_data/scenesmith/hssd_rendered_assets/d43823d5aaedf212a93be9d714b8344e36685bbe
d4ebde3c7ae568ebdbd24d4fad290a58efc9ecfb,wall mirror,high_priority_semantic_front,front,"[0.0,0.0,1.0]",0.2,,pending_asset_front_audit,True,/data/task3_2/share_data/scenesmith/hssd_rendered_assets/d4ebde3c7ae568ebdbd24d4fad290a58efc9ecfb
d52bc0f0607293fe0a3caaa055e5c6e106dc3685,wall mirror,high_priority_semantic_front,front,"[0.0,0.0,1.0]",0.2,,pending_asset_front_audit,True,/data/task3_2/share_data/scenesmith/hssd_rendered_assets/d52bc0f0607293fe0a3caaa055e5c6e106dc3685
d56888c13b7c25e4c3e4c4dd7cedec7c30c82750,wall mirror,high_priority_semantic_front,front,"[0.0,0.0,1.0]",0.2,,pending_asset_front_audit,True,/data/task3_2/share_data/scenesmith/hssd_rendered_assets/d56888c13b7c25e4c3e4c4dd7cedec7c30c82750
d804dd9c4f2f418d7e792acec70ab7a4358a50b3,wall mirror,high_priority_semantic_front,front,"[0.0,0.0,1.0]",0.2,,pending_asset_front_audit,True,/data/task3_2/share_data/scenesmith/hssd_rendered_assets/d804dd9c4f2f418d7e792acec70ab7a4358a50b3
d8c69d1b7344c16d6c68fe033dc81022630de9fc,wall mirror,high_priority_semantic_front,front,"[0.0,0.0,1.0]",0.2,,pending_asset_front_audit,True,/data/task3_2/share_data/scenesmith/hssd_rendered_assets/d8c69d1b7344c16d6c68fe033dc81022630de9fc
d992f567db2bda04d0280a3292f5c4f68d9c169f,wall mirror,high_priority_semantic_front,front,"[0.0,0.0,1.0]",0.2,,pending_asset_front_audit,True,/data/task3_2/share_data/scenesmith/hssd_rendered_assets/d992f567db2bda04d0280a3292f5c4f68d9c169f
d9b079742dc4662f77fe5295152e5e2fcd6817f0,wall mirror,high_priority_semantic_front,front,"[0.0,0.0,1.0]",0.2,,pending_asset_front_audit,True,/data/task3_2/share_data/scenesmith/hssd_rendered_assets/d9b079742dc4662f77fe5295152e5e2fcd6817f0
dd894ab72e311be546c446beb80fc0fc2eafd452,wall mirror,high_priority_semantic_front,front,"[0.0,0.0,1.0]",0.2,,pending_asset_front_audit,True,/data/task3_2/share_data/scenesmith/hssd_rendered_assets/dd894ab72e311be546c446beb80fc0fc2eafd452
de3886237f4ed3e67d5041629ef4857f75c1f655,wall mirror,high_priority_semantic_front,front,"[0.0,0.0,1.0]",0.2,,pending_asset_front_audit,True,/data/task3_2/share_data/scenesmith/hssd_rendered_assets/de3886237f4ed3e67d5041629ef4857f75c1f655
de825775de1209e8d628d66d80d5b0af61f88463,wall mirror,high_priority_semantic_front,front,"[0.0,0.0,1.0]",0.2,,pending_asset_front_audit,True,/data/task3_2/share_data/scenesmith/hssd_rendered_assets/de825775de1209e8d628d66d80d5b0af61f88463
df653a0f0eec2d5edcfff4f33ec57157c4cf71d6,wall mirror,high_priority_semantic_front,front,"[0.0,0.0,1.0]",0.2,,pending_asset_front_audit,True,/data/task3_2/share_data/scenesmith/hssd_rendered_assets/df653a0f0eec2d5edcfff4f33ec57157c4cf71d6
dfb105709f967015cc2e35a8c828d8edd8cf26fa,wall mirror,high_priority_semantic_front,front,"[0.0,0.0,1.0]",0.2,,pending_asset_front_audit,True,/data/task3_2/share_data/scenesmith/hssd_rendered_assets/dfb105709f967015cc2e35a8c828d8edd8cf26fa
dfb649e1686006d09163e4eb1d2a86621e8f6d22,wall mirror,high_priority_semantic_front,front,"[0.0,0.0,1.0]",0.2,,pending_asset_front_audit,True,/data/task3_2/share_data/scenesmith/hssd_rendered_assets/dfb649e1686006d09163e4eb1d2a86621e8f6d22
e1e545b7e7332273e95d9e6217b20843c0baa94d,wall mirror,high_priority_semantic_front,front,"[0.0,0.0,1.0]",0.2,,pending_asset_front_audit,True,/data/task3_2/share_data/scenesmith/hssd_rendered_assets/e1e545b7e7332273e95d9e6217b20843c0baa94d
e365d8e54023e62f4bb2022f52285844700fca22,wall mirror,high_priority_semantic_front,front,"[0.0,0.0,1.0]",0.2,,pending_asset_front_audit,True,/data/task3_2/share_data/scenesmith/hssd_rendered_assets/e365d8e54023e62f4bb2022f52285844700fca22
e52ee0b894645123ac91a63ef2737b3fab39c47c,wall mirror,high_priority_semantic_front,front,"[0.0,0.0,1.0]",0.2,,pending_asset_front_audit,True,/data/task3_2/share_data/scenesmith/hssd_rendered_assets/e52ee0b894645123ac91a63ef2737b3fab39c47c
e6c19c53b61b9805afcf9bd1661d1dc19b9a0a00,wall mirror,high_priority_semantic_front,front,"[0.0,0.0,1.0]",0.2,,pending_asset_front_audit,True,/data/task3_2/share_data/scenesmith/hssd_rendered_assets/e6c19c53b61b9805afcf9bd1661d1dc19b9a0a00
e78a53714b2f2c852218bf69e78488d329abb351,wall mirror,high_priority_semantic_front,front,"[0.0,0.0,1.0]",0.2,,pending_asset_front_audit,True,/data/task3_2/share_data/scenesmith/hssd_rendered_assets/e78a53714b2f2c852218bf69e78488d329abb351
e7ffdf18bea72d67b5f3e2010c1db4c9f5664050,wall mirror,high_priority_semantic_front,front,"[0.0,0.0,1.0]",0.2,,pending_asset_front_audit,True,/data/task3_2/share_data/scenesmith/hssd_rendered_assets/e7ffdf18bea72d67b5f3e2010c1db4c9f5664050
e85b54d8ecc9bd3db676672374632b6f2038d7fa,wall mirror,high_priority_semantic_front,front,"[0.0,0.0,1.0]",0.2,,pending_asset_front_audit,True,/data/task3_2/share_data/scenesmith/hssd_rendered_assets/e85b54d8ecc9bd3db676672374632b6f2038d7fa
e9319c9b8db448dd87220d541e1851d0e3a8acd4,wall mirror,high_priority_semantic_front,front,"[0.0,0.0,1.0]",0.2,,pending_asset_front_audit,True,/data/task3_2/share_data/scenesmith/hssd_rendered_assets/e9319c9b8db448dd87220d541e1851d0e3a8acd4
e9f91f33df243e50fe8130e5544d4cfbd0218faa,wall mirror,high_priority_semantic_front,front,"[0.0,0.0,1.0]",0.2,,pending_asset_front_audit,True,/data/task3_2/share_data/scenesmith/hssd_rendered_assets/e9f91f33df243e50fe8130e5544d4cfbd0218faa
ec15acff720b9c1e994640475f2b56ae5e78c2fe,wall mirror,high_priority_semantic_front,front,"[0.0,0.0,1.0]",0.2,,pending_asset_front_audit,True,/data/task3_2/share_data/scenesmith/hssd_rendered_assets/ec15acff720b9c1e994640475f2b56ae5e78c2fe
ec77fb346bac3130f1c259cf28ec04c1e8edce3e,wall mirror,high_priority_semantic_front,front,"[0.0,0.0,1.0]",0.2,,pending_asset_front_audit,True,/data/task3_2/share_data/scenesmith/hssd_rendered_assets/ec77fb346bac3130f1c259cf28ec04c1e8edce3e
eca537900f6061acbb8198bccd78f0241505227c,wall mirror,high_priority_semantic_front,front,"[0.0,0.0,1.0]",0.2,,pending_asset_front_audit,True,/data/task3_2/share_data/scenesmith/hssd_rendered_assets/eca537900f6061acbb8198bccd78f0241505227c
ecf2cc5c0a73f390769e491fce8c1ad34613d325,wall mirror,high_priority_semantic_front,front,"[0.0,0.0,1.0]",0.2,,pending_asset_front_audit,True,/data/task3_2/share_data/scenesmith/hssd_rendered_assets/ecf2cc5c0a73f390769e491fce8c1ad34613d325
edd34596d5125eee65145548657413120b6c94cf,wall mirror,high_priority_semantic_front,front,"[0.0,0.0,1.0]",0.2,,pending_asset_front_audit,True,/data/task3_2/share_data/scenesmith/hssd_rendered_assets/edd34596d5125eee65145548657413120b6c94cf
ee3ad06cf6a0b2b7fcc0f3cc0247f718ca90fe6b,wall mirror,high_priority_semantic_front,front,"[0.0,0.0,1.0]",0.2,,pending_asset_front_audit,True,/data/task3_2/share_data/scenesmith/hssd_rendered_assets/ee3ad06cf6a0b2b7fcc0f3cc0247f718ca90fe6b
eeb48ac51bb3acbec10b0fd4c097aa70d62986fd,wall mirror,high_priority_semantic_front,front,"[0.0,0.0,1.0]",0.2,,pending_asset_front_audit,True,/data/task3_2/share_data/scenesmith/hssd_rendered_assets/eeb48ac51bb3acbec10b0fd4c097aa70d62986fd
ef7b7f9ffe265b7cf39282afa925d9db4e0fdef3,wall mirror,high_priority_semantic_front,front,"[0.0,0.0,1.0]",0.2,,pending_asset_front_audit,True,/data/task3_2/share_data/scenesmith/hssd_rendered_assets/ef7b7f9ffe265b7cf39282afa925d9db4e0fdef3
f10182a2634ce1e05135d0245c107778505abb72,wall mirror,high_priority_semantic_front,front,"[0.0,0.0,1.0]",0.2,,pending_asset_front_audit,True,/data/task3_2/share_data/scenesmith/hssd_rendered_assets/f10182a2634ce1e05135d0245c107778505abb72
f248657dd92aa27babbebe36ee6d44efaf3b4660,wall mirror,high_priority_semantic_front,front,"[0.0,0.0,1.0]",0.2,,pending_asset_front_audit,True,/data/task3_2/share_data/scenesmith/hssd_rendered_assets/f248657dd92aa27babbebe36ee6d44efaf3b4660
f2f57cdf70b24f088e53c421cef1dfc1a606367e,wall mirror,high_priority_semantic_front,front,"[0.0,0.0,1.0]",0.2,,pending_asset_front_audit,True,/data/task3_2/share_data/scenesmith/hssd_rendered_assets/f2f57cdf70b24f088e53c421cef1dfc1a606367e
f303d22d219dfb8878d74923c6d147fa02d0f64d,wall mirror,high_priority_semantic_front,front,"[0.0,0.0,1.0]",0.2,,pending_asset_front_audit,True,/data/task3_2/share_data/scenesmith/hssd_rendered_assets/f303d22d219dfb8878d74923c6d147fa02d0f64d
f4007c38d282f04fb0510f305199e7ed8c2dddb9,wall mirror,high_priority_semantic_front,front,"[0.0,0.0,1.0]",0.2,,pending_asset_front_audit,True,/data/task3_2/share_data/scenesmith/hssd_rendered_assets/f4007c38d282f04fb0510f305199e7ed8c2dddb9
f4363e1e9eccfb9c31b5fd8319aeb7c44ae766af,wall mirror,high_priority_semantic_front,front,"[0.0,0.0,1.0]",0.2,,pending_asset_front_audit,True,/data/task3_2/share_data/scenesmith/hssd_rendered_assets/f4363e1e9eccfb9c31b5fd8319aeb7c44ae766af
f4855befb9b31731993d18453b87b05c0aaa267f,wall mirror,high_priority_semantic_front,front,"[0.0,0.0,1.0]",0.2,,pending_asset_front_audit,True,/data/task3_2/share_data/scenesmith/hssd_rendered_assets/f4855befb9b31731993d18453b87b05c0aaa267f
f67be0e4422a8abda3ea8ef6c428484adc290223,wall mirror,high_priority_semantic_front,front,"[0.0,0.0,1.0]",0.2,,pending_asset_front_audit,True,/data/task3_2/share_data/scenesmith/hssd_rendered_assets/f67be0e4422a8abda3ea8ef6c428484adc290223
f8102ea07d331232d204362501a61f30350a5f83,wall mirror,high_priority_semantic_front,front,"[0.0,0.0,1.0]",0.2,,pending_asset_front_audit,True,/data/task3_2/share_data/scenesmith/hssd_rendered_assets/f8102ea07d331232d204362501a61f30350a5f83
f8566bd61efc1299e3deb8b5185c1fb528bfba86,wall mirror,high_priority_semantic_front,front,"[0.0,0.0,1.0]",0.2,,pending_asset_front_audit,True,/data/task3_2/share_data/scenesmith/hssd_rendered_assets/f8566bd61efc1299e3deb8b5185c1fb528bfba86
f87a58959316378d0fa51f98f848384e465c6537,wall mirror,high_priority_semantic_front,front,"[0.0,0.0,1.0]",0.2,,pending_asset_front_audit,True,/data/task3_2/share_data/scenesmith/hssd_rendered_assets/f87a58959316378d0fa51f98f848384e465c6537
fa06b996b433699c8efde64c09620cc70600bb8d,wall mirror,high_priority_semantic_front,front,"[0.0,0.0,1.0]",0.2,,pending_asset_front_audit,True,/data/task3_2/share_data/scenesmith/hssd_rendered_assets/fa06b996b433699c8efde64c09620cc70600bb8d
fabf0ec8dfd8af2033e7d28e54d2e2671835d684,wall mirror,high_priority_semantic_front,front,"[0.0,0.0,1.0]",0.2,,pending_asset_front_audit,True,/data/task3_2/share_data/scenesmith/hssd_rendered_assets/fabf0ec8dfd8af2033e7d28e54d2e2671835d684
fb3b5c03ef2dedb9f43f4ebe94f61a6202e3492c,wall mirror,high_priority_semantic_front,front,"[0.0,0.0,1.0]",0.2,,pending_asset_front_audit,True,/data/task3_2/share_data/scenesmith/hssd_rendered_assets/fb3b5c03ef2dedb9f43f4ebe94f61a6202e3492c
fc25875bc3e862dd82ebaa5db30461c8aa72d662,wall mirror,high_priority_semantic_front,front,"[0.0,0.0,1.0]",0.2,,pending_asset_front_audit,True,/data/task3_2/share_data/scenesmith/hssd_rendered_assets/fc25875bc3e862dd82ebaa5db30461c8aa72d662
fc76031e0be0d585348c23239356a7f52468410e,wall mirror,high_priority_semantic_front,front,"[0.0,0.0,1.0]",0.2,,pending_asset_front_audit,True,/data/task3_2/share_data/scenesmith/hssd_rendered_assets/fc76031e0be0d585348c23239356a7f52468410e
fe6a04f91f6d8c9d44b6c1ec30350ae3b12c6ef0,wall mirror,high_priority_semantic_front,front,"[0.0,0.0,1.0]",0.2,,pending_asset_front_audit,True,/data/task3_2/share_data/scenesmith/hssd_rendered_assets/fe6a04f91f6d8c9d44b6c1ec30350ae3b12c6ef0
ff7366f18451584f3e0f84494b90dc32e97cd9da,wall mirror,high_priority_semantic_front,front,"[0.0,0.0,1.0]",0.2,,pending_asset_front_audit,True,/data/task3_2/share_data/scenesmith/hssd_rendered_assets/ff7366f18451584f3e0f84494b90dc32e97cd9da
ff7522d6066aec06e4c8a19cec3e6c56a7a3adca,wall mirror,high_priority_semantic_front,front,"[0.0,0.0,1.0]",0.2,,pending_asset_front_audit,True,/data/task3_2/share_data/scenesmith/hssd_rendered_assets/ff7522d6066aec06e4c8a19cec3e6c56a7a3adca
xxxx4d019c1fx9a21x4be8x8728x0b12c8b544e1,wall mirror,high_priority_semantic_front,front,"[0.0,0.0,1.0]",0.2,,pending_asset_front_audit,True,/data/task3_2/share_data/scenesmith/hssd_rendered_assets/xxxx4d019c1fx9a21x4be8x8728x0b12c8b544e1
xxxx532afee6xabbex4e01xb30cx8277ad6273cc,wall mirror,high_priority_semantic_front,front,"[0.0,0.0,1.0]",0.2,,pending_asset_front_audit,True,/data/task3_2/share_data/scenesmith/hssd_rendered_assets/xxxx532afee6xabbex4e01xb30cx8277ad6273cc
05980eee8561a3ebaf0753a2f14f5871611e693e,wall shelf,high_priority_semantic_front,front,"[0.0,0.0,1.0]",0.2,,pending_asset_front_audit,True,/data/task3_2/share_data/scenesmith/hssd_rendered_assets/05980eee8561a3ebaf0753a2f14f5871611e693e
0928513ee59d54e84c3baef6fe2f6daa7c9339b3,wall shelf,high_priority_semantic_front,front,"[0.0,0.0,1.0]",0.2,,pending_asset_front_audit,True,/data/task3_2/share_data/scenesmith/hssd_rendered_assets/0928513ee59d54e84c3baef6fe2f6daa7c9339b3
101d572626187c039c62174c0175fa72e8abf42b,wall shelf,high_priority_semantic_front,front,"[0.0,0.0,1.0]",0.2,,pending_asset_front_audit,True,/data/task3_2/share_data/scenesmith/hssd_rendered_assets/101d572626187c039c62174c0175fa72e8abf42b
27e6430dd4751ae34f91f82e7a33556888d09472,wall shelf,high_priority_semantic_front,front,"[0.0,0.0,1.0]",0.2,,pending_asset_front_audit,True,/data/task3_2/share_data/scenesmith/hssd_rendered_assets/27e6430dd4751ae34f91f82e7a33556888d09472
3220d21b0885b4f0ac2c044d00a76c2ff7844dca,wall shelf,high_priority_semantic_front,front,"[0.0,0.0,1.0]",0.2,,pending_asset_front_audit,True,/data/task3_2/share_data/scenesmith/hssd_rendered_assets/3220d21b0885b4f0ac2c044d00a76c2ff7844dca
3238886494f286496572f06446b15fb020cbd141,wall shelf,high_priority_semantic_front,front,"[0.0,0.0,1.0]",0.2,,pending_asset_front_audit,True,/data/task3_2/share_data/scenesmith/hssd_rendered_assets/3238886494f286496572f06446b15fb020cbd141
39dffad72537148002e94f18ccaea518d731676f,wall shelf,high_priority_semantic_front,front,"[0.0,0.0,1.0]",0.2,,pending_asset_front_audit,True,/data/task3_2/share_data/scenesmith/hssd_rendered_assets/39dffad72537148002e94f18ccaea518d731676f
3a71b31abacb0b14ce5cfeee876c14395a7a863b,wall shelf,high_priority_semantic_front,front,"[0.0,0.0,1.0]",0.2,,pending_asset_front_audit,True,/data/task3_2/share_data/scenesmith/hssd_rendered_assets/3a71b31abacb0b14ce5cfeee876c14395a7a863b
3ba33b1a555a948c60df02c8a532a53c20434157,wall shelf,high_priority_semantic_front,front,"[0.0,0.0,1.0]",0.2,,pending_asset_front_audit,True,/data/task3_2/share_data/scenesmith/hssd_rendered_assets/3ba33b1a555a948c60df02c8a532a53c20434157
4f6dcfa90ddfd8f409d6715c2042815a78805e5b,wall shelf,high_priority_semantic_front,front,"[0.0,0.0,1.0]",0.2,,pending_asset_front_audit,True,/data/task3_2/share_data/scenesmith/hssd_rendered_assets/4f6dcfa90ddfd8f409d6715c2042815a78805e5b
509e24543d3664321e61ff2bb822e2662498776d,wall shelf,high_priority_semantic_front,front,"[0.0,0.0,1.0]",0.2,,pending_asset_front_audit,True,/data/task3_2/share_data/scenesmith/hssd_rendered_assets/509e24543d3664321e61ff2bb822e2662498776d
566f5cb3895ccaf20192b685f64b070658db775b,wall shelf,high_priority_semantic_front,front,"[0.0,0.0,1.0]",0.2,,pending_asset_front_audit,True,/data/task3_2/share_data/scenesmith/hssd_rendered_assets/566f5cb3895ccaf20192b685f64b070658db775b
5bf43afca1520ee67529f9edc1565c871f6b43f0,wall shelf,high_priority_semantic_front,front,"[0.0,0.0,1.0]",0.2,,pending_asset_front_audit,True,/data/task3_2/share_data/scenesmith/hssd_rendered_assets/5bf43afca1520ee67529f9edc1565c871f6b43f0
667a4c469ed19f77edcd355e1b94dcf4d23d6fa2,wall shelf,high_priority_semantic_front,front,"[0.0,0.0,1.0]",0.2,,pending_asset_front_audit,True,/data/task3_2/share_data/scenesmith/hssd_rendered_assets/667a4c469ed19f77edcd355e1b94dcf4d23d6fa2
713ad69872c5d3ea4a86d674135bca47c001fd42,wall shelf,high_priority_semantic_front,front,"[0.0,0.0,1.0]",0.2,,pending_asset_front_audit,True,/data/task3_2/share_data/scenesmith/hssd_rendered_assets/713ad69872c5d3ea4a86d674135bca47c001fd42
75a81b91945da206c06e06afe73ecf99d9e442da,wall shelf,high_priority_semantic_front,front,"[0.0,0.0,1.0]",0.2,,pending_asset_front_audit,True,/data/task3_2/share_data/scenesmith/hssd_rendered_assets/75a81b91945da206c06e06afe73ecf99d9e442da
777a3ddc083879134efc24e02906f18862bde186,wall shelf,high_priority_semantic_front,front,"[0.0,0.0,1.0]",0.2,,pending_asset_front_audit,True,/data/task3_2/share_data/scenesmith/hssd_rendered_assets/777a3ddc083879134efc24e02906f18862bde186
955f02d84252b62dbdccdc1102aa83d8c666444d,wall shelf,high_priority_semantic_front,front,"[0.0,0.0,1.0]",0.2,,pending_asset_front_audit,True,/data/task3_2/share_data/scenesmith/hssd_rendered_assets/955f02d84252b62dbdccdc1102aa83d8c666444d
991df8651a4f5a22ca8d6fbf0ff5026d87d44a9a,wall shelf,high_priority_semantic_front,front,"[0.0,0.0,1.0]",0.2,,pending_asset_front_audit,True,/data/task3_2/share_data/scenesmith/hssd_rendered_assets/991df8651a4f5a22ca8d6fbf0ff5026d87d44a9a
af99ea223925d36ee1da3bab84d524633036ca0a,wall shelf,high_priority_semantic_front,front,"[0.0,0.0,1.0]",0.2,,pending_asset_front_audit,True,/data/task3_2/share_data/scenesmith/hssd_rendered_assets/af99ea223925d36ee1da3bab84d524633036ca0a
ba23621e390fb7acea25384f7c39a79b52d7d293,wall shelf,high_priority_semantic_front,front,"[0.0,0.0,1.0]",0.2,,pending_asset_front_audit,True,/data/task3_2/share_data/scenesmith/hssd_rendered_assets/ba23621e390fb7acea25384f7c39a79b52d7d293
c4dbbac8d1c199dbd41b237578d5665751599fa6,wall shelf,high_priority_semantic_front,front,"[0.0,0.0,1.0]",0.2,,pending_asset_front_audit,True,/data/task3_2/share_data/scenesmith/hssd_rendered_assets/c4dbbac8d1c199dbd41b237578d5665751599fa6
cf9e4449561266d491f1d50c1b6e8a62c4a6e54f,wall shelf,high_priority_semantic_front,front,"[0.0,0.0,1.0]",0.2,,pending_asset_front_audit,True,/data/task3_2/share_data/scenesmith/hssd_rendered_assets/cf9e4449561266d491f1d50c1b6e8a62c4a6e54f
d5aacec3d3632e8f50c118dd2c9981f27ed917a2,wall shelf,high_priority_semantic_front,front,"[0.0,0.0,1.0]",0.2,,pending_asset_front_audit,True,/data/task3_2/share_data/scenesmith/hssd_rendered_assets/d5aacec3d3632e8f50c118dd2c9981f27ed917a2
df6a2cace8d3bad5cf340cf80e8adec3e3d28026,wall shelf,high_priority_semantic_front,front,"[0.0,0.0,1.0]",0.2,,pending_asset_front_audit,True,/data/task3_2/share_data/scenesmith/hssd_rendered_assets/df6a2cace8d3bad5cf340cf80e8adec3e3d28026
e16b4469b195e36ae3f7bda7f7b07248a5391af4,wall shelf,high_priority_semantic_front,front,"[0.0,0.0,1.0]",0.2,,pending_asset_front_audit,True,/data/task3_2/share_data/scenesmith/hssd_rendered_assets/e16b4469b195e36ae3f7bda7f7b07248a5391af4
e586ce33ed5105f3eccad9b2c3d2c11d9f0d27d6,wall shelf,high_priority_semantic_front,front,"[0.0,0.0,1.0]",0.2,,pending_asset_front_audit,True,/data/task3_2/share_data/scenesmith/hssd_rendered_assets/e586ce33ed5105f3eccad9b2c3d2c11d9f0d27d6
efd96c251b994fc62746d841a68390bea941b4a5,wall shelf,high_priority_semantic_front,front,"[0.0,0.0,1.0]",0.2,,pending_asset_front_audit,True,/data/task3_2/share_data/scenesmith/hssd_rendered_assets/efd96c251b994fc62746d841a68390bea941b4a5
f0f7e3ddf79817135625955cf726e2b940f60c74,wall shelf,high_priority_semantic_front,front,"[0.0,0.0,1.0]",0.2,,pending_asset_front_audit,True,/data/task3_2/share_data/scenesmith/hssd_rendered_assets/f0f7e3ddf79817135625955cf726e2b940f60c74
f38789e88b2f8b182f9f5ee8211f1a5b987703cb,wall shelf,high_priority_semantic_front,front,"[0.0,0.0,1.0]",0.2,,pending_asset_front_audit,True,/data/task3_2/share_data/scenesmith/hssd_rendered_assets/f38789e88b2f8b182f9f5ee8211f1a5b987703cb
f5cec0553cf0fd427865f0c6e85212ca7159ce5e,wall shelf,high_priority_semantic_front,front,"[0.0,0.0,1.0]",0.2,,pending_asset_front_audit,True,/data/task3_2/share_data/scenesmith/hssd_rendered_assets/f5cec0553cf0fd427865f0c6e85212ca7159ce5e
fe7eddf6a29810bab781b5ddd983d5f12d41bab6,wall shelf,high_priority_semantic_front,front,"[0.0,0.0,1.0]",0.2,,pending_asset_front_audit,True,/data/task3_2/share_data/scenesmith/hssd_rendered_assets/fe7eddf6a29810bab781b5ddd983d5f12d41bab6
fec094de1a401fd3361ead910c8cbb4ea99ae273,wall shelf,high_priority_semantic_front,front,"[0.0,0.0,1.0]",0.2,,pending_asset_front_audit,True,/data/task3_2/share_data/scenesmith/hssd_rendered_assets/fec094de1a401fd3361ead910c8cbb4ea99ae273
031024e00569909d466d87df9fead90355ba29e5,washer,high_priority_semantic_front,front,"[0.0,0.0,1.0]",0.2,,pending_asset_front_audit,True,/data/task3_2/share_data/scenesmith/hssd_rendered_assets/031024e00569909d466d87df9fead90355ba29e5
1517d14509471540add27760fb8b0ae3ee8b61ec,washer,high_priority_semantic_front,front,"[0.0,0.0,1.0]",0.2,,pending_asset_front_audit,True,/data/task3_2/share_data/scenesmith/hssd_rendered_assets/1517d14509471540add27760fb8b0ae3ee8b61ec
16c33cffd5b62d0d5df5ed6dd607f690ce2ee7c7,washer,high_priority_semantic_front,front,"[0.0,0.0,1.0]",0.2,,pending_asset_front_audit,True,/data/task3_2/share_data/scenesmith/hssd_rendered_assets/16c33cffd5b62d0d5df5ed6dd607f690ce2ee7c7
1c19a987e1bd8c206353d18066b117cc0b21e841,washer,high_priority_semantic_front,front,"[0.0,0.0,1.0]",0.2,,pending_asset_front_audit,True,/data/task3_2/share_data/scenesmith/hssd_rendered_assets/1c19a987e1bd8c206353d18066b117cc0b21e841
2c2b2914fc526f6e8bbe65511ecf58bba0027ec0,washer,high_priority_semantic_front,front,"[0.0,0.0,1.0]",0.2,,pending_asset_front_audit,True,/data/task3_2/share_data/scenesmith/hssd_rendered_assets/2c2b2914fc526f6e8bbe65511ecf58bba0027ec0
31609de54bc7b3cceb58cff41b88b69d7f7db9ec,washer,high_priority_semantic_front,front,"[0.0,0.0,1.0]",0.2,,pending_asset_front_audit,True,/data/task3_2/share_data/scenesmith/hssd_rendered_assets/31609de54bc7b3cceb58cff41b88b69d7f7db9ec
34ae034cec4070e120c6c1c0f74d67c9ed7690c3,washer,high_priority_semantic_front,front,"[0.0,0.0,1.0]",0.2,,pending_asset_front_audit,True,/data/task3_2/share_data/scenesmith/hssd_rendered_assets/34ae034cec4070e120c6c1c0f74d67c9ed7690c3
3c69f2f448fd917843cc2ef9082e80000907ee25,washer,high_priority_semantic_front,front,"[0.0,0.0,1.0]",0.2,,pending_asset_front_audit,True,/data/task3_2/share_data/scenesmith/hssd_rendered_assets/3c69f2f448fd917843cc2ef9082e80000907ee25
434d62df4ddc67fbd923c529eaf27c9dc08b4abc,washer,high_priority_semantic_front,front,"[0.0,0.0,1.0]",0.2,,pending_asset_front_audit,True,/data/task3_2/share_data/scenesmith/hssd_rendered_assets/434d62df4ddc67fbd923c529eaf27c9dc08b4abc
4bc6f883a374400355bcf95e611a4e8f8b950ed5,washer,high_priority_semantic_front,front,"[0.0,0.0,1.0]",0.2,,pending_asset_front_audit,True,/data/task3_2/share_data/scenesmith/hssd_rendered_assets/4bc6f883a374400355bcf95e611a4e8f8b950ed5
6cd2dc2611c27f758c972b4874efad8c8cbd5d29,washer,high_priority_semantic_front,front,"[0.0,0.0,1.0]",0.2,,pending_asset_front_audit,True,/data/task3_2/share_data/scenesmith/hssd_rendered_assets/6cd2dc2611c27f758c972b4874efad8c8cbd5d29
74866c6d0cdfeda45f2da0ad289f7af86410d0cf,washer,high_priority_semantic_front,front,"[0.0,0.0,1.0]",0.2,,pending_asset_front_audit,True,/data/task3_2/share_data/scenesmith/hssd_rendered_assets/74866c6d0cdfeda45f2da0ad289f7af86410d0cf
856317b238f6a70ae6f0afffed1f6d5e3ab7b80c,washer,high_priority_semantic_front,front,"[0.0,0.0,1.0]",0.2,,pending_asset_front_audit,True,/data/task3_2/share_data/scenesmith/hssd_rendered_assets/856317b238f6a70ae6f0afffed1f6d5e3ab7b80c
912447108f21083d877aab6653742fceccc6ce7d,washer,high_priority_semantic_front,front,"[0.0,0.0,1.0]",0.2,,pending_asset_front_audit,True,/data/task3_2/share_data/scenesmith/hssd_rendered_assets/912447108f21083d877aab6653742fceccc6ce7d
a4f1e3aedb9415eaaba4a699ebd333a1833c1b2e,washer,high_priority_semantic_front,front,"[0.0,0.0,1.0]",0.2,,pending_asset_front_audit,True,/data/task3_2/share_data/scenesmith/hssd_rendered_assets/a4f1e3aedb9415eaaba4a699ebd333a1833c1b2e
cb3c78e27d6c41029e427fe05d5b2f08b60bd132,washer,high_priority_semantic_front,front,"[0.0,0.0,1.0]",0.2,,pending_asset_front_audit,True,/data/task3_2/share_data/scenesmith/hssd_rendered_assets/cb3c78e27d6c41029e427fe05d5b2f08b60bd132
cfcb3d204d92b039136f28eadba5a7d408edfbae,washer,high_priority_semantic_front,front,"[0.0,0.0,1.0]",0.2,,pending_asset_front_audit,True,/data/task3_2/share_data/scenesmith/hssd_rendered_assets/cfcb3d204d92b039136f28eadba5a7d408edfbae
d7cff6be2c6d625f006c525c88cec4ec25c8a2c3,washer,high_priority_semantic_front,front,"[0.0,0.0,1.0]",0.2,,pending_asset_front_audit,True,/data/task3_2/share_data/scenesmith/hssd_rendered_assets/d7cff6be2c6d625f006c525c88cec4ec25c8a2c3
eccf8ba37c804b9067e675f09eec2c13e951f61c,washer,high_priority_semantic_front,front,"[0.0,0.0,1.0]",0.2,,pending_asset_front_audit,True,/data/task3_2/share_data/scenesmith/hssd_rendered_assets/eccf8ba37c804b9067e675f09eec2c13e951f61c
faefe63ba896c06920aa6d23b05ab83f3d6d37ea,washer,high_priority_semantic_front,front,"[0.0,0.0,1.0]",0.2,,pending_asset_front_audit,True,/data/task3_2/share_data/scenesmith/hssd_rendered_assets/faefe63ba896c06920aa6d23b05ab83f3d6d37ea
047b04d3192d8ba22aeeab2c6f9fc63766926cd4,bar stool,policy_front_review_required,front,"[0.0,0.0,1.0]",0.2,,pending_asset_front_audit,True,/data/task3_2/share_data/scenesmith/hssd_rendered_assets/047b04d3192d8ba22aeeab2c6f9fc63766926cd4
11784b6fa57207d9f49ee6732224ff7443bb4d02,bar stool,policy_front_review_required,front,"[0.0,0.0,1.0]",0.2,,pending_asset_front_audit,True,/data/task3_2/share_data/scenesmith/hssd_rendered_assets/11784b6fa57207d9f49ee6732224ff7443bb4d02
126fe05d3f516e671156b15b372704fb6300e6ad,bar stool,policy_front_review_required,front,"[0.0,0.0,1.0]",0.2,,pending_asset_front_audit,True,/data/task3_2/share_data/scenesmith/hssd_rendered_assets/126fe05d3f516e671156b15b372704fb6300e6ad
184382b6dbdf95f4eecaa8ebf14a524ed16cf060,bar stool,policy_front_review_required,front,"[0.0,0.0,1.0]",0.2,,pending_asset_front_audit,True,/data/task3_2/share_data/scenesmith/hssd_rendered_assets/184382b6dbdf95f4eecaa8ebf14a524ed16cf060
1c514e4ad1502d8ee2b4eda0052dad9ae2e76e7e,bar stool,policy_front_review_required,front,"[0.0,0.0,1.0]",0.2,,pending_asset_front_audit,True,/data/task3_2/share_data/scenesmith/hssd_rendered_assets/1c514e4ad1502d8ee2b4eda0052dad9ae2e76e7e
2112e4a0502a9acbcfa25601e5ea04fd3b064c1b,bar stool,policy_front_review_required,front,"[0.0,0.0,1.0]",0.2,,pending_asset_front_audit,True,/data/task3_2/share_data/scenesmith/hssd_rendered_assets/2112e4a0502a9acbcfa25601e5ea04fd3b064c1b
224c8c929394bdc4be0c5410b8c13b73e4e6f58e,bar stool,policy_front_review_required,front,"[0.0,0.0,1.0]",0.2,,pending_asset_front_audit,True,/data/task3_2/share_data/scenesmith/hssd_rendered_assets/224c8c929394bdc4be0c5410b8c13b73e4e6f58e
2948bdf07588c4e67710e621b2f3c3cced217a53,bar stool,policy_front_review_required,front,"[0.0,0.0,1.0]",0.2,,pending_asset_front_audit,True,/data/task3_2/share_data/scenesmith/hssd_rendered_assets/2948bdf07588c4e67710e621b2f3c3cced217a53
334f847f27c9cac8e0f2f24314ecd3823e15b7b9,bar stool,policy_front_review_required,front,"[0.0,0.0,1.0]",0.2,,pending_asset_front_audit,True,/data/task3_2/share_data/scenesmith/hssd_rendered_assets/334f847f27c9cac8e0f2f24314ecd3823e15b7b9
34fe85709417034d6ef106b5f44a2cf649b98afb,bar stool,policy_front_review_required,front,"[0.0,0.0,1.0]",0.2,,pending_asset_front_audit,True,/data/task3_2/share_data/scenesmith/hssd_rendered_assets/34fe85709417034d6ef106b5f44a2cf649b98afb
391b8235ecdb4220e93279c89d7b3c9f4daf2c7b,bar stool,policy_front_review_required,front,"[0.0,0.0,1.0]",0.2,,pending_asset_front_audit,True,/data/task3_2/share_data/scenesmith/hssd_rendered_assets/391b8235ecdb4220e93279c89d7b3c9f4daf2c7b
3991fc8cf0d437edb68b823550fb62a7ebbf7c63,bar stool,policy_front_review_required,front,"[0.0,0.0,1.0]",0.2,,pending_asset_front_audit,True,/data/task3_2/share_data/scenesmith/hssd_rendered_assets/3991fc8cf0d437edb68b823550fb62a7ebbf7c63
3ad2e833faa41df0724ecd65ba02957866ae9754,bar stool,policy_front_review_required,front,"[0.0,0.0,1.0]",0.2,,pending_asset_front_audit,True,/data/task3_2/share_data/scenesmith/hssd_rendered_assets/3ad2e833faa41df0724ecd65ba02957866ae9754
4067df5c246f5cfa298939c935aaef5775284b34,bar stool,policy_front_review_required,front,"[0.0,0.0,1.0]",0.2,,pending_asset_front_audit,True,/data/task3_2/share_data/scenesmith/hssd_rendered_assets/4067df5c246f5cfa298939c935aaef5775284b34
545340f9d0725bd0ae167ba9eeaac354d52a2bad,bar stool,policy_front_review_required,front,"[0.0,0.0,1.0]",0.2,,pending_asset_front_audit,True,/data/task3_2/share_data/scenesmith/hssd_rendered_assets/545340f9d0725bd0ae167ba9eeaac354d52a2bad
58038ec89b90f23a319ba82181cd6075f9cc7e9d,bar stool,policy_front_review_required,front,"[0.0,0.0,1.0]",0.2,,pending_asset_front_audit,True,/data/task3_2/share_data/scenesmith/hssd_rendered_assets/58038ec89b90f23a319ba82181cd6075f9cc7e9d
5cbddc4215af577a945d42dae708197b48a6a14e,bar stool,policy_front_review_required,front,"[0.0,0.0,1.0]",0.2,,pending_asset_front_audit,True,/data/task3_2/share_data/scenesmith/hssd_rendered_assets/5cbddc4215af577a945d42dae708197b48a6a14e
6117d5d99931f10fb6bfb98f00ed90c4e5a0a392,bar stool,policy_front_review_required,front,"[0.0,0.0,1.0]",0.2,,pending_asset_front_audit,True,/data/task3_2/share_data/scenesmith/hssd_rendered_assets/6117d5d99931f10fb6bfb98f00ed90c4e5a0a392
612bd96482db881c089aa26e4a5a3c34ed702955,bar stool,policy_front_review_required,front,"[0.0,0.0,1.0]",0.2,,pending_asset_front_audit,True,/data/task3_2/share_data/scenesmith/hssd_rendered_assets/612bd96482db881c089aa26e4a5a3c34ed702955
666f8db2b1c76350279f68e357d4b9703e351e7d,bar stool,policy_front_review_required,front,"[0.0,0.0,1.0]",0.2,,pending_asset_front_audit,True,/data/task3_2/share_data/scenesmith/hssd_rendered_assets/666f8db2b1c76350279f68e357d4b9703e351e7d
6b53098d778658f40faed8e104b0861fd1a6165f,bar stool,policy_front_review_required,front,"[0.0,0.0,1.0]",0.2,,pending_asset_front_audit,True,/data/task3_2/share_data/scenesmith/hssd_rendered_assets/6b53098d778658f40faed8e104b0861fd1a6165f
6cfbab6fbead50330d3eac8b628c26be9eb149bf,bar stool,policy_front_review_required,front,"[0.0,0.0,1.0]",0.2,,pending_asset_front_audit,True,/data/task3_2/share_data/scenesmith/hssd_rendered_assets/6cfbab6fbead50330d3eac8b628c26be9eb149bf
756d80b4a361683eca98dd939a355ed1eb1c48ab,bar stool,policy_front_review_required,front,"[0.0,0.0,1.0]",0.2,,pending_asset_front_audit,True,/data/task3_2/share_data/scenesmith/hssd_rendered_assets/756d80b4a361683eca98dd939a355ed1eb1c48ab
782f0a9b9f354f0055c0ba551ebde2f459b83a09,bar stool,policy_front_review_required,front,"[0.0,0.0,1.0]",0.2,,pending_asset_front_audit,True,/data/task3_2/share_data/scenesmith/hssd_rendered_assets/782f0a9b9f354f0055c0ba551ebde2f459b83a09
7f9030c3279fb077a57c4f7120c52a3c2d57d992,bar stool,policy_front_review_required,front,"[0.0,0.0,1.0]",0.2,,pending_asset_front_audit,True,/data/task3_2/share_data/scenesmith/hssd_rendered_assets/7f9030c3279fb077a57c4f7120c52a3c2d57d992
8f8f39f1d8eff3bdc862b32ba4f9ea9683baf311,bar stool,policy_front_review_required,front,"[0.0,0.0,1.0]",0.2,,pending_asset_front_audit,True,/data/task3_2/share_data/scenesmith/hssd_rendered_assets/8f8f39f1d8eff3bdc862b32ba4f9ea9683baf311
9d4ee7bef7a67c864be3e966624ddb76bea54391,bar stool,policy_front_review_required,front,"[0.0,0.0,1.0]",0.2,,pending_asset_front_audit,True,/data/task3_2/share_data/scenesmith/hssd_rendered_assets/9d4ee7bef7a67c864be3e966624ddb76bea54391
9e4c0f3a3d82c27fc2bf9c3da72698d9a13873d0,bar stool,policy_front_review_required,front,"[0.0,0.0,1.0]",0.2,,pending_asset_front_audit,True,/data/task3_2/share_data/scenesmith/hssd_rendered_assets/9e4c0f3a3d82c27fc2bf9c3da72698d9a13873d0
9f71a3f4dbdfbddea90df19ef9208f5e99adb1e8,bar stool,policy_front_review_required,front,"[0.0,0.0,1.0]",0.2,,pending_asset_front_audit,True,/data/task3_2/share_data/scenesmith/hssd_rendered_assets/9f71a3f4dbdfbddea90df19ef9208f5e99adb1e8
a50113c91dbd26014e5b4d2aa0fac9f386fa1760,bar stool,policy_front_review_required,front,"[0.0,0.0,1.0]",0.2,,pending_asset_front_audit,True,/data/task3_2/share_data/scenesmith/hssd_rendered_assets/a50113c91dbd26014e5b4d2aa0fac9f386fa1760
a93e63769a22a4458ac2801e5a2bca98912fe2c5,bar stool,policy_front_review_required,front,"[0.0,0.0,1.0]",0.2,,pending_asset_front_audit,True,/data/task3_2/share_data/scenesmith/hssd_rendered_assets/a93e63769a22a4458ac2801e5a2bca98912fe2c5
ae1286a6a9927d2641b0dc02d30082cc35ac7b3c,bar stool,policy_front_review_required,front,"[0.0,0.0,1.0]",0.2,,pending_asset_front_audit,True,/data/task3_2/share_data/scenesmith/hssd_rendered_assets/ae1286a6a9927d2641b0dc02d30082cc35ac7b3c
af6ba002ca336c58af252b6de53b36aa1387ca79,bar stool,policy_front_review_required,front,"[0.0,0.0,1.0]",0.2,,pending_asset_front_audit,True,/data/task3_2/share_data/scenesmith/hssd_rendered_assets/af6ba002ca336c58af252b6de53b36aa1387ca79
b1abf7722a2b5ddf82c254397a60d4869b60b180,bar stool,policy_front_review_required,front,"[0.0,0.0,1.0]",0.2,,pending_asset_front_audit,True,/data/task3_2/share_data/scenesmith/hssd_rendered_assets/b1abf7722a2b5ddf82c254397a60d4869b60b180
b1d3e9a9e7d3ee1816993d21100540ac96b786b0,bar stool,policy_front_review_required,front,"[0.0,0.0,1.0]",0.2,,pending_asset_front_audit,True,/data/task3_2/share_data/scenesmith/hssd_rendered_assets/b1d3e9a9e7d3ee1816993d21100540ac96b786b0
bcffb4ec757c1814f37a0ef8a8f350a430aed2c9,bar stool,policy_front_review_required,front,"[0.0,0.0,1.0]",0.2,,pending_asset_front_audit,True,/data/task3_2/share_data/scenesmith/hssd_rendered_assets/bcffb4ec757c1814f37a0ef8a8f350a430aed2c9
c660936d5a679d0077dc6ceb13c2f589f17fc84e,bar stool,policy_front_review_required,front,"[0.0,0.0,1.0]",0.2,,pending_asset_front_audit,True,/data/task3_2/share_data/scenesmith/hssd_rendered_assets/c660936d5a679d0077dc6ceb13c2f589f17fc84e
c96b2c23c84e0cafea2843ea938842942e9a1912,bar stool,policy_front_review_required,front,"[0.0,0.0,1.0]",0.2,,pending_asset_front_audit,True,/data/task3_2/share_data/scenesmith/hssd_rendered_assets/c96b2c23c84e0cafea2843ea938842942e9a1912
cad3220ee0d123ee63b787674074a2ae7c711705,bar stool,policy_front_review_required,front,"[0.0,0.0,1.0]",0.2,,pending_asset_front_audit,True,/data/task3_2/share_data/scenesmith/hssd_rendered_assets/cad3220ee0d123ee63b787674074a2ae7c711705
d10ff3f71a5e1a0534fc43132d54b5a083b8d17f,bar stool,policy_front_review_required,front,"[0.0,0.0,1.0]",0.2,,pending_asset_front_audit,True,/data/task3_2/share_data/scenesmith/hssd_rendered_assets/d10ff3f71a5e1a0534fc43132d54b5a083b8d17f
d2e1e139bb1f21390b5e121f66fb11e421d43086,bar stool,policy_front_review_required,front,"[0.0,0.0,1.0]",0.2,,pending_asset_front_audit,True,/data/task3_2/share_data/scenesmith/hssd_rendered_assets/d2e1e139bb1f21390b5e121f66fb11e421d43086
d6128825db57eb2c2c2c097ce60d96e551c66e1a,bar stool,policy_front_review_required,front,"[0.0,0.0,1.0]",0.2,,pending_asset_front_audit,True,/data/task3_2/share_data/scenesmith/hssd_rendered_assets/d6128825db57eb2c2c2c097ce60d96e551c66e1a
dbce8b7313cd8c2c3689cf4083956ba734228e01,bar stool,policy_front_review_required,front,"[0.0,0.0,1.0]",0.2,,pending_asset_front_audit,True,/data/task3_2/share_data/scenesmith/hssd_rendered_assets/dbce8b7313cd8c2c3689cf4083956ba734228e01
dc07f853077fb9f32ceefe36e4e7764b60011416,bar stool,policy_front_review_required,front,"[0.0,0.0,1.0]",0.2,,pending_asset_front_audit,True,/data/task3_2/share_data/scenesmith/hssd_rendered_assets/dc07f853077fb9f32ceefe36e4e7764b60011416
e0baad8025ad1003e826cd416cc98ddb87710594,bar stool,policy_front_review_required,front,"[0.0,0.0,1.0]",0.2,,pending_asset_front_audit,True,/data/task3_2/share_data/scenesmith/hssd_rendered_assets/e0baad8025ad1003e826cd416cc98ddb87710594
e118fd6332d76572b3b70773139da0c16ab45ed1,bar stool,policy_front_review_required,front,"[0.0,0.0,1.0]",0.2,,pending_asset_front_audit,True,/data/task3_2/share_data/scenesmith/hssd_rendered_assets/e118fd6332d76572b3b70773139da0c16ab45ed1
e79cc86164f770f3b04f9186b8a60754cf6a5837,bar stool,policy_front_review_required,front,"[0.0,0.0,1.0]",0.2,,pending_asset_front_audit,True,/data/task3_2/share_data/scenesmith/hssd_rendered_assets/e79cc86164f770f3b04f9186b8a60754cf6a5837
eaf68a8a76fbd548ed20c01a67e66f491ce7708a,bar stool,policy_front_review_required,front,"[0.0,0.0,1.0]",0.2,,pending_asset_front_audit,True,/data/task3_2/share_data/scenesmith/hssd_rendered_assets/eaf68a8a76fbd548ed20c01a67e66f491ce7708a
ebcbc9105cb08694adb8dd6f7a154ac70774da7f,bar stool,policy_front_review_required,front,"[0.0,0.0,1.0]",0.2,,pending_asset_front_audit,True,/data/task3_2/share_data/scenesmith/hssd_rendered_assets/ebcbc9105cb08694adb8dd6f7a154ac70774da7f
ecf9c55086b8956599d460605eead478a796465b,bar stool,policy_front_review_required,front,"[0.0,0.0,1.0]",0.2,,pending_asset_front_audit,True,/data/task3_2/share_data/scenesmith/hssd_rendered_assets/ecf9c55086b8956599d460605eead478a796465b
f26b000e45fa07004a6260e3fdf205b9115a8731,bar stool,policy_front_review_required,front,"[0.0,0.0,1.0]",0.2,,pending_asset_front_audit,True,/data/task3_2/share_data/scenesmith/hssd_rendered_assets/f26b000e45fa07004a6260e3fdf205b9115a8731
f3501c9f2e9bc96d7aef82379ecdcaf46934430a,bar stool,policy_front_review_required,front,"[0.0,0.0,1.0]",0.2,,pending_asset_front_audit,True,/data/task3_2/share_data/scenesmith/hssd_rendered_assets/f3501c9f2e9bc96d7aef82379ecdcaf46934430a
f645034c4539d35096c1b6191bbfdf7699b4ea6e,bar stool,policy_front_review_required,front,"[0.0,0.0,1.0]",0.2,,pending_asset_front_audit,True,/data/task3_2/share_data/scenesmith/hssd_rendered_assets/f645034c4539d35096c1b6191bbfdf7699b4ea6e
f8e37093ef38211864cbbb39ecdb78083984abd7,bar stool,policy_front_review_required,front,"[0.0,0.0,1.0]",0.2,,pending_asset_front_audit,True,/data/task3_2/share_data/scenesmith/hssd_rendered_assets/f8e37093ef38211864cbbb39ecdb78083984abd7
xxxxcc998956x4dc7x46b1x8b9fx984760a56878,bar stool,policy_front_review_required,front,"[0.0,0.0,1.0]",0.2,,pending_asset_front_audit,True,/data/task3_2/share_data/scenesmith/hssd_rendered_assets/xxxxcc998956x4dc7x46b1x8b9fx984760a56878
0b28920a9c0655a6061b47049d7a50d9c4918840,"bar stool.n.01,chair",policy_front_review_required,front,"[0.0,0.0,1.0]",0.2,,pending_asset_front_audit,True,/data/task3_2/share_data/scenesmith/hssd_rendered_assets/0b28920a9c0655a6061b47049d7a50d9c4918840
0bc0075df6300263a1be7a5363688dd42e091ee2,"bar stool.n.01,chair",policy_front_review_required,front,"[0.0,0.0,1.0]",0.2,,pending_asset_front_audit,True,/data/task3_2/share_data/scenesmith/hssd_rendered_assets/0bc0075df6300263a1be7a5363688dd42e091ee2
0f5071c46d79d10cdc0783e1abf514c3bfa94ba2,"bar stool.n.01,chair",policy_front_review_required,front,"[0.0,0.0,1.0]",0.2,,pending_asset_front_audit,True,/data/task3_2/share_data/scenesmith/hssd_rendered_assets/0f5071c46d79d10cdc0783e1abf514c3bfa94ba2
11f512fac6afce6db598ad0738397d03cb52ffaf,"bar stool.n.01,chair",policy_front_review_required,front,"[0.0,0.0,1.0]",0.2,,pending_asset_front_audit,True,/data/task3_2/share_data/scenesmith/hssd_rendered_assets/11f512fac6afce6db598ad0738397d03cb52ffaf
1364c0da6821bc2e94fe63406c1032d1b124b1f7,"bar stool.n.01,chair",policy_front_review_required,front,"[0.0,0.0,1.0]",0.2,,pending_asset_front_audit,True,/data/task3_2/share_data/scenesmith/hssd_rendered_assets/1364c0da6821bc2e94fe63406c1032d1b124b1f7
1d89c14d0e90666f0da196b7a90ed7dbfa8ad1a5,"bar stool.n.01,chair",policy_front_review_required,front,"[0.0,0.0,1.0]",0.2,,pending_asset_front_audit,True,/data/task3_2/share_data/scenesmith/hssd_rendered_assets/1d89c14d0e90666f0da196b7a90ed7dbfa8ad1a5
23434bad597767536e19c5cf37c97bff4bf46bf0,"bar stool.n.01,chair",policy_front_review_required,front,"[0.0,0.0,1.0]",0.2,,pending_asset_front_audit,True,/data/task3_2/share_data/scenesmith/hssd_rendered_assets/23434bad597767536e19c5cf37c97bff4bf46bf0
248cabd8b55d854ac4f74627680fa9abbb1dfbfa,"bar stool.n.01,chair",policy_front_review_required,front,"[0.0,0.0,1.0]",0.2,,pending_asset_front_audit,True,/data/task3_2/share_data/scenesmith/hssd_rendered_assets/248cabd8b55d854ac4f74627680fa9abbb1dfbfa
27ea235b966f93840284a7110b559a7f61bca2a1,"bar stool.n.01,chair",policy_front_review_required,front,"[0.0,0.0,1.0]",0.2,,pending_asset_front_audit,True,/data/task3_2/share_data/scenesmith/hssd_rendered_assets/27ea235b966f93840284a7110b559a7f61bca2a1
34466b8622f352c9ab079d3718b0ec604438e205,"bar stool.n.01,chair",policy_front_review_required,front,"[0.0,0.0,1.0]",0.2,,pending_asset_front_audit,True,/data/task3_2/share_data/scenesmith/hssd_rendered_assets/34466b8622f352c9ab079d3718b0ec604438e205
3457594417bd884d6d75e7c19420f474d6b9fda3,"bar stool.n.01,chair",policy_front_review_required,front,"[0.0,0.0,1.0]",0.2,,pending_asset_front_audit,True,/data/task3_2/share_data/scenesmith/hssd_rendered_assets/3457594417bd884d6d75e7c19420f474d6b9fda3
356e59560b1913d160ce61a14b34fdfe4f89b51e,"bar stool.n.01,chair",policy_front_review_required,front,"[0.0,0.0,1.0]",0.2,,pending_asset_front_audit,True,/data/task3_2/share_data/scenesmith/hssd_rendered_assets/356e59560b1913d160ce61a14b34fdfe4f89b51e
3f1c992440ec4014a37aa208b32124415d1a1aec,"bar stool.n.01,chair",policy_front_review_required,front,"[0.0,0.0,1.0]",0.2,,pending_asset_front_audit,True,/data/task3_2/share_data/scenesmith/hssd_rendered_assets/3f1c992440ec4014a37aa208b32124415d1a1aec
438c168947bf8835b1854cd9f640701515acd6cc,"bar stool.n.01,chair",policy_front_review_required,front,"[0.0,0.0,1.0]",0.2,,pending_asset_front_audit,True,/data/task3_2/share_data/scenesmith/hssd_rendered_assets/438c168947bf8835b1854cd9f640701515acd6cc
4973f8c723f12e3789e5c3a0c1245476b1a55d56,"bar stool.n.01,chair",policy_front_review_required,front,"[0.0,0.0,1.0]",0.2,,pending_asset_front_audit,True,/data/task3_2/share_data/scenesmith/hssd_rendered_assets/4973f8c723f12e3789e5c3a0c1245476b1a55d56
4c6cb2ee5dc841772b4ac652973ed4d43c60fbd0,"bar stool.n.01,chair",policy_front_review_required,front,"[0.0,0.0,1.0]",0.2,,pending_asset_front_audit,True,/data/task3_2/share_data/scenesmith/hssd_rendered_assets/4c6cb2ee5dc841772b4ac652973ed4d43c60fbd0
541340b13904d7b99737e6dde6a1a7687375f4f1,"bar stool.n.01,chair",policy_front_review_required,front,"[0.0,0.0,1.0]",0.2,,pending_asset_front_audit,True,/data/task3_2/share_data/scenesmith/hssd_rendered_assets/541340b13904d7b99737e6dde6a1a7687375f4f1
566b7e9ffebc2cc3aa9edd84f86f34342dd6ebc9,"bar stool.n.01,chair",policy_front_review_required,front,"[0.0,0.0,1.0]",0.2,,pending_asset_front_audit,True,/data/task3_2/share_data/scenesmith/hssd_rendered_assets/566b7e9ffebc2cc3aa9edd84f86f34342dd6ebc9
59e2098bdf649cd68c660a4ef8c31c70c0c9fe26,"bar stool.n.01,chair",policy_front_review_required,front,"[0.0,0.0,1.0]",0.2,,pending_asset_front_audit,True,/data/task3_2/share_data/scenesmith/hssd_rendered_assets/59e2098bdf649cd68c660a4ef8c31c70c0c9fe26
609af80af4fb45e772a2109a7a4876b73601fb6b,"bar stool.n.01,chair",policy_front_review_required,front,"[0.0,0.0,1.0]",0.2,,pending_asset_front_audit,True,/data/task3_2/share_data/scenesmith/hssd_rendered_assets/609af80af4fb45e772a2109a7a4876b73601fb6b
610b7e66197c5b75f12419bb78f3843497652844,"bar stool.n.01,chair",policy_front_review_required,front,"[0.0,0.0,1.0]",0.2,,pending_asset_front_audit,True,/data/task3_2/share_data/scenesmith/hssd_rendered_assets/610b7e66197c5b75f12419bb78f3843497652844
66528997d9897c4643533b42e09d90141fd0d425,"bar stool.n.01,chair",policy_front_review_required,front,"[0.0,0.0,1.0]",0.2,,pending_asset_front_audit,True,/data/task3_2/share_data/scenesmith/hssd_rendered_assets/66528997d9897c4643533b42e09d90141fd0d425
670c0caf8cb7df8466c675d7c91f7877840f9513,"bar stool.n.01,chair",policy_front_review_required,front,"[0.0,0.0,1.0]",0.2,,pending_asset_front_audit,True,/data/task3_2/share_data/scenesmith/hssd_rendered_assets/670c0caf8cb7df8466c675d7c91f7877840f9513
70bd930f4beef594c96e8f228535b7f188a161ef,"bar stool.n.01,chair",policy_front_review_required,front,"[0.0,0.0,1.0]",0.2,,pending_asset_front_audit,True,/data/task3_2/share_data/scenesmith/hssd_rendered_assets/70bd930f4beef594c96e8f228535b7f188a161ef
74c731f0fbabe83250821f9dcdbd338a2955a926,"bar stool.n.01,chair",policy_front_review_required,front,"[0.0,0.0,1.0]",0.2,,pending_asset_front_audit,True,/data/task3_2/share_data/scenesmith/hssd_rendered_assets/74c731f0fbabe83250821f9dcdbd338a2955a926
7534d4cbcda0f20cd110512709dec4e861b29e1e,"bar stool.n.01,chair",policy_front_review_required,front,"[0.0,0.0,1.0]",0.2,,pending_asset_front_audit,True,/data/task3_2/share_data/scenesmith/hssd_rendered_assets/7534d4cbcda0f20cd110512709dec4e861b29e1e
7c5632f0e8e25ddaa6c35b84b2ddbf293c80fa56,"bar stool.n.01,chair",policy_front_review_required,front,"[0.0,0.0,1.0]",0.2,,pending_asset_front_audit,True,/data/task3_2/share_data/scenesmith/hssd_rendered_assets/7c5632f0e8e25ddaa6c35b84b2ddbf293c80fa56
817661670eecf26fc9a1b273782f7d003c4d046d,"bar stool.n.01,chair",policy_front_review_required,front,"[0.0,0.0,1.0]",0.2,,pending_asset_front_audit,True,/data/task3_2/share_data/scenesmith/hssd_rendered_assets/817661670eecf26fc9a1b273782f7d003c4d046d
84483aa867f177fad5ab8bac3ff7fb95ac628674,"bar stool.n.01,chair",policy_front_review_required,front,"[0.0,0.0,1.0]",0.2,,pending_asset_front_audit,True,/data/task3_2/share_data/scenesmith/hssd_rendered_assets/84483aa867f177fad5ab8bac3ff7fb95ac628674
84743ba8e74e6e3e1ab7c4f44fe08a53c9fb8375,"bar stool.n.01,chair",policy_front_review_required,front,"[0.0,0.0,1.0]",0.2,,pending_asset_front_audit,True,/data/task3_2/share_data/scenesmith/hssd_rendered_assets/84743ba8e74e6e3e1ab7c4f44fe08a53c9fb8375
97a80eceeef626cc6d768b0fd523f2477a4efbb7,"bar stool.n.01,chair",policy_front_review_required,front,"[0.0,0.0,1.0]",0.2,,pending_asset_front_audit,True,/data/task3_2/share_data/scenesmith/hssd_rendered_assets/97a80eceeef626cc6d768b0fd523f2477a4efbb7
9ed2bbc333bd130f0c167e66fc32f3aeaa3c13f1,"bar stool.n.01,chair",policy_front_review_required,front,"[0.0,0.0,1.0]",0.2,,pending_asset_front_audit,True,/data/task3_2/share_data/scenesmith/hssd_rendered_assets/9ed2bbc333bd130f0c167e66fc32f3aeaa3c13f1
9f2e21ccd7fde1289591abb78633b6698402d158,"bar stool.n.01,chair",policy_front_review_required,front,"[0.0,0.0,1.0]",0.2,,pending_asset_front_audit,True,/data/task3_2/share_data/scenesmith/hssd_rendered_assets/9f2e21ccd7fde1289591abb78633b6698402d158
9f2ea93fc2fa33ddc209724b32c9be160a11b81b,"bar stool.n.01,chair",policy_front_review_required,front,"[0.0,0.0,1.0]",0.2,,pending_asset_front_audit,True,/data/task3_2/share_data/scenesmith/hssd_rendered_assets/9f2ea93fc2fa33ddc209724b32c9be160a11b81b
aaa389ae6c9465fe510a26cfa3e65b8fdc1fcfda,"bar stool.n.01,chair",policy_front_review_required,front,"[0.0,0.0,1.0]",0.2,,pending_asset_front_audit,True,/data/task3_2/share_data/scenesmith/hssd_rendered_assets/aaa389ae6c9465fe510a26cfa3e65b8fdc1fcfda
ac791fc96e000a72e5161c3fd04af3a4779b1cbc,"bar stool.n.01,chair",policy_front_review_required,front,"[0.0,0.0,1.0]",0.2,,pending_asset_front_audit,True,/data/task3_2/share_data/scenesmith/hssd_rendered_assets/ac791fc96e000a72e5161c3fd04af3a4779b1cbc
b58bd584d69cc895ff6ff4cd7220e747369ae8dd,"bar stool.n.01,chair",policy_front_review_required,front,"[0.0,0.0,1.0]",0.2,,pending_asset_front_audit,True,/data/task3_2/share_data/scenesmith/hssd_rendered_assets/b58bd584d69cc895ff6ff4cd7220e747369ae8dd
b9f7f100ebccf261a60939c7884646503ff46c1a,"bar stool.n.01,chair",policy_front_review_required,front,"[0.0,0.0,1.0]",0.2,,pending_asset_front_audit,True,/data/task3_2/share_data/scenesmith/hssd_rendered_assets/b9f7f100ebccf261a60939c7884646503ff46c1a
c0d4b6fda3a91e9d180027c44a669e879511a6d6,"bar stool.n.01,chair",policy_front_review_required,front,"[0.0,0.0,1.0]",0.2,,pending_asset_front_audit,True,/data/task3_2/share_data/scenesmith/hssd_rendered_assets/c0d4b6fda3a91e9d180027c44a669e879511a6d6
c1f260d17a70727d2f9716f5967e557d1d7e5705,"bar stool.n.01,chair",policy_front_review_required,front,"[0.0,0.0,1.0]",0.2,,pending_asset_front_audit,True,/data/task3_2/share_data/scenesmith/hssd_rendered_assets/c1f260d17a70727d2f9716f5967e557d1d7e5705
c7f45cada6b754881b3d15a7d15349def842ea00,"bar stool.n.01,chair",policy_front_review_required,front,"[0.0,0.0,1.0]",0.2,,pending_asset_front_audit,True,/data/task3_2/share_data/scenesmith/hssd_rendered_assets/c7f45cada6b754881b3d15a7d15349def842ea00
ce64089b08a3ba3e5a2c4c8e70c627c71c64cccc,"bar stool.n.01,chair",policy_front_review_required,front,"[0.0,0.0,1.0]",0.2,,pending_asset_front_audit,True,/data/task3_2/share_data/scenesmith/hssd_rendered_assets/ce64089b08a3ba3e5a2c4c8e70c627c71c64cccc
d2c1d07b7acb5e2b41eb1d2e2f1dad418c05d3cb,"bar stool.n.01,chair",policy_front_review_required,front,"[0.0,0.0,1.0]",0.2,,pending_asset_front_audit,True,/data/task3_2/share_data/scenesmith/hssd_rendered_assets/d2c1d07b7acb5e2b41eb1d2e2f1dad418c05d3cb
d75867a5c05d6d9c604b153e5da23b071585d0fd,"bar stool.n.01,chair",policy_front_review_required,front,"[0.0,0.0,1.0]",0.2,,pending_asset_front_audit,True,/data/task3_2/share_data/scenesmith/hssd_rendered_assets/d75867a5c05d6d9c604b153e5da23b071585d0fd
df2e4c4fe307ad310fc5b5d093b44cca049aa043,"bar stool.n.01,chair",policy_front_review_required,front,"[0.0,0.0,1.0]",0.2,,pending_asset_front_audit,True,/data/task3_2/share_data/scenesmith/hssd_rendered_assets/df2e4c4fe307ad310fc5b5d093b44cca049aa043
e332bed7b24ffe5e507ab93223afcdbe11484cab,"bar stool.n.01,chair",policy_front_review_required,front,"[0.0,0.0,1.0]",0.2,,pending_asset_front_audit,True,/data/task3_2/share_data/scenesmith/hssd_rendered_assets/e332bed7b24ffe5e507ab93223afcdbe11484cab
e59eb9ad05cebfe81c6d8e25aeb7bdb4cfd67115,"bar stool.n.01,chair",policy_front_review_required,front,"[0.0,0.0,1.0]",0.2,,pending_asset_front_audit,True,/data/task3_2/share_data/scenesmith/hssd_rendered_assets/e59eb9ad05cebfe81c6d8e25aeb7bdb4cfd67115
ea0f21e3217988b734874df1670de699e55c9eff,"bar stool.n.01,chair",policy_front_review_required,front,"[0.0,0.0,1.0]",0.2,,pending_asset_front_audit,True,/data/task3_2/share_data/scenesmith/hssd_rendered_assets/ea0f21e3217988b734874df1670de699e55c9eff
ec8290e25052875609487ff91cdf4888f524d647,"bar stool.n.01,chair",policy_front_review_required,front,"[0.0,0.0,1.0]",0.2,,pending_asset_front_audit,True,/data/task3_2/share_data/scenesmith/hssd_rendered_assets/ec8290e25052875609487ff91cdf4888f524d647
fa8073e4e2b614342046f5c5bab1440a7c8d2dc9,"bar stool.n.01,chair",policy_front_review_required,front,"[0.0,0.0,1.0]",0.2,,pending_asset_front_audit,True,/data/task3_2/share_data/scenesmith/hssd_rendered_assets/fa8073e4e2b614342046f5c5bab1440a7c8d2dc9
xxxx80038611x81cex4f9bx9ff4xd5c3cd9788ad,"bar stool.n.01,chair",policy_front_review_required,front,"[0.0,0.0,1.0]",0.2,,pending_asset_front_audit,True,/data/task3_2/share_data/scenesmith/hssd_rendered_assets/xxxx80038611x81cex4f9bx9ff4xd5c3cd9788ad
xxxx979e6d6dx9e4dx4a29xbba1xbb6bebeabdeb,"bar stool.n.01,chair",policy_front_review_required,front,"[0.0,0.0,1.0]",0.2,,pending_asset_front_audit,True,/data/task3_2/share_data/scenesmith/hssd_rendered_assets/xxxx979e6d6dx9e4dx4a29xbba1xbb6bebeabdeb
08c7c4c8c580d00b822df4ff2bc9e885c136f99d,bathtub,policy_front_review_required,front,"[0.0,0.0,1.0]",0.2,,pending_asset_front_audit,True,/data/task3_2/share_data/scenesmith/hssd_rendered_assets/08c7c4c8c580d00b822df4ff2bc9e885c136f99d
12834df5dab70af1770765b09332c455e5050dc4,bathtub,policy_front_review_required,front,"[0.0,0.0,1.0]",0.2,,pending_asset_front_audit,True,/data/task3_2/share_data/scenesmith/hssd_rendered_assets/12834df5dab70af1770765b09332c455e5050dc4
17be602f57432ee4d40ae84bcb577584681e9479,bathtub,policy_front_review_required,front,"[0.0,0.0,1.0]",0.2,,pending_asset_front_audit,True,/data/task3_2/share_data/scenesmith/hssd_rendered_assets/17be602f57432ee4d40ae84bcb577584681e9479
24a960df1ac651a2b4899d4a24c6b9e0443c3958,bathtub,policy_front_review_required,front,"[0.0,0.0,1.0]",0.2,,pending_asset_front_audit,True,/data/task3_2/share_data/scenesmith/hssd_rendered_assets/24a960df1ac651a2b4899d4a24c6b9e0443c3958
271d948742cd9d3144578c7db750b0a9eeae801f,bathtub,policy_front_review_required,front,"[0.0,0.0,1.0]",0.2,,pending_asset_front_audit,True,/data/task3_2/share_data/scenesmith/hssd_rendered_assets/271d948742cd9d3144578c7db750b0a9eeae801f
27d6cec203b901638c4a08c01b9e8f6f76376cb0,bathtub,policy_front_review_required,front,"[0.0,0.0,1.0]",0.2,,pending_asset_front_audit,True,/data/task3_2/share_data/scenesmith/hssd_rendered_assets/27d6cec203b901638c4a08c01b9e8f6f76376cb0
29292c60beae9b293ee026b619af852e657b95a4,bathtub,policy_front_review_required,front,"[0.0,0.0,1.0]",0.2,,pending_asset_front_audit,True,/data/task3_2/share_data/scenesmith/hssd_rendered_assets/29292c60beae9b293ee026b619af852e657b95a4
2991e695ef8215a75b43d63417caed6a7c5c0fed,bathtub,policy_front_review_required,front,"[0.0,0.0,1.0]",0.2,,pending_asset_front_audit,True,/data/task3_2/share_data/scenesmith/hssd_rendered_assets/2991e695ef8215a75b43d63417caed6a7c5c0fed
2b54e37d81302fa2c8ad80cc7c8e77ebb3136e71,bathtub,policy_front_review_required,front,"[0.0,0.0,1.0]",0.2,,pending_asset_front_audit,True,/data/task3_2/share_data/scenesmith/hssd_rendered_assets/2b54e37d81302fa2c8ad80cc7c8e77ebb3136e71
307dc8c04f24bfe2d6c0aa6e596dd3377d8c2891,bathtub,policy_front_review_required,front,"[0.0,0.0,1.0]",0.2,,pending_asset_front_audit,True,/data/task3_2/share_data/scenesmith/hssd_rendered_assets/307dc8c04f24bfe2d6c0aa6e596dd3377d8c2891
31a836ff6a75ebbe6b25f9d9872bf7e6dd1395eb,bathtub,policy_front_review_required,front,"[0.0,0.0,1.0]",0.2,,pending_asset_front_audit,True,/data/task3_2/share_data/scenesmith/hssd_rendered_assets/31a836ff6a75ebbe6b25f9d9872bf7e6dd1395eb
3a9208ba4d72379b3becc42bf6ab69539bdca2b1,bathtub,policy_front_review_required,front,"[0.0,0.0,1.0]",0.2,,pending_asset_front_audit,True,/data/task3_2/share_data/scenesmith/hssd_rendered_assets/3a9208ba4d72379b3becc42bf6ab69539bdca2b1
4106160be8e18d73aa704da0ed993aed8175b4d4,bathtub,policy_front_review_required,front,"[0.0,0.0,1.0]",0.2,,pending_asset_front_audit,True,/data/task3_2/share_data/scenesmith/hssd_rendered_assets/4106160be8e18d73aa704da0ed993aed8175b4d4
41ba7cda6f120a437f0907c7c3603c696bf96fab,bathtub,policy_front_review_required,front,"[0.0,0.0,1.0]",0.2,,pending_asset_front_audit,True,/data/task3_2/share_data/scenesmith/hssd_rendered_assets/41ba7cda6f120a437f0907c7c3603c696bf96fab
43aa47a3acbaa030d03bde09c8c8a1083fa9404d,bathtub,policy_front_review_required,front,"[0.0,0.0,1.0]",0.2,,pending_asset_front_audit,True,/data/task3_2/share_data/scenesmith/hssd_rendered_assets/43aa47a3acbaa030d03bde09c8c8a1083fa9404d
44a654e3d7818ee18d78f0bc4c66a40736316942,bathtub,policy_front_review_required,front,"[0.0,0.0,1.0]",0.2,,pending_asset_front_audit,True,/data/task3_2/share_data/scenesmith/hssd_rendered_assets/44a654e3d7818ee18d78f0bc4c66a40736316942
4a09460b2af4bac7199265d1c444b52d074827e2,bathtub,policy_front_review_required,front,"[0.0,0.0,1.0]",0.2,,pending_asset_front_audit,True,/data/task3_2/share_data/scenesmith/hssd_rendered_assets/4a09460b2af4bac7199265d1c444b52d074827e2
4e2258e475ad86158a5cfb7edf908f655630c51a,bathtub,policy_front_review_required,front,"[0.0,0.0,1.0]",0.2,,pending_asset_front_audit,True,/data/task3_2/share_data/scenesmith/hssd_rendered_assets/4e2258e475ad86158a5cfb7edf908f655630c51a
579665f2da45e9657296feafca2df34329a8526b,bathtub,policy_front_review_required,front,"[0.0,0.0,1.0]",0.2,,pending_asset_front_audit,True,/data/task3_2/share_data/scenesmith/hssd_rendered_assets/579665f2da45e9657296feafca2df34329a8526b
5a29a61452bd6d28398a56eb3ac559fa5f2f8a9c,bathtub,policy_front_review_required,front,"[0.0,0.0,1.0]",0.2,,pending_asset_front_audit,True,/data/task3_2/share_data/scenesmith/hssd_rendered_assets/5a29a61452bd6d28398a56eb3ac559fa5f2f8a9c
64f63f10669ba4c9fa799e6f0b9aee5a0e122d77,bathtub,policy_front_review_required,front,"[0.0,0.0,1.0]",0.2,,pending_asset_front_audit,True,/data/task3_2/share_data/scenesmith/hssd_rendered_assets/64f63f10669ba4c9fa799e6f0b9aee5a0e122d77
652536faa9c5028ed8be69780c120af78c141968,bathtub,policy_front_review_required,front,"[0.0,0.0,1.0]",0.2,,pending_asset_front_audit,True,/data/task3_2/share_data/scenesmith/hssd_rendered_assets/652536faa9c5028ed8be69780c120af78c141968
6c528c80cfe176cc4aa7f0767424bc409e9bd6be,bathtub,policy_front_review_required,front,"[0.0,0.0,1.0]",0.2,,pending_asset_front_audit,True,/data/task3_2/share_data/scenesmith/hssd_rendered_assets/6c528c80cfe176cc4aa7f0767424bc409e9bd6be
705461d8c9c59cf7461e5a4a48fb146e9193e72a,bathtub,policy_front_review_required,front,"[0.0,0.0,1.0]",0.2,,pending_asset_front_audit,True,/data/task3_2/share_data/scenesmith/hssd_rendered_assets/705461d8c9c59cf7461e5a4a48fb146e9193e72a
7baed3eef5aaf9ef58c0f1ceb533e724117064dc,bathtub,policy_front_review_required,front,"[0.0,0.0,1.0]",0.2,,pending_asset_front_audit,True,/data/task3_2/share_data/scenesmith/hssd_rendered_assets/7baed3eef5aaf9ef58c0f1ceb533e724117064dc
7bbbcfde14554260550907def3e8eb0707e4af71,bathtub,policy_front_review_required,front,"[0.0,0.0,1.0]",0.2,,pending_asset_front_audit,True,/data/task3_2/share_data/scenesmith/hssd_rendered_assets/7bbbcfde14554260550907def3e8eb0707e4af71
7bc36cdc8babdda9a87fd18f42bb055d4a02c122,bathtub,policy_front_review_required,front,"[0.0,0.0,1.0]",0.2,,pending_asset_front_audit,True,/data/task3_2/share_data/scenesmith/hssd_rendered_assets/7bc36cdc8babdda9a87fd18f42bb055d4a02c122
89e6af2d0ed33ade1cd590aabf73574c41a55202,bathtub,policy_front_review_required,front,"[0.0,0.0,1.0]",0.2,,pending_asset_front_audit,True,/data/task3_2/share_data/scenesmith/hssd_rendered_assets/89e6af2d0ed33ade1cd590aabf73574c41a55202
8f39565d1b59c5d7a87c91cfa1e6081703aa8f30,bathtub,policy_front_review_required,front,"[0.0,0.0,1.0]",0.2,,pending_asset_front_audit,True,/data/task3_2/share_data/scenesmith/hssd_rendered_assets/8f39565d1b59c5d7a87c91cfa1e6081703aa8f30
90fb5508ae70a0a4525e80c382ec79637a02494a,bathtub,policy_front_review_required,front,"[0.0,0.0,1.0]",0.2,,pending_asset_front_audit,True,/data/task3_2/share_data/scenesmith/hssd_rendered_assets/90fb5508ae70a0a4525e80c382ec79637a02494a
9217adecf2924d759f38708b72d3bc1eb711406b,bathtub,policy_front_review_required,front,"[0.0,0.0,1.0]",0.2,,pending_asset_front_audit,True,/data/task3_2/share_data/scenesmith/hssd_rendered_assets/9217adecf2924d759f38708b72d3bc1eb711406b
94f82d1154b9db0d56038b183832b0dfceff8819,bathtub,policy_front_review_required,front,"[0.0,0.0,1.0]",0.2,,pending_asset_front_audit,True,/data/task3_2/share_data/scenesmith/hssd_rendered_assets/94f82d1154b9db0d56038b183832b0dfceff8819
a9ba700ec5455dc24caa22e3bcd7bb60763dc755,bathtub,policy_front_review_required,front,"[0.0,0.0,1.0]",0.2,,pending_asset_front_audit,True,/data/task3_2/share_data/scenesmith/hssd_rendered_assets/a9ba700ec5455dc24caa22e3bcd7bb60763dc755
aa951162cead11237af31bef20d7b2239c121f56,bathtub,policy_front_review_required,front,"[0.0,0.0,1.0]",0.2,,pending_asset_front_audit,True,/data/task3_2/share_data/scenesmith/hssd_rendered_assets/aa951162cead11237af31bef20d7b2239c121f56
ae3918fcf73f5a401a283bed2ee90cc8b9192b42,bathtub,policy_front_review_required,front,"[0.0,0.0,1.0]",0.2,,pending_asset_front_audit,True,/data/task3_2/share_data/scenesmith/hssd_rendered_assets/ae3918fcf73f5a401a283bed2ee90cc8b9192b42
ae556cf9509ae72d95a6ffd0bdb3864bf5fcea6c,bathtub,policy_front_review_required,front,"[0.0,0.0,1.0]",0.2,,pending_asset_front_audit,True,/data/task3_2/share_data/scenesmith/hssd_rendered_assets/ae556cf9509ae72d95a6ffd0bdb3864bf5fcea6c
b403849fe16897c7d53d2578edaa859c46164e71,bathtub,policy_front_review_required,front,"[0.0,0.0,1.0]",0.2,,pending_asset_front_audit,True,/data/task3_2/share_data/scenesmith/hssd_rendered_assets/b403849fe16897c7d53d2578edaa859c46164e71
c13f05ee9b55274e4b8c8965631a9c6516c58c27,bathtub,policy_front_review_required,front,"[0.0,0.0,1.0]",0.2,,pending_asset_front_audit,True,/data/task3_2/share_data/scenesmith/hssd_rendered_assets/c13f05ee9b55274e4b8c8965631a9c6516c58c27
c1965c146b48cddf434f6d5407dfc6ac43bde9b7,bathtub,policy_front_review_required,front,"[0.0,0.0,1.0]",0.2,,pending_asset_front_audit,True,/data/task3_2/share_data/scenesmith/hssd_rendered_assets/c1965c146b48cddf434f6d5407dfc6ac43bde9b7
c35f419e02cc47f5c6c0e782963afc31c172b61a,bathtub,policy_front_review_required,front,"[0.0,0.0,1.0]",0.2,,pending_asset_front_audit,True,/data/task3_2/share_data/scenesmith/hssd_rendered_assets/c35f419e02cc47f5c6c0e782963afc31c172b61a
c883ba2ee1868f4f0e0ab2cc4eeb15e9c8bc08b5,bathtub,policy_front_review_required,front,"[0.0,0.0,1.0]",0.2,,pending_asset_front_audit,True,/data/task3_2/share_data/scenesmith/hssd_rendered_assets/c883ba2ee1868f4f0e0ab2cc4eeb15e9c8bc08b5
ce96d6b53e54faf6d567fc6d1a0c5c4ddc4111ec,bathtub,policy_front_review_required,front,"[0.0,0.0,1.0]",0.2,,pending_asset_front_audit,True,/data/task3_2/share_data/scenesmith/hssd_rendered_assets/ce96d6b53e54faf6d567fc6d1a0c5c4ddc4111ec
d46d68c38dd2d64388be98b66b665b7db512f1ab,bathtub,policy_front_review_required,front,"[0.0,0.0,1.0]",0.2,,pending_asset_front_audit,True,/data/task3_2/share_data/scenesmith/hssd_rendered_assets/d46d68c38dd2d64388be98b66b665b7db512f1ab
d7c839146e84643d034b5eff9b1142e5445af7af,bathtub,policy_front_review_required,front,"[0.0,0.0,1.0]",0.2,,pending_asset_front_audit,True,/data/task3_2/share_data/scenesmith/hssd_rendered_assets/d7c839146e84643d034b5eff9b1142e5445af7af
dc246851100fbde0134d5dedc2b8609b009515ec,bathtub,policy_front_review_required,front,"[0.0,0.0,1.0]",0.2,,pending_asset_front_audit,True,/data/task3_2/share_data/scenesmith/hssd_rendered_assets/dc246851100fbde0134d5dedc2b8609b009515ec
df8abd46ef3dd6017f6863558381655f1510d275,bathtub,policy_front_review_required,front,"[0.0,0.0,1.0]",0.2,,pending_asset_front_audit,True,/data/task3_2/share_data/scenesmith/hssd_rendered_assets/df8abd46ef3dd6017f6863558381655f1510d275
e00975f6de5015107944634171269d8700c136a7,bathtub,policy_front_review_required,front,"[0.0,0.0,1.0]",0.2,,pending_asset_front_audit,True,/data/task3_2/share_data/scenesmith/hssd_rendered_assets/e00975f6de5015107944634171269d8700c136a7
ead365ee0f62fd7ab510ffb80417061b626087b7,bathtub,policy_front_review_required,front,"[0.0,0.0,1.0]",0.2,,pending_asset_front_audit,True,/data/task3_2/share_data/scenesmith/hssd_rendered_assets/ead365ee0f62fd7ab510ffb80417061b626087b7
eb57734324ac3bf975417e72a0b9bd7a0b095526,bathtub,policy_front_review_required,front,"[0.0,0.0,1.0]",0.2,,pending_asset_front_audit,True,/data/task3_2/share_data/scenesmith/hssd_rendered_assets/eb57734324ac3bf975417e72a0b9bd7a0b095526
eec33a95190f033d18766ef0363b443892609f33,bathtub,policy_front_review_required,front,"[0.0,0.0,1.0]",0.2,,pending_asset_front_audit,True,/data/task3_2/share_data/scenesmith/hssd_rendered_assets/eec33a95190f033d18766ef0363b443892609f33
f50dad3091de4f60ff90e427df471a5d3de413fa,bathtub,policy_front_review_required,front,"[0.0,0.0,1.0]",0.2,,pending_asset_front_audit,True,/data/task3_2/share_data/scenesmith/hssd_rendered_assets/f50dad3091de4f60ff90e427df471a5d3de413fa
1d0796a5e6d504a3cf6f25bbd403eb98dd03f32f,blender,policy_front_review_required,front,"[0.0,0.0,1.0]",0.2,,pending_asset_front_audit,True,/data/task3_2/share_data/scenesmith/hssd_rendered_assets/1d0796a5e6d504a3cf6f25bbd403eb98dd03f32f
22940dc4859fd58f2234c7f2d31ef75446a30857,blender,policy_front_review_required,front,"[0.0,0.0,1.0]",0.2,,pending_asset_front_audit,True,/data/task3_2/share_data/scenesmith/hssd_rendered_assets/22940dc4859fd58f2234c7f2d31ef75446a30857
2f7c1b8e9846d5e8d2696f236a88e7ea27d283b7,blender,policy_front_review_required,front,"[0.0,0.0,1.0]",0.2,,pending_asset_front_audit,True,/data/task3_2/share_data/scenesmith/hssd_rendered_assets/2f7c1b8e9846d5e8d2696f236a88e7ea27d283b7
3f08b95d567af8bd3aba29af5b0e47c67dcca59d,blender,policy_front_review_required,front,"[0.0,0.0,1.0]",0.2,,pending_asset_front_audit,True,/data/task3_2/share_data/scenesmith/hssd_rendered_assets/3f08b95d567af8bd3aba29af5b0e47c67dcca59d
558e1c5b5fb4816be067d3254e803fffed07dbe0,blender,policy_front_review_required,front,"[0.0,0.0,1.0]",0.2,,pending_asset_front_audit,True,/data/task3_2/share_data/scenesmith/hssd_rendered_assets/558e1c5b5fb4816be067d3254e803fffed07dbe0
67f031c18214a54b6283abb095df43642f9c7129,blender,policy_front_review_required,front,"[0.0,0.0,1.0]",0.2,,pending_asset_front_audit,True,/data/task3_2/share_data/scenesmith/hssd_rendered_assets/67f031c18214a54b6283abb095df43642f9c7129
6be4d96de50b8749ae932608719b2290a585f9ce,blender,policy_front_review_required,front,"[0.0,0.0,1.0]",0.2,,pending_asset_front_audit,True,/data/task3_2/share_data/scenesmith/hssd_rendered_assets/6be4d96de50b8749ae932608719b2290a585f9ce
a88edd11e8996c7e09faa02c72afd5a613006a18,blender,policy_front_review_required,front,"[0.0,0.0,1.0]",0.2,,pending_asset_front_audit,True,/data/task3_2/share_data/scenesmith/hssd_rendered_assets/a88edd11e8996c7e09faa02c72afd5a613006a18
01eb64cfe0595d98521831a9066e146589d90567,buffet,policy_front_review_required,front,"[0.0,0.0,1.0]",0.2,,pending_asset_front_audit,True,/data/task3_2/share_data/scenesmith/hssd_rendered_assets/01eb64cfe0595d98521831a9066e146589d90567
02d0251f683a3fcd7d5ec09c5a6910ccdb363786,buffet,policy_front_review_required,front,"[0.0,0.0,1.0]",0.2,,pending_asset_front_audit,True,/data/task3_2/share_data/scenesmith/hssd_rendered_assets/02d0251f683a3fcd7d5ec09c5a6910ccdb363786
03c6a0317265df8eeccc9245675fc50af95072d5,buffet,policy_front_review_required,front,"[0.0,0.0,1.0]",0.2,,pending_asset_front_audit,True,/data/task3_2/share_data/scenesmith/hssd_rendered_assets/03c6a0317265df8eeccc9245675fc50af95072d5
05f80a1f59e03f798ba3941f1a6f2712a0e93583,buffet,policy_front_review_required,front,"[0.0,0.0,1.0]",0.2,,pending_asset_front_audit,True,/data/task3_2/share_data/scenesmith/hssd_rendered_assets/05f80a1f59e03f798ba3941f1a6f2712a0e93583
075bb144f6398bd53e7d0b16e6edd001763162c5,buffet,policy_front_review_required,front,"[0.0,0.0,1.0]",0.2,,pending_asset_front_audit,True,/data/task3_2/share_data/scenesmith/hssd_rendered_assets/075bb144f6398bd53e7d0b16e6edd001763162c5
099e627f0eb0c0f1ae672c25b7df89204dd85521,buffet,policy_front_review_required,front,"[0.0,0.0,1.0]",0.2,,pending_asset_front_audit,True,/data/task3_2/share_data/scenesmith/hssd_rendered_assets/099e627f0eb0c0f1ae672c25b7df89204dd85521
0ab4c29164cb03cc33de6ac67677765eaee85cc2,buffet,policy_front_review_required,front,"[0.0,0.0,1.0]",0.2,,pending_asset_front_audit,True,/data/task3_2/share_data/scenesmith/hssd_rendered_assets/0ab4c29164cb03cc33de6ac67677765eaee85cc2
11cf198bb9df9e6a4654550b0952ed6f6769fd95,buffet,policy_front_review_required,front,"[0.0,0.0,1.0]",0.2,,pending_asset_front_audit,True,/data/task3_2/share_data/scenesmith/hssd_rendered_assets/11cf198bb9df9e6a4654550b0952ed6f6769fd95
1264cc00b9d094c46f1794a56f3c43de92bd85de,buffet,policy_front_review_required,front,"[0.0,0.0,1.0]",0.2,,pending_asset_front_audit,True,/data/task3_2/share_data/scenesmith/hssd_rendered_assets/1264cc00b9d094c46f1794a56f3c43de92bd85de
14bb88e168278fed38a7511f2a571d32be7922d3,buffet,policy_front_review_required,front,"[0.0,0.0,1.0]",0.2,,pending_asset_front_audit,True,/data/task3_2/share_data/scenesmith/hssd_rendered_assets/14bb88e168278fed38a7511f2a571d32be7922d3
15a81c5727eba4e4a4161e1cf2c76fe2c601ae15,buffet,policy_front_review_required,front,"[0.0,0.0,1.0]",0.2,,pending_asset_front_audit,True,/data/task3_2/share_data/scenesmith/hssd_rendered_assets/15a81c5727eba4e4a4161e1cf2c76fe2c601ae15
185df6a6978441ac0370961942d1922af1d234f6,buffet,policy_front_review_required,front,"[0.0,0.0,1.0]",0.2,,pending_asset_front_audit,True,/data/task3_2/share_data/scenesmith/hssd_rendered_assets/185df6a6978441ac0370961942d1922af1d234f6
1bccaa8c2a6c0b6f918392ab2adce3c4cc57b2c4,buffet,policy_front_review_required,front,"[0.0,0.0,1.0]",0.2,,pending_asset_front_audit,True,/data/task3_2/share_data/scenesmith/hssd_rendered_assets/1bccaa8c2a6c0b6f918392ab2adce3c4cc57b2c4
1cf00d2a74525414edf2680768e760ac5299fe09,buffet,policy_front_review_required,front,"[0.0,0.0,1.0]",0.2,,pending_asset_front_audit,True,/data/task3_2/share_data/scenesmith/hssd_rendered_assets/1cf00d2a74525414edf2680768e760ac5299fe09
1f0e602ca3b6f39575b8448db5d7e2c27101e7ae,buffet,policy_front_review_required,front,"[0.0,0.0,1.0]",0.2,,pending_asset_front_audit,True,/data/task3_2/share_data/scenesmith/hssd_rendered_assets/1f0e602ca3b6f39575b8448db5d7e2c27101e7ae
1f8c626c03273ba8a3a181e17d4dd858f7a3f953,buffet,policy_front_review_required,front,"[0.0,0.0,1.0]",0.2,,pending_asset_front_audit,True,/data/task3_2/share_data/scenesmith/hssd_rendered_assets/1f8c626c03273ba8a3a181e17d4dd858f7a3f953
2056ce1a69f325abd72ae68372a0241ca8d1a0e7,buffet,policy_front_review_required,front,"[0.0,0.0,1.0]",0.2,,pending_asset_front_audit,True,/data/task3_2/share_data/scenesmith/hssd_rendered_assets/2056ce1a69f325abd72ae68372a0241ca8d1a0e7
20c2307590ca5c2b4f75ab905fc11279d4e8b226,buffet,policy_front_review_required,front,"[0.0,0.0,1.0]",0.2,,pending_asset_front_audit,True,/data/task3_2/share_data/scenesmith/hssd_rendered_assets/20c2307590ca5c2b4f75ab905fc11279d4e8b226
2126cc35dc48ccdce854f39acf33a5966046f383,buffet,policy_front_review_required,front,"[0.0,0.0,1.0]",0.2,,pending_asset_front_audit,True,/data/task3_2/share_data/scenesmith/hssd_rendered_assets/2126cc35dc48ccdce854f39acf33a5966046f383
2133bf4321d08507b97ce4866d9a2484be485595,buffet,policy_front_review_required,front,"[0.0,0.0,1.0]",0.2,,pending_asset_front_audit,True,/data/task3_2/share_data/scenesmith/hssd_rendered_assets/2133bf4321d08507b97ce4866d9a2484be485595
2612061a57b747118a3d04290d89cd1b398fb2fe,buffet,policy_front_review_required,front,"[0.0,0.0,1.0]",0.2,,pending_asset_front_audit,True,/data/task3_2/share_data/scenesmith/hssd_rendered_assets/2612061a57b747118a3d04290d89cd1b398fb2fe
2b66fdae818f040c80188e978e266d9a93fed57b,buffet,policy_front_review_required,front,"[0.0,0.0,1.0]",0.2,,pending_asset_front_audit,True,/data/task3_2/share_data/scenesmith/hssd_rendered_assets/2b66fdae818f040c80188e978e266d9a93fed57b
2bd4ac31ce87dcbf86d1a1bee10f81d10c42160e,buffet,policy_front_review_required,front,"[0.0,0.0,1.0]",0.2,,pending_asset_front_audit,True,/data/task3_2/share_data/scenesmith/hssd_rendered_assets/2bd4ac31ce87dcbf86d1a1bee10f81d10c42160e
2e3ef297e42fa497a75d5ded416224d80c7d7264,buffet,policy_front_review_required,front,"[0.0,0.0,1.0]",0.2,,pending_asset_front_audit,True,/data/task3_2/share_data/scenesmith/hssd_rendered_assets/2e3ef297e42fa497a75d5ded416224d80c7d7264
2fe9c822c423f699138ade0883af91154ce00094,buffet,policy_front_review_required,front,"[0.0,0.0,1.0]",0.2,,pending_asset_front_audit,True,/data/task3_2/share_data/scenesmith/hssd_rendered_assets/2fe9c822c423f699138ade0883af91154ce00094
308f49dcb79e8ec5acb0b5a1ae36eab7c59355d6,buffet,policy_front_review_required,front,"[0.0,0.0,1.0]",0.2,,pending_asset_front_audit,True,/data/task3_2/share_data/scenesmith/hssd_rendered_assets/308f49dcb79e8ec5acb0b5a1ae36eab7c59355d6
3aef5476fb1c9b2f3cae1b2ca8b33c1bae7ec1d2,buffet,policy_front_review_required,front,"[0.0,0.0,1.0]",0.2,,pending_asset_front_audit,True,/data/task3_2/share_data/scenesmith/hssd_rendered_assets/3aef5476fb1c9b2f3cae1b2ca8b33c1bae7ec1d2
3b88f9fe4c836c164705beafa8d5df338c8dc455,buffet,policy_front_review_required,front,"[0.0,0.0,1.0]",0.2,,pending_asset_front_audit,True,/data/task3_2/share_data/scenesmith/hssd_rendered_assets/3b88f9fe4c836c164705beafa8d5df338c8dc455
3f05be6330befcf290382d07a18b48ebc92d991b,buffet,policy_front_review_required,front,"[0.0,0.0,1.0]",0.2,,pending_asset_front_audit,True,/data/task3_2/share_data/scenesmith/hssd_rendered_assets/3f05be6330befcf290382d07a18b48ebc92d991b
3f28e55e96c9f14cd017e13cffa16b02e5db452e,buffet,policy_front_review_required,front,"[0.0,0.0,1.0]",0.2,,pending_asset_front_audit,True,/data/task3_2/share_data/scenesmith/hssd_rendered_assets/3f28e55e96c9f14cd017e13cffa16b02e5db452e
3fb0ef74ad5000c19e088c6ec09725faf75298cb,buffet,policy_front_review_required,front,"[0.0,0.0,1.0]",0.2,,pending_asset_front_audit,True,/data/task3_2/share_data/scenesmith/hssd_rendered_assets/3fb0ef74ad5000c19e088c6ec09725faf75298cb
4044949adb6b821464ccd5d36907963ea9f151e4,buffet,policy_front_review_required,front,"[0.0,0.0,1.0]",0.2,,pending_asset_front_audit,True,/data/task3_2/share_data/scenesmith/hssd_rendered_assets/4044949adb6b821464ccd5d36907963ea9f151e4
409aa5478fde8958607258c5974eac6d5336657e,buffet,policy_front_review_required,front,"[0.0,0.0,1.0]",0.2,,pending_asset_front_audit,True,/data/task3_2/share_data/scenesmith/hssd_rendered_assets/409aa5478fde8958607258c5974eac6d5336657e
440aa75617a2db12da11307ccfa049f48f76e554,buffet,policy_front_review_required,front,"[0.0,0.0,1.0]",0.2,,pending_asset_front_audit,True,/data/task3_2/share_data/scenesmith/hssd_rendered_assets/440aa75617a2db12da11307ccfa049f48f76e554
45a35bb581b8132eb57cc8ed646a68f14da6f82d,buffet,policy_front_review_required,front,"[0.0,0.0,1.0]",0.2,,pending_asset_front_audit,True,/data/task3_2/share_data/scenesmith/hssd_rendered_assets/45a35bb581b8132eb57cc8ed646a68f14da6f82d
46dd28dc74535f9a2b692ecae0253c9b0e3b40cc,buffet,policy_front_review_required,front,"[0.0,0.0,1.0]",0.2,,pending_asset_front_audit,True,/data/task3_2/share_data/scenesmith/hssd_rendered_assets/46dd28dc74535f9a2b692ecae0253c9b0e3b40cc
47626eed0d8a571dc80f7bb472d7661a4dc6a030,buffet,policy_front_review_required,front,"[0.0,0.0,1.0]",0.2,,pending_asset_front_audit,True,/data/task3_2/share_data/scenesmith/hssd_rendered_assets/47626eed0d8a571dc80f7bb472d7661a4dc6a030
4e6dea40f6b6ee089d73536859c167cac7dadb3c,buffet,policy_front_review_required,front,"[0.0,0.0,1.0]",0.2,,pending_asset_front_audit,True,/data/task3_2/share_data/scenesmith/hssd_rendered_assets/4e6dea40f6b6ee089d73536859c167cac7dadb3c
51c3494e896f54f12169c9a6a054960048899cdf,buffet,policy_front_review_required,front,"[0.0,0.0,1.0]",0.2,,pending_asset_front_audit,True,/data/task3_2/share_data/scenesmith/hssd_rendered_assets/51c3494e896f54f12169c9a6a054960048899cdf
56366c90a4519ed83719b30cd4757008f0e558fb,buffet,policy_front_review_required,front,"[0.0,0.0,1.0]",0.2,,pending_asset_front_audit,True,/data/task3_2/share_data/scenesmith/hssd_rendered_assets/56366c90a4519ed83719b30cd4757008f0e558fb
5999d188452e209cacb712029af3f3b5b0e30313,buffet,policy_front_review_required,front,"[0.0,0.0,1.0]",0.2,,pending_asset_front_audit,True,/data/task3_2/share_data/scenesmith/hssd_rendered_assets/5999d188452e209cacb712029af3f3b5b0e30313
5a5c19684737ded0da7c2811f6303e154a305323,buffet,policy_front_review_required,front,"[0.0,0.0,1.0]",0.2,,pending_asset_front_audit,True,/data/task3_2/share_data/scenesmith/hssd_rendered_assets/5a5c19684737ded0da7c2811f6303e154a305323
5e4ec54ebe33776ef7fe4f8f8a1529a0b0395ac6,buffet,policy_front_review_required,front,"[0.0,0.0,1.0]",0.2,,pending_asset_front_audit,True,/data/task3_2/share_data/scenesmith/hssd_rendered_assets/5e4ec54ebe33776ef7fe4f8f8a1529a0b0395ac6
5faa380d76943834db056af31a00b92a71774873,buffet,policy_front_review_required,front,"[0.0,0.0,1.0]",0.2,,pending_asset_front_audit,True,/data/task3_2/share_data/scenesmith/hssd_rendered_assets/5faa380d76943834db056af31a00b92a71774873
6241c65ea47da414d009f1bb77921dbbad78ca84,buffet,policy_front_review_required,front,"[0.0,0.0,1.0]",0.2,,pending_asset_front_audit,True,/data/task3_2/share_data/scenesmith/hssd_rendered_assets/6241c65ea47da414d009f1bb77921dbbad78ca84
628d0c20a57798970b7e965946a7bd28267eb3bb,buffet,policy_front_review_required,front,"[0.0,0.0,1.0]",0.2,,pending_asset_front_audit,True,/data/task3_2/share_data/scenesmith/hssd_rendered_assets/628d0c20a57798970b7e965946a7bd28267eb3bb
6386fffd6df3a42edd6e0a3567425d58ef5455a4,buffet,policy_front_review_required,front,"[0.0,0.0,1.0]",0.2,,pending_asset_front_audit,True,/data/task3_2/share_data/scenesmith/hssd_rendered_assets/6386fffd6df3a42edd6e0a3567425d58ef5455a4
6c4db0f4e4980dced9e0e5eb12614bf284a6fb51,buffet,policy_front_review_required,front,"[0.0,0.0,1.0]",0.2,,pending_asset_front_audit,True,/data/task3_2/share_data/scenesmith/hssd_rendered_assets/6c4db0f4e4980dced9e0e5eb12614bf284a6fb51
6d40e74eb0c4a0ee6aa532e66ee080b9506f24e6,buffet,policy_front_review_required,front,"[0.0,0.0,1.0]",0.2,,pending_asset_front_audit,True,/data/task3_2/share_data/scenesmith/hssd_rendered_assets/6d40e74eb0c4a0ee6aa532e66ee080b9506f24e6
6e5462e6109ec906d288f9f4b8206a338df0c908,buffet,policy_front_review_required,front,"[0.0,0.0,1.0]",0.2,,pending_asset_front_audit,True,/data/task3_2/share_data/scenesmith/hssd_rendered_assets/6e5462e6109ec906d288f9f4b8206a338df0c908
6f57e5076e491f54896631bfe4e9cfcaa08899e2,buffet,policy_front_review_required,front,"[0.0,0.0,1.0]",0.2,,pending_asset_front_audit,True,/data/task3_2/share_data/scenesmith/hssd_rendered_assets/6f57e5076e491f54896631bfe4e9cfcaa08899e2
70d4947007b0fafdfb7b4fc44a0b556f688ec4c4,buffet,policy_front_review_required,front,"[0.0,0.0,1.0]",0.2,,pending_asset_front_audit,True,/data/task3_2/share_data/scenesmith/hssd_rendered_assets/70d4947007b0fafdfb7b4fc44a0b556f688ec4c4
72c7de25ab188d59bd9cd4a3f774e19e97acc95a,buffet,policy_front_review_required,front,"[0.0,0.0,1.0]",0.2,,pending_asset_front_audit,True,/data/task3_2/share_data/scenesmith/hssd_rendered_assets/72c7de25ab188d59bd9cd4a3f774e19e97acc95a
73b7a391b1d42c707c01739d3591310d04f3ea12,buffet,policy_front_review_required,front,"[0.0,0.0,1.0]",0.2,,pending_asset_front_audit,True,/data/task3_2/share_data/scenesmith/hssd_rendered_assets/73b7a391b1d42c707c01739d3591310d04f3ea12
74838e97471c7afeef362d0f94963cc54865ae66,buffet,policy_front_review_required,front,"[0.0,0.0,1.0]",0.2,,pending_asset_front_audit,True,/data/task3_2/share_data/scenesmith/hssd_rendered_assets/74838e97471c7afeef362d0f94963cc54865ae66
75139e50e6f0e54e14634cfffe33e4183b1109ad,buffet,policy_front_review_required,front,"[0.0,0.0,1.0]",0.2,,pending_asset_front_audit,True,/data/task3_2/share_data/scenesmith/hssd_rendered_assets/75139e50e6f0e54e14634cfffe33e4183b1109ad
77cbe14c0040514359d35499d3679f86731f23f2,buffet,policy_front_review_required,front,"[0.0,0.0,1.0]",0.2,,pending_asset_front_audit,True,/data/task3_2/share_data/scenesmith/hssd_rendered_assets/77cbe14c0040514359d35499d3679f86731f23f2
78cfa81acee912f151e756369600f7ad48956809,buffet,policy_front_review_required,front,"[0.0,0.0,1.0]",0.2,,pending_asset_front_audit,True,/data/task3_2/share_data/scenesmith/hssd_rendered_assets/78cfa81acee912f151e756369600f7ad48956809
84365ae4e8622f10d9688a63cb9c083154015e40,buffet,policy_front_review_required,front,"[0.0,0.0,1.0]",0.2,,pending_asset_front_audit,True,/data/task3_2/share_data/scenesmith/hssd_rendered_assets/84365ae4e8622f10d9688a63cb9c083154015e40
84c9b2e52e033c89040e0e0a281b934ae7bfe877,buffet,policy_front_review_required,front,"[0.0,0.0,1.0]",0.2,,pending_asset_front_audit,True,/data/task3_2/share_data/scenesmith/hssd_rendered_assets/84c9b2e52e033c89040e0e0a281b934ae7bfe877
8f3a6d7c5803dbcfaab0e4acb7c2ae17e49dcffb,buffet,policy_front_review_required,front,"[0.0,0.0,1.0]",0.2,,pending_asset_front_audit,True,/data/task3_2/share_data/scenesmith/hssd_rendered_assets/8f3a6d7c5803dbcfaab0e4acb7c2ae17e49dcffb
9360a750734fa4597cd593f3309ccc261aafc929,buffet,policy_front_review_required,front,"[0.0,0.0,1.0]",0.2,,pending_asset_front_audit,True,/data/task3_2/share_data/scenesmith/hssd_rendered_assets/9360a750734fa4597cd593f3309ccc261aafc929
9468fd5397281258bd0f87c9a646f74181b96131,buffet,policy_front_review_required,front,"[0.0,0.0,1.0]",0.2,,pending_asset_front_audit,True,/data/task3_2/share_data/scenesmith/hssd_rendered_assets/9468fd5397281258bd0f87c9a646f74181b96131
99390306328a44c0e69e0d2fe6d313d183e59521,buffet,policy_front_review_required,front,"[0.0,0.0,1.0]",0.2,,pending_asset_front_audit,True,/data/task3_2/share_data/scenesmith/hssd_rendered_assets/99390306328a44c0e69e0d2fe6d313d183e59521
9d8cc5b25b4442b998ed2f009d5e3171d99a2d5b,buffet,policy_front_review_required,front,"[0.0,0.0,1.0]",0.2,,pending_asset_front_audit,True,/data/task3_2/share_data/scenesmith/hssd_rendered_assets/9d8cc5b25b4442b998ed2f009d5e3171d99a2d5b
9f329d378c839e9f7fa1ec7c9076c92bcb873f7d,buffet,policy_front_review_required,front,"[0.0,0.0,1.0]",0.2,,pending_asset_front_audit,True,/data/task3_2/share_data/scenesmith/hssd_rendered_assets/9f329d378c839e9f7fa1ec7c9076c92bcb873f7d
a4b8d2170a65622aec4cc922103990b1c7783a46,buffet,policy_front_review_required,front,"[0.0,0.0,1.0]",0.2,,pending_asset_front_audit,True,/data/task3_2/share_data/scenesmith/hssd_rendered_assets/a4b8d2170a65622aec4cc922103990b1c7783a46
a655b5bd1b38850ccbda730b900e9ce041419f98,buffet,policy_front_review_required,front,"[0.0,0.0,1.0]",0.2,,pending_asset_front_audit,True,/data/task3_2/share_data/scenesmith/hssd_rendered_assets/a655b5bd1b38850ccbda730b900e9ce041419f98
a7a9b8d2ae756986014a94885ed86da2ba797214,buffet,policy_front_review_required,front,"[0.0,0.0,1.0]",0.2,,pending_asset_front_audit,True,/data/task3_2/share_data/scenesmith/hssd_rendered_assets/a7a9b8d2ae756986014a94885ed86da2ba797214
a9c23e2a70d19ca93aefc0b7530ed62d23d5df4a,buffet,policy_front_review_required,front,"[0.0,0.0,1.0]",0.2,,pending_asset_front_audit,True,/data/task3_2/share_data/scenesmith/hssd_rendered_assets/a9c23e2a70d19ca93aefc0b7530ed62d23d5df4a
acfe3955254d50d2134fa4ff31493b7d3f83cb0e,buffet,policy_front_review_required,front,"[0.0,0.0,1.0]",0.2,,pending_asset_front_audit,True,/data/task3_2/share_data/scenesmith/hssd_rendered_assets/acfe3955254d50d2134fa4ff31493b7d3f83cb0e
ad5d977baca487584cd1e79e6289039bfb019fb2,buffet,policy_front_review_required,front,"[0.0,0.0,1.0]",0.2,,pending_asset_front_audit,True,/data/task3_2/share_data/scenesmith/hssd_rendered_assets/ad5d977baca487584cd1e79e6289039bfb019fb2
aec9ab12b9fed5f9d8fe18ae46e543a849a4b05d,buffet,policy_front_review_required,front,"[0.0,0.0,1.0]",0.2,,pending_asset_front_audit,True,/data/task3_2/share_data/scenesmith/hssd_rendered_assets/aec9ab12b9fed5f9d8fe18ae46e543a849a4b05d
b90ec083667e82b541010a09146637f9f7da3698,buffet,policy_front_review_required,front,"[0.0,0.0,1.0]",0.2,,pending_asset_front_audit,True,/data/task3_2/share_data/scenesmith/hssd_rendered_assets/b90ec083667e82b541010a09146637f9f7da3698
b993094e6a2356a77f29a6a74e88874463264ae8,buffet,policy_front_review_required,front,"[0.0,0.0,1.0]",0.2,,pending_asset_front_audit,True,/data/task3_2/share_data/scenesmith/hssd_rendered_assets/b993094e6a2356a77f29a6a74e88874463264ae8
bb3d4d2bb300b0ac4a99aa0b377123de497bea3f,buffet,policy_front_review_required,front,"[0.0,0.0,1.0]",0.2,,pending_asset_front_audit,True,/data/task3_2/share_data/scenesmith/hssd_rendered_assets/bb3d4d2bb300b0ac4a99aa0b377123de497bea3f
c1230b54c3b732617601d2413eeb180c5d29f2e2,buffet,policy_front_review_required,front,"[0.0,0.0,1.0]",0.2,,pending_asset_front_audit,True,/data/task3_2/share_data/scenesmith/hssd_rendered_assets/c1230b54c3b732617601d2413eeb180c5d29f2e2
c2a02097a8366892be928f0485471d898002276b,buffet,policy_front_review_required,front,"[0.0,0.0,1.0]",0.2,,pending_asset_front_audit,True,/data/task3_2/share_data/scenesmith/hssd_rendered_assets/c2a02097a8366892be928f0485471d898002276b
c547e4f30bb766fbc780ad43e058efcb183f53ff,buffet,policy_front_review_required,front,"[0.0,0.0,1.0]",0.2,,pending_asset_front_audit,True,/data/task3_2/share_data/scenesmith/hssd_rendered_assets/c547e4f30bb766fbc780ad43e058efcb183f53ff
c677a8bc97aee16aac025979f5c14a953859b9bb,buffet,policy_front_review_required,front,"[0.0,0.0,1.0]",0.2,,pending_asset_front_audit,True,/data/task3_2/share_data/scenesmith/hssd_rendered_assets/c677a8bc97aee16aac025979f5c14a953859b9bb
c6e2268863e1ad826feed40bfee065582fd5f0b2,buffet,policy_front_review_required,front,"[0.0,0.0,1.0]",0.2,,pending_asset_front_audit,True,/data/task3_2/share_data/scenesmith/hssd_rendered_assets/c6e2268863e1ad826feed40bfee065582fd5f0b2
c71ff97be911ee5e2438bf3ddcf15350942dbad7,buffet,policy_front_review_required,front,"[0.0,0.0,1.0]",0.2,,pending_asset_front_audit,True,/data/task3_2/share_data/scenesmith/hssd_rendered_assets/c71ff97be911ee5e2438bf3ddcf15350942dbad7
ca48b12c9b33f1c72d3af87e064f61b7cd197c31,buffet,policy_front_review_required,front,"[0.0,0.0,1.0]",0.2,,pending_asset_front_audit,True,/data/task3_2/share_data/scenesmith/hssd_rendered_assets/ca48b12c9b33f1c72d3af87e064f61b7cd197c31
d3d9a98182829d6501e0ee32e51505763063a80c,buffet,policy_front_review_required,front,"[0.0,0.0,1.0]",0.2,,pending_asset_front_audit,True,/data/task3_2/share_data/scenesmith/hssd_rendered_assets/d3d9a98182829d6501e0ee32e51505763063a80c
d599a7a59c32fa7cbba3ffa320de452a331c131e,buffet,policy_front_review_required,front,"[0.0,0.0,1.0]",0.2,,pending_asset_front_audit,True,/data/task3_2/share_data/scenesmith/hssd_rendered_assets/d599a7a59c32fa7cbba3ffa320de452a331c131e
db592834ff9c6f21b06f6285319b5c5b1596afd1,buffet,policy_front_review_required,front,"[0.0,0.0,1.0]",0.2,,pending_asset_front_audit,True,/data/task3_2/share_data/scenesmith/hssd_rendered_assets/db592834ff9c6f21b06f6285319b5c5b1596afd1
df4db6abfa9250164ee856f137ebae9f34cff325,buffet,policy_front_review_required,front,"[0.0,0.0,1.0]",0.2,,pending_asset_front_audit,True,/data/task3_2/share_data/scenesmith/hssd_rendered_assets/df4db6abfa9250164ee856f137ebae9f34cff325
e4bf06896b67fc56bbded3bbd2086ad6dcdb7746,buffet,policy_front_review_required,front,"[0.0,0.0,1.0]",0.2,,pending_asset_front_audit,True,/data/task3_2/share_data/scenesmith/hssd_rendered_assets/e4bf06896b67fc56bbded3bbd2086ad6dcdb7746
ec088effb528763544f8201107af6a5337af0141,buffet,policy_front_review_required,front,"[0.0,0.0,1.0]",0.2,,pending_asset_front_audit,True,/data/task3_2/share_data/scenesmith/hssd_rendered_assets/ec088effb528763544f8201107af6a5337af0141
ec44b99d2e75b597a7a8ccfcee8871dad740fa28,buffet,policy_front_review_required,front,"[0.0,0.0,1.0]",0.2,,pending_asset_front_audit,True,/data/task3_2/share_data/scenesmith/hssd_rendered_assets/ec44b99d2e75b597a7a8ccfcee8871dad740fa28
ec985fadeb6b4dbaaeb3cb9daef9dbed3eda7c35,buffet,policy_front_review_required,front,"[0.0,0.0,1.0]",0.2,,pending_asset_front_audit,True,/data/task3_2/share_data/scenesmith/hssd_rendered_assets/ec985fadeb6b4dbaaeb3cb9daef9dbed3eda7c35
f881803c939b961e066d7282382e92e6f7f98f51,buffet,policy_front_review_required,front,"[0.0,0.0,1.0]",0.2,,pending_asset_front_audit,True,/data/task3_2/share_data/scenesmith/hssd_rendered_assets/f881803c939b961e066d7282382e92e6f7f98f51
f9b8d96daa969944c9cb86404e0092dd7cbec4c8,buffet,policy_front_review_required,front,"[0.0,0.0,1.0]",0.2,,pending_asset_front_audit,True,/data/task3_2/share_data/scenesmith/hssd_rendered_assets/f9b8d96daa969944c9cb86404e0092dd7cbec4c8
e1f6b67461b3994599ea96b5f132c2de4c162ea0,countertop,policy_front_review_required,front,"[0.0,0.0,1.0]",0.2,,pending_asset_front_audit,True,/data/task3_2/share_data/scenesmith/hssd_rendered_assets/e1f6b67461b3994599ea96b5f132c2de4c162ea0
e76fc6fbfe3be64fc2092a113f79920cc290d281,countertop,policy_front_review_required,front,"[0.0,0.0,1.0]",0.2,,pending_asset_front_audit,True,/data/task3_2/share_data/scenesmith/hssd_rendered_assets/e76fc6fbfe3be64fc2092a113f79920cc290d281
0f2a07712dbbb33dcc1393e3d3d14b71a41765a5,crib,policy_front_review_required,front,"[0.0,0.0,1.0]",0.2,,pending_asset_front_audit,True,/data/task3_2/share_data/scenesmith/hssd_rendered_assets/0f2a07712dbbb33dcc1393e3d3d14b71a41765a5
2120e20c4a4bb969c84fef385aafe35bfade6e89,crib,policy_front_review_required,front,"[0.0,0.0,1.0]",0.2,,pending_asset_front_audit,True,/data/task3_2/share_data/scenesmith/hssd_rendered_assets/2120e20c4a4bb969c84fef385aafe35bfade6e89
3522b9e9d7f750bf333b5ed98e33083dc970ab4c,crib,policy_front_review_required,front,"[0.0,0.0,1.0]",0.2,,pending_asset_front_audit,True,/data/task3_2/share_data/scenesmith/hssd_rendered_assets/3522b9e9d7f750bf333b5ed98e33083dc970ab4c
3ea488fe4637147b9f040a32a825e95eec9069a6,crib,policy_front_review_required,front,"[0.0,0.0,1.0]",0.2,,pending_asset_front_audit,True,/data/task3_2/share_data/scenesmith/hssd_rendered_assets/3ea488fe4637147b9f040a32a825e95eec9069a6
7ce6c1d2c3b5cb4f733290de27a2d5c59b2c1d24,crib,policy_front_review_required,front,"[0.0,0.0,1.0]",0.2,,pending_asset_front_audit,True,/data/task3_2/share_data/scenesmith/hssd_rendered_assets/7ce6c1d2c3b5cb4f733290de27a2d5c59b2c1d24
81d1cb44223b044e37cc72958b4edb0c8ed0dd09,crib,policy_front_review_required,front,"[0.0,0.0,1.0]",0.2,,pending_asset_front_audit,True,/data/task3_2/share_data/scenesmith/hssd_rendered_assets/81d1cb44223b044e37cc72958b4edb0c8ed0dd09
a54cc37f30d048e84683e732174c45c0d37f938b,crib,policy_front_review_required,front,"[0.0,0.0,1.0]",0.2,,pending_asset_front_audit,True,/data/task3_2/share_data/scenesmith/hssd_rendered_assets/a54cc37f30d048e84683e732174c45c0d37f938b
a79be8bdd3c173b2419d6e0806ff86a7a8888e6d,crib,policy_front_review_required,front,"[0.0,0.0,1.0]",0.2,,pending_asset_front_audit,True,/data/task3_2/share_data/scenesmith/hssd_rendered_assets/a79be8bdd3c173b2419d6e0806ff86a7a8888e6d
c7b206f8413b0a72c277040bba3db00f7b94e287,crib,policy_front_review_required,front,"[0.0,0.0,1.0]",0.2,,pending_asset_front_audit,True,/data/task3_2/share_data/scenesmith/hssd_rendered_assets/c7b206f8413b0a72c277040bba3db00f7b94e287
d27b473462f23bc9da16989586a5d5ee4f23f07e,crib,policy_front_review_required,front,"[0.0,0.0,1.0]",0.2,,pending_asset_front_audit,True,/data/task3_2/share_data/scenesmith/hssd_rendered_assets/d27b473462f23bc9da16989586a5d5ee4f23f07e
dea27cd0e303f87744985853c3c431732801bfec,crib,policy_front_review_required,front,"[0.0,0.0,1.0]",0.2,,pending_asset_front_audit,True,/data/task3_2/share_data/scenesmith/hssd_rendered_assets/dea27cd0e303f87744985853c3c431732801bfec
edfe028d82c6a568a78c955b3c8cd9199d946ad8,crib,policy_front_review_required,front,"[0.0,0.0,1.0]",0.2,,pending_asset_front_audit,True,/data/task3_2/share_data/scenesmith/hssd_rendered_assets/edfe028d82c6a568a78c955b3c8cd9199d946ad8
0f99cf2a7e57657dfbf68a22dbcc36b3bda23ab8,curtain,policy_front_review_required,front,"[0.0,0.0,1.0]",0.2,,pending_asset_front_audit,True,/data/task3_2/share_data/scenesmith/hssd_rendered_assets/0f99cf2a7e57657dfbf68a22dbcc36b3bda23ab8
2205e5a6a05ff9e066f8f64654b91d16b326763d,curtain,policy_front_review_required,front,"[0.0,0.0,1.0]",0.2,,pending_asset_front_audit,True,/data/task3_2/share_data/scenesmith/hssd_rendered_assets/2205e5a6a05ff9e066f8f64654b91d16b326763d
2933eed7c2c2fb8ae4cb5a17bd6a166eff91e654,curtain,policy_front_review_required,front,"[0.0,0.0,1.0]",0.2,,pending_asset_front_audit,True,/data/task3_2/share_data/scenesmith/hssd_rendered_assets/2933eed7c2c2fb8ae4cb5a17bd6a166eff91e654
433213616173b842cee2916a2cb845d64d92af75,curtain,policy_front_review_required,front,"[0.0,0.0,1.0]",0.2,,pending_asset_front_audit,True,/data/task3_2/share_data/scenesmith/hssd_rendered_assets/433213616173b842cee2916a2cb845d64d92af75
664b0b7e08d711a0462aea8be8463789fa091a26,curtain,policy_front_review_required,front,"[0.0,0.0,1.0]",0.2,,pending_asset_front_audit,True,/data/task3_2/share_data/scenesmith/hssd_rendered_assets/664b0b7e08d711a0462aea8be8463789fa091a26
953e934baed9dd759e1624584a12365581cd6812,curtain,policy_front_review_required,front,"[0.0,0.0,1.0]",0.2,,pending_asset_front_audit,True,/data/task3_2/share_data/scenesmith/hssd_rendered_assets/953e934baed9dd759e1624584a12365581cd6812
97cb7bbf846dff0e8036fb99ce1c8f8772b18a93,curtain,policy_front_review_required,front,"[0.0,0.0,1.0]",0.2,,pending_asset_front_audit,True,/data/task3_2/share_data/scenesmith/hssd_rendered_assets/97cb7bbf846dff0e8036fb99ce1c8f8772b18a93
98087523238f271012465102f1841fcabb304738,curtain,policy_front_review_required,front,"[0.0,0.0,1.0]",0.2,,pending_asset_front_audit,True,/data/task3_2/share_data/scenesmith/hssd_rendered_assets/98087523238f271012465102f1841fcabb304738
b31522495cac46922d2095d813e1118213a1a06b,curtain,policy_front_review_required,front,"[0.0,0.0,1.0]",0.2,,pending_asset_front_audit,True,/data/task3_2/share_data/scenesmith/hssd_rendered_assets/b31522495cac46922d2095d813e1118213a1a06b
b4620bef8669bf0af1b791f42e477c35d4f9ce31,curtain,policy_front_review_required,front,"[0.0,0.0,1.0]",0.2,,pending_asset_front_audit,True,/data/task3_2/share_data/scenesmith/hssd_rendered_assets/b4620bef8669bf0af1b791f42e477c35d4f9ce31
c012d44ff03113b5921064c84a95bcb99d433e35,elevator,policy_front_review_required,front,"[0.0,0.0,1.0]",0.2,,pending_asset_front_audit,True,/data/task3_2/share_data/scenesmith/hssd_rendered_assets/c012d44ff03113b5921064c84a95bcb99d433e35
014a4d0309319f687eec4f5d944af61903d8f71b,"letter.n.02,wall decor",policy_front_review_required,front,"[0.0,0.0,1.0]",0.2,,pending_asset_front_audit,True,/data/task3_2/share_data/scenesmith/hssd_rendered_assets/014a4d0309319f687eec4f5d944af61903d8f71b
028120d30742df66fc8b68a8cd61fe7664704170,"letter.n.02,wall decor",policy_front_review_required,front,"[0.0,0.0,1.0]",0.2,,pending_asset_front_audit,True,/data/task3_2/share_data/scenesmith/hssd_rendered_assets/028120d30742df66fc8b68a8cd61fe7664704170
0a0b9f607345b6cee099d681f28e19e1f0a215c8,"letter.n.02,wall decor",policy_front_review_required,front,"[0.0,0.0,1.0]",0.2,,pending_asset_front_audit,True,/data/task3_2/share_data/scenesmith/hssd_rendered_assets/0a0b9f607345b6cee099d681f28e19e1f0a215c8
0f313a72bcf3f29c941cf8c32bf9a67fbcf69e62,"letter.n.02,wall decor",policy_front_review_required,front,"[0.0,0.0,1.0]",0.2,,pending_asset_front_audit,True,/data/task3_2/share_data/scenesmith/hssd_rendered_assets/0f313a72bcf3f29c941cf8c32bf9a67fbcf69e62
14db96768bfde9adf3856c947d0f04b77a4542d5,"letter.n.02,wall decor",policy_front_review_required,front,"[0.0,0.0,1.0]",0.2,,pending_asset_front_audit,True,/data/task3_2/share_data/scenesmith/hssd_rendered_assets/14db96768bfde9adf3856c947d0f04b77a4542d5
1e83705bd18766242bbe8c427b9583b00744a7d2,"letter.n.02,wall decor",policy_front_review_required,front,"[0.0,0.0,1.0]",0.2,,pending_asset_front_audit,True,/data/task3_2/share_data/scenesmith/hssd_rendered_assets/1e83705bd18766242bbe8c427b9583b00744a7d2
2017f2958b1fadd984fe53ccfe5d5dcb381dad49,"letter.n.02,wall decor",policy_front_review_required,front,"[0.0,0.0,1.0]",0.2,,pending_asset_front_audit,True,/data/task3_2/share_data/scenesmith/hssd_rendered_assets/2017f2958b1fadd984fe53ccfe5d5dcb381dad49
2283c0dd73a902965482b346a929a60326caa96c,"letter.n.02,wall decor",policy_front_review_required,front,"[0.0,0.0,1.0]",0.2,,pending_asset_front_audit,True,/data/task3_2/share_data/scenesmith/hssd_rendered_assets/2283c0dd73a902965482b346a929a60326caa96c
243c2bd9cd4dca1163c749fe8d07bda433e8e047,"letter.n.02,wall decor",policy_front_review_required,front,"[0.0,0.0,1.0]",0.2,,pending_asset_front_audit,True,/data/task3_2/share_data/scenesmith/hssd_rendered_assets/243c2bd9cd4dca1163c749fe8d07bda433e8e047
25b25e1e930a06319b4ea20684692d2e7958250a,"letter.n.02,wall decor",policy_front_review_required,front,"[0.0,0.0,1.0]",0.2,,pending_asset_front_audit,True,/data/task3_2/share_data/scenesmith/hssd_rendered_assets/25b25e1e930a06319b4ea20684692d2e7958250a
2792e080d96d386a8745c97cac11041351277c4c,"letter.n.02,wall decor",policy_front_review_required,front,"[0.0,0.0,1.0]",0.2,,pending_asset_front_audit,True,/data/task3_2/share_data/scenesmith/hssd_rendered_assets/2792e080d96d386a8745c97cac11041351277c4c
29b5a77b59e880eb2d6b7c463a6bb1eb8e868bcd,"letter.n.02,wall decor",policy_front_review_required,front,"[0.0,0.0,1.0]",0.2,,pending_asset_front_audit,True,/data/task3_2/share_data/scenesmith/hssd_rendered_assets/29b5a77b59e880eb2d6b7c463a6bb1eb8e868bcd
2d8e338a3f5070ee4b45a8deeedcc53f365aac85,"letter.n.02,wall decor",policy_front_review_required,front,"[0.0,0.0,1.0]",0.2,,pending_asset_front_audit,True,/data/task3_2/share_data/scenesmith/hssd_rendered_assets/2d8e338a3f5070ee4b45a8deeedcc53f365aac85
336b9d7e5d2c256e7fcd68820d460710b0a778bf,"letter.n.02,wall decor",policy_front_review_required,front,"[0.0,0.0,1.0]",0.2,,pending_asset_front_audit,True,/data/task3_2/share_data/scenesmith/hssd_rendered_assets/336b9d7e5d2c256e7fcd68820d460710b0a778bf
34daf7fb04a70ed5a78959e30150e9cd269c2326,"letter.n.02,wall decor",policy_front_review_required,front,"[0.0,0.0,1.0]",0.2,,pending_asset_front_audit,True,/data/task3_2/share_data/scenesmith/hssd_rendered_assets/34daf7fb04a70ed5a78959e30150e9cd269c2326
4083065d446368810913c393d23a3030c45a4f96,"letter.n.02,wall decor",policy_front_review_required,front,"[0.0,0.0,1.0]",0.2,,pending_asset_front_audit,True,/data/task3_2/share_data/scenesmith/hssd_rendered_assets/4083065d446368810913c393d23a3030c45a4f96
43502e1524f76fe08417ac1d25694fee35c2b51a,"letter.n.02,wall decor",policy_front_review_required,front,"[0.0,0.0,1.0]",0.2,,pending_asset_front_audit,True,/data/task3_2/share_data/scenesmith/hssd_rendered_assets/43502e1524f76fe08417ac1d25694fee35c2b51a
4cc8b96d50165feff772612874703c9913d06973,"letter.n.02,wall decor",policy_front_review_required,front,"[0.0,0.0,1.0]",0.2,,pending_asset_front_audit,True,/data/task3_2/share_data/scenesmith/hssd_rendered_assets/4cc8b96d50165feff772612874703c9913d06973
50c36c5fd97b84ab32226c4721e8132525fcd0ab,"letter.n.02,wall decor",policy_front_review_required,front,"[0.0,0.0,1.0]",0.2,,pending_asset_front_audit,True,/data/task3_2/share_data/scenesmith/hssd_rendered_assets/50c36c5fd97b84ab32226c4721e8132525fcd0ab
528273b65dce3e35ee881e94f209112ba50d01c2,"letter.n.02,wall decor",policy_front_review_required,front,"[0.0,0.0,1.0]",0.2,,pending_asset_front_audit,True,/data/task3_2/share_data/scenesmith/hssd_rendered_assets/528273b65dce3e35ee881e94f209112ba50d01c2
664c46f92990cf93271259e9da774e2a8f3d9b2d,"letter.n.02,wall decor",policy_front_review_required,front,"[0.0,0.0,1.0]",0.2,,pending_asset_front_audit,True,/data/task3_2/share_data/scenesmith/hssd_rendered_assets/664c46f92990cf93271259e9da774e2a8f3d9b2d
6d6becf582d43eea931957f0fb52a8552737223b,"letter.n.02,wall decor",policy_front_review_required,front,"[0.0,0.0,1.0]",0.2,,pending_asset_front_audit,True,/data/task3_2/share_data/scenesmith/hssd_rendered_assets/6d6becf582d43eea931957f0fb52a8552737223b
6f9c32b7abc350c4b0c3d9382b0cbf06e5600f94,"letter.n.02,wall decor",policy_front_review_required,front,"[0.0,0.0,1.0]",0.2,,pending_asset_front_audit,True,/data/task3_2/share_data/scenesmith/hssd_rendered_assets/6f9c32b7abc350c4b0c3d9382b0cbf06e5600f94
7217b271a329f51e3633363b487912ab18246622,"letter.n.02,wall decor",policy_front_review_required,front,"[0.0,0.0,1.0]",0.2,,pending_asset_front_audit,True,/data/task3_2/share_data/scenesmith/hssd_rendered_assets/7217b271a329f51e3633363b487912ab18246622
7a38c922a4f0654c89197c406a0527d909bc3457,"letter.n.02,wall decor",policy_front_review_required,front,"[0.0,0.0,1.0]",0.2,,pending_asset_front_audit,True,/data/task3_2/share_data/scenesmith/hssd_rendered_assets/7a38c922a4f0654c89197c406a0527d909bc3457
7b8af8fba8afc3b334ba085a9d15757db3044a81,"letter.n.02,wall decor",policy_front_review_required,front,"[0.0,0.0,1.0]",0.2,,pending_asset_front_audit,True,/data/task3_2/share_data/scenesmith/hssd_rendered_assets/7b8af8fba8afc3b334ba085a9d15757db3044a81
7c001db16df4bc866dfe85c4f82a04041d122dc7,"letter.n.02,wall decor",policy_front_review_required,front,"[0.0,0.0,1.0]",0.2,,pending_asset_front_audit,True,/data/task3_2/share_data/scenesmith/hssd_rendered_assets/7c001db16df4bc866dfe85c4f82a04041d122dc7
7e0e769a820c4b1b7e2f5cefdfb644733fc0f485,"letter.n.02,wall decor",policy_front_review_required,front,"[0.0,0.0,1.0]",0.2,,pending_asset_front_audit,True,/data/task3_2/share_data/scenesmith/hssd_rendered_assets/7e0e769a820c4b1b7e2f5cefdfb644733fc0f485
8349e0f89d78757c18840cba6413f1fff9995bba,"letter.n.02,wall decor",policy_front_review_required,front,"[0.0,0.0,1.0]",0.2,,pending_asset_front_audit,True,/data/task3_2/share_data/scenesmith/hssd_rendered_assets/8349e0f89d78757c18840cba6413f1fff9995bba
8c0b06714c35a28d3095700863670f14c89e6759,"letter.n.02,wall decor",policy_front_review_required,front,"[0.0,0.0,1.0]",0.2,,pending_asset_front_audit,True,/data/task3_2/share_data/scenesmith/hssd_rendered_assets/8c0b06714c35a28d3095700863670f14c89e6759
9211ca61c3faa233e8ae1257c8edb1a85f26a35a,"letter.n.02,wall decor",policy_front_review_required,front,"[0.0,0.0,1.0]",0.2,,pending_asset_front_audit,True,/data/task3_2/share_data/scenesmith/hssd_rendered_assets/9211ca61c3faa233e8ae1257c8edb1a85f26a35a
993735da98fe548b3dcb8c879b4fafc6dc0b6c12,"letter.n.02,wall decor",policy_front_review_required,front,"[0.0,0.0,1.0]",0.2,,pending_asset_front_audit,True,/data/task3_2/share_data/scenesmith/hssd_rendered_assets/993735da98fe548b3dcb8c879b4fafc6dc0b6c12
9c259c582f080d7932c2fd5c0482be549d64e455,"letter.n.02,wall decor",policy_front_review_required,front,"[0.0,0.0,1.0]",0.2,,pending_asset_front_audit,True,/data/task3_2/share_data/scenesmith/hssd_rendered_assets/9c259c582f080d7932c2fd5c0482be549d64e455
9d38d85639970e69362b50831da8aab74d6e6f11,"letter.n.02,wall decor",policy_front_review_required,front,"[0.0,0.0,1.0]",0.2,,pending_asset_front_audit,True,/data/task3_2/share_data/scenesmith/hssd_rendered_assets/9d38d85639970e69362b50831da8aab74d6e6f11
9f1f37526bb2c1928b07d283c08a796c64bfe00d,"letter.n.02,wall decor",policy_front_review_required,front,"[0.0,0.0,1.0]",0.2,,pending_asset_front_audit,True,/data/task3_2/share_data/scenesmith/hssd_rendered_assets/9f1f37526bb2c1928b07d283c08a796c64bfe00d
a57ca3b4a7a80c697f6c0e9ca85229b2dbcc52ad,"letter.n.02,wall decor",policy_front_review_required,front,"[0.0,0.0,1.0]",0.2,,pending_asset_front_audit,True,/data/task3_2/share_data/scenesmith/hssd_rendered_assets/a57ca3b4a7a80c697f6c0e9ca85229b2dbcc52ad
af0b9aef8292ff2e8c4407b8ba6a5be89ba341eb,"letter.n.02,wall decor",policy_front_review_required,front,"[0.0,0.0,1.0]",0.2,,pending_asset_front_audit,True,/data/task3_2/share_data/scenesmith/hssd_rendered_assets/af0b9aef8292ff2e8c4407b8ba6a5be89ba341eb
af613c4bd2d226308a30f211b834618a8359b776,"letter.n.02,wall decor",policy_front_review_required,front,"[0.0,0.0,1.0]",0.2,,pending_asset_front_audit,True,/data/task3_2/share_data/scenesmith/hssd_rendered_assets/af613c4bd2d226308a30f211b834618a8359b776
b74967461e941d7ccdfeab47a97c63071ddfe02c,"letter.n.02,wall decor",policy_front_review_required,front,"[0.0,0.0,1.0]",0.2,,pending_asset_front_audit,True,/data/task3_2/share_data/scenesmith/hssd_rendered_assets/b74967461e941d7ccdfeab47a97c63071ddfe02c
bb1a9b363feca7ac0367ae112a3a0211ce02804f,"letter.n.02,wall decor",policy_front_review_required,front,"[0.0,0.0,1.0]",0.2,,pending_asset_front_audit,True,/data/task3_2/share_data/scenesmith/hssd_rendered_assets/bb1a9b363feca7ac0367ae112a3a0211ce02804f
c721894f13f6808b4626396e31728ac8bcdc35c9,"letter.n.02,wall decor",policy_front_review_required,front,"[0.0,0.0,1.0]",0.2,,pending_asset_front_audit,True,/data/task3_2/share_data/scenesmith/hssd_rendered_assets/c721894f13f6808b4626396e31728ac8bcdc35c9
c76350e8a36b01b0d49406c64d5009cbfd8b874b,"letter.n.02,wall decor",policy_front_review_required,front,"[0.0,0.0,1.0]",0.2,,pending_asset_front_audit,True,/data/task3_2/share_data/scenesmith/hssd_rendered_assets/c76350e8a36b01b0d49406c64d5009cbfd8b874b
c8fb797c719f23fc3c1c3ea765b77db120674df1,"letter.n.02,wall decor",policy_front_review_required,front,"[0.0,0.0,1.0]",0.2,,pending_asset_front_audit,True,/data/task3_2/share_data/scenesmith/hssd_rendered_assets/c8fb797c719f23fc3c1c3ea765b77db120674df1
c9ed3384decbb55af2abc48652ecd05c82c7b568,"letter.n.02,wall decor",policy_front_review_required,front,"[0.0,0.0,1.0]",0.2,,pending_asset_front_audit,True,/data/task3_2/share_data/scenesmith/hssd_rendered_assets/c9ed3384decbb55af2abc48652ecd05c82c7b568
cc348226a283543116d1069f1d928ee1261c8542,"letter.n.02,wall decor",policy_front_review_required,front,"[0.0,0.0,1.0]",0.2,,pending_asset_front_audit,True,/data/task3_2/share_data/scenesmith/hssd_rendered_assets/cc348226a283543116d1069f1d928ee1261c8542
d654e248d2468a3763df7b9f76169e31af01f6cd,"letter.n.02,wall decor",policy_front_review_required,front,"[0.0,0.0,1.0]",0.2,,pending_asset_front_audit,True,/data/task3_2/share_data/scenesmith/hssd_rendered_assets/d654e248d2468a3763df7b9f76169e31af01f6cd
d656ac9b8d3b46decf4ec025a1011c46e2c4d41b,"letter.n.02,wall decor",policy_front_review_required,front,"[0.0,0.0,1.0]",0.2,,pending_asset_front_audit,True,/data/task3_2/share_data/scenesmith/hssd_rendered_assets/d656ac9b8d3b46decf4ec025a1011c46e2c4d41b
d772e6c435b37a704e022c32107bdc4500cf3a1f,"letter.n.02,wall decor",policy_front_review_required,front,"[0.0,0.0,1.0]",0.2,,pending_asset_front_audit,True,/data/task3_2/share_data/scenesmith/hssd_rendered_assets/d772e6c435b37a704e022c32107bdc4500cf3a1f
d98d5dd004c3547e4765d56d731f6d97aeb33de6,"letter.n.02,wall decor",policy_front_review_required,front,"[0.0,0.0,1.0]",0.2,,pending_asset_front_audit,True,/data/task3_2/share_data/scenesmith/hssd_rendered_assets/d98d5dd004c3547e4765d56d731f6d97aeb33de6
df07c2ce247722c7e96a1722c9a73fab473e2c53,"letter.n.02,wall decor",policy_front_review_required,front,"[0.0,0.0,1.0]",0.2,,pending_asset_front_audit,True,/data/task3_2/share_data/scenesmith/hssd_rendered_assets/df07c2ce247722c7e96a1722c9a73fab473e2c53
e5995f3c403907857acb6d7db6f52c16306bf96c,"letter.n.02,wall decor",policy_front_review_required,front,"[0.0,0.0,1.0]",0.2,,pending_asset_front_audit,True,/data/task3_2/share_data/scenesmith/hssd_rendered_assets/e5995f3c403907857acb6d7db6f52c16306bf96c
efb81055c59a1405078d571d047428f23e65101f,"letter.n.02,wall decor",policy_front_review_required,front,"[0.0,0.0,1.0]",0.2,,pending_asset_front_audit,True,/data/task3_2/share_data/scenesmith/hssd_rendered_assets/efb81055c59a1405078d571d047428f23e65101f
f444a672f6316410bd1cb26e6088d964f3619056,"letter.n.02,wall decor",policy_front_review_required,front,"[0.0,0.0,1.0]",0.2,,pending_asset_front_audit,True,/data/task3_2/share_data/scenesmith/hssd_rendered_assets/f444a672f6316410bd1cb26e6088d964f3619056
fb4d2c586c34570093fa23c350231f4d47debcde,"letter.n.02,wall decor",policy_front_review_required,front,"[0.0,0.0,1.0]",0.2,,pending_asset_front_audit,True,/data/task3_2/share_data/scenesmith/hssd_rendered_assets/fb4d2c586c34570093fa23c350231f4d47debcde
fec1c753e6494a3f936b3684041e3140eff6e09a,"letter.n.02,wall decor",policy_front_review_required,front,"[0.0,0.0,1.0]",0.2,,pending_asset_front_audit,True,/data/task3_2/share_data/scenesmith/hssd_rendered_assets/fec1c753e6494a3f936b3684041e3140eff6e09a
49017ea03a94d58f3972c21b1488508b1d988274,mantel,policy_front_review_required,front,"[0.0,0.0,1.0]",0.2,,pending_asset_front_audit,True,/data/task3_2/share_data/scenesmith/hssd_rendered_assets/49017ea03a94d58f3972c21b1488508b1d988274
0809de73c8ade8f527ad3761a75b373dc3d6b7a4,mirror,policy_front_review_required,front,"[0.0,0.0,1.0]",0.2,,pending_asset_front_audit,True,/data/task3_2/share_data/scenesmith/hssd_rendered_assets/0809de73c8ade8f527ad3761a75b373dc3d6b7a4
0e7559ecfaec3368ec42dc0cc4c4aa66d0886f1b,mirror,policy_front_review_required,front,"[0.0,0.0,1.0]",0.2,,pending_asset_front_audit,True,/data/task3_2/share_data/scenesmith/hssd_rendered_assets/0e7559ecfaec3368ec42dc0cc4c4aa66d0886f1b
1b99ac87378c8d948f2981f9fe423b551e6cbdbe,mirror,policy_front_review_required,front,"[0.0,0.0,1.0]",0.2,,pending_asset_front_audit,True,/data/task3_2/share_data/scenesmith/hssd_rendered_assets/1b99ac87378c8d948f2981f9fe423b551e6cbdbe
2603ceec3f2913a4c4cb9af2855267babd1405a9,mirror,policy_front_review_required,front,"[0.0,0.0,1.0]",0.2,,pending_asset_front_audit,True,/data/task3_2/share_data/scenesmith/hssd_rendered_assets/2603ceec3f2913a4c4cb9af2855267babd1405a9
2a800c4dae039c07505cf8474d8c999172e4ef42,mirror,policy_front_review_required,front,"[0.0,0.0,1.0]",0.2,,pending_asset_front_audit,True,/data/task3_2/share_data/scenesmith/hssd_rendered_assets/2a800c4dae039c07505cf8474d8c999172e4ef42
4e8ab06e4f325efc525ba7c28229f17d1d4439ff,mirror,policy_front_review_required,front,"[0.0,0.0,1.0]",0.2,,pending_asset_front_audit,True,/data/task3_2/share_data/scenesmith/hssd_rendered_assets/4e8ab06e4f325efc525ba7c28229f17d1d4439ff
59d55a9d0548cd19f76b40c2282a73573ad5c00e,mirror,policy_front_review_required,front,"[0.0,0.0,1.0]",0.2,,pending_asset_front_audit,True,/data/task3_2/share_data/scenesmith/hssd_rendered_assets/59d55a9d0548cd19f76b40c2282a73573ad5c00e
8cc4c52e3a2f013cddc4a620f41a7cef0f0cea84,mirror,policy_front_review_required,front,"[0.0,0.0,1.0]",0.2,,pending_asset_front_audit,True,/data/task3_2/share_data/scenesmith/hssd_rendered_assets/8cc4c52e3a2f013cddc4a620f41a7cef0f0cea84
8e0b83b82b3c2a885292d55cf002b8a5530197f4,mirror,policy_front_review_required,front,"[0.0,0.0,1.0]",0.2,,pending_asset_front_audit,True,/data/task3_2/share_data/scenesmith/hssd_rendered_assets/8e0b83b82b3c2a885292d55cf002b8a5530197f4
9a20517925af4659b86e742e3ac5a14ef15965c3,mirror,policy_front_review_required,front,"[0.0,0.0,1.0]",0.2,,pending_asset_front_audit,True,/data/task3_2/share_data/scenesmith/hssd_rendered_assets/9a20517925af4659b86e742e3ac5a14ef15965c3
e08dadedb92429c11bf0b8ce9ab02551fc1b4d83,mirror,policy_front_review_required,front,"[0.0,0.0,1.0]",0.2,,pending_asset_front_audit,True,/data/task3_2/share_data/scenesmith/hssd_rendered_assets/e08dadedb92429c11bf0b8ce9ab02551fc1b4d83
e0ba3fcf740c17fd0f6caf10720845fed5a3fee9,mirror,policy_front_review_required,front,"[0.0,0.0,1.0]",0.2,,pending_asset_front_audit,True,/data/task3_2/share_data/scenesmith/hssd_rendered_assets/e0ba3fcf740c17fd0f6caf10720845fed5a3fee9
xxxxb8ef2baaxd21fx4695xbdc3x4dde2486271d,mirror,policy_front_review_required,front,"[0.0,0.0,1.0]",0.2,,pending_asset_front_audit,True,/data/task3_2/share_data/scenesmith/hssd_rendered_assets/xxxxb8ef2baaxd21fx4695xbdc3x4dde2486271d
01362ea241206b5668fb03f345c4637fd9386c8a,nightstand,policy_front_review_required,front,"[0.0,0.0,1.0]",0.2,,pending_asset_front_audit,True,/data/task3_2/share_data/scenesmith/hssd_rendered_assets/01362ea241206b5668fb03f345c4637fd9386c8a
030dc7920f6b43d809ddc87281cdd46ffdad2d9f,nightstand,policy_front_review_required,front,"[0.0,0.0,1.0]",0.2,,pending_asset_front_audit,True,/data/task3_2/share_data/scenesmith/hssd_rendered_assets/030dc7920f6b43d809ddc87281cdd46ffdad2d9f
03639dab61b6903ff319e047b008cb6abec971c6,nightstand,policy_front_review_required,front,"[0.0,0.0,1.0]",0.2,,pending_asset_front_audit,True,/data/task3_2/share_data/scenesmith/hssd_rendered_assets/03639dab61b6903ff319e047b008cb6abec971c6
037f34132f162235d80ce46f67c4fa2238d94da0,nightstand,policy_front_review_required,front,"[0.0,0.0,1.0]",0.2,,pending_asset_front_audit,True,/data/task3_2/share_data/scenesmith/hssd_rendered_assets/037f34132f162235d80ce46f67c4fa2238d94da0
038f37d5b8351b29fdc8173d219ca5a503715ccc,nightstand,policy_front_review_required,front,"[0.0,0.0,1.0]",0.2,,pending_asset_front_audit,True,/data/task3_2/share_data/scenesmith/hssd_rendered_assets/038f37d5b8351b29fdc8173d219ca5a503715ccc
04c99a0e259fa98fbbc7171112d0a285c1648718,nightstand,policy_front_review_required,front,"[0.0,0.0,1.0]",0.2,,pending_asset_front_audit,True,/data/task3_2/share_data/scenesmith/hssd_rendered_assets/04c99a0e259fa98fbbc7171112d0a285c1648718
084ff2a0e018cec0a68d318cc0f37f0b7624c8b8,nightstand,policy_front_review_required,front,"[0.0,0.0,1.0]",0.2,,pending_asset_front_audit,True,/data/task3_2/share_data/scenesmith/hssd_rendered_assets/084ff2a0e018cec0a68d318cc0f37f0b7624c8b8
08901e442a1995c0b952536f6ab4e2b78d12fc27,nightstand,policy_front_review_required,front,"[0.0,0.0,1.0]",0.2,,pending_asset_front_audit,True,/data/task3_2/share_data/scenesmith/hssd_rendered_assets/08901e442a1995c0b952536f6ab4e2b78d12fc27
0a9cbe043deabb9971a124ea7bdd0f1d242152c9,nightstand,policy_front_review_required,front,"[0.0,0.0,1.0]",0.2,,pending_asset_front_audit,True,/data/task3_2/share_data/scenesmith/hssd_rendered_assets/0a9cbe043deabb9971a124ea7bdd0f1d242152c9
0b458bbd4f94efdade07afeb152a5b6cd7f95cd8,nightstand,policy_front_review_required,front,"[0.0,0.0,1.0]",0.2,,pending_asset_front_audit,True,/data/task3_2/share_data/scenesmith/hssd_rendered_assets/0b458bbd4f94efdade07afeb152a5b6cd7f95cd8
109c5d58f006865af44b50749d94040f2396f754,nightstand,policy_front_review_required,front,"[0.0,0.0,1.0]",0.2,,pending_asset_front_audit,True,/data/task3_2/share_data/scenesmith/hssd_rendered_assets/109c5d58f006865af44b50749d94040f2396f754
12951dc7326bf79b0ac170bce28cbd99ac9ccb00,nightstand,policy_front_review_required,front,"[0.0,0.0,1.0]",0.2,,pending_asset_front_audit,True,/data/task3_2/share_data/scenesmith/hssd_rendered_assets/12951dc7326bf79b0ac170bce28cbd99ac9ccb00
155c182834f40ebb1d5666d3a72ee828e097097a,nightstand,policy_front_review_required,front,"[0.0,0.0,1.0]",0.2,,pending_asset_front_audit,True,/data/task3_2/share_data/scenesmith/hssd_rendered_assets/155c182834f40ebb1d5666d3a72ee828e097097a
15c0bd474aa43ea3156a6d33a23dc58384ac68ba,nightstand,policy_front_review_required,front,"[0.0,0.0,1.0]",0.2,,pending_asset_front_audit,True,/data/task3_2/share_data/scenesmith/hssd_rendered_assets/15c0bd474aa43ea3156a6d33a23dc58384ac68ba
16a4e41e6085b65ee5f86acabc8c7185d84c4749,nightstand,policy_front_review_required,front,"[0.0,0.0,1.0]",0.2,,pending_asset_front_audit,True,/data/task3_2/share_data/scenesmith/hssd_rendered_assets/16a4e41e6085b65ee5f86acabc8c7185d84c4749
183616ff4a41ac27ce0b8456acb0837c5135ca76,nightstand,policy_front_review_required,front,"[0.0,0.0,1.0]",0.2,,pending_asset_front_audit,True,/data/task3_2/share_data/scenesmith/hssd_rendered_assets/183616ff4a41ac27ce0b8456acb0837c5135ca76
1a8882095aa1aa7e9d4ab68d4b36533f833f6d7b,nightstand,policy_front_review_required,front,"[0.0,0.0,1.0]",0.2,,pending_asset_front_audit,True,/data/task3_2/share_data/scenesmith/hssd_rendered_assets/1a8882095aa1aa7e9d4ab68d4b36533f833f6d7b
1b3a5dd7d2a94add4a978d2516e7158980da0cb2,nightstand,policy_front_review_required,front,"[0.0,0.0,1.0]",0.2,,pending_asset_front_audit,True,/data/task3_2/share_data/scenesmith/hssd_rendered_assets/1b3a5dd7d2a94add4a978d2516e7158980da0cb2
1d15c6172a86bc8729d2523ec7fed0fa0c991fb3,nightstand,policy_front_review_required,front,"[0.0,0.0,1.0]",0.2,,pending_asset_front_audit,True,/data/task3_2/share_data/scenesmith/hssd_rendered_assets/1d15c6172a86bc8729d2523ec7fed0fa0c991fb3
1d5a78b46d32bf41584c800a0dfa2536d7f0b395,nightstand,policy_front_review_required,front,"[0.0,0.0,1.0]",0.2,,pending_asset_front_audit,True,/data/task3_2/share_data/scenesmith/hssd_rendered_assets/1d5a78b46d32bf41584c800a0dfa2536d7f0b395
1e1c18c687ffc14eb4267863fc389ef74c2e26e3,nightstand,policy_front_review_required,front,"[0.0,0.0,1.0]",0.2,,pending_asset_front_audit,True,/data/task3_2/share_data/scenesmith/hssd_rendered_assets/1e1c18c687ffc14eb4267863fc389ef74c2e26e3
21fbcf749f7820bee1b2d045d30a0513c717cf46,nightstand,policy_front_review_required,front,"[0.0,0.0,1.0]",0.2,,pending_asset_front_audit,True,/data/task3_2/share_data/scenesmith/hssd_rendered_assets/21fbcf749f7820bee1b2d045d30a0513c717cf46
228f6a46018c2fc3867d28935e5d3f422293f6b5,nightstand,policy_front_review_required,front,"[0.0,0.0,1.0]",0.2,,pending_asset_front_audit,True,/data/task3_2/share_data/scenesmith/hssd_rendered_assets/228f6a46018c2fc3867d28935e5d3f422293f6b5
2366c86ee9ee1ec1d3254b392a3a61a249389b12,nightstand,policy_front_review_required,front,"[0.0,0.0,1.0]",0.2,,pending_asset_front_audit,True,/data/task3_2/share_data/scenesmith/hssd_rendered_assets/2366c86ee9ee1ec1d3254b392a3a61a249389b12
255b9ea318328994923f2d42d79a4b938a731911,nightstand,policy_front_review_required,front,"[0.0,0.0,1.0]",0.2,,pending_asset_front_audit,True,/data/task3_2/share_data/scenesmith/hssd_rendered_assets/255b9ea318328994923f2d42d79a4b938a731911
265e819d1f027cde8dac05468a70455f62cbf069,nightstand,policy_front_review_required,front,"[0.0,0.0,1.0]",0.2,,pending_asset_front_audit,True,/data/task3_2/share_data/scenesmith/hssd_rendered_assets/265e819d1f027cde8dac05468a70455f62cbf069
268fba8564a56219ec24229203fa260753720b5e,nightstand,policy_front_review_required,front,"[0.0,0.0,1.0]",0.2,,pending_asset_front_audit,True,/data/task3_2/share_data/scenesmith/hssd_rendered_assets/268fba8564a56219ec24229203fa260753720b5e
2af8f7c0fc1c416b2c24affc510fb8eacef76e23,nightstand,policy_front_review_required,front,"[0.0,0.0,1.0]",0.2,,pending_asset_front_audit,True,/data/task3_2/share_data/scenesmith/hssd_rendered_assets/2af8f7c0fc1c416b2c24affc510fb8eacef76e23
2b9af0f16b5f1e6b7621bfa05afb45b3581e0736,nightstand,policy_front_review_required,front,"[0.0,0.0,1.0]",0.2,,pending_asset_front_audit,True,/data/task3_2/share_data/scenesmith/hssd_rendered_assets/2b9af0f16b5f1e6b7621bfa05afb45b3581e0736
2be70cb7fe451eabbf070838667e5ae4b8c43974,nightstand,policy_front_review_required,front,"[0.0,0.0,1.0]",0.2,,pending_asset_front_audit,True,/data/task3_2/share_data/scenesmith/hssd_rendered_assets/2be70cb7fe451eabbf070838667e5ae4b8c43974
2f2b94fd61b77ab8cb3d352347ff10d74db8d70c,nightstand,policy_front_review_required,front,"[0.0,0.0,1.0]",0.2,,pending_asset_front_audit,True,/data/task3_2/share_data/scenesmith/hssd_rendered_assets/2f2b94fd61b77ab8cb3d352347ff10d74db8d70c
3108de6e54bef335ffd071a9016f6b8826497282,nightstand,policy_front_review_required,front,"[0.0,0.0,1.0]",0.2,,pending_asset_front_audit,True,/data/task3_2/share_data/scenesmith/hssd_rendered_assets/3108de6e54bef335ffd071a9016f6b8826497282
311a303f0b3f212b97c5bb23a79a6499efda2f71,nightstand,policy_front_review_required,front,"[0.0,0.0,1.0]",0.2,,pending_asset_front_audit,True,/data/task3_2/share_data/scenesmith/hssd_rendered_assets/311a303f0b3f212b97c5bb23a79a6499efda2f71
31653c084558e1ecb286adf63a305d914aa3c98b,nightstand,policy_front_review_required,front,"[0.0,0.0,1.0]",0.2,,pending_asset_front_audit,True,/data/task3_2/share_data/scenesmith/hssd_rendered_assets/31653c084558e1ecb286adf63a305d914aa3c98b
35356739cd0ed57bce029e485ee137fb3061b600,nightstand,policy_front_review_required,front,"[0.0,0.0,1.0]",0.2,,pending_asset_front_audit,True,/data/task3_2/share_data/scenesmith/hssd_rendered_assets/35356739cd0ed57bce029e485ee137fb3061b600
364fd12b7f9dae1470615fb8f459b93c70a94894,nightstand,policy_front_review_required,front,"[0.0,0.0,1.0]",0.2,,pending_asset_front_audit,True,/data/task3_2/share_data/scenesmith/hssd_rendered_assets/364fd12b7f9dae1470615fb8f459b93c70a94894
374d659950e5914d44aeca18fb2265b7a22b69f8,nightstand,policy_front_review_required,front,"[0.0,0.0,1.0]",0.2,,pending_asset_front_audit,True,/data/task3_2/share_data/scenesmith/hssd_rendered_assets/374d659950e5914d44aeca18fb2265b7a22b69f8
3a5612aee60217931565e5003121a9c98fdbc515,nightstand,policy_front_review_required,front,"[0.0,0.0,1.0]",0.2,,pending_asset_front_audit,True,/data/task3_2/share_data/scenesmith/hssd_rendered_assets/3a5612aee60217931565e5003121a9c98fdbc515
3bbc952ca877b13b41254bc345b1416eb557d4b3,nightstand,policy_front_review_required,front,"[0.0,0.0,1.0]",0.2,,pending_asset_front_audit,True,/data/task3_2/share_data/scenesmith/hssd_rendered_assets/3bbc952ca877b13b41254bc345b1416eb557d4b3
3d71cae6d28e2b2358f25de31ac1b03977654acc,nightstand,policy_front_review_required,front,"[0.0,0.0,1.0]",0.2,,pending_asset_front_audit,True,/data/task3_2/share_data/scenesmith/hssd_rendered_assets/3d71cae6d28e2b2358f25de31ac1b03977654acc
3e4790548c158671fec162757053201da04b6259,nightstand,policy_front_review_required,front,"[0.0,0.0,1.0]",0.2,,pending_asset_front_audit,True,/data/task3_2/share_data/scenesmith/hssd_rendered_assets/3e4790548c158671fec162757053201da04b6259
3fc77979a4622ac665589e79822641ba6b7aa66f,nightstand,policy_front_review_required,front,"[0.0,0.0,1.0]",0.2,,pending_asset_front_audit,True,/data/task3_2/share_data/scenesmith/hssd_rendered_assets/3fc77979a4622ac665589e79822641ba6b7aa66f
42cf6dce36f1ec0dd707f974a10bb95415daa17e,nightstand,policy_front_review_required,front,"[0.0,0.0,1.0]",0.2,,pending_asset_front_audit,True,/data/task3_2/share_data/scenesmith/hssd_rendered_assets/42cf6dce36f1ec0dd707f974a10bb95415daa17e
432d534d4c8ff1f6da0a75f2c8d750cccafff7b9,nightstand,policy_front_review_required,front,"[0.0,0.0,1.0]",0.2,,pending_asset_front_audit,True,/data/task3_2/share_data/scenesmith/hssd_rendered_assets/432d534d4c8ff1f6da0a75f2c8d750cccafff7b9
45c662af829bb97af7d5a4068ff83702f072cff6,nightstand,policy_front_review_required,front,"[0.0,0.0,1.0]",0.2,,pending_asset_front_audit,True,/data/task3_2/share_data/scenesmith/hssd_rendered_assets/45c662af829bb97af7d5a4068ff83702f072cff6
47afe6c6fd5e0aebbc942a625f8af8533db131a7,nightstand,policy_front_review_required,front,"[0.0,0.0,1.0]",0.2,,pending_asset_front_audit,True,/data/task3_2/share_data/scenesmith/hssd_rendered_assets/47afe6c6fd5e0aebbc942a625f8af8533db131a7
47c7faa8f3f007eb9f2ddcadda655ba017949eb9,nightstand,policy_front_review_required,front,"[0.0,0.0,1.0]",0.2,,pending_asset_front_audit,True,/data/task3_2/share_data/scenesmith/hssd_rendered_assets/47c7faa8f3f007eb9f2ddcadda655ba017949eb9
48500af9bd528f8379165b2d2f16a24316e7f1cc,nightstand,policy_front_review_required,front,"[0.0,0.0,1.0]",0.2,,pending_asset_front_audit,True,/data/task3_2/share_data/scenesmith/hssd_rendered_assets/48500af9bd528f8379165b2d2f16a24316e7f1cc
4ac5e435efc97b7e2ae23e51e6b043de2276c1df,nightstand,policy_front_review_required,front,"[0.0,0.0,1.0]",0.2,,pending_asset_front_audit,True,/data/task3_2/share_data/scenesmith/hssd_rendered_assets/4ac5e435efc97b7e2ae23e51e6b043de2276c1df
4bd1e4ec215403d3239f09517e44568f78da3b40,nightstand,policy_front_review_required,front,"[0.0,0.0,1.0]",0.2,,pending_asset_front_audit,True,/data/task3_2/share_data/scenesmith/hssd_rendered_assets/4bd1e4ec215403d3239f09517e44568f78da3b40
4cf74bc7112b601fe700469637710b150f539a5b,nightstand,policy_front_review_required,front,"[0.0,0.0,1.0]",0.2,,pending_asset_front_audit,True,/data/task3_2/share_data/scenesmith/hssd_rendered_assets/4cf74bc7112b601fe700469637710b150f539a5b
533480caf51888cd4bbdaee89a65c1aeeb8d804d,nightstand,policy_front_review_required,front,"[0.0,0.0,1.0]",0.2,,pending_asset_front_audit,True,/data/task3_2/share_data/scenesmith/hssd_rendered_assets/533480caf51888cd4bbdaee89a65c1aeeb8d804d
535dee6b14fd6d65925a82570e4f4db294f73f4c,nightstand,policy_front_review_required,front,"[0.0,0.0,1.0]",0.2,,pending_asset_front_audit,True,/data/task3_2/share_data/scenesmith/hssd_rendered_assets/535dee6b14fd6d65925a82570e4f4db294f73f4c
53e9a710ba3a592ddf55b3cd2b055003614c4b1c,nightstand,policy_front_review_required,front,"[0.0,0.0,1.0]",0.2,,pending_asset_front_audit,True,/data/task3_2/share_data/scenesmith/hssd_rendered_assets/53e9a710ba3a592ddf55b3cd2b055003614c4b1c
54c594bee3d313ea55f4b08f7ca40cd1be5df5bf,nightstand,policy_front_review_required,front,"[0.0,0.0,1.0]",0.2,,pending_asset_front_audit,True,/data/task3_2/share_data/scenesmith/hssd_rendered_assets/54c594bee3d313ea55f4b08f7ca40cd1be5df5bf
556f46d2f7a68af885c2d065e503be422f9a0514,nightstand,policy_front_review_required,front,"[0.0,0.0,1.0]",0.2,,pending_asset_front_audit,True,/data/task3_2/share_data/scenesmith/hssd_rendered_assets/556f46d2f7a68af885c2d065e503be422f9a0514
56f36105d7bf84f7f796bd6272391e16a2e11c5c,nightstand,policy_front_review_required,front,"[0.0,0.0,1.0]",0.2,,pending_asset_front_audit,True,/data/task3_2/share_data/scenesmith/hssd_rendered_assets/56f36105d7bf84f7f796bd6272391e16a2e11c5c
598e90ea5cc487435ec97888b91d239be0abb91f,nightstand,policy_front_review_required,front,"[0.0,0.0,1.0]",0.2,,pending_asset_front_audit,True,/data/task3_2/share_data/scenesmith/hssd_rendered_assets/598e90ea5cc487435ec97888b91d239be0abb91f
5bdf2a4a8a5b31a5e0549d480caed0be6631f110,nightstand,policy_front_review_required,front,"[0.0,0.0,1.0]",0.2,,pending_asset_front_audit,True,/data/task3_2/share_data/scenesmith/hssd_rendered_assets/5bdf2a4a8a5b31a5e0549d480caed0be6631f110
5c576a211fe4d96d92cab5188f0fb64dc96e16e8,nightstand,policy_front_review_required,front,"[0.0,0.0,1.0]",0.2,,pending_asset_front_audit,True,/data/task3_2/share_data/scenesmith/hssd_rendered_assets/5c576a211fe4d96d92cab5188f0fb64dc96e16e8
5d18d5b98d3bc4f4e6d01768c942596e9c30ad0b,nightstand,policy_front_review_required,front,"[0.0,0.0,1.0]",0.2,,pending_asset_front_audit,True,/data/task3_2/share_data/scenesmith/hssd_rendered_assets/5d18d5b98d3bc4f4e6d01768c942596e9c30ad0b
5e5e9b3a4af489ae0e2844a27ff182856c37ac48,nightstand,policy_front_review_required,front,"[0.0,0.0,1.0]",0.2,,pending_asset_front_audit,True,/data/task3_2/share_data/scenesmith/hssd_rendered_assets/5e5e9b3a4af489ae0e2844a27ff182856c37ac48
5f7fe56c41db43b1673d70acd0079e9a7ad9c3eb,nightstand,policy_front_review_required,front,"[0.0,0.0,1.0]",0.2,,pending_asset_front_audit,True,/data/task3_2/share_data/scenesmith/hssd_rendered_assets/5f7fe56c41db43b1673d70acd0079e9a7ad9c3eb
614f9fa85b5783baed560a3123dec8e7deaffa2c,nightstand,policy_front_review_required,front,"[0.0,0.0,1.0]",0.2,,pending_asset_front_audit,True,/data/task3_2/share_data/scenesmith/hssd_rendered_assets/614f9fa85b5783baed560a3123dec8e7deaffa2c
61f1a1e2f7bb45edc46968d3d555a2060c33da84,nightstand,policy_front_review_required,front,"[0.0,0.0,1.0]",0.2,,pending_asset_front_audit,True,/data/task3_2/share_data/scenesmith/hssd_rendered_assets/61f1a1e2f7bb45edc46968d3d555a2060c33da84
620fe798324b52569ea8cc0101a35a7b2464a405,nightstand,policy_front_review_required,front,"[0.0,0.0,1.0]",0.2,,pending_asset_front_audit,True,/data/task3_2/share_data/scenesmith/hssd_rendered_assets/620fe798324b52569ea8cc0101a35a7b2464a405
63c2ea5b388948f5c2625defb37dfd03f9dcecf5,nightstand,policy_front_review_required,front,"[0.0,0.0,1.0]",0.2,,pending_asset_front_audit,True,/data/task3_2/share_data/scenesmith/hssd_rendered_assets/63c2ea5b388948f5c2625defb37dfd03f9dcecf5
65f7bee43fcb222850db45ae67e997889c559edb,nightstand,policy_front_review_required,front,"[0.0,0.0,1.0]",0.2,,pending_asset_front_audit,True,/data/task3_2/share_data/scenesmith/hssd_rendered_assets/65f7bee43fcb222850db45ae67e997889c559edb
6646f46744931673631d1680de5fa0a334f174c9,nightstand,policy_front_review_required,front,"[0.0,0.0,1.0]",0.2,,pending_asset_front_audit,True,/data/task3_2/share_data/scenesmith/hssd_rendered_assets/6646f46744931673631d1680de5fa0a334f174c9
675b6f2c9df66234ba50b68814ba0513da4fd0d7,nightstand,policy_front_review_required,front,"[0.0,0.0,1.0]",0.2,,pending_asset_front_audit,True,/data/task3_2/share_data/scenesmith/hssd_rendered_assets/675b6f2c9df66234ba50b68814ba0513da4fd0d7
678fb510b3c435ee023930904083278c3c67670f,nightstand,policy_front_review_required,front,"[0.0,0.0,1.0]",0.2,,pending_asset_front_audit,True,/data/task3_2/share_data/scenesmith/hssd_rendered_assets/678fb510b3c435ee023930904083278c3c67670f
67e11a52b2e73c099d55405f65f05f7b5141f6da,nightstand,policy_front_review_required,front,"[0.0,0.0,1.0]",0.2,,pending_asset_front_audit,True,/data/task3_2/share_data/scenesmith/hssd_rendered_assets/67e11a52b2e73c099d55405f65f05f7b5141f6da
6806bec5437b9907f85780174ad6b8db96650ab1,nightstand,policy_front_review_required,front,"[0.0,0.0,1.0]",0.2,,pending_asset_front_audit,True,/data/task3_2/share_data/scenesmith/hssd_rendered_assets/6806bec5437b9907f85780174ad6b8db96650ab1
68caf241969b03395f50ef353b191336a1e72fb9,nightstand,policy_front_review_required,front,"[0.0,0.0,1.0]",0.2,,pending_asset_front_audit,True,/data/task3_2/share_data/scenesmith/hssd_rendered_assets/68caf241969b03395f50ef353b191336a1e72fb9
6a93e49c0231ccbdd29d3050e5e1e8053081b7d0,nightstand,policy_front_review_required,front,"[0.0,0.0,1.0]",0.2,,pending_asset_front_audit,True,/data/task3_2/share_data/scenesmith/hssd_rendered_assets/6a93e49c0231ccbdd29d3050e5e1e8053081b7d0
6c80f089f60961936c04cbc4ef61d2563eb40062,nightstand,policy_front_review_required,front,"[0.0,0.0,1.0]",0.2,,pending_asset_front_audit,True,/data/task3_2/share_data/scenesmith/hssd_rendered_assets/6c80f089f60961936c04cbc4ef61d2563eb40062
6d14e5d8e9e4a77f19b7743a5ad16d44f53e673c,nightstand,policy_front_review_required,front,"[0.0,0.0,1.0]",0.2,,pending_asset_front_audit,True,/data/task3_2/share_data/scenesmith/hssd_rendered_assets/6d14e5d8e9e4a77f19b7743a5ad16d44f53e673c
6ea37d3943f6d8989151be079cb9eaa711a40379,nightstand,policy_front_review_required,front,"[0.0,0.0,1.0]",0.2,,pending_asset_front_audit,True,/data/task3_2/share_data/scenesmith/hssd_rendered_assets/6ea37d3943f6d8989151be079cb9eaa711a40379
6eff75ec23c4c9c1f83c636bf6d6ea6993d7adde,nightstand,policy_front_review_required,front,"[0.0,0.0,1.0]",0.2,,pending_asset_front_audit,True,/data/task3_2/share_data/scenesmith/hssd_rendered_assets/6eff75ec23c4c9c1f83c636bf6d6ea6993d7adde
6f259794d01a14a54e2eb65e30a661f053abe729,nightstand,policy_front_review_required,front,"[0.0,0.0,1.0]",0.2,,pending_asset_front_audit,True,/data/task3_2/share_data/scenesmith/hssd_rendered_assets/6f259794d01a14a54e2eb65e30a661f053abe729
725c5e0c013448a939b748491fe3262b0fb3185e,nightstand,policy_front_review_required,front,"[0.0,0.0,1.0]",0.2,,pending_asset_front_audit,True,/data/task3_2/share_data/scenesmith/hssd_rendered_assets/725c5e0c013448a939b748491fe3262b0fb3185e
7326537f0d974d05bc0f33003fdc1325a56a6b58,nightstand,policy_front_review_required,front,"[0.0,0.0,1.0]",0.2,,pending_asset_front_audit,True,/data/task3_2/share_data/scenesmith/hssd_rendered_assets/7326537f0d974d05bc0f33003fdc1325a56a6b58
74aeeca76942f11911f77a406caf97034afb2724,nightstand,policy_front_review_required,front,"[0.0,0.0,1.0]",0.2,,pending_asset_front_audit,True,/data/task3_2/share_data/scenesmith/hssd_rendered_assets/74aeeca76942f11911f77a406caf97034afb2724
74c48e1d686c342798a9277975731d178194b288,nightstand,policy_front_review_required,front,"[0.0,0.0,1.0]",0.2,,pending_asset_front_audit,True,/data/task3_2/share_data/scenesmith/hssd_rendered_assets/74c48e1d686c342798a9277975731d178194b288
757c3b2e6018679a04ef04fc6f21b6434c379ebd,nightstand,policy_front_review_required,front,"[0.0,0.0,1.0]",0.2,,pending_asset_front_audit,True,/data/task3_2/share_data/scenesmith/hssd_rendered_assets/757c3b2e6018679a04ef04fc6f21b6434c379ebd
761f0c299a2f5a134f78ba175a0fd1e372a86dc8,nightstand,policy_front_review_required,front,"[0.0,0.0,1.0]",0.2,,pending_asset_front_audit,True,/data/task3_2/share_data/scenesmith/hssd_rendered_assets/761f0c299a2f5a134f78ba175a0fd1e372a86dc8
79782167a95f8c45fe73ebe98f4e43264cc4e887,nightstand,policy_front_review_required,front,"[0.0,0.0,1.0]",0.2,,pending_asset_front_audit,True,/data/task3_2/share_data/scenesmith/hssd_rendered_assets/79782167a95f8c45fe73ebe98f4e43264cc4e887
7dd55651012d3cec11a14ef934ef669c71413d3d,nightstand,policy_front_review_required,front,"[0.0,0.0,1.0]",0.2,,pending_asset_front_audit,True,/data/task3_2/share_data/scenesmith/hssd_rendered_assets/7dd55651012d3cec11a14ef934ef669c71413d3d
80cc694002271fe18b4cb2726af4bab6eaf4ad14,nightstand,policy_front_review_required,front,"[0.0,0.0,1.0]",0.2,,pending_asset_front_audit,True,/data/task3_2/share_data/scenesmith/hssd_rendered_assets/80cc694002271fe18b4cb2726af4bab6eaf4ad14
830e2ed47548d8372294609fe7eeca11fb384b29,nightstand,policy_front_review_required,front,"[0.0,0.0,1.0]",0.2,,pending_asset_front_audit,True,/data/task3_2/share_data/scenesmith/hssd_rendered_assets/830e2ed47548d8372294609fe7eeca11fb384b29
84815c44d0b7569cd2c023b75d6f11d21bdb7505,nightstand,policy_front_review_required,front,"[0.0,0.0,1.0]",0.2,,pending_asset_front_audit,True,/data/task3_2/share_data/scenesmith/hssd_rendered_assets/84815c44d0b7569cd2c023b75d6f11d21bdb7505
8ad3eae836fed059c1b6979c96903573bf37e1e2,nightstand,policy_front_review_required,front,"[0.0,0.0,1.0]",0.2,,pending_asset_front_audit,True,/data/task3_2/share_data/scenesmith/hssd_rendered_assets/8ad3eae836fed059c1b6979c96903573bf37e1e2
8ae8c09d6a2293f578abe129f16114d6b877fc11,nightstand,policy_front_review_required,front,"[0.0,0.0,1.0]",0.2,,pending_asset_front_audit,True,/data/task3_2/share_data/scenesmith/hssd_rendered_assets/8ae8c09d6a2293f578abe129f16114d6b877fc11
8be12bde64c1540adeb4237219dff8a004c442ff,nightstand,policy_front_review_required,front,"[0.0,0.0,1.0]",0.2,,pending_asset_front_audit,True,/data/task3_2/share_data/scenesmith/hssd_rendered_assets/8be12bde64c1540adeb4237219dff8a004c442ff
8dd71afd361b2518e475589f315563da158685aa,nightstand,policy_front_review_required,front,"[0.0,0.0,1.0]",0.2,,pending_asset_front_audit,True,/data/task3_2/share_data/scenesmith/hssd_rendered_assets/8dd71afd361b2518e475589f315563da158685aa
8f20e048ed6d9a806ecea50c716a4a8847eb302d,nightstand,policy_front_review_required,front,"[0.0,0.0,1.0]",0.2,,pending_asset_front_audit,True,/data/task3_2/share_data/scenesmith/hssd_rendered_assets/8f20e048ed6d9a806ecea50c716a4a8847eb302d
90bb99385fc88484cb62280e60b6ac330d801f62,nightstand,policy_front_review_required,front,"[0.0,0.0,1.0]",0.2,,pending_asset_front_audit,True,/data/task3_2/share_data/scenesmith/hssd_rendered_assets/90bb99385fc88484cb62280e60b6ac330d801f62
9316ccc1c31fea6507c2ccabb484bf999c576daa,nightstand,policy_front_review_required,front,"[0.0,0.0,1.0]",0.2,,pending_asset_front_audit,True,/data/task3_2/share_data/scenesmith/hssd_rendered_assets/9316ccc1c31fea6507c2ccabb484bf999c576daa
93e258bf137542e809e461c612dc358bcfc7df76,nightstand,policy_front_review_required,front,"[0.0,0.0,1.0]",0.2,,pending_asset_front_audit,True,/data/task3_2/share_data/scenesmith/hssd_rendered_assets/93e258bf137542e809e461c612dc358bcfc7df76
965366f3b0f54c504b434fa829ceaec397a6f553,nightstand,policy_front_review_required,front,"[0.0,0.0,1.0]",0.2,,pending_asset_front_audit,True,/data/task3_2/share_data/scenesmith/hssd_rendered_assets/965366f3b0f54c504b434fa829ceaec397a6f553
96f84bdd96caa3cb6dcc17cc384aa2b1e64b3a85,nightstand,policy_front_review_required,front,"[0.0,0.0,1.0]",0.2,,pending_asset_front_audit,True,/data/task3_2/share_data/scenesmith/hssd_rendered_assets/96f84bdd96caa3cb6dcc17cc384aa2b1e64b3a85
997fbea849da8787d3831c83d614ca2570479c04,nightstand,policy_front_review_required,front,"[0.0,0.0,1.0]",0.2,,pending_asset_front_audit,True,/data/task3_2/share_data/scenesmith/hssd_rendered_assets/997fbea849da8787d3831c83d614ca2570479c04
9e36306b23f0d17e86af758264cf52353a82a7e9,nightstand,policy_front_review_required,front,"[0.0,0.0,1.0]",0.2,,pending_asset_front_audit,True,/data/task3_2/share_data/scenesmith/hssd_rendered_assets/9e36306b23f0d17e86af758264cf52353a82a7e9
9f89ceca7ee5515295eeb0974b7ea7ba853c350b,nightstand,policy_front_review_required,front,"[0.0,0.0,1.0]",0.2,,pending_asset_front_audit,True,/data/task3_2/share_data/scenesmith/hssd_rendered_assets/9f89ceca7ee5515295eeb0974b7ea7ba853c350b
a46ed979bc467c63532515b763cb72495931c8a3,nightstand,policy_front_review_required,front,"[0.0,0.0,1.0]",0.2,,pending_asset_front_audit,True,/data/task3_2/share_data/scenesmith/hssd_rendered_assets/a46ed979bc467c63532515b763cb72495931c8a3
a4990cf91bd66fe1fda09a1d5df0d6131180939c,nightstand,policy_front_review_required,front,"[0.0,0.0,1.0]",0.2,,pending_asset_front_audit,True,/data/task3_2/share_data/scenesmith/hssd_rendered_assets/a4990cf91bd66fe1fda09a1d5df0d6131180939c
a4fe17ac1cceb3d8c6cf020b14522c345f526d8a,nightstand,policy_front_review_required,front,"[0.0,0.0,1.0]",0.2,,pending_asset_front_audit,True,/data/task3_2/share_data/scenesmith/hssd_rendered_assets/a4fe17ac1cceb3d8c6cf020b14522c345f526d8a
a5e7d10d32aedfdd4b8118801a537f00807a3b4a,nightstand,policy_front_review_required,front,"[0.0,0.0,1.0]",0.2,,pending_asset_front_audit,True,/data/task3_2/share_data/scenesmith/hssd_rendered_assets/a5e7d10d32aedfdd4b8118801a537f00807a3b4a
a632498169966d7fb799ac049da4ac322248012e,nightstand,policy_front_review_required,front,"[0.0,0.0,1.0]",0.2,,pending_asset_front_audit,True,/data/task3_2/share_data/scenesmith/hssd_rendered_assets/a632498169966d7fb799ac049da4ac322248012e
a99726b1fb773a189df763d7588d4c5a34726f35,nightstand,policy_front_review_required,front,"[0.0,0.0,1.0]",0.2,,pending_asset_front_audit,True,/data/task3_2/share_data/scenesmith/hssd_rendered_assets/a99726b1fb773a189df763d7588d4c5a34726f35
af3a929bc505b1f6592c4f0dad73cdab191fb20c,nightstand,policy_front_review_required,front,"[0.0,0.0,1.0]",0.2,,pending_asset_front_audit,True,/data/task3_2/share_data/scenesmith/hssd_rendered_assets/af3a929bc505b1f6592c4f0dad73cdab191fb20c
b0455337bd2ea887aef88a629c96c7010d20a6f9,nightstand,policy_front_review_required,front,"[0.0,0.0,1.0]",0.2,,pending_asset_front_audit,True,/data/task3_2/share_data/scenesmith/hssd_rendered_assets/b0455337bd2ea887aef88a629c96c7010d20a6f9
b2e04eb723a364eb03bdd4a3d12cdb7d1ea1f6c6,nightstand,policy_front_review_required,front,"[0.0,0.0,1.0]",0.2,,pending_asset_front_audit,True,/data/task3_2/share_data/scenesmith/hssd_rendered_assets/b2e04eb723a364eb03bdd4a3d12cdb7d1ea1f6c6
b5b29465833cd37f1b2c33b6853787e0cb72ff3c,nightstand,policy_front_review_required,front,"[0.0,0.0,1.0]",0.2,,pending_asset_front_audit,True,/data/task3_2/share_data/scenesmith/hssd_rendered_assets/b5b29465833cd37f1b2c33b6853787e0cb72ff3c
b759f0cf80e62d9701b18edb6791d2172cf11c36,nightstand,policy_front_review_required,front,"[0.0,0.0,1.0]",0.2,,pending_asset_front_audit,True,/data/task3_2/share_data/scenesmith/hssd_rendered_assets/b759f0cf80e62d9701b18edb6791d2172cf11c36
b8bdd9cbc1ca695a206583afdc26f1a4c3987303,nightstand,policy_front_review_required,front,"[0.0,0.0,1.0]",0.2,,pending_asset_front_audit,True,/data/task3_2/share_data/scenesmith/hssd_rendered_assets/b8bdd9cbc1ca695a206583afdc26f1a4c3987303
b9acee2dff54f19f51dd086dffb1db280cbc6b25,nightstand,policy_front_review_required,front,"[0.0,0.0,1.0]",0.2,,pending_asset_front_audit,True,/data/task3_2/share_data/scenesmith/hssd_rendered_assets/b9acee2dff54f19f51dd086dffb1db280cbc6b25
be354ca7f1b4e4ff79b3bf0097152a73605881b2,nightstand,policy_front_review_required,front,"[0.0,0.0,1.0]",0.2,,pending_asset_front_audit,True,/data/task3_2/share_data/scenesmith/hssd_rendered_assets/be354ca7f1b4e4ff79b3bf0097152a73605881b2
c20a0e84afd93a3008f0df44bb00a7fc65913557,nightstand,policy_front_review_required,front,"[0.0,0.0,1.0]",0.2,,pending_asset_front_audit,True,/data/task3_2/share_data/scenesmith/hssd_rendered_assets/c20a0e84afd93a3008f0df44bb00a7fc65913557
c3c743ba30c2c5488903064178e52a7b61297dc0,nightstand,policy_front_review_required,front,"[0.0,0.0,1.0]",0.2,,pending_asset_front_audit,True,/data/task3_2/share_data/scenesmith/hssd_rendered_assets/c3c743ba30c2c5488903064178e52a7b61297dc0
c700ab9d2434c38355eb1318ee868040efbc4bf4,nightstand,policy_front_review_required,front,"[0.0,0.0,1.0]",0.2,,pending_asset_front_audit,True,/data/task3_2/share_data/scenesmith/hssd_rendered_assets/c700ab9d2434c38355eb1318ee868040efbc4bf4
ca2e3f978e57f15629649965fe52e0ea962998cf,nightstand,policy_front_review_required,front,"[0.0,0.0,1.0]",0.2,,pending_asset_front_audit,True,/data/task3_2/share_data/scenesmith/hssd_rendered_assets/ca2e3f978e57f15629649965fe52e0ea962998cf
cacca75ff25d59f01deba6bac2d55bb28b9651ea,nightstand,policy_front_review_required,front,"[0.0,0.0,1.0]",0.2,,pending_asset_front_audit,True,/data/task3_2/share_data/scenesmith/hssd_rendered_assets/cacca75ff25d59f01deba6bac2d55bb28b9651ea
cb73b8d7a7eba06c5070a71263b39705724e9f7b,nightstand,policy_front_review_required,front,"[0.0,0.0,1.0]",0.2,,pending_asset_front_audit,True,/data/task3_2/share_data/scenesmith/hssd_rendered_assets/cb73b8d7a7eba06c5070a71263b39705724e9f7b
cbb4633c95d4b985f10188b8d62be4a90593b07d,nightstand,policy_front_review_required,front,"[0.0,0.0,1.0]",0.2,,pending_asset_front_audit,True,/data/task3_2/share_data/scenesmith/hssd_rendered_assets/cbb4633c95d4b985f10188b8d62be4a90593b07d
ccb76c83b981fc6f627b66ba20f3013ab866c47f,nightstand,policy_front_review_required,front,"[0.0,0.0,1.0]",0.2,,pending_asset_front_audit,True,/data/task3_2/share_data/scenesmith/hssd_rendered_assets/ccb76c83b981fc6f627b66ba20f3013ab866c47f
ced8302d0499c4e88074123d385c00cb7074f2a0,nightstand,policy_front_review_required,front,"[0.0,0.0,1.0]",0.2,,pending_asset_front_audit,True,/data/task3_2/share_data/scenesmith/hssd_rendered_assets/ced8302d0499c4e88074123d385c00cb7074f2a0
cf628cbc7e1faf1fb02bbfacf52dc5ab9f71a9e9,nightstand,policy_front_review_required,front,"[0.0,0.0,1.0]",0.2,,pending_asset_front_audit,True,/data/task3_2/share_data/scenesmith/hssd_rendered_assets/cf628cbc7e1faf1fb02bbfacf52dc5ab9f71a9e9
d06c4e7cdfc08578e0d7f16725f4453c93a401ce,nightstand,policy_front_review_required,front,"[0.0,0.0,1.0]",0.2,,pending_asset_front_audit,True,/data/task3_2/share_data/scenesmith/hssd_rendered_assets/d06c4e7cdfc08578e0d7f16725f4453c93a401ce
d15217ebbc7c951edfdc9da15dfa5fb5d9ebc12a,nightstand,policy_front_review_required,front,"[0.0,0.0,1.0]",0.2,,pending_asset_front_audit,True,/data/task3_2/share_data/scenesmith/hssd_rendered_assets/d15217ebbc7c951edfdc9da15dfa5fb5d9ebc12a
d161f89dbda03dc3ff807fd144e448fa6bbc32ca,nightstand,policy_front_review_required,front,"[0.0,0.0,1.0]",0.2,,pending_asset_front_audit,True,/data/task3_2/share_data/scenesmith/hssd_rendered_assets/d161f89dbda03dc3ff807fd144e448fa6bbc32ca
d19eba5ce4f2e7ca6c3166312c236f1297fa2590,nightstand,policy_front_review_required,front,"[0.0,0.0,1.0]",0.2,,pending_asset_front_audit,True,/data/task3_2/share_data/scenesmith/hssd_rendered_assets/d19eba5ce4f2e7ca6c3166312c236f1297fa2590
d2d6e99d58f28f41b8c1208013009ae3c02f8a3f,nightstand,policy_front_review_required,front,"[0.0,0.0,1.0]",0.2,,pending_asset_front_audit,True,/data/task3_2/share_data/scenesmith/hssd_rendered_assets/d2d6e99d58f28f41b8c1208013009ae3c02f8a3f
d463ac21f74cef85dd8bb9ddb81d710d461f9efd,nightstand,policy_front_review_required,front,"[0.0,0.0,1.0]",0.2,,pending_asset_front_audit,True,/data/task3_2/share_data/scenesmith/hssd_rendered_assets/d463ac21f74cef85dd8bb9ddb81d710d461f9efd
d7b8594541014144aca68b4bf28d747263b549e4,nightstand,policy_front_review_required,front,"[0.0,0.0,1.0]",0.2,,pending_asset_front_audit,True,/data/task3_2/share_data/scenesmith/hssd_rendered_assets/d7b8594541014144aca68b4bf28d747263b549e4
d80b960ac5f15a404c90b594a716fc78e550cb4b,nightstand,policy_front_review_required,front,"[0.0,0.0,1.0]",0.2,,pending_asset_front_audit,True,/data/task3_2/share_data/scenesmith/hssd_rendered_assets/d80b960ac5f15a404c90b594a716fc78e550cb4b
d80f27979b4199054d9fb8becceff6d3a383d16c,nightstand,policy_front_review_required,front,"[0.0,0.0,1.0]",0.2,,pending_asset_front_audit,True,/data/task3_2/share_data/scenesmith/hssd_rendered_assets/d80f27979b4199054d9fb8becceff6d3a383d16c
d97c7ae5ab600872266f89c8a5b375ce72ecf3f9,nightstand,policy_front_review_required,front,"[0.0,0.0,1.0]",0.2,,pending_asset_front_audit,True,/data/task3_2/share_data/scenesmith/hssd_rendered_assets/d97c7ae5ab600872266f89c8a5b375ce72ecf3f9
dab955e709dda5c446bfba2e7a8e4b2107185fd9,nightstand,policy_front_review_required,front,"[0.0,0.0,1.0]",0.2,,pending_asset_front_audit,True,/data/task3_2/share_data/scenesmith/hssd_rendered_assets/dab955e709dda5c446bfba2e7a8e4b2107185fd9
defe405f45ef55bfc876b2d25b30762478d9a819,nightstand,policy_front_review_required,front,"[0.0,0.0,1.0]",0.2,,pending_asset_front_audit,True,/data/task3_2/share_data/scenesmith/hssd_rendered_assets/defe405f45ef55bfc876b2d25b30762478d9a819
df43875279fa8ba60adf1cfec4e5fbc7f353525e,nightstand,policy_front_review_required,front,"[0.0,0.0,1.0]",0.2,,pending_asset_front_audit,True,/data/task3_2/share_data/scenesmith/hssd_rendered_assets/df43875279fa8ba60adf1cfec4e5fbc7f353525e
df7b1008225b105b1cf4e67004b5a00e23cc35b8,nightstand,policy_front_review_required,front,"[0.0,0.0,1.0]",0.2,,pending_asset_front_audit,True,/data/task3_2/share_data/scenesmith/hssd_rendered_assets/df7b1008225b105b1cf4e67004b5a00e23cc35b8
df913b62fdd7ff50ba22210b3dd697861dd91a89,nightstand,policy_front_review_required,front,"[0.0,0.0,1.0]",0.2,,pending_asset_front_audit,True,/data/task3_2/share_data/scenesmith/hssd_rendered_assets/df913b62fdd7ff50ba22210b3dd697861dd91a89
e0d5b8aea675e79541af41ec6cbd4e132d82cd37,nightstand,policy_front_review_required,front,"[0.0,0.0,1.0]",0.2,,pending_asset_front_audit,True,/data/task3_2/share_data/scenesmith/hssd_rendered_assets/e0d5b8aea675e79541af41ec6cbd4e132d82cd37
e2e482db368c04670761f413a6e5b5dea0f3fcbe,nightstand,policy_front_review_required,front,"[0.0,0.0,1.0]",0.2,,pending_asset_front_audit,True,/data/task3_2/share_data/scenesmith/hssd_rendered_assets/e2e482db368c04670761f413a6e5b5dea0f3fcbe
e2fc4ce7367b1e8b5a36f3b4fe67b76eef514b82,nightstand,policy_front_review_required,front,"[0.0,0.0,1.0]",0.2,,pending_asset_front_audit,True,/data/task3_2/share_data/scenesmith/hssd_rendered_assets/e2fc4ce7367b1e8b5a36f3b4fe67b76eef514b82
e38e343fc8704345c2994f67cfbd587f26160367,nightstand,policy_front_review_required,front,"[0.0,0.0,1.0]",0.2,,pending_asset_front_audit,True,/data/task3_2/share_data/scenesmith/hssd_rendered_assets/e38e343fc8704345c2994f67cfbd587f26160367
e69b1d450585bdc223ffc8b035d980c5b880c920,nightstand,policy_front_review_required,front,"[0.0,0.0,1.0]",0.2,,pending_asset_front_audit,True,/data/task3_2/share_data/scenesmith/hssd_rendered_assets/e69b1d450585bdc223ffc8b035d980c5b880c920
e78cd5226bde2fd145dbc897fff209bdca7af20c,nightstand,policy_front_review_required,front,"[0.0,0.0,1.0]",0.2,,pending_asset_front_audit,True,/data/task3_2/share_data/scenesmith/hssd_rendered_assets/e78cd5226bde2fd145dbc897fff209bdca7af20c
e7f247969ee88cc3aba4d0534849ff00749701a0,nightstand,policy_front_review_required,front,"[0.0,0.0,1.0]",0.2,,pending_asset_front_audit,True,/data/task3_2/share_data/scenesmith/hssd_rendered_assets/e7f247969ee88cc3aba4d0534849ff00749701a0
e81684f7e86116a81839f19a68c4b7e7b50d18ac,nightstand,policy_front_review_required,front,"[0.0,0.0,1.0]",0.2,,pending_asset_front_audit,True,/data/task3_2/share_data/scenesmith/hssd_rendered_assets/e81684f7e86116a81839f19a68c4b7e7b50d18ac
eaf49472219845b70e3354e80d499319ae5cdd0e,nightstand,policy_front_review_required,front,"[0.0,0.0,1.0]",0.2,,pending_asset_front_audit,True,/data/task3_2/share_data/scenesmith/hssd_rendered_assets/eaf49472219845b70e3354e80d499319ae5cdd0e
ecbd9f5366385b14a468ae59696a516013286808,nightstand,policy_front_review_required,front,"[0.0,0.0,1.0]",0.2,,pending_asset_front_audit,True,/data/task3_2/share_data/scenesmith/hssd_rendered_assets/ecbd9f5366385b14a468ae59696a516013286808
f0c1f2fc880187d25f9c334ebd100bb63400b140,nightstand,policy_front_review_required,front,"[0.0,0.0,1.0]",0.2,,pending_asset_front_audit,True,/data/task3_2/share_data/scenesmith/hssd_rendered_assets/f0c1f2fc880187d25f9c334ebd100bb63400b140
f1472cfab8e5e70a0112813a8379743200bf5347,nightstand,policy_front_review_required,front,"[0.0,0.0,1.0]",0.2,,pending_asset_front_audit,True,/data/task3_2/share_data/scenesmith/hssd_rendered_assets/f1472cfab8e5e70a0112813a8379743200bf5347
f379c11757a750c4d77389c528bedbe9b2a6b542,nightstand,policy_front_review_required,front,"[0.0,0.0,1.0]",0.2,,pending_asset_front_audit,True,/data/task3_2/share_data/scenesmith/hssd_rendered_assets/f379c11757a750c4d77389c528bedbe9b2a6b542
f40c65a2d8eda8a2d4a496ccef36fc7a80e7ba04,nightstand,policy_front_review_required,front,"[0.0,0.0,1.0]",0.2,,pending_asset_front_audit,True,/data/task3_2/share_data/scenesmith/hssd_rendered_assets/f40c65a2d8eda8a2d4a496ccef36fc7a80e7ba04
f8c3bcfb71e73f96ad040bd10b75e3e03d2045dd,nightstand,policy_front_review_required,front,"[0.0,0.0,1.0]",0.2,,pending_asset_front_audit,True,/data/task3_2/share_data/scenesmith/hssd_rendered_assets/f8c3bcfb71e73f96ad040bd10b75e3e03d2045dd
f98c28031324740e01f300978e64aa4fd91e15fb,nightstand,policy_front_review_required,front,"[0.0,0.0,1.0]",0.2,,pending_asset_front_audit,True,/data/task3_2/share_data/scenesmith/hssd_rendered_assets/f98c28031324740e01f300978e64aa4fd91e15fb
fa38edfc82a3a32fb84aadf0c8b88cd9cddf9141,nightstand,policy_front_review_required,front,"[0.0,0.0,1.0]",0.2,,pending_asset_front_audit,True,/data/task3_2/share_data/scenesmith/hssd_rendered_assets/fa38edfc82a3a32fb84aadf0c8b88cd9cddf9141
fbd0daa5fe42f6d882143f8d4010ea59c6b822f6,nightstand,policy_front_review_required,front,"[0.0,0.0,1.0]",0.2,,pending_asset_front_audit,True,/data/task3_2/share_data/scenesmith/hssd_rendered_assets/fbd0daa5fe42f6d882143f8d4010ea59c6b822f6
fc0ff877237969033d32f3ce1012b4221011e2c2,nightstand,policy_front_review_required,front,"[0.0,0.0,1.0]",0.2,,pending_asset_front_audit,True,/data/task3_2/share_data/scenesmith/hssd_rendered_assets/fc0ff877237969033d32f3ce1012b4221011e2c2
fc3183e8a0e448595f89cfd19f59205c6d22cb3c,nightstand,policy_front_review_required,front,"[0.0,0.0,1.0]",0.2,,pending_asset_front_audit,True,/data/task3_2/share_data/scenesmith/hssd_rendered_assets/fc3183e8a0e448595f89cfd19f59205c6d22cb3c
fed2a84682713eabe2b8d0e1e950d891c7442d5f,nightstand,policy_front_review_required,front,"[0.0,0.0,1.0]",0.2,,pending_asset_front_audit,True,/data/task3_2/share_data/scenesmith/hssd_rendered_assets/fed2a84682713eabe2b8d0e1e950d891c7442d5f
xxxx2d7fa89ax71d3x4ac7xb350xa294dd8ef99b,nightstand,policy_front_review_required,front,"[0.0,0.0,1.0]",0.2,,pending_asset_front_audit,True,/data/task3_2/share_data/scenesmith/hssd_rendered_assets/xxxx2d7fa89ax71d3x4ac7xb350xa294dd8ef99b
xxxx30d28b68x4d7ex4815xa804x4c6279d5f156,nightstand,policy_front_review_required,front,"[0.0,0.0,1.0]",0.2,,pending_asset_front_audit,True,/data/task3_2/share_data/scenesmith/hssd_rendered_assets/xxxx30d28b68x4d7ex4815xa804x4c6279d5f156
xxxx54c93c4fxabe2x463exafd8xcae01106dc7d,nightstand,policy_front_review_required,front,"[0.0,0.0,1.0]",0.2,,pending_asset_front_audit,True,/data/task3_2/share_data/scenesmith/hssd_rendered_assets/xxxx54c93c4fxabe2x463exafd8xcae01106dc7d
xxxx562932e4x443cx47f7xaf2dxe60cabe20c9e,nightstand,policy_front_review_required,front,"[0.0,0.0,1.0]",0.2,,pending_asset_front_audit,True,/data/task3_2/share_data/scenesmith/hssd_rendered_assets/xxxx562932e4x443cx47f7xaf2dxe60cabe20c9e
xxxxa823591exe017x42f7xa1fcx0ee95fc5670c,nightstand,policy_front_review_required,front,"[0.0,0.0,1.0]",0.2,,pending_asset_front_audit,True,/data/task3_2/share_data/scenesmith/hssd_rendered_assets/xxxxa823591exe017x42f7xa1fcx0ee95fc5670c
01edac706c8e5f84fbfe967d135a85e316577079,picture frame,policy_front_review_required,front,"[0.0,0.0,1.0]",0.2,,pending_asset_front_audit,True,/data/task3_2/share_data/scenesmith/hssd_rendered_assets/01edac706c8e5f84fbfe967d135a85e316577079
026aed52ad8a3e60e5432fbbc07b03f466541ce0,picture frame,policy_front_review_required,front,"[0.0,0.0,1.0]",0.2,,pending_asset_front_audit,True,/data/task3_2/share_data/scenesmith/hssd_rendered_assets/026aed52ad8a3e60e5432fbbc07b03f466541ce0
029c59012cbc787082f4b8725695730327daf981,picture frame,policy_front_review_required,front,"[0.0,0.0,1.0]",0.2,,pending_asset_front_audit,True,/data/task3_2/share_data/scenesmith/hssd_rendered_assets/029c59012cbc787082f4b8725695730327daf981
0369f773266cd0aadce9e6ccdaf6d3f321ddab3e,picture frame,policy_front_review_required,front,"[0.0,0.0,1.0]",0.2,,pending_asset_front_audit,True,/data/task3_2/share_data/scenesmith/hssd_rendered_assets/0369f773266cd0aadce9e6ccdaf6d3f321ddab3e
03f18e41c8808dd0031637e759ac79a388477f52,picture frame,policy_front_review_required,front,"[0.0,0.0,1.0]",0.2,,pending_asset_front_audit,True,/data/task3_2/share_data/scenesmith/hssd_rendered_assets/03f18e41c8808dd0031637e759ac79a388477f52
0a5a4f2e2d6efa832a9ed38f8cd7525e14918229,picture frame,policy_front_review_required,front,"[0.0,0.0,1.0]",0.2,,pending_asset_front_audit,True,/data/task3_2/share_data/scenesmith/hssd_rendered_assets/0a5a4f2e2d6efa832a9ed38f8cd7525e14918229
0b9c27848a2ee27eac95824d920f09e3cf08adf0,picture frame,policy_front_review_required,front,"[0.0,0.0,1.0]",0.2,,pending_asset_front_audit,True,/data/task3_2/share_data/scenesmith/hssd_rendered_assets/0b9c27848a2ee27eac95824d920f09e3cf08adf0
0d6a5d4caa52b91749b4a6e3e7dffffa5d3357f9,picture frame,policy_front_review_required,front,"[0.0,0.0,1.0]",0.2,,pending_asset_front_audit,True,/data/task3_2/share_data/scenesmith/hssd_rendered_assets/0d6a5d4caa52b91749b4a6e3e7dffffa5d3357f9
1d4605b3818fd784ce4349f51f2889939fe35280,picture frame,policy_front_review_required,front,"[0.0,0.0,1.0]",0.2,,pending_asset_front_audit,True,/data/task3_2/share_data/scenesmith/hssd_rendered_assets/1d4605b3818fd784ce4349f51f2889939fe35280
26540236af4e6e21bb4f29da7fbaeb9d6897bf75,picture frame,policy_front_review_required,front,"[0.0,0.0,1.0]",0.2,,pending_asset_front_audit,True,/data/task3_2/share_data/scenesmith/hssd_rendered_assets/26540236af4e6e21bb4f29da7fbaeb9d6897bf75
2c11f248d7a633af0888652b13ba205b025f1982,picture frame,policy_front_review_required,front,"[0.0,0.0,1.0]",0.2,,pending_asset_front_audit,True,/data/task3_2/share_data/scenesmith/hssd_rendered_assets/2c11f248d7a633af0888652b13ba205b025f1982
2c1633348f01bcd9dfd81539bb4fcd3621383ea9,picture frame,policy_front_review_required,front,"[0.0,0.0,1.0]",0.2,,pending_asset_front_audit,True,/data/task3_2/share_data/scenesmith/hssd_rendered_assets/2c1633348f01bcd9dfd81539bb4fcd3621383ea9
2d340e937b4159a096702a978796280197966ead,picture frame,policy_front_review_required,front,"[0.0,0.0,1.0]",0.2,,pending_asset_front_audit,True,/data/task3_2/share_data/scenesmith/hssd_rendered_assets/2d340e937b4159a096702a978796280197966ead
3ac675209efcc9de8a399f139bab28f84c30a5d5,picture frame,policy_front_review_required,front,"[0.0,0.0,1.0]",0.2,,pending_asset_front_audit,True,/data/task3_2/share_data/scenesmith/hssd_rendered_assets/3ac675209efcc9de8a399f139bab28f84c30a5d5
3bf74df814a94dd52f776f589760f85ff0ac9682,picture frame,policy_front_review_required,front,"[0.0,0.0,1.0]",0.2,,pending_asset_front_audit,True,/data/task3_2/share_data/scenesmith/hssd_rendered_assets/3bf74df814a94dd52f776f589760f85ff0ac9682
3bfcfba0a45e2072466f4b9adb6efb1bc4344b75,picture frame,policy_front_review_required,front,"[0.0,0.0,1.0]",0.2,,pending_asset_front_audit,True,/data/task3_2/share_data/scenesmith/hssd_rendered_assets/3bfcfba0a45e2072466f4b9adb6efb1bc4344b75
3dd23dc556fc4cfddb51b24987f1758ca0db4f2c,picture frame,policy_front_review_required,front,"[0.0,0.0,1.0]",0.2,,pending_asset_front_audit,True,/data/task3_2/share_data/scenesmith/hssd_rendered_assets/3dd23dc556fc4cfddb51b24987f1758ca0db4f2c
4146a7675ab6add71194b562205c185e81cdb9c9,picture frame,policy_front_review_required,front,"[0.0,0.0,1.0]",0.2,,pending_asset_front_audit,True,/data/task3_2/share_data/scenesmith/hssd_rendered_assets/4146a7675ab6add71194b562205c185e81cdb9c9
4703ad3f7c43eb385dadfe6fbdd02a2c163ada93,picture frame,policy_front_review_required,front,"[0.0,0.0,1.0]",0.2,,pending_asset_front_audit,True,/data/task3_2/share_data/scenesmith/hssd_rendered_assets/4703ad3f7c43eb385dadfe6fbdd02a2c163ada93
4910a3122ae318e3e7211123a996d5c85f4c43d3,picture frame,policy_front_review_required,front,"[0.0,0.0,1.0]",0.2,,pending_asset_front_audit,True,/data/task3_2/share_data/scenesmith/hssd_rendered_assets/4910a3122ae318e3e7211123a996d5c85f4c43d3
4e76453bf06fa1e1a44d8ef8abbcbdc01f253c1c,picture frame,policy_front_review_required,front,"[0.0,0.0,1.0]",0.2,,pending_asset_front_audit,True,/data/task3_2/share_data/scenesmith/hssd_rendered_assets/4e76453bf06fa1e1a44d8ef8abbcbdc01f253c1c
4ffabf35be7d46b75cf937bb340837d361025c1b,picture frame,policy_front_review_required,front,"[0.0,0.0,1.0]",0.2,,pending_asset_front_audit,True,/data/task3_2/share_data/scenesmith/hssd_rendered_assets/4ffabf35be7d46b75cf937bb340837d361025c1b
5063d7a560f9af30a6fdec857fc51d7008c60fd3,picture frame,policy_front_review_required,front,"[0.0,0.0,1.0]",0.2,,pending_asset_front_audit,True,/data/task3_2/share_data/scenesmith/hssd_rendered_assets/5063d7a560f9af30a6fdec857fc51d7008c60fd3
53ac98581095be4ca935e19ec16a3e445ded7c6e,picture frame,policy_front_review_required,front,"[0.0,0.0,1.0]",0.2,,pending_asset_front_audit,True,/data/task3_2/share_data/scenesmith/hssd_rendered_assets/53ac98581095be4ca935e19ec16a3e445ded7c6e
555d1a5037fb58d845a78b04a3c1d84f49bf234e,picture frame,policy_front_review_required,front,"[0.0,0.0,1.0]",0.2,,pending_asset_front_audit,True,/data/task3_2/share_data/scenesmith/hssd_rendered_assets/555d1a5037fb58d845a78b04a3c1d84f49bf234e
5b370f537fda5e97a00b491d7469b0761e2570bc,picture frame,policy_front_review_required,front,"[0.0,0.0,1.0]",0.2,,pending_asset_front_audit,True,/data/task3_2/share_data/scenesmith/hssd_rendered_assets/5b370f537fda5e97a00b491d7469b0761e2570bc
5d86773c65693756dfc04f93fe8fe4d8531542d0,picture frame,policy_front_review_required,front,"[0.0,0.0,1.0]",0.2,,pending_asset_front_audit,True,/data/task3_2/share_data/scenesmith/hssd_rendered_assets/5d86773c65693756dfc04f93fe8fe4d8531542d0
5fe15ef90630a9f6f53042e18f4f9c9d54f0cb87,picture frame,policy_front_review_required,front,"[0.0,0.0,1.0]",0.2,,pending_asset_front_audit,True,/data/task3_2/share_data/scenesmith/hssd_rendered_assets/5fe15ef90630a9f6f53042e18f4f9c9d54f0cb87
64de4deefa01ccc241d8551b6dccd65d4eaa1cc4,picture frame,policy_front_review_required,front,"[0.0,0.0,1.0]",0.2,,pending_asset_front_audit,True,/data/task3_2/share_data/scenesmith/hssd_rendered_assets/64de4deefa01ccc241d8551b6dccd65d4eaa1cc4
6955369a923016cfd0f7652c39cf9d57393227d2,picture frame,policy_front_review_required,front,"[0.0,0.0,1.0]",0.2,,pending_asset_front_audit,True,/data/task3_2/share_data/scenesmith/hssd_rendered_assets/6955369a923016cfd0f7652c39cf9d57393227d2
6c1881c745e6f79398ffe8df2df845dd821210f4,picture frame,policy_front_review_required,front,"[0.0,0.0,1.0]",0.2,,pending_asset_front_audit,True,/data/task3_2/share_data/scenesmith/hssd_rendered_assets/6c1881c745e6f79398ffe8df2df845dd821210f4
6ea1f9bd1fe5ae7cfcb44d3d3b7f0799464db426,picture frame,policy_front_review_required,front,"[0.0,0.0,1.0]",0.2,,pending_asset_front_audit,True,/data/task3_2/share_data/scenesmith/hssd_rendered_assets/6ea1f9bd1fe5ae7cfcb44d3d3b7f0799464db426
7251c7d128ec42f88c4ac07568ecfe9fac7e86d7,picture frame,policy_front_review_required,front,"[0.0,0.0,1.0]",0.2,,pending_asset_front_audit,True,/data/task3_2/share_data/scenesmith/hssd_rendered_assets/7251c7d128ec42f88c4ac07568ecfe9fac7e86d7
7700307a49829ada0515f667b847562a79c9a2fd,picture frame,policy_front_review_required,front,"[0.0,0.0,1.0]",0.2,,pending_asset_front_audit,True,/data/task3_2/share_data/scenesmith/hssd_rendered_assets/7700307a49829ada0515f667b847562a79c9a2fd
7797d87c9e3e8a8273548d598bcb7fc023b2063e,picture frame,policy_front_review_required,front,"[0.0,0.0,1.0]",0.2,,pending_asset_front_audit,True,/data/task3_2/share_data/scenesmith/hssd_rendered_assets/7797d87c9e3e8a8273548d598bcb7fc023b2063e
77c10cc18f4241f48a0ef8ddac3f1102956354ad,picture frame,policy_front_review_required,front,"[0.0,0.0,1.0]",0.2,,pending_asset_front_audit,True,/data/task3_2/share_data/scenesmith/hssd_rendered_assets/77c10cc18f4241f48a0ef8ddac3f1102956354ad
7b4ca77d236d65ef61572a5cad361c33a6976021,picture frame,policy_front_review_required,front,"[0.0,0.0,1.0]",0.2,,pending_asset_front_audit,True,/data/task3_2/share_data/scenesmith/hssd_rendered_assets/7b4ca77d236d65ef61572a5cad361c33a6976021
7f7ff035afca3430dddd75936e75073404e883fd,picture frame,policy_front_review_required,front,"[0.0,0.0,1.0]",0.2,,pending_asset_front_audit,True,/data/task3_2/share_data/scenesmith/hssd_rendered_assets/7f7ff035afca3430dddd75936e75073404e883fd
7f9a205dc3b6a9040f5343de66b404696dee8f57,picture frame,policy_front_review_required,front,"[0.0,0.0,1.0]",0.2,,pending_asset_front_audit,True,/data/task3_2/share_data/scenesmith/hssd_rendered_assets/7f9a205dc3b6a9040f5343de66b404696dee8f57
83b8099aa1e0eea607d2f17237bdae262540aabd,picture frame,policy_front_review_required,front,"[0.0,0.0,1.0]",0.2,,pending_asset_front_audit,True,/data/task3_2/share_data/scenesmith/hssd_rendered_assets/83b8099aa1e0eea607d2f17237bdae262540aabd
83f4e46c232371f134fd0159b06e658c6641fc7d,picture frame,policy_front_review_required,front,"[0.0,0.0,1.0]",0.2,,pending_asset_front_audit,True,/data/task3_2/share_data/scenesmith/hssd_rendered_assets/83f4e46c232371f134fd0159b06e658c6641fc7d
844510f08ce0cfae1b8e6079c03896aa649cbcc7,picture frame,policy_front_review_required,front,"[0.0,0.0,1.0]",0.2,,pending_asset_front_audit,True,/data/task3_2/share_data/scenesmith/hssd_rendered_assets/844510f08ce0cfae1b8e6079c03896aa649cbcc7
8859dead706a83af80c93778223a41deeb2bc2d6,picture frame,policy_front_review_required,front,"[0.0,0.0,1.0]",0.2,,pending_asset_front_audit,True,/data/task3_2/share_data/scenesmith/hssd_rendered_assets/8859dead706a83af80c93778223a41deeb2bc2d6
897e2694262ced54051ee948dd318d15ecffafc3,picture frame,policy_front_review_required,front,"[0.0,0.0,1.0]",0.2,,pending_asset_front_audit,True,/data/task3_2/share_data/scenesmith/hssd_rendered_assets/897e2694262ced54051ee948dd318d15ecffafc3
8a426c6129449e93c784fc0c57b48fc31c765cbb,picture frame,policy_front_review_required,front,"[0.0,0.0,1.0]",0.2,,pending_asset_front_audit,True,/data/task3_2/share_data/scenesmith/hssd_rendered_assets/8a426c6129449e93c784fc0c57b48fc31c765cbb
8ccf94189d5c50b5f985f014155647ebcc71c3a0,picture frame,policy_front_review_required,front,"[0.0,0.0,1.0]",0.2,,pending_asset_front_audit,True,/data/task3_2/share_data/scenesmith/hssd_rendered_assets/8ccf94189d5c50b5f985f014155647ebcc71c3a0
90703c2fcd04fd85a9bbcf916cf8949716df35c5,picture frame,policy_front_review_required,front,"[0.0,0.0,1.0]",0.2,,pending_asset_front_audit,True,/data/task3_2/share_data/scenesmith/hssd_rendered_assets/90703c2fcd04fd85a9bbcf916cf8949716df35c5
948eae8060fbc344f932fc92668629d5298eb12b,picture frame,policy_front_review_required,front,"[0.0,0.0,1.0]",0.2,,pending_asset_front_audit,True,/data/task3_2/share_data/scenesmith/hssd_rendered_assets/948eae8060fbc344f932fc92668629d5298eb12b
95ad29cccf624874e83a01342483e0198569c20e,picture frame,policy_front_review_required,front,"[0.0,0.0,1.0]",0.2,,pending_asset_front_audit,True,/data/task3_2/share_data/scenesmith/hssd_rendered_assets/95ad29cccf624874e83a01342483e0198569c20e
95b16ed9f169c4ae4f5ccbd53b4bd0161a5cc648,picture frame,policy_front_review_required,front,"[0.0,0.0,1.0]",0.2,,pending_asset_front_audit,True,/data/task3_2/share_data/scenesmith/hssd_rendered_assets/95b16ed9f169c4ae4f5ccbd53b4bd0161a5cc648
9bc5df943ee50b4e1aa3a2c3493d59e9d1a82d28,picture frame,policy_front_review_required,front,"[0.0,0.0,1.0]",0.2,,pending_asset_front_audit,True,/data/task3_2/share_data/scenesmith/hssd_rendered_assets/9bc5df943ee50b4e1aa3a2c3493d59e9d1a82d28
a25bd54073d8c44c5f6a9009ed167888848b5014,picture frame,policy_front_review_required,front,"[0.0,0.0,1.0]",0.2,,pending_asset_front_audit,True,/data/task3_2/share_data/scenesmith/hssd_rendered_assets/a25bd54073d8c44c5f6a9009ed167888848b5014
a2864c57f9ac3e98bfdc0bc4f0b37c3560330f2e,picture frame,policy_front_review_required,front,"[0.0,0.0,1.0]",0.2,,pending_asset_front_audit,True,/data/task3_2/share_data/scenesmith/hssd_rendered_assets/a2864c57f9ac3e98bfdc0bc4f0b37c3560330f2e
a605f9b69231c0dbb78dc7c86a78c8a47fb3c644,picture frame,policy_front_review_required,front,"[0.0,0.0,1.0]",0.2,,pending_asset_front_audit,True,/data/task3_2/share_data/scenesmith/hssd_rendered_assets/a605f9b69231c0dbb78dc7c86a78c8a47fb3c644
a9a76fab18205fcfe2daf953f3fec031af2cbf0a,picture frame,policy_front_review_required,front,"[0.0,0.0,1.0]",0.2,,pending_asset_front_audit,True,/data/task3_2/share_data/scenesmith/hssd_rendered_assets/a9a76fab18205fcfe2daf953f3fec031af2cbf0a
ab9cfa493bdee58a1b3af3894507354badfdb6cb,picture frame,policy_front_review_required,front,"[0.0,0.0,1.0]",0.2,,pending_asset_front_audit,True,/data/task3_2/share_data/scenesmith/hssd_rendered_assets/ab9cfa493bdee58a1b3af3894507354badfdb6cb
ae1ede393b5fac3b22489f612d3927dbdf066ba1,picture frame,policy_front_review_required,front,"[0.0,0.0,1.0]",0.2,,pending_asset_front_audit,True,/data/task3_2/share_data/scenesmith/hssd_rendered_assets/ae1ede393b5fac3b22489f612d3927dbdf066ba1
af168ce1c4e779ff70e86e4b06caf8ab34d795cd,picture frame,policy_front_review_required,front,"[0.0,0.0,1.0]",0.2,,pending_asset_front_audit,True,/data/task3_2/share_data/scenesmith/hssd_rendered_assets/af168ce1c4e779ff70e86e4b06caf8ab34d795cd
b0e9b703ff916647e932671971535efbfddc1bee,picture frame,policy_front_review_required,front,"[0.0,0.0,1.0]",0.2,,pending_asset_front_audit,True,/data/task3_2/share_data/scenesmith/hssd_rendered_assets/b0e9b703ff916647e932671971535efbfddc1bee
b10cf89f96b42242113af28de2f6bc2ce7492a10,picture frame,policy_front_review_required,front,"[0.0,0.0,1.0]",0.2,,pending_asset_front_audit,True,/data/task3_2/share_data/scenesmith/hssd_rendered_assets/b10cf89f96b42242113af28de2f6bc2ce7492a10
b1512215bb6f7a6dd58347b8c1f4779bcd725e07,picture frame,policy_front_review_required,front,"[0.0,0.0,1.0]",0.2,,pending_asset_front_audit,True,/data/task3_2/share_data/scenesmith/hssd_rendered_assets/b1512215bb6f7a6dd58347b8c1f4779bcd725e07
b197329530721482bd16661dff686e879cd3da27,picture frame,policy_front_review_required,front,"[0.0,0.0,1.0]",0.2,,pending_asset_front_audit,True,/data/task3_2/share_data/scenesmith/hssd_rendered_assets/b197329530721482bd16661dff686e879cd3da27
b5c374fb79fcba53183287a9350abd61d6bcacbc,picture frame,policy_front_review_required,front,"[0.0,0.0,1.0]",0.2,,pending_asset_front_audit,True,/data/task3_2/share_data/scenesmith/hssd_rendered_assets/b5c374fb79fcba53183287a9350abd61d6bcacbc
b77c4ef36bc4add9267447571929f16fd80926ed,picture frame,policy_front_review_required,front,"[0.0,0.0,1.0]",0.2,,pending_asset_front_audit,True,/data/task3_2/share_data/scenesmith/hssd_rendered_assets/b77c4ef36bc4add9267447571929f16fd80926ed
b7cb814bf208d769ae2e1143b630ed80288c9e38,picture frame,policy_front_review_required,front,"[0.0,0.0,1.0]",0.2,,pending_asset_front_audit,True,/data/task3_2/share_data/scenesmith/hssd_rendered_assets/b7cb814bf208d769ae2e1143b630ed80288c9e38
b8432a9781e64709d163a875a14fe3f1350540cf,picture frame,policy_front_review_required,front,"[0.0,0.0,1.0]",0.2,,pending_asset_front_audit,True,/data/task3_2/share_data/scenesmith/hssd_rendered_assets/b8432a9781e64709d163a875a14fe3f1350540cf
b8dec2c0a5f261f0d1828cad68a605e54d635c50,picture frame,policy_front_review_required,front,"[0.0,0.0,1.0]",0.2,,pending_asset_front_audit,True,/data/task3_2/share_data/scenesmith/hssd_rendered_assets/b8dec2c0a5f261f0d1828cad68a605e54d635c50
ba29460814ad1bd7bcc3543fa28c73ae96267ac9,picture frame,policy_front_review_required,front,"[0.0,0.0,1.0]",0.2,,pending_asset_front_audit,True,/data/task3_2/share_data/scenesmith/hssd_rendered_assets/ba29460814ad1bd7bcc3543fa28c73ae96267ac9
c03338f63524b422e6445dc7415b809f6232b267,picture frame,policy_front_review_required,front,"[0.0,0.0,1.0]",0.2,,pending_asset_front_audit,True,/data/task3_2/share_data/scenesmith/hssd_rendered_assets/c03338f63524b422e6445dc7415b809f6232b267
c29dc1d7b6cb991b553d8c9ef5c0c1a4b71d20c8,picture frame,policy_front_review_required,front,"[0.0,0.0,1.0]",0.2,,pending_asset_front_audit,True,/data/task3_2/share_data/scenesmith/hssd_rendered_assets/c29dc1d7b6cb991b553d8c9ef5c0c1a4b71d20c8
c8d16af73e07db7b9ff1aea7bc583f22f9166d72,picture frame,policy_front_review_required,front,"[0.0,0.0,1.0]",0.2,,pending_asset_front_audit,True,/data/task3_2/share_data/scenesmith/hssd_rendered_assets/c8d16af73e07db7b9ff1aea7bc583f22f9166d72
d1f85a83cd9d47209bad6f29f8c567afa0f19478,picture frame,policy_front_review_required,front,"[0.0,0.0,1.0]",0.2,,pending_asset_front_audit,True,/data/task3_2/share_data/scenesmith/hssd_rendered_assets/d1f85a83cd9d47209bad6f29f8c567afa0f19478
d23846c841ccdff4c2e16e9515e1a3f89ab0ee83,picture frame,policy_front_review_required,front,"[0.0,0.0,1.0]",0.2,,pending_asset_front_audit,True,/data/task3_2/share_data/scenesmith/hssd_rendered_assets/d23846c841ccdff4c2e16e9515e1a3f89ab0ee83
d516aeceef849a09918f3b92e3fb422b7b29e64c,picture frame,policy_front_review_required,front,"[0.0,0.0,1.0]",0.2,,pending_asset_front_audit,True,/data/task3_2/share_data/scenesmith/hssd_rendered_assets/d516aeceef849a09918f3b92e3fb422b7b29e64c
d5a65235abfa2c1307eb1ba6ee12cc6a5b34208e,picture frame,policy_front_review_required,front,"[0.0,0.0,1.0]",0.2,,pending_asset_front_audit,True,/data/task3_2/share_data/scenesmith/hssd_rendered_assets/d5a65235abfa2c1307eb1ba6ee12cc6a5b34208e
d8f8ec2820ae04366a78bfd49e7393c3a388696a,picture frame,policy_front_review_required,front,"[0.0,0.0,1.0]",0.2,,pending_asset_front_audit,True,/data/task3_2/share_data/scenesmith/hssd_rendered_assets/d8f8ec2820ae04366a78bfd49e7393c3a388696a
e33bad4ffd6713bbed50be821dbb0f7bd5711d99,picture frame,policy_front_review_required,front,"[0.0,0.0,1.0]",0.2,,pending_asset_front_audit,True,/data/task3_2/share_data/scenesmith/hssd_rendered_assets/e33bad4ffd6713bbed50be821dbb0f7bd5711d99
e64c9947229ecf6b7c49986729f3020409233c71,picture frame,policy_front_review_required,front,"[0.0,0.0,1.0]",0.2,,pending_asset_front_audit,True,/data/task3_2/share_data/scenesmith/hssd_rendered_assets/e64c9947229ecf6b7c49986729f3020409233c71
eb75e6007ed56a7dafc699f170ce01463177d67b,picture frame,policy_front_review_required,front,"[0.0,0.0,1.0]",0.2,,pending_asset_front_audit,True,/data/task3_2/share_data/scenesmith/hssd_rendered_assets/eb75e6007ed56a7dafc699f170ce01463177d67b
f0d044e427713818c8a0d9ee84f33e0266007fd1,picture frame,policy_front_review_required,front,"[0.0,0.0,1.0]",0.2,,pending_asset_front_audit,True,/data/task3_2/share_data/scenesmith/hssd_rendered_assets/f0d044e427713818c8a0d9ee84f33e0266007fd1
f7f6f8c3ca10d014a1753a95c72c3b3bb3205969,picture frame,policy_front_review_required,front,"[0.0,0.0,1.0]",0.2,,pending_asset_front_audit,True,/data/task3_2/share_data/scenesmith/hssd_rendered_assets/f7f6f8c3ca10d014a1753a95c72c3b3bb3205969
f8a9c7497f063378e4cef9d413f2012f3fa1d344,picture frame,policy_front_review_required,front,"[0.0,0.0,1.0]",0.2,,pending_asset_front_audit,True,/data/task3_2/share_data/scenesmith/hssd_rendered_assets/f8a9c7497f063378e4cef9d413f2012f3fa1d344
faa3c5c9cb8d500bc1b11cc2baeb3f49bef68b4a,picture frame,policy_front_review_required,front,"[0.0,0.0,1.0]",0.2,,pending_asset_front_audit,True,/data/task3_2/share_data/scenesmith/hssd_rendered_assets/faa3c5c9cb8d500bc1b11cc2baeb3f49bef68b4a
fd4eab6ad6b9085a2cab8f918366c957c0f75c51,picture frame,policy_front_review_required,front,"[0.0,0.0,1.0]",0.2,,pending_asset_front_audit,True,/data/task3_2/share_data/scenesmith/hssd_rendered_assets/fd4eab6ad6b9085a2cab8f918366c957c0f75c51
fe6c8a9d716dc203ebe5e7d439217dc03ff5a3c1,picture frame,policy_front_review_required,front,"[0.0,0.0,1.0]",0.2,,pending_asset_front_audit,True,/data/task3_2/share_data/scenesmith/hssd_rendered_assets/fe6c8a9d716dc203ebe5e7d439217dc03ff5a3c1
xxxx575ccbc9x7677x434bx8bf1xf82880799acc,picture frame,policy_front_review_required,front,"[0.0,0.0,1.0]",0.2,,pending_asset_front_audit,True,/data/task3_2/share_data/scenesmith/hssd_rendered_assets/xxxx575ccbc9x7677x434bx8bf1xf82880799acc
xxxx8568f6a7xb370x4773x8e7dxc78e3edacdc0,picture frame,policy_front_review_required,front,"[0.0,0.0,1.0]",0.2,,pending_asset_front_audit,True,/data/task3_2/share_data/scenesmith/hssd_rendered_assets/xxxx8568f6a7xb370x4773x8e7dxc78e3edacdc0
xxxxd7b51f21x5eabx4ba0xa5c4xc71d874e6e9b,picture frame,policy_front_review_required,front,"[0.0,0.0,1.0]",0.2,,pending_asset_front_audit,True,/data/task3_2/share_data/scenesmith/hssd_rendered_assets/xxxxd7b51f21x5eabx4ba0xa5c4xc71d874e6e9b
20ea144d49dc14d432a94b27755ed7c588cb7b18,shower curtain,policy_front_review_required,front,"[0.0,0.0,1.0]",0.2,,pending_asset_front_audit,True,/data/task3_2/share_data/scenesmith/hssd_rendered_assets/20ea144d49dc14d432a94b27755ed7c588cb7b18
2e4e58c29e1afc7443f6eafb25db744775838ca1,shower curtain,policy_front_review_required,front,"[0.0,0.0,1.0]",0.2,,pending_asset_front_audit,True,/data/task3_2/share_data/scenesmith/hssd_rendered_assets/2e4e58c29e1afc7443f6eafb25db744775838ca1
3648d1dda109a672e34c7981552b8cc7c5dc0473,shower curtain,policy_front_review_required,front,"[0.0,0.0,1.0]",0.2,,pending_asset_front_audit,True,/data/task3_2/share_data/scenesmith/hssd_rendered_assets/3648d1dda109a672e34c7981552b8cc7c5dc0473
5846771d5b1c31cc8ceb6771f5fee6ac6b65d5fe,shower curtain,policy_front_review_required,front,"[0.0,0.0,1.0]",0.2,,pending_asset_front_audit,True,/data/task3_2/share_data/scenesmith/hssd_rendered_assets/5846771d5b1c31cc8ceb6771f5fee6ac6b65d5fe
69e7262f32b7db6feaca5968fc043dc237b7f221,shower curtain,policy_front_review_required,front,"[0.0,0.0,1.0]",0.2,,pending_asset_front_audit,True,/data/task3_2/share_data/scenesmith/hssd_rendered_assets/69e7262f32b7db6feaca5968fc043dc237b7f221
6cff501d54f2c3afd522634bfc5388d2cbf0bf84,shower curtain,policy_front_review_required,front,"[0.0,0.0,1.0]",0.2,,pending_asset_front_audit,True,/data/task3_2/share_data/scenesmith/hssd_rendered_assets/6cff501d54f2c3afd522634bfc5388d2cbf0bf84
7121cc194c6e576f2da123eb217e5af26cde3bb8,shower curtain,policy_front_review_required,front,"[0.0,0.0,1.0]",0.2,,pending_asset_front_audit,True,/data/task3_2/share_data/scenesmith/hssd_rendered_assets/7121cc194c6e576f2da123eb217e5af26cde3bb8
77b41fa8fa451bc9250412841a8fb09b4e39bdaa,shower curtain,policy_front_review_required,front,"[0.0,0.0,1.0]",0.2,,pending_asset_front_audit,True,/data/task3_2/share_data/scenesmith/hssd_rendered_assets/77b41fa8fa451bc9250412841a8fb09b4e39bdaa
bc193ddaa3699aa2d6d68a7387e682f36a53bf17,shower curtain,policy_front_review_required,front,"[0.0,0.0,1.0]",0.2,,pending_asset_front_audit,True,/data/task3_2/share_data/scenesmith/hssd_rendered_assets/bc193ddaa3699aa2d6d68a7387e682f36a53bf17
c747e7e6bfe668e9dc89267e4a05097f920d319a,shower curtain,policy_front_review_required,front,"[0.0,0.0,1.0]",0.2,,pending_asset_front_audit,True,/data/task3_2/share_data/scenesmith/hssd_rendered_assets/c747e7e6bfe668e9dc89267e4a05097f920d319a
d013183b915887390add467c73cfc20e61d4dd24,shower curtain,policy_front_review_required,front,"[0.0,0.0,1.0]",0.2,,pending_asset_front_audit,True,/data/task3_2/share_data/scenesmith/hssd_rendered_assets/d013183b915887390add467c73cfc20e61d4dd24
e6441c18a83cdca55a0a555a56a8c89a7bd821f7,shower curtain,policy_front_review_required,front,"[0.0,0.0,1.0]",0.2,,pending_asset_front_audit,True,/data/task3_2/share_data/scenesmith/hssd_rendered_assets/e6441c18a83cdca55a0a555a56a8c89a7bd821f7
e6df36f9715e7dbb8c856dfc123e0fef19bd7fb7,shower curtain,policy_front_review_required,front,"[0.0,0.0,1.0]",0.2,,pending_asset_front_audit,True,/data/task3_2/share_data/scenesmith/hssd_rendered_assets/e6df36f9715e7dbb8c856dfc123e0fef19bd7fb7
e8798c56bd14fcc690d39a1ef6a670cfa15c2938,shower curtain,policy_front_review_required,front,"[0.0,0.0,1.0]",0.2,,pending_asset_front_audit,True,/data/task3_2/share_data/scenesmith/hssd_rendered_assets/e8798c56bd14fcc690d39a1ef6a670cfa15c2938
f295d8ee41af6246c186b4bc8ee355d0f58dc02f,shower curtain,policy_front_review_required,front,"[0.0,0.0,1.0]",0.2,,pending_asset_front_audit,True,/data/task3_2/share_data/scenesmith/hssd_rendered_assets/f295d8ee41af6246c186b4bc8ee355d0f58dc02f
0001fb06b075a743e6289236cf049df3ad5dfa9c,showerhead,policy_front_review_required,front,"[0.0,0.0,1.0]",0.2,,pending_asset_front_audit,True,/data/task3_2/share_data/scenesmith/hssd_rendered_assets/0001fb06b075a743e6289236cf049df3ad5dfa9c
00bde034d3d5b08ef952aeba2bd40839d3b8c5e0,showerhead,policy_front_review_required,front,"[0.0,0.0,1.0]",0.2,,pending_asset_front_audit,True,/data/task3_2/share_data/scenesmith/hssd_rendered_assets/00bde034d3d5b08ef952aeba2bd40839d3b8c5e0
074b112e6d9be8860fce202dd706de49598db82d,showerhead,policy_front_review_required,front,"[0.0,0.0,1.0]",0.2,,pending_asset_front_audit,True,/data/task3_2/share_data/scenesmith/hssd_rendered_assets/074b112e6d9be8860fce202dd706de49598db82d
0b7c3e44a3d3cc591a423333383ebe9ab4d949ca,showerhead,policy_front_review_required,front,"[0.0,0.0,1.0]",0.2,,pending_asset_front_audit,True,/data/task3_2/share_data/scenesmith/hssd_rendered_assets/0b7c3e44a3d3cc591a423333383ebe9ab4d949ca
21c2bf62106154628891d97896a46304f275e1fc,showerhead,policy_front_review_required,front,"[0.0,0.0,1.0]",0.2,,pending_asset_front_audit,True,/data/task3_2/share_data/scenesmith/hssd_rendered_assets/21c2bf62106154628891d97896a46304f275e1fc
29e055a477bcf823c20467229b8cf57bc340787b,showerhead,policy_front_review_required,front,"[0.0,0.0,1.0]",0.2,,pending_asset_front_audit,True,/data/task3_2/share_data/scenesmith/hssd_rendered_assets/29e055a477bcf823c20467229b8cf57bc340787b
2bc8cec2c84a5902fdc2d14e4da9fd20f5fde6fb,showerhead,policy_front_review_required,front,"[0.0,0.0,1.0]",0.2,,pending_asset_front_audit,True,/data/task3_2/share_data/scenesmith/hssd_rendered_assets/2bc8cec2c84a5902fdc2d14e4da9fd20f5fde6fb
30a24b9c5d0292f9bcb07d0b7c878118e62ac666,showerhead,policy_front_review_required,front,"[0.0,0.0,1.0]",0.2,,pending_asset_front_audit,True,/data/task3_2/share_data/scenesmith/hssd_rendered_assets/30a24b9c5d0292f9bcb07d0b7c878118e62ac666
31a96848af5ad03633c83d00df71439168fc7b5a,showerhead,policy_front_review_required,front,"[0.0,0.0,1.0]",0.2,,pending_asset_front_audit,True,/data/task3_2/share_data/scenesmith/hssd_rendered_assets/31a96848af5ad03633c83d00df71439168fc7b5a
466fc73df4c164875970929ca3238887e7505a03,showerhead,policy_front_review_required,front,"[0.0,0.0,1.0]",0.2,,pending_asset_front_audit,True,/data/task3_2/share_data/scenesmith/hssd_rendered_assets/466fc73df4c164875970929ca3238887e7505a03
4ed6a60e58753ad06371664b533544522ba3d677,showerhead,policy_front_review_required,front,"[0.0,0.0,1.0]",0.2,,pending_asset_front_audit,True,/data/task3_2/share_data/scenesmith/hssd_rendered_assets/4ed6a60e58753ad06371664b533544522ba3d677
5d12fb4282b751cbfb9388ee513d724f10e91750,showerhead,policy_front_review_required,front,"[0.0,0.0,1.0]",0.2,,pending_asset_front_audit,True,/data/task3_2/share_data/scenesmith/hssd_rendered_assets/5d12fb4282b751cbfb9388ee513d724f10e91750
5da378a4593363b059ce3c7e5b4ccacad82a08b0,showerhead,policy_front_review_required,front,"[0.0,0.0,1.0]",0.2,,pending_asset_front_audit,True,/data/task3_2/share_data/scenesmith/hssd_rendered_assets/5da378a4593363b059ce3c7e5b4ccacad82a08b0
5e9f35e36fe56f3d9bc75504b2ed6bbb23eb38ca,showerhead,policy_front_review_required,front,"[0.0,0.0,1.0]",0.2,,pending_asset_front_audit,True,/data/task3_2/share_data/scenesmith/hssd_rendered_assets/5e9f35e36fe56f3d9bc75504b2ed6bbb23eb38ca
6312ba49648e2f52bd2226fa3e75a0a1d03798c3,showerhead,policy_front_review_required,front,"[0.0,0.0,1.0]",0.2,,pending_asset_front_audit,True,/data/task3_2/share_data/scenesmith/hssd_rendered_assets/6312ba49648e2f52bd2226fa3e75a0a1d03798c3
66f369c8bdbd3ce05795af8d6bc2bc53b1c54e2a,showerhead,policy_front_review_required,front,"[0.0,0.0,1.0]",0.2,,pending_asset_front_audit,True,/data/task3_2/share_data/scenesmith/hssd_rendered_assets/66f369c8bdbd3ce05795af8d6bc2bc53b1c54e2a
740aeb24ae22986c36a8db6de5f858ef00e379d4,showerhead,policy_front_review_required,front,"[0.0,0.0,1.0]",0.2,,pending_asset_front_audit,True,/data/task3_2/share_data/scenesmith/hssd_rendered_assets/740aeb24ae22986c36a8db6de5f858ef00e379d4
7618f89a88ec34181bc360a234208afffaeb786f,showerhead,policy_front_review_required,front,"[0.0,0.0,1.0]",0.2,,pending_asset_front_audit,True,/data/task3_2/share_data/scenesmith/hssd_rendered_assets/7618f89a88ec34181bc360a234208afffaeb786f
80b406034521b238f33cfae12bc32825566882a2,showerhead,policy_front_review_required,front,"[0.0,0.0,1.0]",0.2,,pending_asset_front_audit,True,/data/task3_2/share_data/scenesmith/hssd_rendered_assets/80b406034521b238f33cfae12bc32825566882a2
84ca107b3e5c5386ed4d676233a31322c3392d1e,showerhead,policy_front_review_required,front,"[0.0,0.0,1.0]",0.2,,pending_asset_front_audit,True,/data/task3_2/share_data/scenesmith/hssd_rendered_assets/84ca107b3e5c5386ed4d676233a31322c3392d1e
9e068412c7ca15a5d23c5813614150ff138d9bb6,showerhead,policy_front_review_required,front,"[0.0,0.0,1.0]",0.2,,pending_asset_front_audit,True,/data/task3_2/share_data/scenesmith/hssd_rendered_assets/9e068412c7ca15a5d23c5813614150ff138d9bb6
a2ced0f9ca1c9c567a1a27bedd7804900e89aae4,showerhead,policy_front_review_required,front,"[0.0,0.0,1.0]",0.2,,pending_asset_front_audit,True,/data/task3_2/share_data/scenesmith/hssd_rendered_assets/a2ced0f9ca1c9c567a1a27bedd7804900e89aae4
a52e492b90e6f003df6c9ff329e5362a19ff4a58,showerhead,policy_front_review_required,front,"[0.0,0.0,1.0]",0.2,,pending_asset_front_audit,True,/data/task3_2/share_data/scenesmith/hssd_rendered_assets/a52e492b90e6f003df6c9ff329e5362a19ff4a58
ad12072ab6efb3a5f81bb9ebba29b580bd552220,showerhead,policy_front_review_required,front,"[0.0,0.0,1.0]",0.2,,pending_asset_front_audit,True,/data/task3_2/share_data/scenesmith/hssd_rendered_assets/ad12072ab6efb3a5f81bb9ebba29b580bd552220
af798a55c59fa38c9af351508875571ae19c15ef,showerhead,policy_front_review_required,front,"[0.0,0.0,1.0]",0.2,,pending_asset_front_audit,True,/data/task3_2/share_data/scenesmith/hssd_rendered_assets/af798a55c59fa38c9af351508875571ae19c15ef
b55c8d88c901d81190fabb3fa891781f7aad8d5e,showerhead,policy_front_review_required,front,"[0.0,0.0,1.0]",0.2,,pending_asset_front_audit,True,/data/task3_2/share_data/scenesmith/hssd_rendered_assets/b55c8d88c901d81190fabb3fa891781f7aad8d5e
b68bb96dedc93ca729047016a9ada03835474b1e,showerhead,policy_front_review_required,front,"[0.0,0.0,1.0]",0.2,,pending_asset_front_audit,True,/data/task3_2/share_data/scenesmith/hssd_rendered_assets/b68bb96dedc93ca729047016a9ada03835474b1e
c43f70f9eb68eb55669209d08659ba76a5d3c3b1,showerhead,policy_front_review_required,front,"[0.0,0.0,1.0]",0.2,,pending_asset_front_audit,True,/data/task3_2/share_data/scenesmith/hssd_rendered_assets/c43f70f9eb68eb55669209d08659ba76a5d3c3b1
cd8049f41e41f8fa0c381197cf1abd18c2fd49d4,showerhead,policy_front_review_required,front,"[0.0,0.0,1.0]",0.2,,pending_asset_front_audit,True,/data/task3_2/share_data/scenesmith/hssd_rendered_assets/cd8049f41e41f8fa0c381197cf1abd18c2fd49d4
ebe3bf614471d72e1fb24c34b3bcedf5382f34c8,showerhead,policy_front_review_required,front,"[0.0,0.0,1.0]",0.2,,pending_asset_front_audit,True,/data/task3_2/share_data/scenesmith/hssd_rendered_assets/ebe3bf614471d72e1fb24c34b3bcedf5382f34c8
f6f3ca1c5069e8368681ad5bd4dfd0f524d991ed,showerhead,policy_front_review_required,front,"[0.0,0.0,1.0]",0.2,,pending_asset_front_audit,True,/data/task3_2/share_data/scenesmith/hssd_rendered_assets/f6f3ca1c5069e8368681ad5bd4dfd0f524d991ed
019b16dbb75c196d82d53639d6e987c1b8d95dc2,stool,policy_front_review_required,front,"[0.0,0.0,1.0]",0.2,,pending_asset_front_audit,True,/data/task3_2/share_data/scenesmith/hssd_rendered_assets/019b16dbb75c196d82d53639d6e987c1b8d95dc2
0661fe7a6eec6a86f4e62625a60dcadb0ec41bc4,stool,policy_front_review_required,front,"[0.0,0.0,1.0]",0.2,,pending_asset_front_audit,True,/data/task3_2/share_data/scenesmith/hssd_rendered_assets/0661fe7a6eec6a86f4e62625a60dcadb0ec41bc4
0c14c132672f293310432d06c89d503657210f0d,stool,policy_front_review_required,front,"[0.0,0.0,1.0]",0.2,,pending_asset_front_audit,True,/data/task3_2/share_data/scenesmith/hssd_rendered_assets/0c14c132672f293310432d06c89d503657210f0d
0d972ff8f4fa3b796bc392b5de7931ff6d8c7707,stool,policy_front_review_required,front,"[0.0,0.0,1.0]",0.2,,pending_asset_front_audit,True,/data/task3_2/share_data/scenesmith/hssd_rendered_assets/0d972ff8f4fa3b796bc392b5de7931ff6d8c7707
0ec347ace227bceb95f066f6ef949bed13981ce7,stool,policy_front_review_required,front,"[0.0,0.0,1.0]",0.2,,pending_asset_front_audit,True,/data/task3_2/share_data/scenesmith/hssd_rendered_assets/0ec347ace227bceb95f066f6ef949bed13981ce7
11fd63d5a503c501cec76681060ad45549dd07d5,stool,policy_front_review_required,front,"[0.0,0.0,1.0]",0.2,,pending_asset_front_audit,True,/data/task3_2/share_data/scenesmith/hssd_rendered_assets/11fd63d5a503c501cec76681060ad45549dd07d5
1337358052270e0edb27eec20813e0d29bc80fcb,stool,policy_front_review_required,front,"[0.0,0.0,1.0]",0.2,,pending_asset_front_audit,True,/data/task3_2/share_data/scenesmith/hssd_rendered_assets/1337358052270e0edb27eec20813e0d29bc80fcb
13cd727eef03bb9fcc20317540c99407250bc4a4,stool,policy_front_review_required,front,"[0.0,0.0,1.0]",0.2,,pending_asset_front_audit,True,/data/task3_2/share_data/scenesmith/hssd_rendered_assets/13cd727eef03bb9fcc20317540c99407250bc4a4
18fd3a8740b26c869ac5b9c4d47aa0f5fccae408,stool,policy_front_review_required,front,"[0.0,0.0,1.0]",0.2,,pending_asset_front_audit,True,/data/task3_2/share_data/scenesmith/hssd_rendered_assets/18fd3a8740b26c869ac5b9c4d47aa0f5fccae408
285a3c485bed325e6640fee2fc00a1645a6294a2,stool,policy_front_review_required,front,"[0.0,0.0,1.0]",0.2,,pending_asset_front_audit,True,/data/task3_2/share_data/scenesmith/hssd_rendered_assets/285a3c485bed325e6640fee2fc00a1645a6294a2
28d386b058d624468900d6aa1226ed1a66c97313,stool,policy_front_review_required,front,"[0.0,0.0,1.0]",0.2,,pending_asset_front_audit,True,/data/task3_2/share_data/scenesmith/hssd_rendered_assets/28d386b058d624468900d6aa1226ed1a66c97313
291ec104b0a2ed4fb5ceefa1e57c21a4ad8eff71,stool,policy_front_review_required,front,"[0.0,0.0,1.0]",0.2,,pending_asset_front_audit,True,/data/task3_2/share_data/scenesmith/hssd_rendered_assets/291ec104b0a2ed4fb5ceefa1e57c21a4ad8eff71
30df93d0372a46bb52bee475a97472341592f993,stool,policy_front_review_required,front,"[0.0,0.0,1.0]",0.2,,pending_asset_front_audit,True,/data/task3_2/share_data/scenesmith/hssd_rendered_assets/30df93d0372a46bb52bee475a97472341592f993
32bd0f8e0c0d3b96752f4ec6014a4bfe9062f384,stool,policy_front_review_required,front,"[0.0,0.0,1.0]",0.2,,pending_asset_front_audit,True,/data/task3_2/share_data/scenesmith/hssd_rendered_assets/32bd0f8e0c0d3b96752f4ec6014a4bfe9062f384
33bbad2c80a303c255514cde47156c40aabccd73,stool,policy_front_review_required,front,"[0.0,0.0,1.0]",0.2,,pending_asset_front_audit,True,/data/task3_2/share_data/scenesmith/hssd_rendered_assets/33bbad2c80a303c255514cde47156c40aabccd73
370b5aa338ce69b2a11e5b0a29978a0bddcb0144,stool,policy_front_review_required,front,"[0.0,0.0,1.0]",0.2,,pending_asset_front_audit,True,/data/task3_2/share_data/scenesmith/hssd_rendered_assets/370b5aa338ce69b2a11e5b0a29978a0bddcb0144
39ed21c87f36954eab1d5487000631bc7ef18a06,stool,policy_front_review_required,front,"[0.0,0.0,1.0]",0.2,,pending_asset_front_audit,True,/data/task3_2/share_data/scenesmith/hssd_rendered_assets/39ed21c87f36954eab1d5487000631bc7ef18a06
3e5b80fa279112c4c407bed02c7ffb555d6dc66a,stool,policy_front_review_required,front,"[0.0,0.0,1.0]",0.2,,pending_asset_front_audit,True,/data/task3_2/share_data/scenesmith/hssd_rendered_assets/3e5b80fa279112c4c407bed02c7ffb555d6dc66a
3e716af6b1a9af150bff60af9daf6a63cc80b792,stool,policy_front_review_required,front,"[0.0,0.0,1.0]",0.2,,pending_asset_front_audit,True,/data/task3_2/share_data/scenesmith/hssd_rendered_assets/3e716af6b1a9af150bff60af9daf6a63cc80b792
4539334c322969073e8cd1f6619ab4bddeb45f99,stool,policy_front_review_required,front,"[0.0,0.0,1.0]",0.2,,pending_asset_front_audit,True,/data/task3_2/share_data/scenesmith/hssd_rendered_assets/4539334c322969073e8cd1f6619ab4bddeb45f99
495a3e8f5d18beba47a56f99b5e4737f7a4852d6,stool,policy_front_review_required,front,"[0.0,0.0,1.0]",0.2,,pending_asset_front_audit,True,/data/task3_2/share_data/scenesmith/hssd_rendered_assets/495a3e8f5d18beba47a56f99b5e4737f7a4852d6
4c8583bad43db2a8708dafa432b3b4796aca345d,stool,policy_front_review_required,front,"[0.0,0.0,1.0]",0.2,,pending_asset_front_audit,True,/data/task3_2/share_data/scenesmith/hssd_rendered_assets/4c8583bad43db2a8708dafa432b3b4796aca345d
4d3b76bcc36ae00c552d79507c66a835bc245647,stool,policy_front_review_required,front,"[0.0,0.0,1.0]",0.2,,pending_asset_front_audit,True,/data/task3_2/share_data/scenesmith/hssd_rendered_assets/4d3b76bcc36ae00c552d79507c66a835bc245647
502ce37cd7bad20d9ff7a7fe64914dab16a8d7c6,stool,policy_front_review_required,front,"[0.0,0.0,1.0]",0.2,,pending_asset_front_audit,True,/data/task3_2/share_data/scenesmith/hssd_rendered_assets/502ce37cd7bad20d9ff7a7fe64914dab16a8d7c6
5562de4568952a7f72318fff93085d7f5e98aba9,stool,policy_front_review_required,front,"[0.0,0.0,1.0]",0.2,,pending_asset_front_audit,True,/data/task3_2/share_data/scenesmith/hssd_rendered_assets/5562de4568952a7f72318fff93085d7f5e98aba9
55f369744b554a2f808d81f34c39a7e713ff6fed,stool,policy_front_review_required,front,"[0.0,0.0,1.0]",0.2,,pending_asset_front_audit,True,/data/task3_2/share_data/scenesmith/hssd_rendered_assets/55f369744b554a2f808d81f34c39a7e713ff6fed
58cbaf00240f797dcb51f15864689e50037d31b5,stool,policy_front_review_required,front,"[0.0,0.0,1.0]",0.2,,pending_asset_front_audit,True,/data/task3_2/share_data/scenesmith/hssd_rendered_assets/58cbaf00240f797dcb51f15864689e50037d31b5
5ccfda649868756cd30117f266b1f0ef23024e9c,stool,policy_front_review_required,front,"[0.0,0.0,1.0]",0.2,,pending_asset_front_audit,True,/data/task3_2/share_data/scenesmith/hssd_rendered_assets/5ccfda649868756cd30117f266b1f0ef23024e9c
63d97dc54db949a43f84deb457c7b57a72103e36,stool,policy_front_review_required,front,"[0.0,0.0,1.0]",0.2,,pending_asset_front_audit,True,/data/task3_2/share_data/scenesmith/hssd_rendered_assets/63d97dc54db949a43f84deb457c7b57a72103e36
67dd1859faf578307273a1d0c368dadc411e0971,stool,policy_front_review_required,front,"[0.0,0.0,1.0]",0.2,,pending_asset_front_audit,True,/data/task3_2/share_data/scenesmith/hssd_rendered_assets/67dd1859faf578307273a1d0c368dadc411e0971
7891d26e731883498594396ac617dfba204b52fc,stool,policy_front_review_required,front,"[0.0,0.0,1.0]",0.2,,pending_asset_front_audit,True,/data/task3_2/share_data/scenesmith/hssd_rendered_assets/7891d26e731883498594396ac617dfba204b52fc
7f64a4e1dfd66556b5b4dafb9bd47878768ccc69,stool,policy_front_review_required,front,"[0.0,0.0,1.0]",0.2,,pending_asset_front_audit,True,/data/task3_2/share_data/scenesmith/hssd_rendered_assets/7f64a4e1dfd66556b5b4dafb9bd47878768ccc69
8a2d6c76deccf5964e793c0e591b985590bb916a,stool,policy_front_review_required,front,"[0.0,0.0,1.0]",0.2,,pending_asset_front_audit,True,/data/task3_2/share_data/scenesmith/hssd_rendered_assets/8a2d6c76deccf5964e793c0e591b985590bb916a
90cc68efe43711ff25d327c05c5d2abfaa3c9def,stool,policy_front_review_required,front,"[0.0,0.0,1.0]",0.2,,pending_asset_front_audit,True,/data/task3_2/share_data/scenesmith/hssd_rendered_assets/90cc68efe43711ff25d327c05c5d2abfaa3c9def
9267a60171a5eac802ab37b443aef369fd258c8d,stool,policy_front_review_required,front,"[0.0,0.0,1.0]",0.2,,pending_asset_front_audit,True,/data/task3_2/share_data/scenesmith/hssd_rendered_assets/9267a60171a5eac802ab37b443aef369fd258c8d
98b1673ce85ee3b9fceda4a1e3724b64b9e2a6bf,stool,policy_front_review_required,front,"[0.0,0.0,1.0]",0.2,,pending_asset_front_audit,True,/data/task3_2/share_data/scenesmith/hssd_rendered_assets/98b1673ce85ee3b9fceda4a1e3724b64b9e2a6bf
999ce14924d99d6da8b84000c6e16b1fb6ce1a08,stool,policy_front_review_required,front,"[0.0,0.0,1.0]",0.2,,pending_asset_front_audit,True,/data/task3_2/share_data/scenesmith/hssd_rendered_assets/999ce14924d99d6da8b84000c6e16b1fb6ce1a08
9bda45a23fb5502a5bb3825586d4e95a87a8eca4,stool,policy_front_review_required,front,"[0.0,0.0,1.0]",0.2,,pending_asset_front_audit,True,/data/task3_2/share_data/scenesmith/hssd_rendered_assets/9bda45a23fb5502a5bb3825586d4e95a87a8eca4
a51fa63c7ab141e2d87f868600e388c4102272f4,stool,policy_front_review_required,front,"[0.0,0.0,1.0]",0.2,,pending_asset_front_audit,True,/data/task3_2/share_data/scenesmith/hssd_rendered_assets/a51fa63c7ab141e2d87f868600e388c4102272f4
a70fb3e4fb65cac24249dd2ef1f3db031e81d7b8,stool,policy_front_review_required,front,"[0.0,0.0,1.0]",0.2,,pending_asset_front_audit,True,/data/task3_2/share_data/scenesmith/hssd_rendered_assets/a70fb3e4fb65cac24249dd2ef1f3db031e81d7b8
aa8dabd9718968050271258aba1fa3fec7bc8134,stool,policy_front_review_required,front,"[0.0,0.0,1.0]",0.2,,pending_asset_front_audit,True,/data/task3_2/share_data/scenesmith/hssd_rendered_assets/aa8dabd9718968050271258aba1fa3fec7bc8134
ae38ddc60f4a42deca22f714b069a8879544ce64,stool,policy_front_review_required,front,"[0.0,0.0,1.0]",0.2,,pending_asset_front_audit,True,/data/task3_2/share_data/scenesmith/hssd_rendered_assets/ae38ddc60f4a42deca22f714b069a8879544ce64
b0a69f0c93a7ce4e17c90f88a75f8db51a178692,stool,policy_front_review_required,front,"[0.0,0.0,1.0]",0.2,,pending_asset_front_audit,True,/data/task3_2/share_data/scenesmith/hssd_rendered_assets/b0a69f0c93a7ce4e17c90f88a75f8db51a178692
b254cb1d632c14a3fd27cc9b05b32716bc79c3f7,stool,policy_front_review_required,front,"[0.0,0.0,1.0]",0.2,,pending_asset_front_audit,True,/data/task3_2/share_data/scenesmith/hssd_rendered_assets/b254cb1d632c14a3fd27cc9b05b32716bc79c3f7
b6ec8f40a7e189e29dab623aeb9efac53de71809,stool,policy_front_review_required,front,"[0.0,0.0,1.0]",0.2,,pending_asset_front_audit,True,/data/task3_2/share_data/scenesmith/hssd_rendered_assets/b6ec8f40a7e189e29dab623aeb9efac53de71809
b86e921637f9a3b1c54b994fa1ec023222c79995,stool,policy_front_review_required,front,"[0.0,0.0,1.0]",0.2,,pending_asset_front_audit,True,/data/task3_2/share_data/scenesmith/hssd_rendered_assets/b86e921637f9a3b1c54b994fa1ec023222c79995
be7f9d8b1df3049a4a1738f8ac837c50629241c1,stool,policy_front_review_required,front,"[0.0,0.0,1.0]",0.2,,pending_asset_front_audit,True,/data/task3_2/share_data/scenesmith/hssd_rendered_assets/be7f9d8b1df3049a4a1738f8ac837c50629241c1
c2aeca9c208ba29df49ca2c17347a6289eaf1b02,stool,policy_front_review_required,front,"[0.0,0.0,1.0]",0.2,,pending_asset_front_audit,True,/data/task3_2/share_data/scenesmith/hssd_rendered_assets/c2aeca9c208ba29df49ca2c17347a6289eaf1b02
c3bfe9d9969b21fac01b8bb7b9399a0047feef73,stool,policy_front_review_required,front,"[0.0,0.0,1.0]",0.2,,pending_asset_front_audit,True,/data/task3_2/share_data/scenesmith/hssd_rendered_assets/c3bfe9d9969b21fac01b8bb7b9399a0047feef73
c861ed337a09ac9607d9ae9e97b6971571111b2c,stool,policy_front_review_required,front,"[0.0,0.0,1.0]",0.2,,pending_asset_front_audit,True,/data/task3_2/share_data/scenesmith/hssd_rendered_assets/c861ed337a09ac9607d9ae9e97b6971571111b2c
c922bca1cc2a51a06322c7039b57981fe0d9087a,stool,policy_front_review_required,front,"[0.0,0.0,1.0]",0.2,,pending_asset_front_audit,True,/data/task3_2/share_data/scenesmith/hssd_rendered_assets/c922bca1cc2a51a06322c7039b57981fe0d9087a
c9370a61991cbf725dffa8eb6c846527188a8085,stool,policy_front_review_required,front,"[0.0,0.0,1.0]",0.2,,pending_asset_front_audit,True,/data/task3_2/share_data/scenesmith/hssd_rendered_assets/c9370a61991cbf725dffa8eb6c846527188a8085
cdfb64659a6083fe8bf747b1040bb913be7a10ae,stool,policy_front_review_required,front,"[0.0,0.0,1.0]",0.2,,pending_asset_front_audit,True,/data/task3_2/share_data/scenesmith/hssd_rendered_assets/cdfb64659a6083fe8bf747b1040bb913be7a10ae
d374f65973f4f02bd19ccd748eab044dac1a5dd3,stool,policy_front_review_required,front,"[0.0,0.0,1.0]",0.2,,pending_asset_front_audit,True,/data/task3_2/share_data/scenesmith/hssd_rendered_assets/d374f65973f4f02bd19ccd748eab044dac1a5dd3
d4c717f5c9cbf60d86c6b418baad6fc1d91c48f6,stool,policy_front_review_required,front,"[0.0,0.0,1.0]",0.2,,pending_asset_front_audit,True,/data/task3_2/share_data/scenesmith/hssd_rendered_assets/d4c717f5c9cbf60d86c6b418baad6fc1d91c48f6
e0f22c6d4674c6bd8c00969d7045171650003e13,stool,policy_front_review_required,front,"[0.0,0.0,1.0]",0.2,,pending_asset_front_audit,True,/data/task3_2/share_data/scenesmith/hssd_rendered_assets/e0f22c6d4674c6bd8c00969d7045171650003e13
e25b1dc0669b7a1948b6c000ab4aec0244e37fcc,stool,policy_front_review_required,front,"[0.0,0.0,1.0]",0.2,,pending_asset_front_audit,True,/data/task3_2/share_data/scenesmith/hssd_rendered_assets/e25b1dc0669b7a1948b6c000ab4aec0244e37fcc
e37a7e22a925c06882a73fd84b074ec0958c61ca,stool,policy_front_review_required,front,"[0.0,0.0,1.0]",0.2,,pending_asset_front_audit,True,/data/task3_2/share_data/scenesmith/hssd_rendered_assets/e37a7e22a925c06882a73fd84b074ec0958c61ca
f927a93bc2b01b15f8392dc97fd998cfac22f9bf,stool,policy_front_review_required,front,"[0.0,0.0,1.0]",0.2,,pending_asset_front_audit,True,/data/task3_2/share_data/scenesmith/hssd_rendered_assets/f927a93bc2b01b15f8392dc97fd998cfac22f9bf
fa4d3f93f58c79cfa36d5065c771e3fa8ffa3e10,stool,policy_front_review_required,front,"[0.0,0.0,1.0]",0.2,,pending_asset_front_audit,True,/data/task3_2/share_data/scenesmith/hssd_rendered_assets/fa4d3f93f58c79cfa36d5065c771e3fa8ffa3e10
fada88f1337faf8187a7853084724ddcc3068260,stool,policy_front_review_required,front,"[0.0,0.0,1.0]",0.2,,pending_asset_front_audit,True,/data/task3_2/share_data/scenesmith/hssd_rendered_assets/fada88f1337faf8187a7853084724ddcc3068260
fc5ee1471a2ef875cefdbe28ef3d6d33d5fffddf,stool,policy_front_review_required,front,"[0.0,0.0,1.0]",0.2,,pending_asset_front_audit,True,/data/task3_2/share_data/scenesmith/hssd_rendered_assets/fc5ee1471a2ef875cefdbe28ef3d6d33d5fffddf
xxxx635e5077xbc16x4d9dx8f51x7a083ed6b3c7,stool,policy_front_review_required,front,"[0.0,0.0,1.0]",0.2,,pending_asset_front_audit,True,/data/task3_2/share_data/scenesmith/hssd_rendered_assets/xxxx635e5077xbc16x4d9dx8f51x7a083ed6b3c7
0074b6bf5758fd7186157fd3a8d53afe3e200cba,tv stand,policy_front_review_required,front,"[0.0,0.0,1.0]",0.2,,pending_asset_front_audit,True,/data/task3_2/share_data/scenesmith/hssd_rendered_assets/0074b6bf5758fd7186157fd3a8d53afe3e200cba
03c328fccef4975310314838e42b6dff06709b06,tv stand,policy_front_review_required,front,"[0.0,0.0,1.0]",0.2,,pending_asset_front_audit,True,/data/task3_2/share_data/scenesmith/hssd_rendered_assets/03c328fccef4975310314838e42b6dff06709b06
056be15536045e9a6a94b9b93cff62f72d43c326,tv stand,policy_front_review_required,front,"[0.0,0.0,1.0]",0.2,,pending_asset_front_audit,True,/data/task3_2/share_data/scenesmith/hssd_rendered_assets/056be15536045e9a6a94b9b93cff62f72d43c326
08931f704e2f2f9aae4d02134dc2f6894631688c,tv stand,policy_front_review_required,front,"[0.0,0.0,1.0]",0.2,,pending_asset_front_audit,True,/data/task3_2/share_data/scenesmith/hssd_rendered_assets/08931f704e2f2f9aae4d02134dc2f6894631688c
09846aa6f8fc996b41075d29111226f326f37e29,tv stand,policy_front_review_required,front,"[0.0,0.0,1.0]",0.2,,pending_asset_front_audit,True,/data/task3_2/share_data/scenesmith/hssd_rendered_assets/09846aa6f8fc996b41075d29111226f326f37e29
0adf429add0b1ddd95ec48d9f3e644b558e5f355,tv stand,policy_front_review_required,front,"[0.0,0.0,1.0]",0.2,,pending_asset_front_audit,True,/data/task3_2/share_data/scenesmith/hssd_rendered_assets/0adf429add0b1ddd95ec48d9f3e644b558e5f355
1049e1c9bf34ce68e426f4c0fce11b341dae3e89,tv stand,policy_front_review_required,front,"[0.0,0.0,1.0]",0.2,,pending_asset_front_audit,True,/data/task3_2/share_data/scenesmith/hssd_rendered_assets/1049e1c9bf34ce68e426f4c0fce11b341dae3e89
12289ea8fde534bbaf785b1c800b86a40437717c,tv stand,policy_front_review_required,front,"[0.0,0.0,1.0]",0.2,,pending_asset_front_audit,True,/data/task3_2/share_data/scenesmith/hssd_rendered_assets/12289ea8fde534bbaf785b1c800b86a40437717c
152467fbf5b1840b84adcdb59ead3cebee3bd9aa,tv stand,policy_front_review_required,front,"[0.0,0.0,1.0]",0.2,,pending_asset_front_audit,True,/data/task3_2/share_data/scenesmith/hssd_rendered_assets/152467fbf5b1840b84adcdb59ead3cebee3bd9aa
1aebe7d2500bfbcb0c6ec787a98a2b3701099ed7,tv stand,policy_front_review_required,front,"[0.0,0.0,1.0]",0.2,,pending_asset_front_audit,True,/data/task3_2/share_data/scenesmith/hssd_rendered_assets/1aebe7d2500bfbcb0c6ec787a98a2b3701099ed7
24348214a4389ad5c9ad24fe4f5a5d06f118ba98,tv stand,policy_front_review_required,front,"[0.0,0.0,1.0]",0.2,,pending_asset_front_audit,True,/data/task3_2/share_data/scenesmith/hssd_rendered_assets/24348214a4389ad5c9ad24fe4f5a5d06f118ba98
27b8cec51a8c3b99c079c268d0a184b1f91183c7,tv stand,policy_front_review_required,front,"[0.0,0.0,1.0]",0.2,,pending_asset_front_audit,True,/data/task3_2/share_data/scenesmith/hssd_rendered_assets/27b8cec51a8c3b99c079c268d0a184b1f91183c7
31b5ec475d6fdcbb9461561c0a3bbe22dee18e99,tv stand,policy_front_review_required,front,"[0.0,0.0,1.0]",0.2,,pending_asset_front_audit,True,/data/task3_2/share_data/scenesmith/hssd_rendered_assets/31b5ec475d6fdcbb9461561c0a3bbe22dee18e99
3d3643adc7e0934142ba5482adbe691056196e3b,tv stand,policy_front_review_required,front,"[0.0,0.0,1.0]",0.2,,pending_asset_front_audit,True,/data/task3_2/share_data/scenesmith/hssd_rendered_assets/3d3643adc7e0934142ba5482adbe691056196e3b
3e52854c430f559dd400e7272105ff174b44b6b8,tv stand,policy_front_review_required,front,"[0.0,0.0,1.0]",0.2,,pending_asset_front_audit,True,/data/task3_2/share_data/scenesmith/hssd_rendered_assets/3e52854c430f559dd400e7272105ff174b44b6b8
3e8468e6a7c286c61e1ceb5f1ecbec77f07c1e38,tv stand,policy_front_review_required,front,"[0.0,0.0,1.0]",0.2,,pending_asset_front_audit,True,/data/task3_2/share_data/scenesmith/hssd_rendered_assets/3e8468e6a7c286c61e1ceb5f1ecbec77f07c1e38
4850297ad1adc65d23c944e90edd076db12afbce,tv stand,policy_front_review_required,front,"[0.0,0.0,1.0]",0.2,,pending_asset_front_audit,True,/data/task3_2/share_data/scenesmith/hssd_rendered_assets/4850297ad1adc65d23c944e90edd076db12afbce
49b7ece681efd7ebe1cfc2bdfb80173663358adc,tv stand,policy_front_review_required,front,"[0.0,0.0,1.0]",0.2,,pending_asset_front_audit,True,/data/task3_2/share_data/scenesmith/hssd_rendered_assets/49b7ece681efd7ebe1cfc2bdfb80173663358adc
4cee8b9b69f3cc0d1072af4a633d28046ddb8f83,tv stand,policy_front_review_required,front,"[0.0,0.0,1.0]",0.2,,pending_asset_front_audit,True,/data/task3_2/share_data/scenesmith/hssd_rendered_assets/4cee8b9b69f3cc0d1072af4a633d28046ddb8f83
5b023d45733513292cf20484687905e14e6bddae,tv stand,policy_front_review_required,front,"[0.0,0.0,1.0]",0.2,,pending_asset_front_audit,True,/data/task3_2/share_data/scenesmith/hssd_rendered_assets/5b023d45733513292cf20484687905e14e6bddae
5dd163c10ad18f02392935bac6fb31738507f9a7,tv stand,policy_front_review_required,front,"[0.0,0.0,1.0]",0.2,,pending_asset_front_audit,True,/data/task3_2/share_data/scenesmith/hssd_rendered_assets/5dd163c10ad18f02392935bac6fb31738507f9a7
5f583b3f62d67e33fa89d793c04bfcd87745c696,tv stand,policy_front_review_required,front,"[0.0,0.0,1.0]",0.2,,pending_asset_front_audit,True,/data/task3_2/share_data/scenesmith/hssd_rendered_assets/5f583b3f62d67e33fa89d793c04bfcd87745c696
6081fbc49d69b0c9dc9625fc31a33cbef490d98a,tv stand,policy_front_review_required,front,"[0.0,0.0,1.0]",0.2,,pending_asset_front_audit,True,/data/task3_2/share_data/scenesmith/hssd_rendered_assets/6081fbc49d69b0c9dc9625fc31a33cbef490d98a
61101530e4fb283b396e920843780d392b76947a,tv stand,policy_front_review_required,front,"[0.0,0.0,1.0]",0.2,,pending_asset_front_audit,True,/data/task3_2/share_data/scenesmith/hssd_rendered_assets/61101530e4fb283b396e920843780d392b76947a
61da788a7fd67fe1a1bf270e16f458caadb0225e,tv stand,policy_front_review_required,front,"[0.0,0.0,1.0]",0.2,,pending_asset_front_audit,True,/data/task3_2/share_data/scenesmith/hssd_rendered_assets/61da788a7fd67fe1a1bf270e16f458caadb0225e
63b7d75b724e079aab99030084f0eae1b43b7498,tv stand,policy_front_review_required,front,"[0.0,0.0,1.0]",0.2,,pending_asset_front_audit,True,/data/task3_2/share_data/scenesmith/hssd_rendered_assets/63b7d75b724e079aab99030084f0eae1b43b7498
6d0a8700e168806df1234300f20a8969b23d0528,tv stand,policy_front_review_required,front,"[0.0,0.0,1.0]",0.2,,pending_asset_front_audit,True,/data/task3_2/share_data/scenesmith/hssd_rendered_assets/6d0a8700e168806df1234300f20a8969b23d0528
711ca0050f3f9b5f88d68e5b09d4e176090e64ad,tv stand,policy_front_review_required,front,"[0.0,0.0,1.0]",0.2,,pending_asset_front_audit,True,/data/task3_2/share_data/scenesmith/hssd_rendered_assets/711ca0050f3f9b5f88d68e5b09d4e176090e64ad
72bea8a7114d39dffad90d7e97a05f7d5fefd3f3,tv stand,policy_front_review_required,front,"[0.0,0.0,1.0]",0.2,,pending_asset_front_audit,True,/data/task3_2/share_data/scenesmith/hssd_rendered_assets/72bea8a7114d39dffad90d7e97a05f7d5fefd3f3
7aad199df0520c5e3626621ed9a45403ca92fd59,tv stand,policy_front_review_required,front,"[0.0,0.0,1.0]",0.2,,pending_asset_front_audit,True,/data/task3_2/share_data/scenesmith/hssd_rendered_assets/7aad199df0520c5e3626621ed9a45403ca92fd59
7abd74b8300c96386861ddd3f62dbca5b4b093a8,tv stand,policy_front_review_required,front,"[0.0,0.0,1.0]",0.2,,pending_asset_front_audit,True,/data/task3_2/share_data/scenesmith/hssd_rendered_assets/7abd74b8300c96386861ddd3f62dbca5b4b093a8
7b7a40942d8b5c3a32d92157a5f03f3631a08b1d,tv stand,policy_front_review_required,front,"[0.0,0.0,1.0]",0.2,,pending_asset_front_audit,True,/data/task3_2/share_data/scenesmith/hssd_rendered_assets/7b7a40942d8b5c3a32d92157a5f03f3631a08b1d
7ec8e9feb1d56ad9e0f6a7647d249c652b987031,tv stand,policy_front_review_required,front,"[0.0,0.0,1.0]",0.2,,pending_asset_front_audit,True,/data/task3_2/share_data/scenesmith/hssd_rendered_assets/7ec8e9feb1d56ad9e0f6a7647d249c652b987031
823e68a00d4aa37069b991bdf75f2d2cced124a3,tv stand,policy_front_review_required,front,"[0.0,0.0,1.0]",0.2,,pending_asset_front_audit,True,/data/task3_2/share_data/scenesmith/hssd_rendered_assets/823e68a00d4aa37069b991bdf75f2d2cced124a3
82853146797ce9b1ec5fa02d085f6cf816c243f5,tv stand,policy_front_review_required,front,"[0.0,0.0,1.0]",0.2,,pending_asset_front_audit,True,/data/task3_2/share_data/scenesmith/hssd_rendered_assets/82853146797ce9b1ec5fa02d085f6cf816c243f5
87001939e6cf1938ad83249e697db73ae66a96e9,tv stand,policy_front_review_required,front,"[0.0,0.0,1.0]",0.2,,pending_asset_front_audit,True,/data/task3_2/share_data/scenesmith/hssd_rendered_assets/87001939e6cf1938ad83249e697db73ae66a96e9
8abac94c4a656d0de2cbef4e3289fc264534338f,tv stand,policy_front_review_required,front,"[0.0,0.0,1.0]",0.2,,pending_asset_front_audit,True,/data/task3_2/share_data/scenesmith/hssd_rendered_assets/8abac94c4a656d0de2cbef4e3289fc264534338f
99e7fe1527c0c9bcba3a56542adfc3164947c368,tv stand,policy_front_review_required,front,"[0.0,0.0,1.0]",0.2,,pending_asset_front_audit,True,/data/task3_2/share_data/scenesmith/hssd_rendered_assets/99e7fe1527c0c9bcba3a56542adfc3164947c368
9e5ba850086f939c461aafac2f8eddc7edb3b1e7,tv stand,policy_front_review_required,front,"[0.0,0.0,1.0]",0.2,,pending_asset_front_audit,True,/data/task3_2/share_data/scenesmith/hssd_rendered_assets/9e5ba850086f939c461aafac2f8eddc7edb3b1e7
a396dd2cc5c9597ede9ff2f6c6310cb65e9f53d0,tv stand,policy_front_review_required,front,"[0.0,0.0,1.0]",0.2,,pending_asset_front_audit,True,/data/task3_2/share_data/scenesmith/hssd_rendered_assets/a396dd2cc5c9597ede9ff2f6c6310cb65e9f53d0
a77e6006efcacc637e1c2a49e72232ee0f435e35,tv stand,policy_front_review_required,front,"[0.0,0.0,1.0]",0.2,,pending_asset_front_audit,True,/data/task3_2/share_data/scenesmith/hssd_rendered_assets/a77e6006efcacc637e1c2a49e72232ee0f435e35
abfe6b503ca50f702989ec29e758d6c92b65bb5e,tv stand,policy_front_review_required,front,"[0.0,0.0,1.0]",0.2,,pending_asset_front_audit,True,/data/task3_2/share_data/scenesmith/hssd_rendered_assets/abfe6b503ca50f702989ec29e758d6c92b65bb5e
adedadfe55bc64acd002257edc522c8ffd9a5c98,tv stand,policy_front_review_required,front,"[0.0,0.0,1.0]",0.2,,pending_asset_front_audit,True,/data/task3_2/share_data/scenesmith/hssd_rendered_assets/adedadfe55bc64acd002257edc522c8ffd9a5c98
adf1a6430989bad369414f30e27f74084f3d2cae,tv stand,policy_front_review_required,front,"[0.0,0.0,1.0]",0.2,,pending_asset_front_audit,True,/data/task3_2/share_data/scenesmith/hssd_rendered_assets/adf1a6430989bad369414f30e27f74084f3d2cae
b0929827deff77bee9b5a1120d31b29ecc26ae1f,tv stand,policy_front_review_required,front,"[0.0,0.0,1.0]",0.2,,pending_asset_front_audit,True,/data/task3_2/share_data/scenesmith/hssd_rendered_assets/b0929827deff77bee9b5a1120d31b29ecc26ae1f
b397f2eaef6293142be8b6c8abca16ec4dd51bd9,tv stand,policy_front_review_required,front,"[0.0,0.0,1.0]",0.2,,pending_asset_front_audit,True,/data/task3_2/share_data/scenesmith/hssd_rendered_assets/b397f2eaef6293142be8b6c8abca16ec4dd51bd9
b52a045d6d0dc10cdc872ffc4a932a3d16f4e6e2,tv stand,policy_front_review_required,front,"[0.0,0.0,1.0]",0.2,,pending_asset_front_audit,True,/data/task3_2/share_data/scenesmith/hssd_rendered_assets/b52a045d6d0dc10cdc872ffc4a932a3d16f4e6e2
bb3fe90bafdd46b77abcc1bfb5773d1cd110b8dc,tv stand,policy_front_review_required,front,"[0.0,0.0,1.0]",0.2,,pending_asset_front_audit,True,/data/task3_2/share_data/scenesmith/hssd_rendered_assets/bb3fe90bafdd46b77abcc1bfb5773d1cd110b8dc
c35b7327609100ad9504c9f4a73c745fd1185c0e,tv stand,policy_front_review_required,front,"[0.0,0.0,1.0]",0.2,,pending_asset_front_audit,True,/data/task3_2/share_data/scenesmith/hssd_rendered_assets/c35b7327609100ad9504c9f4a73c745fd1185c0e
c493273348e661dce9c1690dc54fc625ab9cf834,tv stand,policy_front_review_required,front,"[0.0,0.0,1.0]",0.2,,pending_asset_front_audit,True,/data/task3_2/share_data/scenesmith/hssd_rendered_assets/c493273348e661dce9c1690dc54fc625ab9cf834
c61e8e4d12958dd3489d22fa51c47f14622034e2,tv stand,policy_front_review_required,front,"[0.0,0.0,1.0]",0.2,,pending_asset_front_audit,True,/data/task3_2/share_data/scenesmith/hssd_rendered_assets/c61e8e4d12958dd3489d22fa51c47f14622034e2
c70ef2f552fd561ae25806cfe63d5d7e07ac6f76,tv stand,policy_front_review_required,front,"[0.0,0.0,1.0]",0.2,,pending_asset_front_audit,True,/data/task3_2/share_data/scenesmith/hssd_rendered_assets/c70ef2f552fd561ae25806cfe63d5d7e07ac6f76
c73f8b5dd9353b05bdc81872432e0851cc2d6ab5,tv stand,policy_front_review_required,front,"[0.0,0.0,1.0]",0.2,,pending_asset_front_audit,True,/data/task3_2/share_data/scenesmith/hssd_rendered_assets/c73f8b5dd9353b05bdc81872432e0851cc2d6ab5
ca241f59f18a484bb401df1ee05f2b1ff2fdf24c,tv stand,policy_front_review_required,front,"[0.0,0.0,1.0]",0.2,,pending_asset_front_audit,True,/data/task3_2/share_data/scenesmith/hssd_rendered_assets/ca241f59f18a484bb401df1ee05f2b1ff2fdf24c
cab463553928979537ae6c6097cc5d0ecca9d802,tv stand,policy_front_review_required,front,"[0.0,0.0,1.0]",0.2,,pending_asset_front_audit,True,/data/task3_2/share_data/scenesmith/hssd_rendered_assets/cab463553928979537ae6c6097cc5d0ecca9d802
ce61fbc040047115787d2c1f04997431fd4e494c,tv stand,policy_front_review_required,front,"[0.0,0.0,1.0]",0.2,,pending_asset_front_audit,True,/data/task3_2/share_data/scenesmith/hssd_rendered_assets/ce61fbc040047115787d2c1f04997431fd4e494c
d2ae5957360187e875bf79838dfeb31f2d736128,tv stand,policy_front_review_required,front,"[0.0,0.0,1.0]",0.2,,pending_asset_front_audit,True,/data/task3_2/share_data/scenesmith/hssd_rendered_assets/d2ae5957360187e875bf79838dfeb31f2d736128
d52301544c422bcf636ba41e4b108d50998d7d6f,tv stand,policy_front_review_required,front,"[0.0,0.0,1.0]",0.2,,pending_asset_front_audit,True,/data/task3_2/share_data/scenesmith/hssd_rendered_assets/d52301544c422bcf636ba41e4b108d50998d7d6f
d5a343c5e4eae2837bbb9398981536c250d3efd8,tv stand,policy_front_review_required,front,"[0.0,0.0,1.0]",0.2,,pending_asset_front_audit,True,/data/task3_2/share_data/scenesmith/hssd_rendered_assets/d5a343c5e4eae2837bbb9398981536c250d3efd8
dc4b6a1b56faf0b0ac679141c9c53f1449bf984a,tv stand,policy_front_review_required,front,"[0.0,0.0,1.0]",0.2,,pending_asset_front_audit,True,/data/task3_2/share_data/scenesmith/hssd_rendered_assets/dc4b6a1b56faf0b0ac679141c9c53f1449bf984a
dd4f6d12515c8ef7623dbadef1e91e37a82f6cba,tv stand,policy_front_review_required,front,"[0.0,0.0,1.0]",0.2,,pending_asset_front_audit,True,/data/task3_2/share_data/scenesmith/hssd_rendered_assets/dd4f6d12515c8ef7623dbadef1e91e37a82f6cba
df0294d1d608ecb3d5caa16d901a41acf0215969,tv stand,policy_front_review_required,front,"[0.0,0.0,1.0]",0.2,,pending_asset_front_audit,True,/data/task3_2/share_data/scenesmith/hssd_rendered_assets/df0294d1d608ecb3d5caa16d901a41acf0215969
e0486f8e03441481436254ea00d35fed866c68d3,tv stand,policy_front_review_required,front,"[0.0,0.0,1.0]",0.2,,pending_asset_front_audit,True,/data/task3_2/share_data/scenesmith/hssd_rendered_assets/e0486f8e03441481436254ea00d35fed866c68d3
e194cb80e9941fcf08be2185146d4dccf9d532c2,tv stand,policy_front_review_required,front,"[0.0,0.0,1.0]",0.2,,pending_asset_front_audit,True,/data/task3_2/share_data/scenesmith/hssd_rendered_assets/e194cb80e9941fcf08be2185146d4dccf9d532c2
e5e0a3fa5bf301911dbb5f403eebbd5c5adf9fb1,tv stand,policy_front_review_required,front,"[0.0,0.0,1.0]",0.2,,pending_asset_front_audit,True,/data/task3_2/share_data/scenesmith/hssd_rendered_assets/e5e0a3fa5bf301911dbb5f403eebbd5c5adf9fb1
ea5ec37b381d5b1151ac375cd882c99af858e937,tv stand,policy_front_review_required,front,"[0.0,0.0,1.0]",0.2,,pending_asset_front_audit,True,/data/task3_2/share_data/scenesmith/hssd_rendered_assets/ea5ec37b381d5b1151ac375cd882c99af858e937
ea816e83b8b6895186b9b486eea931f9f70dcc29,tv stand,policy_front_review_required,front,"[0.0,0.0,1.0]",0.2,,pending_asset_front_audit,True,/data/task3_2/share_data/scenesmith/hssd_rendered_assets/ea816e83b8b6895186b9b486eea931f9f70dcc29
eae23b6121e974982ec521d9118e0034134c37f8,tv stand,policy_front_review_required,front,"[0.0,0.0,1.0]",0.2,,pending_asset_front_audit,True,/data/task3_2/share_data/scenesmith/hssd_rendered_assets/eae23b6121e974982ec521d9118e0034134c37f8
ef109fb2b790aff1ef35dbd0cfa485af31d53c9a,tv stand,policy_front_review_required,front,"[0.0,0.0,1.0]",0.2,,pending_asset_front_audit,True,/data/task3_2/share_data/scenesmith/hssd_rendered_assets/ef109fb2b790aff1ef35dbd0cfa485af31d53c9a
f6ebdd545514a311062aabe02c49a5a4098bc3aa,tv stand,policy_front_review_required,front,"[0.0,0.0,1.0]",0.2,,pending_asset_front_audit,True,/data/task3_2/share_data/scenesmith/hssd_rendered_assets/f6ebdd545514a311062aabe02c49a5a4098bc3aa
f7701ca4696f7d1696a11a489706cecc21ca763b,tv stand,policy_front_review_required,front,"[0.0,0.0,1.0]",0.2,,pending_asset_front_audit,True,/data/task3_2/share_data/scenesmith/hssd_rendered_assets/f7701ca4696f7d1696a11a489706cecc21ca763b
fb70790459d37a146d65ec9e2ac5c0c73c2e19ac,tv stand,policy_front_review_required,front,"[0.0,0.0,1.0]",0.2,,pending_asset_front_audit,True,/data/task3_2/share_data/scenesmith/hssd_rendered_assets/fb70790459d37a146d65ec9e2ac5c0c73c2e19ac
xxxxf3d34cd3x0738x4466xb38fxabf4cacc51f8,tv stand,policy_front_review_required,front,"[0.0,0.0,1.0]",0.2,,pending_asset_front_audit,True,/data/task3_2/share_data/scenesmith/hssd_rendered_assets/xxxxf3d34cd3x0738x4466xb38fxabf4cacc51f8
01d951c6852a73f811d629107ad2367b73006a6a,wall decor,policy_front_review_required,front,"[0.0,0.0,1.0]",0.2,,pending_asset_front_audit,True,/data/task3_2/share_data/scenesmith/hssd_rendered_assets/01d951c6852a73f811d629107ad2367b73006a6a
064b3f799af628bf115efb91abd93c4c13196267,wall decor,policy_front_review_required,front,"[0.0,0.0,1.0]",0.2,,pending_asset_front_audit,True,/data/task3_2/share_data/scenesmith/hssd_rendered_assets/064b3f799af628bf115efb91abd93c4c13196267
414f3e47c56d40c063b43cfb93305fa43b307ce6,wall decor,policy_front_review_required,front,"[0.0,0.0,1.0]",0.2,,pending_asset_front_audit,True,/data/task3_2/share_data/scenesmith/hssd_rendered_assets/414f3e47c56d40c063b43cfb93305fa43b307ce6
5ca55136a02d65316485a0faf571a7956b6b9d88,wall decor,policy_front_review_required,front,"[0.0,0.0,1.0]",0.2,,pending_asset_front_audit,True,/data/task3_2/share_data/scenesmith/hssd_rendered_assets/5ca55136a02d65316485a0faf571a7956b6b9d88
5dc4a6783c96d68da449ead5a92f9055fd3e8169,wall decor,policy_front_review_required,front,"[0.0,0.0,1.0]",0.2,,pending_asset_front_audit,True,/data/task3_2/share_data/scenesmith/hssd_rendered_assets/5dc4a6783c96d68da449ead5a92f9055fd3e8169
5eb42a35807a8bbed1d23791d8425e762a35167d,wall decor,policy_front_review_required,front,"[0.0,0.0,1.0]",0.2,,pending_asset_front_audit,True,/data/task3_2/share_data/scenesmith/hssd_rendered_assets/5eb42a35807a8bbed1d23791d8425e762a35167d
5f5be131893cc49b863460b5f4edc1b4f655ac0a,wall decor,policy_front_review_required,front,"[0.0,0.0,1.0]",0.2,,pending_asset_front_audit,True,/data/task3_2/share_data/scenesmith/hssd_rendered_assets/5f5be131893cc49b863460b5f4edc1b4f655ac0a
65cb2d9695a98cc702771a5c6fb9b111c660648b,wall decor,policy_front_review_required,front,"[0.0,0.0,1.0]",0.2,,pending_asset_front_audit,True,/data/task3_2/share_data/scenesmith/hssd_rendered_assets/65cb2d9695a98cc702771a5c6fb9b111c660648b
677adf6988e7509cfc9a69b9ae96783fa46ee6ac,wall decor,policy_front_review_required,front,"[0.0,0.0,1.0]",0.2,,pending_asset_front_audit,True,/data/task3_2/share_data/scenesmith/hssd_rendered_assets/677adf6988e7509cfc9a69b9ae96783fa46ee6ac
6fa68b9fd49c07cf3fbe9469853d3c853d3e80cb,wall decor,policy_front_review_required,front,"[0.0,0.0,1.0]",0.2,,pending_asset_front_audit,True,/data/task3_2/share_data/scenesmith/hssd_rendered_assets/6fa68b9fd49c07cf3fbe9469853d3c853d3e80cb
7a228d91daf6b9eacf22f3c701295564d9b1898f,wall decor,policy_front_review_required,front,"[0.0,0.0,1.0]",0.2,,pending_asset_front_audit,True,/data/task3_2/share_data/scenesmith/hssd_rendered_assets/7a228d91daf6b9eacf22f3c701295564d9b1898f
81edadb4fcaf4fa5fa0ba41c33802073ab5d92bc,wall decor,policy_front_review_required,front,"[0.0,0.0,1.0]",0.2,,pending_asset_front_audit,True,/data/task3_2/share_data/scenesmith/hssd_rendered_assets/81edadb4fcaf4fa5fa0ba41c33802073ab5d92bc
85528feea1b9ca452ca8edcd8bea107fab6f2cfb,wall decor,policy_front_review_required,front,"[0.0,0.0,1.0]",0.2,,pending_asset_front_audit,True,/data/task3_2/share_data/scenesmith/hssd_rendered_assets/85528feea1b9ca452ca8edcd8bea107fab6f2cfb
90f97a90b423c0fc10a8446cef49cf5fa1e1d4f4,wall decor,policy_front_review_required,front,"[0.0,0.0,1.0]",0.2,,pending_asset_front_audit,True,/data/task3_2/share_data/scenesmith/hssd_rendered_assets/90f97a90b423c0fc10a8446cef49cf5fa1e1d4f4
95216827569a8530f751258c52efe5599a70fa71,wall decor,policy_front_review_required,front,"[0.0,0.0,1.0]",0.2,,pending_asset_front_audit,True,/data/task3_2/share_data/scenesmith/hssd_rendered_assets/95216827569a8530f751258c52efe5599a70fa71
98c263a67520ec8d77361981b66c9624fca43ebd,wall decor,policy_front_review_required,front,"[0.0,0.0,1.0]",0.2,,pending_asset_front_audit,True,/data/task3_2/share_data/scenesmith/hssd_rendered_assets/98c263a67520ec8d77361981b66c9624fca43ebd
a756e51292c1fa19b9c35b83a0d19f1320bf2b34,wall decor,policy_front_review_required,front,"[0.0,0.0,1.0]",0.2,,pending_asset_front_audit,True,/data/task3_2/share_data/scenesmith/hssd_rendered_assets/a756e51292c1fa19b9c35b83a0d19f1320bf2b34
add7f768d4a25d0a0df3ad8d7d59d417f56d3938,wall decor,policy_front_review_required,front,"[0.0,0.0,1.0]",0.2,,pending_asset_front_audit,True,/data/task3_2/share_data/scenesmith/hssd_rendered_assets/add7f768d4a25d0a0df3ad8d7d59d417f56d3938
b93304c78146fa3a7ed3afbd99c7a2ce7f8962a8,wall decor,policy_front_review_required,front,"[0.0,0.0,1.0]",0.2,,pending_asset_front_audit,True,/data/task3_2/share_data/scenesmith/hssd_rendered_assets/b93304c78146fa3a7ed3afbd99c7a2ce7f8962a8
bef0eae5fd2a7f91c1771cd77c7e895b39529653,wall decor,policy_front_review_required,front,"[0.0,0.0,1.0]",0.2,,pending_asset_front_audit,True,/data/task3_2/share_data/scenesmith/hssd_rendered_assets/bef0eae5fd2a7f91c1771cd77c7e895b39529653
c26fd81a66b0c2903e18d34ac4979cbc1e6114c1,wall decor,policy_front_review_required,front,"[0.0,0.0,1.0]",0.2,,pending_asset_front_audit,True,/data/task3_2/share_data/scenesmith/hssd_rendered_assets/c26fd81a66b0c2903e18d34ac4979cbc1e6114c1
cb6be8e627768ec48d7dd72608093ed2da3372d8,wall decor,policy_front_review_required,front,"[0.0,0.0,1.0]",0.2,,pending_asset_front_audit,True,/data/task3_2/share_data/scenesmith/hssd_rendered_assets/cb6be8e627768ec48d7dd72608093ed2da3372d8
cc14e69c23cc87bb054562b214dadaf0a5d84509,wall decor,policy_front_review_required,front,"[0.0,0.0,1.0]",0.2,,pending_asset_front_audit,True,/data/task3_2/share_data/scenesmith/hssd_rendered_assets/cc14e69c23cc87bb054562b214dadaf0a5d84509
cd463940bfb1d224688f7ea6e1d7c2caae0ecd1c,wall decor,policy_front_review_required,front,"[0.0,0.0,1.0]",0.2,,pending_asset_front_audit,True,/data/task3_2/share_data/scenesmith/hssd_rendered_assets/cd463940bfb1d224688f7ea6e1d7c2caae0ecd1c
d321d37b753c0f807771015b349f38dd74d8561e,wall decor,policy_front_review_required,front,"[0.0,0.0,1.0]",0.2,,pending_asset_front_audit,True,/data/task3_2/share_data/scenesmith/hssd_rendered_assets/d321d37b753c0f807771015b349f38dd74d8561e
d83237bdd18f44cf5062f3c35983a86dad0f814c,wall decor,policy_front_review_required,front,"[0.0,0.0,1.0]",0.2,,pending_asset_front_audit,True,/data/task3_2/share_data/scenesmith/hssd_rendered_assets/d83237bdd18f44cf5062f3c35983a86dad0f814c
e31f1c50a7c640558b9bdf926c2ed9e5d6175c53,wall decor,policy_front_review_required,front,"[0.0,0.0,1.0]",0.2,,pending_asset_front_audit,True,/data/task3_2/share_data/scenesmith/hssd_rendered_assets/e31f1c50a7c640558b9bdf926c2ed9e5d6175c53
fcbec27e89a114dc373e08baa90f20bb503ecf3e,wall decor,policy_front_review_required,front,"[0.0,0.0,1.0]",0.2,,pending_asset_front_audit,True,/data/task3_2/share_data/scenesmith/hssd_rendered_assets/fcbec27e89a114dc373e08baa90f20bb503ecf3e
fdff40599039bd8e6b84c2fd2f993ef81e651fe3,wall decor,policy_front_review_required,front,"[0.0,0.0,1.0]",0.2,,pending_asset_front_audit,True,/data/task3_2/share_data/scenesmith/hssd_rendered_assets/fdff40599039bd8e6b84c2fd2f993ef81e651fe3
xxxx1b6e995fx85d2x4508xb358x4efa78c51b48,wall decor,policy_front_review_required,front,"[0.0,0.0,1.0]",0.2,,pending_asset_front_audit,True,/data/task3_2/share_data/scenesmith/hssd_rendered_assets/xxxx1b6e995fx85d2x4508xb358x4efa78c51b48
03260ee4f55865d1cb997ae7a6bbe9b56cda3b84,wall hook rack,policy_front_review_required,front,"[0.0,0.0,1.0]",0.2,,pending_asset_front_audit,True,/data/task3_2/share_data/scenesmith/hssd_rendered_assets/03260ee4f55865d1cb997ae7a6bbe9b56cda3b84
09b4ce57a07c2482a14ff95845394467556a94da,wall hook rack,policy_front_review_required,front,"[0.0,0.0,1.0]",0.2,,pending_asset_front_audit,True,/data/task3_2/share_data/scenesmith/hssd_rendered_assets/09b4ce57a07c2482a14ff95845394467556a94da
0b12f09e39ee47790d55de8e34c868d8bcd217d9,wall hook rack,policy_front_review_required,front,"[0.0,0.0,1.0]",0.2,,pending_asset_front_audit,True,/data/task3_2/share_data/scenesmith/hssd_rendered_assets/0b12f09e39ee47790d55de8e34c868d8bcd217d9
17087b7bf76838097e65e2c8c34cc6cae7555bc8,wall hook rack,policy_front_review_required,front,"[0.0,0.0,1.0]",0.2,,pending_asset_front_audit,True,/data/task3_2/share_data/scenesmith/hssd_rendered_assets/17087b7bf76838097e65e2c8c34cc6cae7555bc8
2195cfddf6ba4842f26c9104c2e2d0290b76938b,wall hook rack,policy_front_review_required,front,"[0.0,0.0,1.0]",0.2,,pending_asset_front_audit,True,/data/task3_2/share_data/scenesmith/hssd_rendered_assets/2195cfddf6ba4842f26c9104c2e2d0290b76938b
381ef6f7dcd85482333abc4755230f20264393ec,wall hook rack,policy_front_review_required,front,"[0.0,0.0,1.0]",0.2,,pending_asset_front_audit,True,/data/task3_2/share_data/scenesmith/hssd_rendered_assets/381ef6f7dcd85482333abc4755230f20264393ec
385fc3f83a93e3fb3de0333364e667377596e6d5,wall hook rack,policy_front_review_required,front,"[0.0,0.0,1.0]",0.2,,pending_asset_front_audit,True,/data/task3_2/share_data/scenesmith/hssd_rendered_assets/385fc3f83a93e3fb3de0333364e667377596e6d5
40073dd7d62c31dd06476e66306d3d0eaa2cea19,wall hook rack,policy_front_review_required,front,"[0.0,0.0,1.0]",0.2,,pending_asset_front_audit,True,/data/task3_2/share_data/scenesmith/hssd_rendered_assets/40073dd7d62c31dd06476e66306d3d0eaa2cea19
475f6df1df00ca91d5894338cc9d5131709c7891,wall hook rack,policy_front_review_required,front,"[0.0,0.0,1.0]",0.2,,pending_asset_front_audit,True,/data/task3_2/share_data/scenesmith/hssd_rendered_assets/475f6df1df00ca91d5894338cc9d5131709c7891
4801fc893e45aecdb75f77cba7a19be6b581e3f8,wall hook rack,policy_front_review_required,front,"[0.0,0.0,1.0]",0.2,,pending_asset_front_audit,True,/data/task3_2/share_data/scenesmith/hssd_rendered_assets/4801fc893e45aecdb75f77cba7a19be6b581e3f8
4cdba00b2d18049d74d07b65137403b2f14e26e0,wall hook rack,policy_front_review_required,front,"[0.0,0.0,1.0]",0.2,,pending_asset_front_audit,True,/data/task3_2/share_data/scenesmith/hssd_rendered_assets/4cdba00b2d18049d74d07b65137403b2f14e26e0
5f6a4838d0a38ea05e11952bdd767cec0a1a375a,wall hook rack,policy_front_review_required,front,"[0.0,0.0,1.0]",0.2,,pending_asset_front_audit,True,/data/task3_2/share_data/scenesmith/hssd_rendered_assets/5f6a4838d0a38ea05e11952bdd767cec0a1a375a
69b8f98ac24206541a5cc89429adc5493a8bff69,wall hook rack,policy_front_review_required,front,"[0.0,0.0,1.0]",0.2,,pending_asset_front_audit,True,/data/task3_2/share_data/scenesmith/hssd_rendered_assets/69b8f98ac24206541a5cc89429adc5493a8bff69
6b0d2f037b5dd5139a2a83fb89eb3e6839b15aa8,wall hook rack,policy_front_review_required,front,"[0.0,0.0,1.0]",0.2,,pending_asset_front_audit,True,/data/task3_2/share_data/scenesmith/hssd_rendered_assets/6b0d2f037b5dd5139a2a83fb89eb3e6839b15aa8
6eeae8638dd248886e9d08c0466c9cdc48f54ce9,wall hook rack,policy_front_review_required,front,"[0.0,0.0,1.0]",0.2,,pending_asset_front_audit,True,/data/task3_2/share_data/scenesmith/hssd_rendered_assets/6eeae8638dd248886e9d08c0466c9cdc48f54ce9
7242a8e0ba9f4b50fcec9a2e663a4e81a269d4ba,wall hook rack,policy_front_review_required,front,"[0.0,0.0,1.0]",0.2,,pending_asset_front_audit,True,/data/task3_2/share_data/scenesmith/hssd_rendered_assets/7242a8e0ba9f4b50fcec9a2e663a4e81a269d4ba
7cc27fcc6177a0e2f01d761ed34c6ecab35a5537,wall hook rack,policy_front_review_required,front,"[0.0,0.0,1.0]",0.2,,pending_asset_front_audit,True,/data/task3_2/share_data/scenesmith/hssd_rendered_assets/7cc27fcc6177a0e2f01d761ed34c6ecab35a5537
8be6fe3fcb9e5ea493000734520c37013baf242f,wall hook rack,policy_front_review_required,front,"[0.0,0.0,1.0]",0.2,,pending_asset_front_audit,True,/data/task3_2/share_data/scenesmith/hssd_rendered_assets/8be6fe3fcb9e5ea493000734520c37013baf242f
9fe37df37619e347a07df0b75bfde822aac8526b,wall hook rack,policy_front_review_required,front,"[0.0,0.0,1.0]",0.2,,pending_asset_front_audit,True,/data/task3_2/share_data/scenesmith/hssd_rendered_assets/9fe37df37619e347a07df0b75bfde822aac8526b
a3f85bd1e89b7ea773ff757758b757f59752767a,wall hook rack,policy_front_review_required,front,"[0.0,0.0,1.0]",0.2,,pending_asset_front_audit,True,/data/task3_2/share_data/scenesmith/hssd_rendered_assets/a3f85bd1e89b7ea773ff757758b757f59752767a
b3adda8d7adf703010245af9780b9f57ec5f0fe7,wall hook rack,policy_front_review_required,front,"[0.0,0.0,1.0]",0.2,,pending_asset_front_audit,True,/data/task3_2/share_data/scenesmith/hssd_rendered_assets/b3adda8d7adf703010245af9780b9f57ec5f0fe7
b503a5f23de867b8ab9bfec11718492a3f4f4ed9,wall hook rack,policy_front_review_required,front,"[0.0,0.0,1.0]",0.2,,pending_asset_front_audit,True,/data/task3_2/share_data/scenesmith/hssd_rendered_assets/b503a5f23de867b8ab9bfec11718492a3f4f4ed9
b84e69736f5d32f60aa2332bbe8cd32008e510f0,wall hook rack,policy_front_review_required,front,"[0.0,0.0,1.0]",0.2,,pending_asset_front_audit,True,/data/task3_2/share_data/scenesmith/hssd_rendered_assets/b84e69736f5d32f60aa2332bbe8cd32008e510f0
b982eff4cd03cf58f9dfbcb86c30298481eb9b19,wall hook rack,policy_front_review_required,front,"[0.0,0.0,1.0]",0.2,,pending_asset_front_audit,True,/data/task3_2/share_data/scenesmith/hssd_rendered_assets/b982eff4cd03cf58f9dfbcb86c30298481eb9b19
cb027637a3a3db4070f53c1ac004a37fae7f2fa0,wall hook rack,policy_front_review_required,front,"[0.0,0.0,1.0]",0.2,,pending_asset_front_audit,True,/data/task3_2/share_data/scenesmith/hssd_rendered_assets/cb027637a3a3db4070f53c1ac004a37fae7f2fa0
cbb4de8e657ae4e18d9c1e2fc6e7696908da221f,wall hook rack,policy_front_review_required,front,"[0.0,0.0,1.0]",0.2,,pending_asset_front_audit,True,/data/task3_2/share_data/scenesmith/hssd_rendered_assets/cbb4de8e657ae4e18d9c1e2fc6e7696908da221f
e54dd57eee02819a0bf23cd193bda1864b8e88eb,wall hook rack,policy_front_review_required,front,"[0.0,0.0,1.0]",0.2,,pending_asset_front_audit,True,/data/task3_2/share_data/scenesmith/hssd_rendered_assets/e54dd57eee02819a0bf23cd193bda1864b8e88eb
ee797ab2a5264a8f127954931f7f3e45ebbe8a7b,wall hook rack,policy_front_review_required,front,"[0.0,0.0,1.0]",0.2,,pending_asset_front_audit,True,/data/task3_2/share_data/scenesmith/hssd_rendered_assets/ee797ab2a5264a8f127954931f7f3e45ebbe8a7b
fa70256704101482e0a6bb0e3b93acbdb2ce8fe7,wall hook rack,policy_front_review_required,front,"[0.0,0.0,1.0]",0.2,,pending_asset_front_audit,True,/data/task3_2/share_data/scenesmith/hssd_rendered_assets/fa70256704101482e0a6bb0e3b93acbdb2ce8fe7
fffc5ebffbe4ca4da3b1b4cf7ddc2af6a1c2ee97,wall hook rack,policy_front_review_required,front,"[0.0,0.0,1.0]",0.2,,pending_asset_front_audit,True,/data/task3_2/share_data/scenesmith/hssd_rendered_assets/fffc5ebffbe4ca4da3b1b4cf7ddc2af6a1c2ee97
11ae8789466a51b1120bb987e9e999c701641017,window blind,policy_front_review_required,front,"[0.0,0.0,1.0]",0.2,,pending_asset_front_audit,True,/data/task3_2/share_data/scenesmith/hssd_rendered_assets/11ae8789466a51b1120bb987e9e999c701641017
20726f9af9676f3afa42f0734c13b766fda8a6aa,window blind,policy_front_review_required,front,"[0.0,0.0,1.0]",0.2,,pending_asset_front_audit,True,/data/task3_2/share_data/scenesmith/hssd_rendered_assets/20726f9af9676f3afa42f0734c13b766fda8a6aa
374534ce5de6a477da5a6d2c62ce2a974cb475bc,window blind,policy_front_review_required,front,"[0.0,0.0,1.0]",0.2,,pending_asset_front_audit,True,/data/task3_2/share_data/scenesmith/hssd_rendered_assets/374534ce5de6a477da5a6d2c62ce2a974cb475bc
47ca9c0bf21b4a982b73a84e8d17ee19c309070b,window blind,policy_front_review_required,front,"[0.0,0.0,1.0]",0.2,,pending_asset_front_audit,True,/data/task3_2/share_data/scenesmith/hssd_rendered_assets/47ca9c0bf21b4a982b73a84e8d17ee19c309070b
48691dfae441a1d625e9363342f702ece82d6d79,window blind,policy_front_review_required,front,"[0.0,0.0,1.0]",0.2,,pending_asset_front_audit,True,/data/task3_2/share_data/scenesmith/hssd_rendered_assets/48691dfae441a1d625e9363342f702ece82d6d79
4d61e26a80bf240ac3d4b015151253cef4fc30e1,window blind,policy_front_review_required,front,"[0.0,0.0,1.0]",0.2,,pending_asset_front_audit,True,/data/task3_2/share_data/scenesmith/hssd_rendered_assets/4d61e26a80bf240ac3d4b015151253cef4fc30e1
4fdaa6ab15b62976a1af9b3da62c159c3397be00,window blind,policy_front_review_required,front,"[0.0,0.0,1.0]",0.2,,pending_asset_front_audit,True,/data/task3_2/share_data/scenesmith/hssd_rendered_assets/4fdaa6ab15b62976a1af9b3da62c159c3397be00
6432fc5ea07278c7008f2bf5718d3ca7e3eea6b3,window blind,policy_front_review_required,front,"[0.0,0.0,1.0]",0.2,,pending_asset_front_audit,True,/data/task3_2/share_data/scenesmith/hssd_rendered_assets/6432fc5ea07278c7008f2bf5718d3ca7e3eea6b3
85fa82aa1eb80313fb5b07f2660d8be0994312e4,window blind,policy_front_review_required,front,"[0.0,0.0,1.0]",0.2,,pending_asset_front_audit,True,/data/task3_2/share_data/scenesmith/hssd_rendered_assets/85fa82aa1eb80313fb5b07f2660d8be0994312e4
93c8237df7452468c91f85e1caf3334fb9a739d2,window blind,policy_front_review_required,front,"[0.0,0.0,1.0]",0.2,,pending_asset_front_audit,True,/data/task3_2/share_data/scenesmith/hssd_rendered_assets/93c8237df7452468c91f85e1caf3334fb9a739d2
9580b18977c3e32906b6802b9b267ec297e8d0fb,window blind,policy_front_review_required,front,"[0.0,0.0,1.0]",0.2,,pending_asset_front_audit,True,/data/task3_2/share_data/scenesmith/hssd_rendered_assets/9580b18977c3e32906b6802b9b267ec297e8d0fb
9b2f88ab0127e9d43de3408543e56ac8da635211,window blind,policy_front_review_required,front,"[0.0,0.0,1.0]",0.2,,pending_asset_front_audit,True,/data/task3_2/share_data/scenesmith/hssd_rendered_assets/9b2f88ab0127e9d43de3408543e56ac8da635211
a26ad9d764d13be91517133a65d5df9a3e4ee081,window blind,policy_front_review_required,front,"[0.0,0.0,1.0]",0.2,,pending_asset_front_audit,True,/data/task3_2/share_data/scenesmith/hssd_rendered_assets/a26ad9d764d13be91517133a65d5df9a3e4ee081
a4975d8630a2c7b17c07cce4c759d49a206bc838,window blind,policy_front_review_required,front,"[0.0,0.0,1.0]",0.2,,pending_asset_front_audit,True,/data/task3_2/share_data/scenesmith/hssd_rendered_assets/a4975d8630a2c7b17c07cce4c759d49a206bc838
b6ae03c10468ab6e02f325647d53581c3e523eaa,window blind,policy_front_review_required,front,"[0.0,0.0,1.0]",0.2,,pending_asset_front_audit,True,/data/task3_2/share_data/scenesmith/hssd_rendered_assets/b6ae03c10468ab6e02f325647d53581c3e523eaa
c204122db9b173abf43744c12923aefaf9434a9b,window blind,policy_front_review_required,front,"[0.0,0.0,1.0]",0.2,,pending_asset_front_audit,True,/data/task3_2/share_data/scenesmith/hssd_rendered_assets/c204122db9b173abf43744c12923aefaf9434a9b
c4acd52f08d53a00c431d867bf75aaa036dd79c6,window blind,policy_front_review_required,front,"[0.0,0.0,1.0]",0.2,,pending_asset_front_audit,True,/data/task3_2/share_data/scenesmith/hssd_rendered_assets/c4acd52f08d53a00c431d867bf75aaa036dd79c6
e23900a7ab95332b710fc79bbfcc91416e3de1d6,window blind,policy_front_review_required,front,"[0.0,0.0,1.0]",0.2,,pending_asset_front_audit,True,/data/task3_2/share_data/scenesmith/hssd_rendered_assets/e23900a7ab95332b710fc79bbfcc91416e3de1d6
e285909f3131c0e700c1482c269b814f9bf67972,window blind,policy_front_review_required,front,"[0.0,0.0,1.0]",0.2,,pending_asset_front_audit,True,/data/task3_2/share_data/scenesmith/hssd_rendered_assets/e285909f3131c0e700c1482c269b814f9bf67972
e6c56d3d8f05d0deee568a413785dfe8492f9b15,window blind,policy_front_review_required,front,"[0.0,0.0,1.0]",0.2,,pending_asset_front_audit,True,/data/task3_2/share_data/scenesmith/hssd_rendered_assets/e6c56d3d8f05d0deee568a413785dfe8492f9b15
e993db4b61482ed497b6fad0e16a92b1f455a87a,window blind,policy_front_review_required,front,"[0.0,0.0,1.0]",0.2,,pending_asset_front_audit,True,/data/task3_2/share_data/scenesmith/hssd_rendered_assets/e993db4b61482ed497b6fad0e16a92b1f455a87a
f1200ce457e3656b60e9420e1b3eafc880c4be9b,window blind,policy_front_review_required,front,"[0.0,0.0,1.0]",0.2,,pending_asset_front_audit,True,/data/task3_2/share_data/scenesmith/hssd_rendered_assets/f1200ce457e3656b60e9420e1b3eafc880c4be9b
fc71f5447c513b19a3c7218beb81ffdd47423173,window blind,policy_front_review_required,front,"[0.0,0.0,1.0]",0.2,,pending_asset_front_audit,True,/data/task3_2/share_data/scenesmith/hssd_rendered_assets/fc71f5447c513b19a3c7218beb81ffdd47423173
ffd5d856642f1a686d533ad41029edd975271a7e,window blind,policy_front_review_required,front,"[0.0,0.0,1.0]",0.2,,pending_asset_front_audit,True,/data/task3_2/share_data/scenesmith/hssd_rendered_assets/ffd5d856642f1a686d533ad41029edd975271a7e
016e2356defa1d43ec856c0e3f7943fd5363f1e9,window curtain,policy_front_review_required,front,"[0.0,0.0,1.0]",0.2,,pending_asset_front_audit,True,/data/task3_2/share_data/scenesmith/hssd_rendered_assets/016e2356defa1d43ec856c0e3f7943fd5363f1e9
0338775a90793aa9bbc38526c7849569db00a99c,window curtain,policy_front_review_required,front,"[0.0,0.0,1.0]",0.2,,pending_asset_front_audit,True,/data/task3_2/share_data/scenesmith/hssd_rendered_assets/0338775a90793aa9bbc38526c7849569db00a99c
04ed449bae4986d2fcf17340168a9bdfeeac5084,window curtain,policy_front_review_required,front,"[0.0,0.0,1.0]",0.2,,pending_asset_front_audit,True,/data/task3_2/share_data/scenesmith/hssd_rendered_assets/04ed449bae4986d2fcf17340168a9bdfeeac5084
051ace1690a6edd02ae82cade929b07f08414251,window curtain,policy_front_review_required,front,"[0.0,0.0,1.0]",0.2,,pending_asset_front_audit,True,/data/task3_2/share_data/scenesmith/hssd_rendered_assets/051ace1690a6edd02ae82cade929b07f08414251
0a572c09f2ab89c15314542bae2a6fa5078c5931,window curtain,policy_front_review_required,front,"[0.0,0.0,1.0]",0.2,,pending_asset_front_audit,True,/data/task3_2/share_data/scenesmith/hssd_rendered_assets/0a572c09f2ab89c15314542bae2a6fa5078c5931
0a653f8c8f14b574473143e7f7573971ae2d4d69,window curtain,policy_front_review_required,front,"[0.0,0.0,1.0]",0.2,,pending_asset_front_audit,True,/data/task3_2/share_data/scenesmith/hssd_rendered_assets/0a653f8c8f14b574473143e7f7573971ae2d4d69
0b522ff4a86b7059622cf0ae289d9f08b09864b9,window curtain,policy_front_review_required,front,"[0.0,0.0,1.0]",0.2,,pending_asset_front_audit,True,/data/task3_2/share_data/scenesmith/hssd_rendered_assets/0b522ff4a86b7059622cf0ae289d9f08b09864b9
0e78ea53b4959904b140c993ed94a132010b9db7,window curtain,policy_front_review_required,front,"[0.0,0.0,1.0]",0.2,,pending_asset_front_audit,True,/data/task3_2/share_data/scenesmith/hssd_rendered_assets/0e78ea53b4959904b140c993ed94a132010b9db7
10610d535d384192a3dc545936179ac6b8d0a54f,window curtain,policy_front_review_required,front,"[0.0,0.0,1.0]",0.2,,pending_asset_front_audit,True,/data/task3_2/share_data/scenesmith/hssd_rendered_assets/10610d535d384192a3dc545936179ac6b8d0a54f
187dddac5e4f98953f50784701495a89dad1ef39,window curtain,policy_front_review_required,front,"[0.0,0.0,1.0]",0.2,,pending_asset_front_audit,True,/data/task3_2/share_data/scenesmith/hssd_rendered_assets/187dddac5e4f98953f50784701495a89dad1ef39
1a26d3e30c811b5e0556b14e7d642292be2652eb,window curtain,policy_front_review_required,front,"[0.0,0.0,1.0]",0.2,,pending_asset_front_audit,True,/data/task3_2/share_data/scenesmith/hssd_rendered_assets/1a26d3e30c811b5e0556b14e7d642292be2652eb
1d546f7ce3e3c5ca01b60041b56d9ab5f702a644,window curtain,policy_front_review_required,front,"[0.0,0.0,1.0]",0.2,,pending_asset_front_audit,True,/data/task3_2/share_data/scenesmith/hssd_rendered_assets/1d546f7ce3e3c5ca01b60041b56d9ab5f702a644
203cbe7a9096354903db4eeb057db206923d5711,window curtain,policy_front_review_required,front,"[0.0,0.0,1.0]",0.2,,pending_asset_front_audit,True,/data/task3_2/share_data/scenesmith/hssd_rendered_assets/203cbe7a9096354903db4eeb057db206923d5711
24c8c44ec325978cdcfa8ec721354f51409f0d4c,window curtain,policy_front_review_required,front,"[0.0,0.0,1.0]",0.2,,pending_asset_front_audit,True,/data/task3_2/share_data/scenesmith/hssd_rendered_assets/24c8c44ec325978cdcfa8ec721354f51409f0d4c
2529dc9ae14810d3d6b101f44e2c72aad8fde4ee,window curtain,policy_front_review_required,front,"[0.0,0.0,1.0]",0.2,,pending_asset_front_audit,True,/data/task3_2/share_data/scenesmith/hssd_rendered_assets/2529dc9ae14810d3d6b101f44e2c72aad8fde4ee
280a8e51d0cba48fc8c6ec2a57b7b656d0415c1e,window curtain,policy_front_review_required,front,"[0.0,0.0,1.0]",0.2,,pending_asset_front_audit,True,/data/task3_2/share_data/scenesmith/hssd_rendered_assets/280a8e51d0cba48fc8c6ec2a57b7b656d0415c1e
32505cb15f489391179b0d668a0940ee645e6e89,window curtain,policy_front_review_required,front,"[0.0,0.0,1.0]",0.2,,pending_asset_front_audit,True,/data/task3_2/share_data/scenesmith/hssd_rendered_assets/32505cb15f489391179b0d668a0940ee645e6e89
32c3ff6aa5f13bd694a1edef070f913065d3f644,window curtain,policy_front_review_required,front,"[0.0,0.0,1.0]",0.2,,pending_asset_front_audit,True,/data/task3_2/share_data/scenesmith/hssd_rendered_assets/32c3ff6aa5f13bd694a1edef070f913065d3f644
347e9347fbd667571ea48e3e66c4e039c3ade04d,window curtain,policy_front_review_required,front,"[0.0,0.0,1.0]",0.2,,pending_asset_front_audit,True,/data/task3_2/share_data/scenesmith/hssd_rendered_assets/347e9347fbd667571ea48e3e66c4e039c3ade04d
3805a15d264ff2cdb37bb9e86259886a051784a2,window curtain,policy_front_review_required,front,"[0.0,0.0,1.0]",0.2,,pending_asset_front_audit,True,/data/task3_2/share_data/scenesmith/hssd_rendered_assets/3805a15d264ff2cdb37bb9e86259886a051784a2
3a1effbb6d9efa075f88fa0fd26f19f0e8683c89,window curtain,policy_front_review_required,front,"[0.0,0.0,1.0]",0.2,,pending_asset_front_audit,True,/data/task3_2/share_data/scenesmith/hssd_rendered_assets/3a1effbb6d9efa075f88fa0fd26f19f0e8683c89
3ba480f5ac90ffd829b38acb17e344602f952c06,window curtain,policy_front_review_required,front,"[0.0,0.0,1.0]",0.2,,pending_asset_front_audit,True,/data/task3_2/share_data/scenesmith/hssd_rendered_assets/3ba480f5ac90ffd829b38acb17e344602f952c06
3c9553887b8ff70c48dc80775189edecd9932710,window curtain,policy_front_review_required,front,"[0.0,0.0,1.0]",0.2,,pending_asset_front_audit,True,/data/task3_2/share_data/scenesmith/hssd_rendered_assets/3c9553887b8ff70c48dc80775189edecd9932710
3d093faec8798416a35ff28fb04655ab7dff1d1f,window curtain,policy_front_review_required,front,"[0.0,0.0,1.0]",0.2,,pending_asset_front_audit,True,/data/task3_2/share_data/scenesmith/hssd_rendered_assets/3d093faec8798416a35ff28fb04655ab7dff1d1f
42f6d722b1999efe45f9e510764c89c14385de10,window curtain,policy_front_review_required,front,"[0.0,0.0,1.0]",0.2,,pending_asset_front_audit,True,/data/task3_2/share_data/scenesmith/hssd_rendered_assets/42f6d722b1999efe45f9e510764c89c14385de10
4438ccba40f5d459e9c8fcf001945755d9c49d93,window curtain,policy_front_review_required,front,"[0.0,0.0,1.0]",0.2,,pending_asset_front_audit,True,/data/task3_2/share_data/scenesmith/hssd_rendered_assets/4438ccba40f5d459e9c8fcf001945755d9c49d93
448d3a4458b0dd736202607e3a7a98ce2932ee77,window curtain,policy_front_review_required,front,"[0.0,0.0,1.0]",0.2,,pending_asset_front_audit,True,/data/task3_2/share_data/scenesmith/hssd_rendered_assets/448d3a4458b0dd736202607e3a7a98ce2932ee77
493dd8371d06b796528803c80fdf1cfb5dcf544f,window curtain,policy_front_review_required,front,"[0.0,0.0,1.0]",0.2,,pending_asset_front_audit,True,/data/task3_2/share_data/scenesmith/hssd_rendered_assets/493dd8371d06b796528803c80fdf1cfb5dcf544f
4a9162893cc5615ec55683e55b9f81df08312661,window curtain,policy_front_review_required,front,"[0.0,0.0,1.0]",0.2,,pending_asset_front_audit,True,/data/task3_2/share_data/scenesmith/hssd_rendered_assets/4a9162893cc5615ec55683e55b9f81df08312661
4c7022e232da28b873ffd6a533bd725ff8b3d32c,window curtain,policy_front_review_required,front,"[0.0,0.0,1.0]",0.2,,pending_asset_front_audit,True,/data/task3_2/share_data/scenesmith/hssd_rendered_assets/4c7022e232da28b873ffd6a533bd725ff8b3d32c
4e38c2c72714372e6bd506f722d98e20c752d3e9,window curtain,policy_front_review_required,front,"[0.0,0.0,1.0]",0.2,,pending_asset_front_audit,True,/data/task3_2/share_data/scenesmith/hssd_rendered_assets/4e38c2c72714372e6bd506f722d98e20c752d3e9
502927a8adf12d9d32bcecbe549b02e78e8e9d58,window curtain,policy_front_review_required,front,"[0.0,0.0,1.0]",0.2,,pending_asset_front_audit,True,/data/task3_2/share_data/scenesmith/hssd_rendered_assets/502927a8adf12d9d32bcecbe549b02e78e8e9d58
50db7df167b029adac581e216188a8e54ab441de,window curtain,policy_front_review_required,front,"[0.0,0.0,1.0]",0.2,,pending_asset_front_audit,True,/data/task3_2/share_data/scenesmith/hssd_rendered_assets/50db7df167b029adac581e216188a8e54ab441de
522aa81347a144cf710ee725f109bedc53c26e02,window curtain,policy_front_review_required,front,"[0.0,0.0,1.0]",0.2,,pending_asset_front_audit,True,/data/task3_2/share_data/scenesmith/hssd_rendered_assets/522aa81347a144cf710ee725f109bedc53c26e02
5eebfafcf25a6da63b897e2823701d1ba9e10695,window curtain,policy_front_review_required,front,"[0.0,0.0,1.0]",0.2,,pending_asset_front_audit,True,/data/task3_2/share_data/scenesmith/hssd_rendered_assets/5eebfafcf25a6da63b897e2823701d1ba9e10695
61942d8b26f0cfa5591274e562baf4835835e07a,window curtain,policy_front_review_required,front,"[0.0,0.0,1.0]",0.2,,pending_asset_front_audit,True,/data/task3_2/share_data/scenesmith/hssd_rendered_assets/61942d8b26f0cfa5591274e562baf4835835e07a
634c2c24ba86aa2d543ab13c586cd37465f4283c,window curtain,policy_front_review_required,front,"[0.0,0.0,1.0]",0.2,,pending_asset_front_audit,True,/data/task3_2/share_data/scenesmith/hssd_rendered_assets/634c2c24ba86aa2d543ab13c586cd37465f4283c
663607e0d75715f5386bd5906832c6e7e86c200f,window curtain,policy_front_review_required,front,"[0.0,0.0,1.0]",0.2,,pending_asset_front_audit,True,/data/task3_2/share_data/scenesmith/hssd_rendered_assets/663607e0d75715f5386bd5906832c6e7e86c200f
67bc3181739256edf2422a24a965df95f5edcd39,window curtain,policy_front_review_required,front,"[0.0,0.0,1.0]",0.2,,pending_asset_front_audit,True,/data/task3_2/share_data/scenesmith/hssd_rendered_assets/67bc3181739256edf2422a24a965df95f5edcd39
69a130cc9cfbf9e46efc08ced63e57c5b958c74d,window curtain,policy_front_review_required,front,"[0.0,0.0,1.0]",0.2,,pending_asset_front_audit,True,/data/task3_2/share_data/scenesmith/hssd_rendered_assets/69a130cc9cfbf9e46efc08ced63e57c5b958c74d
6bbbc28fc06c3aaf0d632d88220bae3c0f1142e5,window curtain,policy_front_review_required,front,"[0.0,0.0,1.0]",0.2,,pending_asset_front_audit,True,/data/task3_2/share_data/scenesmith/hssd_rendered_assets/6bbbc28fc06c3aaf0d632d88220bae3c0f1142e5
7057310ddbb6f306bd052073a7a567cffa420dd3,window curtain,policy_front_review_required,front,"[0.0,0.0,1.0]",0.2,,pending_asset_front_audit,True,/data/task3_2/share_data/scenesmith/hssd_rendered_assets/7057310ddbb6f306bd052073a7a567cffa420dd3
70e2622adb51821a258b832699b4cb33cf152a3f,window curtain,policy_front_review_required,front,"[0.0,0.0,1.0]",0.2,,pending_asset_front_audit,True,/data/task3_2/share_data/scenesmith/hssd_rendered_assets/70e2622adb51821a258b832699b4cb33cf152a3f
724f3525032403574d5519ec962536a3c3e4d16f,window curtain,policy_front_review_required,front,"[0.0,0.0,1.0]",0.2,,pending_asset_front_audit,True,/data/task3_2/share_data/scenesmith/hssd_rendered_assets/724f3525032403574d5519ec962536a3c3e4d16f
734da957ee78f96540c6532441e8c4f2add8c702,window curtain,policy_front_review_required,front,"[0.0,0.0,1.0]",0.2,,pending_asset_front_audit,True,/data/task3_2/share_data/scenesmith/hssd_rendered_assets/734da957ee78f96540c6532441e8c4f2add8c702
7470fdf56bc21e01045dc559fff77b549b59a6cb,window curtain,policy_front_review_required,front,"[0.0,0.0,1.0]",0.2,,pending_asset_front_audit,True,/data/task3_2/share_data/scenesmith/hssd_rendered_assets/7470fdf56bc21e01045dc559fff77b549b59a6cb
78ad210eee3420c5defd24deb5dc012ac7e81fe5,window curtain,policy_front_review_required,front,"[0.0,0.0,1.0]",0.2,,pending_asset_front_audit,True,/data/task3_2/share_data/scenesmith/hssd_rendered_assets/78ad210eee3420c5defd24deb5dc012ac7e81fe5
7b89603f3a678b52f92cad46a626843e3a60b9b2,window curtain,policy_front_review_required,front,"[0.0,0.0,1.0]",0.2,,pending_asset_front_audit,True,/data/task3_2/share_data/scenesmith/hssd_rendered_assets/7b89603f3a678b52f92cad46a626843e3a60b9b2
81de9e28849824f10a82190933bdf2bed9284b7a,window curtain,policy_front_review_required,front,"[0.0,0.0,1.0]",0.2,,pending_asset_front_audit,True,/data/task3_2/share_data/scenesmith/hssd_rendered_assets/81de9e28849824f10a82190933bdf2bed9284b7a
8385c7f5c0d01e70cc46be156e80120806de1b5c,window curtain,policy_front_review_required,front,"[0.0,0.0,1.0]",0.2,,pending_asset_front_audit,True,/data/task3_2/share_data/scenesmith/hssd_rendered_assets/8385c7f5c0d01e70cc46be156e80120806de1b5c
8ea9880f252c1294b33f3685c7dc784b30b57033,window curtain,policy_front_review_required,front,"[0.0,0.0,1.0]",0.2,,pending_asset_front_audit,True,/data/task3_2/share_data/scenesmith/hssd_rendered_assets/8ea9880f252c1294b33f3685c7dc784b30b57033
8fc7ad77c1a82632653a68ff2dcb86537b72c90f,window curtain,policy_front_review_required,front,"[0.0,0.0,1.0]",0.2,,pending_asset_front_audit,True,/data/task3_2/share_data/scenesmith/hssd_rendered_assets/8fc7ad77c1a82632653a68ff2dcb86537b72c90f
92d51e5e04296d92b4e4c1284e3fa021de657c48,window curtain,policy_front_review_required,front,"[0.0,0.0,1.0]",0.2,,pending_asset_front_audit,True,/data/task3_2/share_data/scenesmith/hssd_rendered_assets/92d51e5e04296d92b4e4c1284e3fa021de657c48
9395d2c4688f795c91c7c1554e1e72020b2d8191,window curtain,policy_front_review_required,front,"[0.0,0.0,1.0]",0.2,,pending_asset_front_audit,True,/data/task3_2/share_data/scenesmith/hssd_rendered_assets/9395d2c4688f795c91c7c1554e1e72020b2d8191
9a8ae3d04c11b451d815d3794987d12c31632ce8,window curtain,policy_front_review_required,front,"[0.0,0.0,1.0]",0.2,,pending_asset_front_audit,True,/data/task3_2/share_data/scenesmith/hssd_rendered_assets/9a8ae3d04c11b451d815d3794987d12c31632ce8
9d155c6b36b6d0fb3d5bc82910d6f2d23284a6d1,window curtain,policy_front_review_required,front,"[0.0,0.0,1.0]",0.2,,pending_asset_front_audit,True,/data/task3_2/share_data/scenesmith/hssd_rendered_assets/9d155c6b36b6d0fb3d5bc82910d6f2d23284a6d1
a0f13226d725a4f897f4756a552b96edda2e8c6b,window curtain,policy_front_review_required,front,"[0.0,0.0,1.0]",0.2,,pending_asset_front_audit,True,/data/task3_2/share_data/scenesmith/hssd_rendered_assets/a0f13226d725a4f897f4756a552b96edda2e8c6b
a6a7ccf24336ed52468d49ca3abc4a0329b55b77,window curtain,policy_front_review_required,front,"[0.0,0.0,1.0]",0.2,,pending_asset_front_audit,True,/data/task3_2/share_data/scenesmith/hssd_rendered_assets/a6a7ccf24336ed52468d49ca3abc4a0329b55b77
aa4cd1721e991880feae8c8aaf188ab5030e9539,window curtain,policy_front_review_required,front,"[0.0,0.0,1.0]",0.2,,pending_asset_front_audit,True,/data/task3_2/share_data/scenesmith/hssd_rendered_assets/aa4cd1721e991880feae8c8aaf188ab5030e9539
ad1394eaa677299b1af4f1062fafa24372d9d8d0,window curtain,policy_front_review_required,front,"[0.0,0.0,1.0]",0.2,,pending_asset_front_audit,True,/data/task3_2/share_data/scenesmith/hssd_rendered_assets/ad1394eaa677299b1af4f1062fafa24372d9d8d0
ad811aa2475dd7263ab824210e8d3bf1a31d8566,window curtain,policy_front_review_required,front,"[0.0,0.0,1.0]",0.2,,pending_asset_front_audit,True,/data/task3_2/share_data/scenesmith/hssd_rendered_assets/ad811aa2475dd7263ab824210e8d3bf1a31d8566
af785dc858bd1d25bc44e8e6ee0191324247212f,window curtain,policy_front_review_required,front,"[0.0,0.0,1.0]",0.2,,pending_asset_front_audit,True,/data/task3_2/share_data/scenesmith/hssd_rendered_assets/af785dc858bd1d25bc44e8e6ee0191324247212f
b4032bbb481f0cd94f81688416fa313f63df1928,window curtain,policy_front_review_required,front,"[0.0,0.0,1.0]",0.2,,pending_asset_front_audit,True,/data/task3_2/share_data/scenesmith/hssd_rendered_assets/b4032bbb481f0cd94f81688416fa313f63df1928
b47b3235d63821402db20a678799f442dee97eac,window curtain,policy_front_review_required,front,"[0.0,0.0,1.0]",0.2,,pending_asset_front_audit,True,/data/task3_2/share_data/scenesmith/hssd_rendered_assets/b47b3235d63821402db20a678799f442dee97eac
b6ec8163e66414fbb84f09c7b77af934581ab089,window curtain,policy_front_review_required,front,"[0.0,0.0,1.0]",0.2,,pending_asset_front_audit,True,/data/task3_2/share_data/scenesmith/hssd_rendered_assets/b6ec8163e66414fbb84f09c7b77af934581ab089
b703bf2baffa8526881b4682e279cf2d2d9a4db9,window curtain,policy_front_review_required,front,"[0.0,0.0,1.0]",0.2,,pending_asset_front_audit,True,/data/task3_2/share_data/scenesmith/hssd_rendered_assets/b703bf2baffa8526881b4682e279cf2d2d9a4db9
b755ad1405c31ad5bec2a7b515103f8a68cf7761,window curtain,policy_front_review_required,front,"[0.0,0.0,1.0]",0.2,,pending_asset_front_audit,True,/data/task3_2/share_data/scenesmith/hssd_rendered_assets/b755ad1405c31ad5bec2a7b515103f8a68cf7761
b9eb5d4630fa9fa112a80ecb0b780bce5fa93663,window curtain,policy_front_review_required,front,"[0.0,0.0,1.0]",0.2,,pending_asset_front_audit,True,/data/task3_2/share_data/scenesmith/hssd_rendered_assets/b9eb5d4630fa9fa112a80ecb0b780bce5fa93663
bb70aa6fc38b24127bbdf01f8b3b6ebda9a57016,window curtain,policy_front_review_required,front,"[0.0,0.0,1.0]",0.2,,pending_asset_front_audit,True,/data/task3_2/share_data/scenesmith/hssd_rendered_assets/bb70aa6fc38b24127bbdf01f8b3b6ebda9a57016
be2a5fedc11f3641a907a5ddca4553816dc52294,window curtain,policy_front_review_required,front,"[0.0,0.0,1.0]",0.2,,pending_asset_front_audit,True,/data/task3_2/share_data/scenesmith/hssd_rendered_assets/be2a5fedc11f3641a907a5ddca4553816dc52294
bebf17de5d5e8fe4c4c9106c5de99043773f528a,window curtain,policy_front_review_required,front,"[0.0,0.0,1.0]",0.2,,pending_asset_front_audit,True,/data/task3_2/share_data/scenesmith/hssd_rendered_assets/bebf17de5d5e8fe4c4c9106c5de99043773f528a
cba9e9085ee9f5b6a90d378c0d01561de7b0d583,window curtain,policy_front_review_required,front,"[0.0,0.0,1.0]",0.2,,pending_asset_front_audit,True,/data/task3_2/share_data/scenesmith/hssd_rendered_assets/cba9e9085ee9f5b6a90d378c0d01561de7b0d583
ccff98d18bbcfb5784a02a4cd8b00fd038d67612,window curtain,policy_front_review_required,front,"[0.0,0.0,1.0]",0.2,,pending_asset_front_audit,True,/data/task3_2/share_data/scenesmith/hssd_rendered_assets/ccff98d18bbcfb5784a02a4cd8b00fd038d67612
cf407c13f7dcb63c55edb4d371e25f5bc88e1761,window curtain,policy_front_review_required,front,"[0.0,0.0,1.0]",0.2,,pending_asset_front_audit,True,/data/task3_2/share_data/scenesmith/hssd_rendered_assets/cf407c13f7dcb63c55edb4d371e25f5bc88e1761
cfb5eb726e60197b99e9c384f64437a3900b6ce4,window curtain,policy_front_review_required,front,"[0.0,0.0,1.0]",0.2,,pending_asset_front_audit,True,/data/task3_2/share_data/scenesmith/hssd_rendered_assets/cfb5eb726e60197b99e9c384f64437a3900b6ce4
d0b763c2936590d5a7a3a41b0358db070c9c69a1,window curtain,policy_front_review_required,front,"[0.0,0.0,1.0]",0.2,,pending_asset_front_audit,True,/data/task3_2/share_data/scenesmith/hssd_rendered_assets/d0b763c2936590d5a7a3a41b0358db070c9c69a1
d11e39cce9747f1f2e8bc87e2fdf278e6315ff04,window curtain,policy_front_review_required,front,"[0.0,0.0,1.0]",0.2,,pending_asset_front_audit,True,/data/task3_2/share_data/scenesmith/hssd_rendered_assets/d11e39cce9747f1f2e8bc87e2fdf278e6315ff04
d447061c7789c13313115d238476550cf86215c8,window curtain,policy_front_review_required,front,"[0.0,0.0,1.0]",0.2,,pending_asset_front_audit,True,/data/task3_2/share_data/scenesmith/hssd_rendered_assets/d447061c7789c13313115d238476550cf86215c8
d6956b8b26b5caf9452a24fca8062712b663e421,window curtain,policy_front_review_required,front,"[0.0,0.0,1.0]",0.2,,pending_asset_front_audit,True,/data/task3_2/share_data/scenesmith/hssd_rendered_assets/d6956b8b26b5caf9452a24fca8062712b663e421
e29fd41ad3961ea2f48e0c27935de496b81bf276,window curtain,policy_front_review_required,front,"[0.0,0.0,1.0]",0.2,,pending_asset_front_audit,True,/data/task3_2/share_data/scenesmith/hssd_rendered_assets/e29fd41ad3961ea2f48e0c27935de496b81bf276
e3a4be0be1d60a6d4efd1d9824f6705945540e40,window curtain,policy_front_review_required,front,"[0.0,0.0,1.0]",0.2,,pending_asset_front_audit,True,/data/task3_2/share_data/scenesmith/hssd_rendered_assets/e3a4be0be1d60a6d4efd1d9824f6705945540e40
e56819a302075d53ac8e2e72c9957b2b3b72439e,window curtain,policy_front_review_required,front,"[0.0,0.0,1.0]",0.2,,pending_asset_front_audit,True,/data/task3_2/share_data/scenesmith/hssd_rendered_assets/e56819a302075d53ac8e2e72c9957b2b3b72439e
e7ea0c6034c9c3eba1fd80422f546c1a1675f1d0,window curtain,policy_front_review_required,front,"[0.0,0.0,1.0]",0.2,,pending_asset_front_audit,True,/data/task3_2/share_data/scenesmith/hssd_rendered_assets/e7ea0c6034c9c3eba1fd80422f546c1a1675f1d0
ed3890167aedfeb71af4b995fb92ce17bef66639,window curtain,policy_front_review_required,front,"[0.0,0.0,1.0]",0.2,,pending_asset_front_audit,True,/data/task3_2/share_data/scenesmith/hssd_rendered_assets/ed3890167aedfeb71af4b995fb92ce17bef66639
ee38d57831a5ad411133f09f80e119641e50a0de,window curtain,policy_front_review_required,front,"[0.0,0.0,1.0]",0.2,,pending_asset_front_audit,True,/data/task3_2/share_data/scenesmith/hssd_rendered_assets/ee38d57831a5ad411133f09f80e119641e50a0de
f53678c774829a81bbc52b1c82537aa953b3c2bd,window curtain,policy_front_review_required,front,"[0.0,0.0,1.0]",0.2,,pending_asset_front_audit,True,/data/task3_2/share_data/scenesmith/hssd_rendered_assets/f53678c774829a81bbc52b1c82537aa953b3c2bd
f6853182c26e4d30f2164293adfa77986faae26c,window curtain,policy_front_review_required,front,"[0.0,0.0,1.0]",0.2,,pending_asset_front_audit,True,/data/task3_2/share_data/scenesmith/hssd_rendered_assets/f6853182c26e4d30f2164293adfa77986faae26c
f69ed3c4095bd94a80bc2f645f8ebdf03f6541ce,window curtain,policy_front_review_required,front,"[0.0,0.0,1.0]",0.2,,pending_asset_front_audit,True,/data/task3_2/share_data/scenesmith/hssd_rendered_assets/f69ed3c4095bd94a80bc2f645f8ebdf03f6541ce
f7384d6b7be9f030670dabb3b0f5215e6ff0ba98,window curtain,policy_front_review_required,front,"[0.0,0.0,1.0]",0.2,,pending_asset_front_audit,True,/data/task3_2/share_data/scenesmith/hssd_rendered_assets/f7384d6b7be9f030670dabb3b0f5215e6ff0ba98
fd5e67ad7478cc3c74ca410885df5f1ac20db8e5,window curtain,policy_front_review_required,front,"[0.0,0.0,1.0]",0.2,,pending_asset_front_audit,True,/data/task3_2/share_data/scenesmith/hssd_rendered_assets/fd5e67ad7478cc3c74ca410885df5f1ac20db8e5
fd763e1ae97291f1eadeac9e31e627ae34925737,window curtain,policy_front_review_required,front,"[0.0,0.0,1.0]",0.2,,pending_asset_front_audit,True,/data/task3_2/share_data/scenesmith/hssd_rendered_assets/fd763e1ae97291f1eadeac9e31e627ae34925737
xxxx4f919124x72c9x46d1xacffxed5bbb2a269e,window curtain,policy_front_review_required,front,"[0.0,0.0,1.0]",0.2,,pending_asset_front_audit,True,/data/task3_2/share_data/scenesmith/hssd_rendered_assets/xxxx4f919124x72c9x46d1xacffxed5bbb2a269e
