hssd_id,category,scan_status,watertight,physics_proxy_policy,issue_reasons,error
0001fb06b075a743e6289236cf049df3ad5dfa9c,showerhead,complete,False,bbox_inertia,open_mesh,
000bbe302b53fd2904e7ae92e1516a18f29de02d,candlestick,complete,False,bbox_inertia,open_mesh,
0022fa6ee5a44330e765488919803155b1a9e88c,ashcan,complete,False,bbox_inertia,open_mesh,
00258bed0c6e87a14e33c3eebffc48c898135698,mantel clock,complete,False,bbox_inertia,open_mesh,
0030aabddff541fbd378e38ae2d8597aecbfc757,coffee table,complete,False,bbox_inertia,open_mesh,
0034b3becda06d5dbecdf52f1842e5069e126af2,pendant lamp,complete,False,weld_or_static,open_mesh,
00366b86401aa16b702c21de49fd59b75ab9c57b,sofa,complete,False,bbox_inertia,open_mesh,
00386b5179df69aec660a71fb9c65b344857d016,vase,complete,False,bbox_inertia,open_mesh,
0039699ff96422d70b73397371664863025d75e8,wall art,complete,False,weld_or_static,open_mesh,
0040287f3af79d7b02985600e23469d319007792,place mat,complete,False,bbox_inertia,open_mesh,
0042224f50400c921142bc9777c28823dfc728ab,wall art,complete,False,weld_or_static,open_mesh,
004315b97305e4c6986491dfc1057ae72b91537e,dining table,complete,False,bbox_inertia,open_mesh|degenerate_faces,
00474f62f75a5047b51a4e6f7072a51d0d00afef,dining table,complete,False,bbox_inertia,open_mesh|center_of_mass_out_of_bounds|inertia_not_positive_definite,
004db3bd065eb72d8303f33c5bad163326cf1bd9,sculpture,complete,False,bbox_inertia,open_mesh|center_of_mass_out_of_bounds|inertia_not_positive_definite,
005b673d5ded782d54be17969159917dfc9ae0f2,swivel chair,complete,False,bbox_inertia,open_mesh,
00662bccdee49ca148d0c96929286db6d6d3c267,double bed,complete,False,bbox_inertia,open_mesh,
006ea4bce9bbe0c73d6d47776b25e76265235722,table,complete,False,bbox_inertia,open_mesh,
0070649630e7b2262ec0427c0e2035232240fb4d,swivel chair,complete,False,bbox_inertia,open_mesh,
0074b6bf5758fd7186157fd3a8d53afe3e200cba,tv stand,complete,False,bbox_inertia,open_mesh,
00770bbb6345e851e425d78c333c4baababf3729,wall art,complete,False,weld_or_static,open_mesh,
007ac3dc7a89e1e403c1340a4fd61fdc75ca053d,throw pillow,complete,False,bbox_inertia,open_mesh,
0082238889bd1b4ab20d0f9e3a444f5b61664e3a,toilet,complete,False,bbox_inertia,open_mesh,
00826491ee9361be3f199d05588c5dfae493f0cd,balcony,complete,False,bbox_inertia,open_mesh,
008cc6178827f98658c83a3b33124a0ca7ad3c26,bed,complete,False,bbox_inertia,open_mesh,
0091ed73925f43dda0dd03d8a71b88ccfa65fbb1,wall art,complete,False,weld_or_static,open_mesh,
0092599e2477209980084af7df385284843a3ff3,wall lamp,complete,False,weld_or_static,open_mesh,
0097dd7add1d9d8fdc58a446796dcde8c6f80238,ceiling fan,complete,False,weld_or_static,open_mesh,
009de394cd2d691583965e0235ff47ea2d8ebf5f,bunk bed,complete,False,bbox_inertia,open_mesh,
009f96f4bd369a2294a1b29538c52b14ec792a54,wall mirror,complete,False,weld_or_static,open_mesh,
009f9df21592e289bc08c4562f21dce15fced6fb,hamper,complete,False,bbox_inertia,open_mesh,
00a1a59b75fae9b7e42a128ce2249158dfa7d847,flower in vase,complete,False,bbox_inertia,open_mesh,
00a843989a32df31a10bc8129fa6801d768855c5,wall art,complete,False,weld_or_static,open_mesh,
00a896b002a685b0366798b1d3a96a20e96cf560,christmas tree,complete,False,bbox_inertia,open_mesh|degenerate_faces,
00ab1b2fd45dcfbfdffe36f00fe21a9dddd9f06b,wall sign,complete,False,bbox_inertia,open_mesh,
00b0d5e167ae6b42666de010025efad4506563f1,oven,complete,False,bbox_inertia,open_mesh,
00b285ed70673826ccb6941929a64abfaf5f9239,"washer.n.03,dryer",complete,False,bbox_inertia,open_mesh,
00b3040d6d75d68ba6d1bdf96e31c6b8432cbc1f,laptop,complete,False,bbox_inertia,open_mesh,
00b94ee7f2a013ffb7b681d19a5769b63c1b8357,umbrella,complete,False,bbox_inertia,open_mesh,
00ba4b1c24ae030dc052d6d196d0461db86710aa,sofa,complete,False,bbox_inertia,open_mesh|degenerate_faces,
00bcbedb6c1552d671d69e1cf51def0fdffebe49,wall art,complete,False,weld_or_static,open_mesh,
00bde034d3d5b08ef952aeba2bd40839d3b8c5e0,showerhead,complete,False,bbox_inertia,open_mesh,
00c48f069128b3951154aa6e1416de43ae7a602f,flower in vase,complete,False,bbox_inertia,open_mesh|inertia_not_positive_definite,
00df07adecbdf73eee36efaf3cbc2ba45bda660e,easy chair,complete,False,bbox_inertia,open_mesh,
00e3402610a1f547e1cf80d348629cd7bb6fe1e8,swing chair,complete,False,bbox_inertia,open_mesh,
00e4e059a54461f2a2789abe85d78e5407d4f8e9,kitchen cabinet,complete,False,bbox_inertia,open_mesh,
00e879c11f8273cf5f82e7efd65e4aad5c4c076e,ottoman,complete,False,bbox_inertia,open_mesh,
00f5afbca9f9bb5eadf718e81a66f0973ed67898,desk,complete,False,bbox_inertia,open_mesh|center_of_mass_out_of_bounds|inertia_not_positive_definite,
00ff4e2d38b8c28bd0e02607b698ae80ddb497ef,floor lamp,complete,False,bbox_inertia,open_mesh,
011089758bc34f947c4862a8e800c51ec221a2b6,ashcan,complete,False,bbox_inertia,open_mesh,
0110c7ff0e787bf98c9da923554ddea1484e4a3d,end table,complete,False,bbox_inertia,open_mesh,
0113c9f0a2767936709d028b730e5c1867870360,ceiling lamp,complete,False,weld_or_static,open_mesh|degenerate_faces,
01195e5a99e8b8ef231532ab1be8235e26d60b71,drum,complete,False,bbox_inertia,open_mesh,
01203626b508361ea3992e1fd995b5e524e92c73,pendant lamp,complete,False,weld_or_static,open_mesh,
012206d2b382d07af6b113f4968003c7d8d70b85,throw pillow,complete,False,bbox_inertia,open_mesh,
0125f7747d3e3f85bd4cfb181f9a63b6a8afd6f3,potted plant,complete,False,bbox_inertia,open_mesh,
01362ea241206b5668fb03f345c4637fd9386c8a,nightstand,complete,False,bbox_inertia,open_mesh,
013b244fbce89344d7cc19d3eaeb116bb6e3a92d,wall art,complete,False,weld_or_static,open_mesh,
01495dff5eccd8289fb31fc6df511bf2a043a495,chest of drawers,complete,False,bbox_inertia,open_mesh,
014a4d0309319f687eec4f5d944af61903d8f71b,"letter.n.02,wall decor",complete,False,weld_or_static,open_mesh,
014f3ebc50361692497fe6439b2c112ed3e4ab25,club chair,complete,False,bbox_inertia,open_mesh,
014fab638dc1b20201ac76b8ee36a14e92463c5a,table lamp,complete,False,bbox_inertia,open_mesh,
0159bbff524170a2ace52cd61a00a573da95fd38,firepit,complete,False,bbox_inertia,open_mesh,
015ae9b8de4de0be8a2c276c15869fa381923022,wall art,complete,False,weld_or_static,open_mesh,
015fa236691b0082e304ffd1f2301cac81d32ad1,sink,complete,False,bbox_inertia,open_mesh,
016556105b34152b96d7323eed7878bb8c142fbc,coffee table,complete,False,bbox_inertia,open_mesh,
016740800c9b1834742579705ddfc6899dfceddc,bathrobe,complete,False,bbox_inertia,open_mesh,
016e2356defa1d43ec856c0e3f7943fd5363f1e9,window curtain,complete,False,weld_or_static,open_mesh,
017b17afc6ea4ec7b629aaea6e1103e836e8d3d4,ashcan,complete,False,bbox_inertia,open_mesh,
017ce24cca44d57f292120d0479539ffb133d91a,wall mirror,complete,False,weld_or_static,open_mesh,
017f76377fbb6c77c47b3eb531ca35be7f114f1e,chandelier,complete,False,weld_or_static,open_mesh,
01841f449f738c1e24fa15753d1fbc5fe0c6a92c,refrigerator,complete,False,bbox_inertia,open_mesh,
018f52ea0b259b9134aaa3685171d7ffe624c3dc,floor lamp,complete,False,bbox_inertia,open_mesh|inertia_not_positive_definite,
0196e8210ba3ddbb8e0d61a6ff836da41e5b3f66,potted plant,complete,False,bbox_inertia,open_mesh|inertia_not_positive_definite,
019b16dbb75c196d82d53639d6e987c1b8d95dc2,stool,complete,False,bbox_inertia,open_mesh,
01af821742a85925760456d37968cbb767b80113,chair,complete,False,bbox_inertia,open_mesh,
01b0483516935b5ac613f1aec72fd518f73e23c3,sofa,complete,False,bbox_inertia,open_mesh,
01b65339d622bb9f89eb8fdd753a76cffc7eb8d6,console table,complete,False,bbox_inertia,open_mesh,
01be253cbfd14b947e9dbe09d0b1959e97d72122,desk,complete,False,bbox_inertia,open_mesh,
01cc0bbc121ef31692b03269b6946aeb2aca5f10,sofa,complete,False,bbox_inertia,open_mesh,
01d1b7a2c92f97d248ca72d85d828f930e472064,chest of drawers,complete,False,bbox_inertia,open_mesh,
01d630da518f4363755976657a76467162ca8d75,beanbag chair,complete,False,bbox_inertia,open_mesh,
01d951c6852a73f811d629107ad2367b73006a6a,wall decor,complete,False,weld_or_static,open_mesh,
01d9fff2f701af7d5d40a7a5adad5bf40d4c49c8,coffee table,complete,False,bbox_inertia,open_mesh,
01e5e60f2cb12562e4e8f7bf78beb2832a5638e9,bench,complete,False,bbox_inertia,open_mesh,
01e667f965e732a23ebea47ea3f4ddaccac214d4,easy chair,complete,False,bbox_inertia,open_mesh,
01e82787da211d0f5e40f084fe22444c97b41857,plant,complete,False,bbox_inertia,open_mesh|center_of_mass_out_of_bounds|inertia_not_positive_definite,
01eb64cfe0595d98521831a9066e146589d90567,buffet,complete,False,bbox_inertia,open_mesh,
01edac706c8e5f84fbfe967d135a85e316577079,picture frame,complete,False,weld_or_static,open_mesh,
01f1f0ea47cb3046a99ba5d7652f05107fb1f22a,floor lamp,complete,False,bbox_inertia,open_mesh,
01f6ebc0ac1fc20a285a56ae5b88110f043298fd,wall art,complete,False,weld_or_static,open_mesh,
01fd238f3e39659142240fc38ae44796e180597c,dining table,complete,False,bbox_inertia,open_mesh,
02169c44fd8c796b2be3a5d9e5f01db7a29a4b3d,heating system,complete,False,bbox_inertia,open_mesh|center_of_mass_out_of_bounds|inertia_not_positive_definite,
021a0ba1300490e2e288221a21f4387ce626d1de,bottle,complete,False,bbox_inertia,open_mesh,
021a61ef4010ddd21de0343377e044d90e1b54a3,console table,complete,False,bbox_inertia,open_mesh|center_of_mass_out_of_bounds|inertia_not_positive_definite,
0239c03b6896e4e4fad328885cf078995c913046,coffee table,complete,False,bbox_inertia,open_mesh,
0244897d4fc5fee6928e666d74e756ee9d08c863,sofa,complete,False,bbox_inertia,open_mesh,
026aed52ad8a3e60e5432fbbc07b03f466541ce0,picture frame,complete,False,weld_or_static,open_mesh|center_of_mass_out_of_bounds|inertia_not_positive_definite,
026c407121ed33203feb319ea113eed446dfd822,rug,complete,False,bbox_inertia,open_mesh,
027d388a46684a3ec06cac714c25d0f131d0e029,table lamp,complete,False,bbox_inertia,open_mesh,
027e92cebd21d094967fa5f266896148e91db402,wall art,complete,False,weld_or_static,open_mesh,
028120d30742df66fc8b68a8cd61fe7664704170,"letter.n.02,wall decor",complete,False,weld_or_static,open_mesh,
028155e2a19be6e6c2b88461dc31bb45fa26a67b,wall art,complete,False,weld_or_static,open_mesh,
028240450aee55ea1220b83207f76c10990a937d,wall art,complete,False,weld_or_static,open_mesh,
029320781a2fc9117543a3004e3bf0dd78616470,throw pillow,complete,False,bbox_inertia,open_mesh,
0294b0151f3e49f76da9dfb668146fb4d0204653,club chair,complete,False,bbox_inertia,open_mesh,
0296bcd4a4d00c06ab554b40c63fa2c0534d67e8,towel rack,complete,False,bbox_inertia,open_mesh,
029c59012cbc787082f4b8725695730327daf981,picture frame,complete,False,weld_or_static,open_mesh,
02bb48b60ab9477eae9ccbd7653100150d1a75ea,coffee table,complete,False,bbox_inertia,open_mesh,
02ca947f287608de3f89a5355b258a2758557497,wall art,complete,False,weld_or_static,open_mesh,
02d0251f683a3fcd7d5ec09c5a6910ccdb363786,buffet,complete,False,bbox_inertia,open_mesh,
02d45a27671570055bbc6637b6064f6b45e2921d,floor lamp,complete,False,bbox_inertia,open_mesh,
02e1c4b4b32e647fc78261af94a1c4fd00bb6fb9,throw pillow,complete,False,bbox_inertia,open_mesh,
02e22ed56270338bef5f8436e82023c36cd29104,double bed,complete,False,bbox_inertia,open_mesh,
02e404b057e77e5fa66690bc55ae14a72ce0635c,armchair,complete,False,bbox_inertia,open_mesh,
02e5544e1f707bb8a0b5199d4aac1aeaaa8f5f59,plant,complete,False,bbox_inertia,open_mesh|invalid_volume|center_of_mass_out_of_bounds|inertia_not_positive_definite,
02e9b52c3c888654f8048c5a9a84f2666dbadcdf,lantern,complete,False,bbox_inertia,open_mesh,
02ff1455a2e18c33ab821ba997da698b262f6117,rug,complete,False,bbox_inertia,open_mesh,
030dc7920f6b43d809ddc87281cdd46ffdad2d9f,nightstand,complete,False,bbox_inertia,open_mesh|degenerate_faces,
031024e00569909d466d87df9fead90355ba29e5,washer,complete,False,bbox_inertia,open_mesh|degenerate_faces,
031ccffaf5026ee18cdc60c1d3dc62ea41c690d0,throw pillow,complete,False,bbox_inertia,open_mesh,
03260ee4f55865d1cb997ae7a6bbe9b56cda3b84,wall hook rack,complete,False,weld_or_static,open_mesh,
033774ae209de7a75a61ef44b69e42189f9af358,console table,complete,False,bbox_inertia,open_mesh,
0338775a90793aa9bbc38526c7849569db00a99c,window curtain,complete,False,weld_or_static,open_mesh,
033ec086c23a6d39fb37df87e6748c413bf80e29,bed,complete,False,bbox_inertia,open_mesh,
034315d3884f2819b9ab0462e70270c8e5036cad,round daybed,complete,False,bbox_inertia,open_mesh|inertia_not_positive_definite,
0355c188335bcb6a2bdf9a1348959df501dece8b,rocking chair,complete,False,bbox_inertia,open_mesh,
03569aed377a86f80ab87191174ae47b5332b77a,"candlestick.n.01,candle",complete,False,bbox_inertia,open_mesh,
0356ddbfa55a90611ee1f6ecbf851dd5b8d3cee9,sink cabinet,complete,False,bbox_inertia,open_mesh|inertia_not_positive_definite,
03614729f1342071965854b2568d10142d887b84,rug,complete,False,bbox_inertia,open_mesh,
03639dab61b6903ff319e047b008cb6abec971c6,nightstand,complete,False,bbox_inertia,open_mesh,
0369f773266cd0aadce9e6ccdaf6d3f321ddab3e,picture frame,complete,False,weld_or_static,open_mesh,
036edf04844210dae3f5afc59165ad4955b3510b,glass,complete,False,bbox_inertia,open_mesh,
0376de3220316ab9bb94f3f930a0a7570316b733,chandelier,complete,False,weld_or_static,open_mesh,
037c2aea5184e56ef6d240fabe3aee458ead4e52,table lamp,complete,False,bbox_inertia,open_mesh,
037f34132f162235d80ce46f67c4fa2238d94da0,nightstand,complete,False,bbox_inertia,open_mesh,
038b41ad09412325b1d01ef97894be59ca068ab9,bathrobe,complete,False,bbox_inertia,open_mesh|inertia_not_positive_definite,
038c64ffa00f7c5dbe4e62342996e78a79510c9d,throw pillow,complete,False,bbox_inertia,open_mesh,
038ccdca4c91d34febe3f4efc596225a66a11d79,hanging cabinet,complete,False,bbox_inertia,open_mesh|center_of_mass_out_of_bounds|inertia_not_positive_definite,
038f37d5b8351b29fdc8173d219ca5a503715ccc,nightstand,complete,False,bbox_inertia,open_mesh,
0391639c95af7b6f37ca6258afe8dd462605d847,bowl,complete,False,bbox_inertia,open_mesh,
0391f7b149076276d028060971ae3d197619f196,flat bench,complete,False,bbox_inertia,open_mesh,
0392aac9912e9cc1420355e1c03c89df342c2e39,wall mirror,complete,False,weld_or_static,open_mesh,
0392ded6c1e6c984011b5cfdd64ebe4e5e90eab6,wall art,complete,False,weld_or_static,open_mesh,
039f04552895e9d932d6a6eb3fcf7c4f77b7ddab,coffee table,complete,False,bbox_inertia,open_mesh,
03a1677dcedf2937872cc0da3ce35d52580a75d7,plant,complete,False,bbox_inertia,open_mesh|center_of_mass_out_of_bounds|inertia_not_positive_definite,
03a1708f8547e9291a0b4601b627d1fd5f40a218,coffee table,complete,False,bbox_inertia,open_mesh,
03a8b87b73fec83efafca897e7084a395f746115,ceiling lamp,complete,False,weld_or_static,open_mesh,
03b813e8a1f0de5e3c9d595a8ac8aa7112a07a24,sofa,complete,False,bbox_inertia,open_mesh,
03b9da6158d9f400ab8842ead21e2644f596ddee,makeup mirror,complete,False,bbox_inertia,open_mesh,
03ba174d13db7f909a79cb64d4319383c6fa99ee,armoire,complete,False,bbox_inertia,open_mesh,
03c07dd9e6d9dc1c1bc7ec045588abbe8fb06605,dining table,complete,False,bbox_inertia,open_mesh,
03c328fccef4975310314838e42b6dff06709b06,tv stand,complete,False,bbox_inertia,open_mesh,
03c446fac08f40245ff475f29116b80f37c6684c,wall art,complete,False,weld_or_static,open_mesh,
03c6a0317265df8eeccc9245675fc50af95072d5,buffet,complete,False,bbox_inertia,open_mesh,
03d3f46d0dc93e092f63774bedf3b5911c87ac70,floor lamp,complete,False,bbox_inertia,open_mesh|center_of_mass_out_of_bounds|inertia_not_positive_definite,
03db4f1ffb7ef40b11cb080785e9c193c0114f41,wall art,complete,False,weld_or_static,open_mesh,
03db515e46a0ad189105897ee11576bf0513bb5c,throw pillow,complete,False,bbox_inertia,open_mesh,
03dd9dd0d7ba659a94414118a71378d01463755c,wall mirror,complete,False,weld_or_static,open_mesh,
03e0a5b0643512a63c10c478fb005fb1228e2ccf,dishwasher,complete,False,bbox_inertia,open_mesh,
03e195f8bd27ffb3982ccb69dcab98d53f3f6920,ceiling lamp,complete,False,weld_or_static,open_mesh,
03e2bbe2660b454b1a45cd35ebee6d55ec8ac60d,clothes tree,complete,False,bbox_inertia,open_mesh,
03e9622ccd358c4a74cb5186b9f2d9691605f1cd,l-shaped couch,complete,False,bbox_inertia,open_mesh,
03ea3b664f0add400809a89ee11d4df65df4581b,wall art,complete,False,weld_or_static,open_mesh,
03ea6472f528d540163f2067c40e832054ed30ab,sink cabinet,complete,False,bbox_inertia,open_mesh|degenerate_faces,
03ec07ddbb7262844606d7a97d7b6b35d7f6ec00,ceiling lamp,complete,False,weld_or_static,open_mesh,
03ee88f8d8feb58ba1714bdfb88093b7469d51c9,end table,complete,False,bbox_inertia,open_mesh,
03ef3bc5dca1c31e308fac0da12f0ad8faa4a3f1,fireplace,complete,False,bbox_inertia,open_mesh,
03f10b35c7310988c0002289934c4b78f80950bd,swing,complete,False,bbox_inertia,open_mesh,
03f18e41c8808dd0031637e759ac79a388477f52,picture frame,complete,False,weld_or_static,open_mesh,
03f226dd0e012925a8674564c4de19cb786c9a88,desk,complete,False,bbox_inertia,open_mesh,
03fdc8dd8b89fbff8cf749f5c847180ab13e53d2,coffee table,complete,False,bbox_inertia,open_mesh,
0401d370f82582f973cb9606076eeda41e90813c,ottoman,complete,False,bbox_inertia,open_mesh,
040270e2325c49cf03c1e0846cede42781d52c23,pendant lamp,complete,False,weld_or_static,open_mesh,
0408927888d894832d62589d945d600dad793e90,wall mirror,complete,False,weld_or_static,open_mesh,
040b3052e52fe415092d1c10d466381b7b63064c,potted plant,complete,False,bbox_inertia,open_mesh|inertia_not_positive_definite,
040c6cf6e1e98037329815a1e3ceb38c505f9523,gym equipment,complete,False,bbox_inertia,open_mesh,
040e26b6afd850d9567eccce83c4347bc8ddd729,"stairway.n.01,stairs",complete,False,bbox_inertia,open_mesh,
0417d03c450eb0fff31f32e2999a1b13395ac51b,fireplace,complete,False,bbox_inertia,open_mesh|center_of_mass_out_of_bounds,
041a043cceb0562e06330f15e31e7d266c4bfacc,radio receiver,complete,False,bbox_inertia,open_mesh,
041c06dd0009364a773620e1eb2fd1dc3808222a,kitchen cabinet,complete,False,bbox_inertia,open_mesh,
042102dff37f1a43e06e8ed2eb307738cc1cf882,l-shaped couch,complete,False,bbox_inertia,open_mesh,
0435460643f982a6b247ee4cd009c9a56eb133cb,armoire,complete,False,bbox_inertia,open_mesh,
0443db4d501a2ef4f89301f47f4be51a6be97d5f,bowl,complete,False,bbox_inertia,open_mesh,
0447294ccfcb2ae3908ef4e09dde75184cbf9f65,desk,complete,False,bbox_inertia,open_mesh,
044cb762363e6784f03f023cf5766ae761906236,wall art,complete,False,weld_or_static,open_mesh,
044ccac5e48c80f820c38ea8fa9b0192869b3a99,armchair,complete,False,bbox_inertia,open_mesh,
04549c868bea0d44eb0081b626419440e99a1e68,wall art,complete,False,weld_or_static,open_mesh,
0459e0ef654e9d3b187af4687e543c5277aec5d5,"toilet brush.n.01,toilet brush holder",complete,False,bbox_inertia,open_mesh,
0463153d9be9a8603ecd0e9af7e7763f42ee6c92,chest of drawers,complete,False,bbox_inertia,open_mesh,
046d2399c7a068aa44cf509456fa190e07710916,chandelier,complete,False,weld_or_static,open_mesh,
047b04d3192d8ba22aeeab2c6f9fc63766926cd4,bar stool,complete,False,bbox_inertia,open_mesh,
04801d6f327197470d63bfd728d4cf02bd33ec56,easy chair,complete,False,bbox_inertia,open_mesh,
0486ae7dd0b011240a162dc0ff1d96e2cac23dca,armoire,complete,False,bbox_inertia,open_mesh,
048800f7638798e930ebf692db5f4172f323d698,chair,complete,False,bbox_inertia,open_mesh,
048843fa0d4d6d5d53639874af6194a0eaa44f27,chandelier,complete,False,weld_or_static,open_mesh,
048d80c36ddc6ac63785ca08ccf231431195717c,sink cabinet,complete,False,bbox_inertia,open_mesh,
048dc9201fecb8866e67aaae1a35dcfe5bf59024,bookcase,complete,False,bbox_inertia,open_mesh,
0491b9ede319cf663bcf2690efb55817be7f2bb6,shower stall,complete,False,bbox_inertia,open_mesh,
04931d5ea7f08e2d909793ade1d4c15819db2ceb,floor lamp,complete,False,bbox_inertia,open_mesh,
04935a19ff917a71458e2550d1b6459119282f63,fence,complete,False,bbox_inertia,open_mesh,
049516ae0f5a27903a2ad93bfd992979822736c8,pendant lamp,complete,False,weld_or_static,open_mesh|center_of_mass_out_of_bounds|inertia_not_positive_definite,
049e5873d8721aea3e6b8edc5b6ce941c345e6e1,wall art,complete,False,weld_or_static,open_mesh,
04a0156632b5fe136cbe6400b23b28cf88d23ccc,throw pillow,complete,False,bbox_inertia,open_mesh,
04aa46b383620e09b40c1bbd68f36cd4d96bf416,footstool,complete,False,bbox_inertia,open_mesh,
04ab559761a405195f9b6fa02e7bbd65c01c2039,"toilet brush.n.01,toilet brush holder",complete,False,bbox_inertia,open_mesh,
04b85c45598c9650b3d2d538fe6c737c608a581d,throw pillow,complete,False,bbox_inertia,open_mesh,
04bb40b773ed64d7a4858987e71e6ba9fb04f9b9,swivel chair,complete,False,bbox_inertia,open_mesh,
04bf1ad9da0aaddcf0d94a3ebba8866c8a4a3e86,throw pillow,complete,False,bbox_inertia,open_mesh,
04c311f4468177fe8beb523d75ab7d1a45ead5b9,"toilet brush.n.01,toilet brush holder",complete,False,bbox_inertia,open_mesh,
04c4d866301b6f347bd5dc7b4d91e4f33dbd7688,wall mirror,complete,False,weld_or_static,open_mesh,
04c99a0e259fa98fbbc7171112d0a285c1648718,nightstand,complete,False,bbox_inertia,open_mesh,
04cb03c26e0eba03e16ed2dd48192b5817ac66d1,lantern,complete,False,bbox_inertia,open_mesh,
04cc32d77b9eadaf21a6289fef5879659452f3ae,wall art,complete,False,weld_or_static,open_mesh,
04e3238a93ca143822b01672f443804fb0880219,floor lamp,complete,False,bbox_inertia,open_mesh|center_of_mass_out_of_bounds|inertia_not_positive_definite,
04e86791944c981fd6a14d6efe54e67735590e91,fence,complete,False,bbox_inertia,open_mesh,
04ed449bae4986d2fcf17340168a9bdfeeac5084,window curtain,complete,False,weld_or_static,open_mesh|invalid_volume|center_of_mass_out_of_bounds,
04f0786c4011462e4b21379744092398632a8389,clothing rack,complete,False,bbox_inertia,open_mesh,
04f411297e7255eee22742e15995c9d138c41d62,bread-bin,complete,False,bbox_inertia,open_mesh,
04f865ebc872cf2c58acbf99c0e883a3b150ec7f,sofa,complete,False,bbox_inertia,open_mesh,
04fe4104474c8006de4f015f7f48a2fb018299de,wall art,complete,False,weld_or_static,open_mesh,
05084521811cf5a58469c3ccf0240a067ca318bb,throw pillow,complete,False,bbox_inertia,open_mesh,
051239c63082d6b0cda8ef2db8be17d840be44bc,double bed,complete,False,bbox_inertia,open_mesh,
0516be93fa8832ae85f42da29177aaf7f3500dcb,barbecue,complete,False,bbox_inertia,open_mesh|inertia_not_positive_definite,
051ace1690a6edd02ae82cade929b07f08414251,window curtain,complete,False,weld_or_static,open_mesh,
051e7613c71593d5d91bac3b3d03a36e51dd0c23,ceiling lamp,complete,False,weld_or_static,open_mesh,
05206ad5b8ad9956a076ab73038089b964ddb2fd,sofa,complete,False,bbox_inertia,open_mesh|degenerate_faces,
05424dff4ffe89ee53ea1a6c74d6ed24da66433a,shoe,complete,False,bbox_inertia,open_mesh,
0546a524f6584d5beeaf8a72b3df494f9ceeec90,armoire,complete,False,bbox_inertia,open_mesh,
054a4edb60cf2145e98274ad3fcbfc212e6e2445,potted plant,complete,False,bbox_inertia,open_mesh,
055b7319d340daf8bb17e2bd492f9b1230da55a0,playhouse,complete,False,bbox_inertia,open_mesh,
055db798b8756570cc0eec7f8e7d3632cb6173ab,potted plant,complete,False,bbox_inertia,open_mesh|invalid_volume|center_of_mass_out_of_bounds,
0564bb393c0bd2cbb3ef49c14b24828ad6e366f9,shelving,complete,False,bbox_inertia,open_mesh,
056be15536045e9a6a94b9b93cff62f72d43c326,tv stand,complete,False,bbox_inertia,open_mesh|inertia_not_positive_definite,
0573db8343b79322ae386b50233e1dfbf3d3b493,table lamp,complete,False,bbox_inertia,open_mesh,
058936386adb57586905a14d68fbe70719cff89b,console table,complete,False,bbox_inertia,open_mesh,
0590a21b30e10913a5621e3f36becd2feb1ad7ae,camera,complete,False,bbox_inertia,open_mesh,
05955eaaf0ab689724243e9691d9a0e08609abc7,wall art,complete,False,weld_or_static,open_mesh,
05980eee8561a3ebaf0753a2f14f5871611e693e,wall shelf,complete,False,weld_or_static,open_mesh,
0598a08d6d048ed49026adf13247d4586033c864,beanbag chair,complete,False,bbox_inertia,open_mesh,
05a565581b12a422065a58c242bd033b00302d6b,pendant lamp,complete,False,weld_or_static,open_mesh,
05be6be9816aef09082349fdd55a24aed992f467,china cabinet,complete,False,bbox_inertia,open_mesh,
05d2b8c3e805112b21d05d42054c4a9288c7d130,flower in vase,complete,False,bbox_inertia,open_mesh|center_of_mass_out_of_bounds|inertia_not_positive_definite,
05da2cb72bdcdc9843fdad1b9dc10450a33e4fba,basket,complete,False,bbox_inertia,open_mesh,
05ddc6731f34bdbe1aa5cff98cd8fcd1db254a84,hanging cabinet,complete,False,bbox_inertia,open_mesh,
05dfa289f4a5be6a1be7f0882a4d929060242b5d,sink,complete,False,bbox_inertia,open_mesh|inertia_not_positive_definite,
05e49871b58cc921c0a3be28954cfe30e13d099c,wall art,complete,False,weld_or_static,open_mesh,
05e5559cf467254327299a68a65b4bb188a4c1ab,armchair,complete,False,bbox_inertia,open_mesh,
05e74cdc180382e77852871d4f0041023f18a16a,chair,complete,False,bbox_inertia,open_mesh,
05f80a1f59e03f798ba3941f1a6f2712a0e93583,buffet,complete,False,bbox_inertia,open_mesh,
0608b5fe8ccd906911bfc7b38cc3b5128655fa01,glass,complete,False,bbox_inertia,open_mesh,
0614900c76c99d7781721d3d9053dcf5115ee3d5,planter,complete,False,bbox_inertia,open_mesh|center_of_mass_out_of_bounds|inertia_not_positive_definite,
06167b4898a357794dad99671ee7b4a7e8ee4641,pendant lamp,complete,False,weld_or_static,open_mesh,
061bbd1e9acde17526053b8f69791d2e79d332b4,"candlestick.n.01,candle",complete,False,bbox_inertia,open_mesh,
061efc927667529129a76d04993bd6920865eca8,end table,complete,False,bbox_inertia,open_mesh,
0621d6e661a29f7fcde7f2328fae37874a91c8e3,flower in vase,complete,False,bbox_inertia,open_mesh,
0626afb3eddc7696d194c35d0b0e0686ce7c7174,beam,complete,False,bbox_inertia,open_mesh,
06371cc27b123a3f15667e82ae1a257fac893eac,dining table,complete,False,bbox_inertia,open_mesh,
063cb879ce734b8ad6367d8a2b0accc69d1b4a7a,storage bench,complete,False,bbox_inertia,open_mesh,
063e38c2ccedaaa2f0ed59739b30614d2e0d7b29,china cabinet,complete,False,bbox_inertia,open_mesh,
0640b4f6ac64feb498bbf8e8816ebac7eade3a6d,potted plant,complete,False,bbox_inertia,open_mesh|center_of_mass_out_of_bounds|inertia_not_positive_definite,
064a5d963ba88f70afba5e40d7b172ab8a17799a,chandelier,complete,False,weld_or_static,open_mesh,
064aef085e932d1693de96c3194b259f462b0eef,towel,complete,False,bbox_inertia,open_mesh,
064b3f799af628bf115efb91abd93c4c13196267,wall decor,complete,False,weld_or_static,open_mesh,
065e00289e7117a075b985df455e98361ef29fe1,cabin,complete,False,bbox_inertia,open_mesh,
065ec382b612213e49941b205a074141469eba31,chest of drawers,complete,False,bbox_inertia,open_mesh,
065f704809e85a8e986e891c39a7cfeb3427fcb6,end table,complete,False,bbox_inertia,open_mesh,
0661fe7a6eec6a86f4e62625a60dcadb0ec41bc4,stool,complete,False,bbox_inertia,open_mesh|center_of_mass_out_of_bounds|inertia_not_positive_definite,
06636eadea6038988c28bb2251ed9b465cdb79ca,loudspeaker,complete,False,bbox_inertia,open_mesh,
066d889d160db3dd0999a601bfd5df67540f1df5,bath mat,complete,False,bbox_inertia,open_mesh,
066e34ad65a2401baeaebdd8500bd954e255d02f,bunk bed,complete,False,bbox_inertia,open_mesh,
0673c8be2931d0d95d101732908129d9b607bea6,cabinet,complete,False,bbox_inertia,open_mesh,
067538530a7ee321728360e23b5f56905eaa56ee,wall art,complete,False,weld_or_static,open_mesh,
06764d11dcec69878cc762c36482be5ef2865443,armoire,complete,False,bbox_inertia,open_mesh,
0677bfbb64af1d34d83b878761110ce57285b9cf,railing,complete,False,bbox_inertia,open_mesh,
067b1ee46f53f164cf9bbb9aa205ee0f15073d44,wall mirror,complete,False,weld_or_static,open_mesh,
0680b1340ce0d4256102460bccf800480613e07c,wall panel,complete,False,bbox_inertia,open_mesh,
0684c04a6a19f88a666c2a541593ac73185eb128,bag,complete,False,bbox_inertia,open_mesh,
06969dc2e72104a841fa8be14f2aed6b96a0ab4c,darts,complete,False,bbox_inertia,open_mesh,
069ac03793190fdcc5327b02eb4e163b4d952966,potted plant,complete,False,bbox_inertia,open_mesh|inertia_not_positive_definite,
06a6accc8e9b3c20d5f2a231fbeb7ebe0dc2a360,rug,complete,False,bbox_inertia,open_mesh,
06ab989edc3a34260ff041fbb5b98eec487d5da7,armchair,complete,False,bbox_inertia,open_mesh,
06b9db1cb9619092ac774c338fe0b50e7bf05487,plant,complete,False,bbox_inertia,open_mesh|center_of_mass_out_of_bounds|inertia_not_positive_definite,
06c290442dc4c777cc8f21746b733f0f239a6125,wall art,complete,False,weld_or_static,open_mesh|invalid_volume|inertia_not_positive_definite,
06e4766bc48a4e2774ca608dedebd040916be00c,wall art,complete,False,weld_or_static,open_mesh,
06efd10ed434f9c096b434a73511ade1913693e9,window shade,complete,False,bbox_inertia,open_mesh|center_of_mass_out_of_bounds|inertia_not_positive_definite,
06f7cde713ba88b147a0f6dfa2a0ef1b90395f6a,ceiling lamp,complete,False,weld_or_static,open_mesh,
06f96d142a549b91840a5034e1529f477b97a59c,wall art,complete,False,weld_or_static,open_mesh,
070f73f7758948f3f1626ed289524cbf782c3890,wall art,complete,False,weld_or_static,open_mesh,
071adbd63516406c01906131b0d8da1bb2a5eed9,bookcase,complete,False,bbox_inertia,open_mesh,
071d7e49a3865750863d8086f18b2dd650d2287a,throw pillow,complete,False,bbox_inertia,open_mesh,
071ee7603153c79e75c60b52933fe42d2ce309b4,wall art,complete,False,weld_or_static,open_mesh,
074b112e6d9be8860fce202dd706de49598db82d,showerhead,complete,False,bbox_inertia,open_mesh,
074f4cf03e1ca49d94bc8e9203429227183ae0f4,coffee maker,complete,False,bbox_inertia,open_mesh|inertia_not_positive_definite,
074f67e54078e7d67afcc490f00e4004bdc73514,table lamp,complete,False,bbox_inertia,open_mesh,
07534d847b14fac9fd32730ee2581fa4c22f2768,throw pillow,complete,False,bbox_inertia,open_mesh,
07559b782f572517157f075dee04ebe4093a0e54,"board game.n.01,chess",complete,False,bbox_inertia,open_mesh,
075bb144f6398bd53e7d0b16e6edd001763162c5,buffet,complete,False,bbox_inertia,open_mesh,
075c48b41236ddbb5f8167b363feddfb7ed9c137,pendant lamp,complete,False,weld_or_static,open_mesh,
0760a3dd43bd9dd9c0ec1ea4e033c6e121d92df5,armoire,complete,False,bbox_inertia,open_mesh,
0777d705a2f0646b60e38b61f02766df97ad8146,wall mirror,complete,False,weld_or_static,open_mesh,
07845ba5df0cc952531eb66c85fa0ec9c65278e9,potted plant,complete,False,bbox_inertia,open_mesh|center_of_mass_out_of_bounds|inertia_not_positive_definite,
0797a7cf1a2bca537456ce458b2c76d2f04351b2,wall mirror,complete,False,weld_or_static,open_mesh,
07ae49ce30843f0dfbe0a2f412a8c393df87caf0,wall art,complete,False,weld_or_static,open_mesh,
07b4946baa48b230b224946422be140ff626c328,chest of drawers,complete,False,bbox_inertia,open_mesh,
07b5f9f8af63b743e8a31bb5a8c89004dd3238d5,pen holder,complete,False,bbox_inertia,open_mesh,
07b617a9c00db43461ef2a1c9f46123a2be54b34,rug,complete,False,bbox_inertia,open_mesh,
07b6ff01149584b001980e373c0c47255f33247d,ashcan,complete,False,bbox_inertia,open_mesh,
07bc2b656ca791517e755ebc30406b00a45724d3,seat cushion,complete,False,bbox_inertia,open_mesh,
07c595b8cb65ee4f15bff2b08eadd6c3a1d8b6fb,bench,complete,False,bbox_inertia,open_mesh,
07cf8ba03e0a0fb603d947e68239357f0830e658,ceiling lamp,complete,False,weld_or_static,open_mesh|center_of_mass_out_of_bounds|inertia_not_positive_definite,
07cfbedfb1635ef908d4f89278b8498d3f081660,chandelier,complete,False,weld_or_static,open_mesh,
07e9d04fdac65e956854eb9be68f6047ee71e414,coffee table,complete,False,bbox_inertia,open_mesh,
07ed148d60afdc1f9dd475c10f70920400bb910d,kitchen cabinet,complete,False,bbox_inertia,open_mesh,
07f6db56b225622fc0d04ce1a39a7498fec41775,valve,complete,False,bbox_inertia,open_mesh,
08045ba4de0a267910c938a065e0842159d3c0e6,armoire,complete,False,bbox_inertia,open_mesh,
0806be89284e8a4ec7ef7f81100a1d2c99a7d90e,"stove.n.01,oven",complete,False,bbox_inertia,open_mesh,
0806e947f46c794f33aa87bc34a294008e79dede,table,complete,False,bbox_inertia,open_mesh,
0809de73c8ade8f527ad3761a75b373dc3d6b7a4,mirror,complete,False,weld_or_static,open_mesh,
080af6e022a943b0d3e3aeef330776da6136f17b,hanging cabinet,complete,False,bbox_inertia,open_mesh|center_of_mass_out_of_bounds|inertia_not_positive_definite,
0818cbe9035722d16d6e6c3e1f96a908f13a6cea,armchair,complete,False,bbox_inertia,open_mesh,
08308ea1093bfa3d8c0ba53c8dc49c184f63daed,clothes tree,complete,False,bbox_inertia,open_mesh,
083090369fb48b0329122df572d2676e7c4bd77d,bed,complete,False,bbox_inertia,open_mesh,
0839789da49edd699988877d5a39268b4deab118,beanbag chair,complete,False,bbox_inertia,open_mesh,
083e2912117a29c322c140198151562a94ef716f,armchair,complete,False,bbox_inertia,open_mesh,
08450df2c9b24a62bf8b6925b3dca0e2de818917,rug,complete,False,bbox_inertia,open_mesh,
084b5d977078538b0e131a6aff1b064397c04de9,swivel chair,complete,False,bbox_inertia,open_mesh,
084cdcf12dfa089a861e2817ea3a70af712e65cf,projector,complete,False,bbox_inertia,open_mesh,
084ff2a0e018cec0a68d318cc0f37f0b7624c8b8,nightstand,complete,False,bbox_inertia,open_mesh,
0860f0b9d8f2066de5fd896323c57e5d5fb78500,basket,complete,False,bbox_inertia,open_mesh,
0862fe8317881f167a0c9654f6e34cd2daaed1b7,dressing table,complete,False,bbox_inertia,open_mesh,
086ae0df95ac1b212fabe2f0b8bf5c63968dfb69,coffee table,complete,False,bbox_inertia,open_mesh,
0875307f7666e4fce7e217849c10c29972d142a7,vase,complete,False,bbox_inertia,open_mesh,
087ca4ab0efbee318a9265d5bbfeaf0a6c551a8c,bookcase,complete,False,bbox_inertia,open_mesh,
08863baa27dc6436f877fdf0dcdb0a5343bf4730,wall art,complete,False,weld_or_static,open_mesh,
088894c7fc28ed0e91a9c8eb44ca8df68cc217e6,chandelier,complete,False,weld_or_static,open_mesh,
088c257155d527517719972d29f363a438cfb4cd,chair,complete,False,bbox_inertia,open_mesh,
08901e442a1995c0b952536f6ab4e2b78d12fc27,nightstand,complete,False,bbox_inertia,open_mesh,
08931f704e2f2f9aae4d02134dc2f6894631688c,tv stand,complete,False,bbox_inertia,open_mesh,
089c89c9d166731f737c77be2e9f6d7345324da8,casserole,complete,False,bbox_inertia,open_mesh|degenerate_faces,
08a658d2eca1d1dae199eeb03e185e46edf75141,sofa,complete,False,bbox_inertia,open_mesh,
08abed75d2720f1cf788da009f4c24be910fb73b,ashcan,complete,False,bbox_inertia,open_mesh,
08b5c43d6160e847b526b0a492bc3980b1cc58d8,footstool,complete,False,bbox_inertia,open_mesh,
08c022d1c4603d259da265a9725b24ce8f5fda07,cabinet,complete,False,bbox_inertia,open_mesh,
08c62bf3d64aa02805d5ae80a64361e16e3e0c24,throw pillow,complete,False,bbox_inertia,open_mesh,
08c6d474cc07b00fe01be5120f2ed108a0968b29,alarm clock,complete,False,bbox_inertia,open_mesh,
08c7b32154bd2be6ca30acd3f36eef83f14093f6,tumbler,complete,False,bbox_inertia,open_mesh,
08c7c4c8c580d00b822df4ff2bc9e885c136f99d,bathtub,complete,False,bbox_inertia,open_mesh,
08c8a78fcddebf8538dc87a80e1784fc5982defd,wall art,complete,False,weld_or_static,open_mesh,
08d3332bdb327aa2b5ca2b252063795d72345b86,hanging cabinet,complete,False,bbox_inertia,open_mesh|center_of_mass_out_of_bounds|inertia_not_positive_definite,
08d3dedb3578f8edb25948a69a2b3e0fa0ec4d10,"toiletry.n.01,perfume.n.02,bottle",complete,False,bbox_inertia,open_mesh|degenerate_faces,
08d8d4a26ebd95b6603039cfc2775f38dde80a23,plant,complete,False,bbox_inertia,open_mesh|invalid_volume|center_of_mass_out_of_bounds|inertia_not_positive_definite,
08d9ae37bc8bc5e0dc07942d0c3ceaa0ea076f0c,potted plant,complete,False,bbox_inertia,open_mesh|center_of_mass_out_of_bounds|inertia_not_positive_definite,
08e5115633f4576cadda8a42251ff82b17cdd116,end table,complete,False,bbox_inertia,open_mesh,
08f59d018f87b3d2222ba3135f92f3f6531c9c8c,clothing rack,complete,False,bbox_inertia,open_mesh,
08fc501fafd4ce4f52d8507bf28a925bd530f2dc,wall art,complete,False,weld_or_static,open_mesh,
08fdbbfdde3f0129634448602a16a2e8afa069fd,floor lamp,complete,False,bbox_inertia,open_mesh,
08fe284164bed4e867ce4856d65c10663bcea74d,wall art,complete,False,weld_or_static,open_mesh,
08fe7db083cae9619ffe3791dd8f2e67643a1678,window shade,complete,False,bbox_inertia,open_mesh,
09105d8b8d553958346905c3ef6a28d1769f8440,lantern,complete,False,bbox_inertia,open_mesh,
0915788bc145bbb5baa30d86bd6e13bd83a4ba99,end table,complete,False,bbox_inertia,open_mesh,
0924f26c04f22596eb14b8071dd3dcb60f786e69,potted plant,complete,False,bbox_inertia,open_mesh,
0928513ee59d54e84c3baef6fe2f6daa7c9339b3,wall shelf,complete,False,weld_or_static,open_mesh,
092e835bb098736815db26efc98cf8ca90c65dc1,cabinet,complete,False,bbox_inertia,open_mesh,
09383c48f16d218e88396c71afabdebc5a7b5236,hot tub,complete,False,bbox_inertia,open_mesh,
0939dd554b37ffc7b61d1907df24ee5589bbafe4,toaster,complete,False,bbox_inertia,open_mesh,
0940a6975a7f2388c700d66de0d0c04f4028f113,ceiling lamp,complete,False,weld_or_static,open_mesh,
09495c87c9c7c4ad6ab360f67366274aff274f72,pedestal sink,complete,False,bbox_inertia,open_mesh,
094a90223e00de79554efad92667fd50e3a61d25,table lamp,complete,False,bbox_inertia,open_mesh,
094b1d3fc836b15f77f83b52ff01922b3c28b1f3,pet bed,complete,False,bbox_inertia,open_mesh,
0950e2145e15b08eb9734376ed8b7b6f3d4b702c,floor lamp,complete,False,bbox_inertia,open_mesh,
095296d62f260a7b39e7fa5df93a386807a14511,wall art,complete,False,weld_or_static,open_mesh,
095cf56558ca75b0ab0a4037ce7c8f870085aff9,flower in vase,complete,False,bbox_inertia,open_mesh,
095f7eda4e8c3ada16329ccff0aed0820d3f6342,wall art,complete,False,weld_or_static,open_mesh,
096fc0424ed5c90e44243b042a4ca0bc0281aea8,wall art,complete,False,weld_or_static,open_mesh,
09767180ab818e62ceb205ee02ecee112dceeb5b,table lamp,complete,False,bbox_inertia,open_mesh,
0978b652fcaa6190a0b614c32e3c6abb2cc5da98,throw pillow,complete,False,bbox_inertia,open_mesh,
0979dd8ecbfdd44753a0f20367c784ddf538aa27,footstool,complete,False,bbox_inertia,open_mesh,
09843c7d1af4d42f2c34c69e80992049361770dd,potted plant,complete,False,bbox_inertia,open_mesh|center_of_mass_out_of_bounds|inertia_not_positive_definite,
09846aa6f8fc996b41075d29111226f326f37e29,tv stand,complete,False,bbox_inertia,open_mesh,
098a8e9aa72ad0663702521445f0673e7760bd9c,chest of drawers,complete,False,bbox_inertia,open_mesh,
098cb07d9311b915c7d28680fd4ce1b44df9b637,armchair,complete,False,bbox_inertia,open_mesh,
098d61371ade24ab3ccfdbade9b3bd4805644aec,rug,complete,False,bbox_inertia,open_mesh,
0996cbb30808bb45854668bdd2d85ffb60a255d8,earphone,complete,False,bbox_inertia,open_mesh|invalid_volume|inertia_not_positive_definite,
0998951356594bd85552866fc5ec3f31c383279a,kitchen scale,complete,False,bbox_inertia,open_mesh,
099e627f0eb0c0f1ae672c25b7df89204dd85521,buffet,complete,False,bbox_inertia,open_mesh,
09a04e103739132685f10b4822fabe04dc231bf6,table lamp,complete,False,bbox_inertia,open_mesh,
09a06a10e1fb974571bbf56cbf80598ca2dea07b,armoire,complete,False,bbox_inertia,open_mesh,
09a0a4a031e33e738214b812f71dd838232df54c,chest of drawers,complete,False,bbox_inertia,open_mesh,
09a2f93855cf636368442f0b36441d0bfac7b80f,"toilet brush.n.01,toilet paper holder",complete,False,bbox_inertia,open_mesh,
09a6ff84cd15baa2d2b9b965739bdb045ee795e4,dining table,complete,False,bbox_inertia,open_mesh,
09a766ff4f118a7f60b80c671bc8662fd6a5cf72,wall lamp,complete,False,weld_or_static,open_mesh,
09a82cbac5a2f83d40bfcab2f69db7f1d22b3466,swivel chair,complete,False,bbox_inertia,open_mesh|center_of_mass_out_of_bounds|inertia_not_positive_definite,
09b1df19e95ab47e50c8aac06137ef2f51144d34,potted plant,complete,False,bbox_inertia,open_mesh|center_of_mass_out_of_bounds|inertia_not_positive_definite,
09b4ce57a07c2482a14ff95845394467556a94da,wall hook rack,complete,False,weld_or_static,open_mesh,
09b6f703f78d35692bc3e251c75ccdc131b8f55c,kitchen island,complete,False,bbox_inertia,open_mesh,
09b7f888a08a35d64d05e5f94cde9b75715c9a6d,microwave,complete,False,bbox_inertia,open_mesh,
09b8eb37b36847b2dc4f541943befd88b6e74fc1,desk organizer,complete,False,bbox_inertia,open_mesh,
09bf641c92f5ff9f2ccf9eece94c33ab793130ed,bookcase,complete,False,bbox_inertia,open_mesh,
09c0a44c064dc6975139d28636cae29ee25cea11,coffee table,complete,False,bbox_inertia,open_mesh,
09ca84e247b23d6177b2b283a789a51f46f66faa,potted plant,complete,False,bbox_inertia,open_mesh|center_of_mass_out_of_bounds|inertia_not_positive_definite,
09cb03f0708756554d3f79334fb2a87e854b97d2,wall mirror,complete,False,weld_or_static,open_mesh,
09da56b41f7d3f43a35cc985833a05ff34a9cf37,throw pillow,complete,False,bbox_inertia,open_mesh,
09dd24b88725558033430399066b51db5a087bce,"board game.n.01,chess",complete,False,bbox_inertia,open_mesh,
09dd82d0a982b1857f20d047272a8693deffa599,pendant lamp,complete,False,weld_or_static,open_mesh,
09dfaf285c1d5a5c81a3419b731dd26a7149cc0c,candle,complete,False,bbox_inertia,open_mesh,
09e581831745004f12dfdd5045d4d4d13750a223,telephone,complete,False,bbox_inertia,open_mesh,
09e599992f18de94f1b6b5c81ca53e47f8ff05de,straight chair,complete,False,bbox_inertia,open_mesh,
09e8db1c866996fff628417cf175facf8a2e9fcf,rug,complete,False,bbox_inertia,open_mesh,
09ffda86ae9a6728679537c66b371f27925bfbeb,wall art,complete,False,weld_or_static,open_mesh,
0a03d59304e236ca3888d1db52303bfebb580805,jar,complete,False,bbox_inertia,open_mesh,
0a05d8062456b0a4254a7d86ffbb87d290ff2fc5,l-shaped couch,complete,False,bbox_inertia,open_mesh,
0a0b9f607345b6cee099d681f28e19e1f0a215c8,"letter.n.02,wall decor",complete,False,weld_or_static,open_mesh|inertia_not_positive_definite,
0a130b2d0a890970998fea651b59d1c35eeb3452,wall art,complete,False,weld_or_static,open_mesh,
0a22539d08541604a273ac11a98fa07eafb88ed9,potted plant,complete,False,bbox_inertia,open_mesh,
0a26ac2c73d55251c3e7d042a4c0eac6ff17e39b,easy chair,complete,False,bbox_inertia,open_mesh,
0a2e52d5f93bd2346b2e686bbad4e128b2ff276b,end table,complete,False,bbox_inertia,open_mesh,
0a454a1d76e2218de55f472be0fa49c09c58b631,easy chair,complete,False,bbox_inertia,open_mesh,
0a4577674fe517baf226f74c3703732095741f27,wall lamp,complete,False,weld_or_static,open_mesh,
0a4dca66c0ab33f774d1edfdf819537baf2a6bf4,armchair,complete,False,bbox_inertia,open_mesh,
0a500013049449fc711c82c961cb71620c8fb8a5,bookcase,complete,False,bbox_inertia,open_mesh,
0a516d39b100499cfde1b2f7071930bbe6c61cea,sink cabinet,complete,False,bbox_inertia,open_mesh,
0a572c09f2ab89c15314542bae2a6fa5078c5931,window curtain,complete,False,weld_or_static,open_mesh,
0a5a4f2e2d6efa832a9ed38f8cd7525e14918229,picture frame,complete,False,weld_or_static,open_mesh,
0a5df6da61cd2e78e972690b501452152309e56b,desk,complete,False,bbox_inertia,open_mesh,
0a5e809804911e71de6a4ef89f2c8fef5b9291b3,chair,complete,False,bbox_inertia,open_mesh,
0a653f8c8f14b574473143e7f7573971ae2d4d69,window curtain,complete,False,weld_or_static,open_mesh,
0a66e9d231f702eec5e2e29781a24859b1ffed9f,file,complete,False,bbox_inertia,open_mesh,
0a6c42386410a834a355218f058fc70deb7afc0e,rug,complete,False,bbox_inertia,open_mesh,
0a6e0fc3e814f0e745eda939713a53d37e202702,desk,complete,False,bbox_inertia,open_mesh|center_of_mass_out_of_bounds|inertia_not_positive_definite|degenerate_faces,
0a7074a49b0a1174916e5fdb66045c9b9de21ff6,chair,complete,False,bbox_inertia,open_mesh,
0a71002e22fa82095f15a49230367da1c28652c9,mailbox,complete,False,bbox_inertia,open_mesh,
0a75f4c9f12d95998f1e5ceb5399e918ea798233,glass,complete,False,bbox_inertia,open_mesh,
0a787686579c50a9ff3bb866b2635efb8edad78d,wall mirror,complete,False,weld_or_static,open_mesh,
0a79e28d8342e4676958ee606f75bbbfe2df7b1f,electric fan,complete,False,bbox_inertia,open_mesh,
0a7cedd2c534592ab5d5be1f0d8979e47896252b,chest of drawers,complete,False,bbox_inertia,open_mesh,
0a81a2080691d1f953a26cf727587a1faa880681,armchair,complete,False,bbox_inertia,open_mesh,
0a8476cf260729fdb8806cf436754f842d4a96b7,range hood,complete,False,bbox_inertia,open_mesh,
0a892cb5045b2146965605c8173c4a8387d1f58b,ceiling lamp,complete,False,weld_or_static,open_mesh,
0a8b64354743c9e3f3390f5a1bde2a475628dc56,television receiver,complete,False,bbox_inertia,open_mesh,
0a9cbe043deabb9971a124ea7bdd0f1d242152c9,nightstand,complete,False,bbox_inertia,open_mesh,
0a9e33bd8772e0b3030d0a443b990328141c7028,chest of drawers,complete,False,bbox_inertia,open_mesh,
0aa11ddd1ef81da0792a85c6979d657190bcab8e,wall art,complete,False,weld_or_static,open_mesh,
0aa51401b8230482ad07f13fcc207c9c290623a9,potted plant,complete,False,bbox_inertia,open_mesh,
0aae5e3deaa3889234fd02db6e29e69a7b0e114a,wall mirror,complete,False,weld_or_static,open_mesh,
0ab4c29164cb03cc33de6ac67677765eaee85cc2,buffet,complete,False,bbox_inertia,open_mesh,
0ab58125eccc46a20f9720233e436536571f9f05,wall art,complete,False,weld_or_static,open_mesh,
0ab6b3173f6426018145b203a60bdbb7abc88992,"toilet brush.n.01,toilet brush holder",complete,False,bbox_inertia,open_mesh|center_of_mass_out_of_bounds|inertia_not_positive_definite,
0ac10c43da515b423f56030a71bf652d8ecf5e5f,potted plant,complete,False,bbox_inertia,open_mesh|center_of_mass_out_of_bounds|inertia_not_positive_definite,
0ace58e8285952837823495def5e1b5238e8030d,bench,complete,False,bbox_inertia,open_mesh,
0ad1bbf5c903b0fd625404cbfe3da59205741bcd,double bed,complete,False,bbox_inertia,open_mesh,
0ad6a69467ede6757b1b8ab7f1dba0cfeabbcf4c,wall art,complete,False,weld_or_static,open_mesh,
0adbcb8e57d8b97125b672d7b50a1f7a526aa792,end table,complete,False,bbox_inertia,open_mesh,
0add22cc4b991c0b80e94a36eb72687f44ccb3ba,plaything,complete,False,bbox_inertia,open_mesh,
0adf429add0b1ddd95ec48d9f3e644b558e5f355,tv stand,complete,False,bbox_inertia,open_mesh,
0ae9ee903346b3fd69b34228a3340662a173b791,vase,complete,False,bbox_inertia,open_mesh,
0aeaf373287c612147a99985ecb27ff710ec57d4,wall art,complete,False,weld_or_static,open_mesh,
0aeaf9f7a9abe99658bb779e0ab9422730429285,air hockey table,complete,False,bbox_inertia,open_mesh,
0aef17830251df8b8bb5cab4fc4b30ed5786f172,wall art,complete,False,weld_or_static,open_mesh,
0af9732417cdf12a734bd3133f493b18cfe03e91,heating system,complete,False,bbox_inertia,open_mesh,
0afe20df422562ed4a5405e0ce2d3f0623b2df4f,armchair,complete,False,bbox_inertia,open_mesh,
0b035dc81cad90ef2c6f4b34b43ea065fb41497e,chair,complete,False,bbox_inertia,open_mesh,
0b05fd5482a51a5a786ff5df9713b07650a62155,toy box,complete,False,bbox_inertia,open_mesh,
0b0df80543773a698cd4ddcf76a7c5acfc4a803d,vase,complete,False,bbox_inertia,open_mesh,
0b0e6df6479ffd5c48f58de1330e7f2ab1248620,wall art,complete,False,weld_or_static,open_mesh,
0b12f09e39ee47790d55de8e34c868d8bcd217d9,wall hook rack,complete,False,weld_or_static,open_mesh,
0b1c9431d85186f86b422270c49228738de6e18a,footstool,complete,False,bbox_inertia,open_mesh,
0b2062936888dc1ba22f93760a4d39e8e3a9d8a7,window shade,complete,False,bbox_inertia,open_mesh,
0b24d9529c1cffa05ae9e10ca10929361ff39a3d,pendant lamp,complete,False,weld_or_static,open_mesh,
0b25f45b3841dbf2dec82dfbc5d493a397514702,"toilet brush.n.01,toilet brush holder",complete,False,bbox_inertia,open_mesh,
0b28920a9c0655a6061b47049d7a50d9c4918840,"bar stool.n.01,chair",complete,False,bbox_inertia,open_mesh,
0b2e5dda4ef3386ec6b001496b952db45e614c0d,swivel chair,complete,False,bbox_inertia,open_mesh,
0b3149491c56696278431b941af48821bd8aa69f,swivel chair,complete,False,bbox_inertia,open_mesh,
0b314c9f8e63327d8c8e0293ecdfe4343dadb5b2,bookcase,complete,False,bbox_inertia,open_mesh,
0b4104839ae511cb6e4beca6603566331847b6a4,ceiling lamp,complete,False,weld_or_static,open_mesh,
0b42ce8909599f24dd05a085dcfb7f749c20db5c,wall art,complete,False,weld_or_static,open_mesh,
0b458bbd4f94efdade07afeb152a5b6cd7f95cd8,nightstand,complete,False,bbox_inertia,open_mesh,
0b464632636e6fcf8e8039d42f82309bbff208bc,throw pillow,complete,False,bbox_inertia,open_mesh,
0b51819512f294909819f2514ee47369f068a375,wall mirror,complete,False,weld_or_static,open_mesh,
0b522ff4a86b7059622cf0ae289d9f08b09864b9,window curtain,complete,False,weld_or_static,open_mesh|invalid_volume|center_of_mass_out_of_bounds,
0b69a82ef5fc012cbff5009a7df978b59e880f96,coffee table,complete,False,bbox_inertia,open_mesh,
0b71bbb575085e5abc3f6d4588cf6932f15c370d,sofa,complete,False,bbox_inertia,open_mesh,
0b750370480e2a26bfedafd6b5298f28d6074e70,bunk bed,complete,False,bbox_inertia,open_mesh|inertia_not_positive_definite,
0b75ef863b231ca522257a452ea9a567f39d25ee,wall lamp,complete,False,weld_or_static,open_mesh,
0b7c3e44a3d3cc591a423333383ebe9ab4d949ca,showerhead,complete,False,bbox_inertia,open_mesh,
0b8ab67101875851aa7447520d5807e67fe798f8,throw pillow,complete,False,bbox_inertia,open_mesh,
0b9c27848a2ee27eac95824d920f09e3cf08adf0,picture frame,complete,False,weld_or_static,open_mesh,
0ba1428b4cf741f1ce877519074ac563580a18e2,potted plant,complete,False,bbox_inertia,open_mesh|degenerate_faces,
0ba2ffcba10f0e803712cb84f583c060efd8daf7,bench,complete,False,bbox_inertia,open_mesh,
0bb1cdb98fbdfda5b41abaa39aa7f82321e58b72,refrigerator,complete,False,bbox_inertia,open_mesh,
0bb625a34e05d6cde6fe76da7535bc5bdc645187,glass,complete,False,bbox_inertia,open_mesh|degenerate_faces,
0bc0075df6300263a1be7a5363688dd42e091ee2,"bar stool.n.01,chair",complete,False,bbox_inertia,open_mesh,
0bc890432bfea51af0c022457ea46bcd1b7676c9,wall art,complete,False,weld_or_static,open_mesh,
0bcab6efe938e394f70ba755b5a69e54ac0902b2,table lamp,complete,False,bbox_inertia,open_mesh,
0bcb338131c6c8157b712d649ccf71ccfbd056d2,candle,complete,False,bbox_inertia,open_mesh,
0bcc0bc80f610a0cb428012520b7006d7fcb1ce8,fence,complete,False,bbox_inertia,open_mesh,
0bd260f8efb1afe4ec095ef6dbe503cd1f127af8,chest of drawers,complete,False,bbox_inertia,open_mesh,
0bd3fff760626beb3b250521c516ebc696984229,armchair,complete,False,bbox_inertia,open_mesh,
0beacceb2745b82153ec62fed64b5dc6bc4a4bfb,basket,complete,False,bbox_inertia,open_mesh,
0bf0dd465bd2a3232e11377c0303eae65433aef9,mantel clock,complete,False,bbox_inertia,open_mesh,
0bf5571d6131631d24e713440f36916cc7dce230,wall art,complete,False,weld_or_static,open_mesh,
0c01883f5728e4840e7b57cf6670adb5212572db,desk,complete,False,bbox_inertia,open_mesh,
0c04405eaf2a4e7b899fb778fb16d976e0b84798,ceiling lamp,complete,False,weld_or_static,open_mesh,
0c057c7c527893e8b259b6731f1fca332b2dc4fd,sculpture,complete,False,bbox_inertia,open_mesh|center_of_mass_out_of_bounds|inertia_not_positive_definite,
0c0bf65b59a2ba99c9766a7746cef8df31abea6b,coffee table,complete,False,bbox_inertia,open_mesh,
0c0c15db32f1374b50ca46bc9fb630b3f88889c3,wall art,complete,False,weld_or_static,open_mesh,
0c13523cbbf431a463e07fef9290ba30998557ff,sink cabinet,complete,False,bbox_inertia,open_mesh,
0c14c132672f293310432d06c89d503657210f0d,stool,complete,False,bbox_inertia,open_mesh,
0c18079884d51666ac73071c4e94e7c9de3abed3,wall art,complete,False,weld_or_static,open_mesh,
0c22fc3147a2787e85cedfbf231aa45cdc08e25e,bed,complete,False,bbox_inertia,open_mesh,
0c2315f49c061def72461bb659cf5af7dd179a21,cabinet,complete,False,bbox_inertia,open_mesh,
0c39e0217104d96c43bd9533e85d4d9c7ec2bb56,wall art,complete,False,weld_or_static,open_mesh,
0c3ff0c2512628c34b32c0ab0ae4ec93f712e7c6,ladder bookcase,complete,False,bbox_inertia,open_mesh,
0c42ee5b635c8acdb6bf235ff9420d742a16fd30,kitchen cabinet,complete,False,bbox_inertia,open_mesh|inertia_not_positive_definite,
0c4421a67ac3ee2cdb911b8292b919bbaa2c912b,step ladder,complete,False,bbox_inertia,open_mesh,
0c48040ad6f64c0103c2f1b3133e2760ed8392b7,vase,complete,False,bbox_inertia,open_mesh,
0c5021dbf2a828505a3c8230ab3f55572b00513a,sink cabinet,complete,False,bbox_inertia,open_mesh,
0c533a69de82a4fca0a481322deccf7d3c99de0d,footstool,complete,False,bbox_inertia,open_mesh,
0c5661f4da12434fca0546701f1b00c22edd563f,armoire,complete,False,bbox_inertia,open_mesh,
0c6016f707f138ff3c064308670d4874bf62b651,sculpture,complete,False,bbox_inertia,open_mesh,
0c6381ba9b96c37419f407728b5510b3bf63daaa,treadmill,complete,False,bbox_inertia,open_mesh,
0c6587d4b297a471073a54c614d2a262ba300a66,range hood,complete,False,bbox_inertia,open_mesh,
0c6c917840b1019f090e9c1b967008cc4b192d98,wall art,complete,False,weld_or_static,open_mesh,
0c8c68e0551b759dd45961569b9a3fcf350314ba,chandelier,complete,False,weld_or_static,open_mesh,
0c903eb1943c2df8a175aed4bdec3895af2d1975,switch,complete,False,bbox_inertia,open_mesh,
0c912de6d20614ad259ed135c508b0820adb502a,highchair,complete,False,bbox_inertia,open_mesh|center_of_mass_out_of_bounds|inertia_not_positive_definite,
0c97d6fa78f1dcab5fd9fbf5fc28e750bffb6e72,bench,complete,False,bbox_inertia,open_mesh,
0c9ff2144462d68fcab6a79e7737b7307e1a32d5,refrigerator,complete,False,bbox_inertia,open_mesh,
0ca24f7982f304b74a1ff7e967f2c367ea9a96e4,wall sign,complete,False,bbox_inertia,open_mesh,
0cb4d9e98010cf2378f31839df9f1e8121c087f8,club chair,complete,False,bbox_inertia,open_mesh,
0cb88cb81a140cd771c4557a7e42ab61489016a9,wall art,complete,False,weld_or_static,open_mesh,
0cbf07876393d9f9920917a5d8802f2811b4fc0c,throw pillow,complete,False,bbox_inertia,open_mesh,
0cbf999d1253ea1f444bdf16c2ee625deff8e756,throw pillow,complete,False,bbox_inertia,open_mesh,
0cc7e57f842e239ba5529ce5a19d72144098c76a,basket,complete,False,bbox_inertia,open_mesh,
0cd8d404776c66ecbae0fbe81acb770820cd39de,ceiling lamp,complete,False,weld_or_static,open_mesh|center_of_mass_out_of_bounds|inertia_not_positive_definite,
0ce38f147afb8fb8694feadbdd5603acef7b0e84,wall art,complete,False,weld_or_static,open_mesh,
0ce9872a3ef3658ada7554f63ffa382e55df452d,plant,complete,False,bbox_inertia,open_mesh|center_of_mass_out_of_bounds|inertia_not_positive_definite,
0ceba6db58a4b7daa487bda1408a14421e3b1019,throw pillow,complete,False,bbox_inertia,open_mesh,
0d07adc252041dce26f422e37b146f9bd6ec2881,kitchen appliance,complete,False,bbox_inertia,open_mesh,
0d1021de4ced65417a568c62e6ecf169d47b1f85,double door,complete,False,bbox_inertia,open_mesh,
0d129d28eedc44412baecf233dfa67e62a255201,beanbag chair,complete,False,bbox_inertia,open_mesh,
0d1b16fd0c4171d77114e2c262b6d9993565bdeb,vacuum,complete,False,bbox_inertia,open_mesh,
0d273946379fff3347904f9c1c81722cdb595edd,rug,complete,False,bbox_inertia,open_mesh,
0d29db65c42d5ca9021037c0b73914e9d63e0096,swivel chair,complete,False,bbox_inertia,open_mesh,
0d2bf9bebd1b436e11bd5097d9e32a1244609951,pathway light,complete,False,bbox_inertia,open_mesh,
0d33bcf4f600ff67f7e7b54e659729d3254f9476,footstool,complete,False,bbox_inertia,open_mesh,
0d372a341cb8c8e69f5dc6d09e5cc8fa94353641,throw,complete,False,bbox_inertia,open_mesh,
0d3e9c7193817df7a779fb18577d7960bc0dcf04,potted plant,complete,False,bbox_inertia,open_mesh,
0d576b440d7941bfc2e755b88bf9bfaace311467,wall art,complete,False,weld_or_static,open_mesh,
0d5932b296cdfd3b2132cd0251ae9984f6c8c701,easy chair,complete,False,bbox_inertia,open_mesh,
0d5abfdfe72cd6ace336a1b25a024853d1ac31d2,wall art,complete,False,weld_or_static,open_mesh,
0d5cd7caf41e32c7e216b86ec778a3cbbb31810f,throw pillow,complete,False,bbox_inertia,open_mesh,
0d61b723728d6d5ac05ac53e07372bcc7ff676ce,vase,complete,False,bbox_inertia,open_mesh,
0d62d22254123b4d639ce39b12da4f791f5f910e,streetlight,complete,False,bbox_inertia,open_mesh,
0d633c68b91f0913dca04bb10f3695e3a6332d70,shower pan,complete,False,bbox_inertia,open_mesh,
0d65e4a8e88bbd6cba57f3ce115e0e85d54da9c3,sculpture,complete,False,bbox_inertia,open_mesh,
0d6a5d4caa52b91749b4a6e3e7dffffa5d3357f9,picture frame,complete,False,weld_or_static,open_mesh,
0d6acbc9f35c8834a605e284167f44c84582a975,wall mounted screen,complete,False,bbox_inertia,open_mesh,
0d6c95001a8ac7919faa05ee31d178a634bccd28,coffee table,complete,False,bbox_inertia,open_mesh,
0d769b5521783a39876fcff11dc02e515bfe046e,bookcase,complete,False,bbox_inertia,open_mesh,
0d7951316202c83ad6ee9b5a7f0ff62869fdd0d8,wall art,complete,False,weld_or_static,open_mesh|center_of_mass_out_of_bounds,
0d8016443521d40b9752cb92a71e3627494fb1ad,wall art,complete,False,weld_or_static,open_mesh,
0d80935e747bfb33104804061a51fddcc02d884f,table lamp,complete,False,bbox_inertia,open_mesh,
0d8931055c366e725f69bf5444f2d91331d16966,bookcase,complete,False,bbox_inertia,open_mesh,
0d8ef9aefb19bc381f12c011535c38c883659e08,wall lamp,complete,False,weld_or_static,open_mesh,
0d9122ccce94ce83e4939a81fba44b933de6b8f4,beanbag chair,complete,False,bbox_inertia,open_mesh,
0d972ff8f4fa3b796bc392b5de7931ff6d8c7707,stool,complete,False,bbox_inertia,open_mesh,
0da0759b69f00765024019db285a1a1dcbc2ee1c,wall art,complete,False,weld_or_static,open_mesh,
0da471d87730e8c2ee858d08c5a24d69e14306ed,easel,complete,False,bbox_inertia,open_mesh,
0da47b2398c9e8239480621b54a8494e48b33040,wall art,complete,False,weld_or_static,open_mesh,
0da80a815c34620df97055cfc870349b332cda61,cabin,complete,False,bbox_inertia,open_mesh,
0db1eb6432dbe509762c2a492333c83822d9df13,wall art,complete,False,weld_or_static,open_mesh,
0db2d1c60b9537c53f18ccfdcbdb4a410835ef7d,ceiling lamp,complete,False,weld_or_static,open_mesh,
0db565d684b7c6ca584a63184869a4077bbd7155,kitchen cabinet,complete,False,bbox_inertia,open_mesh,
0dc60e97617b1ac6c0093a5ea79ae8aa594e0690,wall art,complete,False,weld_or_static,open_mesh,
0dd870278750fdb4a0060ce90e5d6b78e1671994,ball chair,complete,False,bbox_inertia,open_mesh,
0de5288928717b30ef111c44a6af982247c279b6,bookcase,complete,False,bbox_inertia,open_mesh,
0de6d641b47727ad31bcc723282fca16686e3709,club chair,complete,False,bbox_inertia,open_mesh,
0deb60d2880c3e0391bb577600e108273ebfe7df,sofa,complete,False,bbox_inertia,open_mesh,
0debc70818f4768123ee21af4a9e15640c87f625,rug,complete,False,bbox_inertia,open_mesh,
0df3edf2820ff04b51c13e9d6e705600eac7cd47,"stairway.n.01,stairs",complete,False,bbox_inertia,open_mesh,
0df55741b2499a6d155ba54ec55199e85ed83386,armchair,complete,False,bbox_inertia,open_mesh,
0dfaa44f08fed0a199e31fb64292366140dc410b,range hood,complete,False,bbox_inertia,open_mesh,
0dfca0a4e90bc2b410b6f9bd708526c4b66aea92,armchair,complete,False,bbox_inertia,open_mesh,
0dfcf1e690e0a6705a5ae5fd0cb0dc01f3a600db,potted plant,complete,False,bbox_inertia,open_mesh|center_of_mass_out_of_bounds|inertia_not_positive_definite|degenerate_faces,
0e01fbb8cba5e79ca1de3509b2fa8036f5196eb5,kitchen cabinet,complete,False,bbox_inertia,open_mesh,
0e08e658a0cc484570751b42c2784f53297b862f,throw pillow,complete,False,bbox_inertia,open_mesh,
0e0906080b12f73a8fab4c01b39c45b8287aaf65,plant,complete,False,bbox_inertia,open_mesh|center_of_mass_out_of_bounds|inertia_not_positive_definite,
0e11918fe7eaf8bdee859494e0d3dfe59d5b2d32,notebook,complete,False,bbox_inertia,open_mesh,
0e149dc0640ef51aa60654a574007d0cbc13dcdc,desk,complete,False,bbox_inertia,open_mesh,
0e14c016ea81f6f9c67579ab84aea8be9d010497,overnighter,complete,False,bbox_inertia,open_mesh,
0e151b05ae166d88914d59461e950f83b5edb11b,purse,complete,False,bbox_inertia,open_mesh,
0e16cabf24ab88fde6d6d75c9e0d1eb29374eb09,flower in vase,complete,False,bbox_inertia,open_mesh,
0e18097696cfd8e7cf8490866a100796cdcb2544,throw pillow,complete,False,bbox_inertia,open_mesh,
0e1f68766b13404266745eb67c0c3a55d1be43c4,wall art,complete,False,weld_or_static,open_mesh,
0e3ac72ce44f30662e5fd1ab87fbca38946d1864,wall mirror,complete,False,weld_or_static,open_mesh,
0e3c1cdb04d2db105cd6dce342940e68a63505df,bench,complete,False,bbox_inertia,open_mesh,
0e3f31820718c4195b9884dbdf9015035f66dae0,potted plant,complete,False,bbox_inertia,open_mesh|center_of_mass_out_of_bounds|inertia_not_positive_definite,
0e469ac0e119d1b2307a76fa0ac9611ecf13e6d8,water heater,complete,False,bbox_inertia,open_mesh,
0e4964ef31001f71a18b6c08cf173d0f636fae6b,credenza,complete,False,bbox_inertia,open_mesh,
0e527293333d0296925d7dcb2ff72352b05ce31a,wall art,complete,False,weld_or_static,open_mesh,
0e5694ac55afc8d1ba7dfe94036eb3989b555c09,potted plant,complete,False,bbox_inertia,open_mesh,
0e5d951e5e4883df82a2249abc4295e4482143fd,ceiling lamp,complete,False,weld_or_static,open_mesh,
0e607f6c2832197973ab6fe479fd92e536f1edf7,saucepan,complete,False,bbox_inertia,open_mesh,
0e60c694ae2a51c76a182872cbefebf9e7226175,"stove.n.01,oven",complete,False,bbox_inertia,open_mesh,
0e60d33ef5d0df27f5d989637948f9de393ab8f8,table lamp,complete,False,bbox_inertia,open_mesh,
0e6441186f77c06d75ccfb9c93067e8e9a405ee1,pendant lamp,complete,False,weld_or_static,open_mesh,
0e6d1bba3c34481baf366ad1bc8c77dd740e1a62,wall art,complete,False,weld_or_static,open_mesh,
0e6f903a9fd3dc5d57660907bc2614428bc52196,chest of drawers,complete,False,bbox_inertia,open_mesh,
0e714308a9641f55b38e0c00c955a476132bea9f,potted plant,complete,False,bbox_inertia,open_mesh,
0e7559ecfaec3368ec42dc0cc4c4aa66d0886f1b,mirror,complete,False,weld_or_static,open_mesh,
0e78ea53b4959904b140c993ed94a132010b9db7,window curtain,complete,False,weld_or_static,open_mesh,
0e7b79d9e3d0bc9cabce45d76d1faf4ca7a86e71,sofa,complete,False,bbox_inertia,open_mesh,
0e82d4841e55f975c3eb0b0208473cd0c113216e,wall art,complete,False,weld_or_static,open_mesh,
0e8dfdbc4db21b620cbc40daebda5f225f48fa1f,armchair,complete,False,bbox_inertia,open_mesh,
0e8f7683353124120fc3d0c2c23f128eaa992b11,armchair,complete,False,bbox_inertia,open_mesh,
0ea4b67131a00b8273dd4ac308aa5d11b840a99c,cabinet,complete,False,bbox_inertia,open_mesh,
0ea887c25382031dfad1741679a0626fa02e8f1b,rock,complete,False,bbox_inertia,open_mesh,
0eaba51224158a6f8e89a31843f85cf8b978b592,end table,complete,False,bbox_inertia,open_mesh,
0eaeb0a2cb5c912b76c0bb825a67dc80c27781b4,flower in vase,complete,False,bbox_inertia,open_mesh,
0ec2c3f9a5d6461e26e81ba96aecd7a304274a31,chair,complete,False,bbox_inertia,open_mesh,
0ec2e594b19f85c7c5870c6c8cb20be26cf946c8,desk calendar,complete,False,bbox_inertia,open_mesh,
0ec347ace227bceb95f066f6ef949bed13981ce7,stool,complete,False,bbox_inertia,open_mesh,
0ec98b6b495a298726470f1636049f8e4e4c2926,chest of drawers,complete,False,bbox_inertia,open_mesh,
0ecf535491d4cb3d7d5904f0594eb925c4157cbf,potted plant,complete,False,bbox_inertia,open_mesh|inertia_not_positive_definite,
0ed0c762ec81d3af3069af781aa04abdfca7b914,floor mirror,complete,False,bbox_inertia,open_mesh|degenerate_faces,
0ed1c890e79c646bb9b4332bd435bbed3d556e92,wall lamp,complete,False,weld_or_static,open_mesh,
0edf3065ba2b0299d7eafd6fcf2e659176e54160,wall mounted screen,complete,False,bbox_inertia,open_mesh,
0ee2ceb86228c71a127917c2893523bfc549789b,wall art,complete,False,weld_or_static,open_mesh,
0ee98dcb772d6b95a851a0d536f23e1c0dc64fcf,table,complete,False,bbox_inertia,open_mesh,
0eed24fb83dbb80236cc6fdcd5cdbe2f4e62d8d4,"candlestick.n.01,candle",complete,False,bbox_inertia,open_mesh,
0ef1a02f7d1fb67e00273b14b2dcfea7b02498f2,kitchen cabinet,complete,False,bbox_inertia,open_mesh,
0ef97f65cbf5ec5a97e982db08cfb42533d8dc12,bookcase,complete,False,bbox_inertia,open_mesh,
0f0309d597e3231e82fcf1daaf06b75ed4140158,footstool,complete,False,bbox_inertia,open_mesh,
0f0595dab4955a64bc89828b756a534bca9382ac,ceiling lamp,complete,False,weld_or_static,open_mesh,
0f05a38ab774b955ac4179c9750d669d61b9dac1,mobile,complete,False,bbox_inertia,open_mesh,
0f123a681f597d75bdec3319293b54b9090b4caa,rocking chair,complete,False,bbox_inertia,open_mesh,
0f183cc85b454cdd83a3616b48711ef8df363d28,wall art,complete,False,weld_or_static,open_mesh,
0f1df0fca0bdf6c3848587d9f9c94d87ee54871f,swivel chair,complete,False,bbox_inertia,open_mesh,
0f26b905fee27370294875f1868203002d90f8f3,bouquet,complete,False,bbox_inertia,open_mesh,
0f2a07712dbbb33dcc1393e3d3d14b71a41765a5,crib,complete,False,bbox_inertia,open_mesh,
0f313a72bcf3f29c941cf8c32bf9a67fbcf69e62,"letter.n.02,wall decor",complete,False,weld_or_static,open_mesh,
0f4310896f72e51a0479b7cee3e62244d9efa5fa,pendant lamp,complete,False,weld_or_static,open_mesh,
0f47657dc364ff0fef5a4f55e7bfd26f84b3848a,flower in vase,complete,False,bbox_inertia,open_mesh,
0f5071c46d79d10cdc0783e1abf514c3bfa94ba2,"bar stool.n.01,chair",complete,False,bbox_inertia,open_mesh,
0f5363ae44d82b892c62c6564be2792537509b13,footstool,complete,False,bbox_inertia,open_mesh,
0f587b130202742338c4836b425cd9478fb971e1,chest of drawers,complete,False,bbox_inertia,open_mesh,
0f58bea68d073b81deb36a8339cd9cac77094ffc,bulletin board,complete,False,bbox_inertia,open_mesh,
0f5d2b9f5e061a2d336fb5d6fa18acb62bf8f237,potted plant,complete,False,bbox_inertia,open_mesh|center_of_mass_out_of_bounds|inertia_not_positive_definite,
0f67a9c1513eea974f4d251f6809cedb074a0b0d,punching bag,complete,False,bbox_inertia,open_mesh,
0f68ea020457a3f25077bcf14cff107fc9d9e538,sink,complete,False,bbox_inertia,open_mesh,
0f6c829360b1ac7a5abaf0fcaa0a6b6b64750e89,chandelier,complete,False,weld_or_static,open_mesh,
0f6f4f875b0de5a15c87037476eb3f2e33505352,faucet,complete,False,bbox_inertia,open_mesh,
0f7a276a53918f4a7fc11df71ac9c3d214000e52,chair,complete,False,bbox_inertia,open_mesh,
0f7a798499792d2d32a39a87ebabfa57c00ba48e,wall art,complete,False,weld_or_static,open_mesh,
0f8326318fcec579a63db2c722c2d4b8855a1446,end table,complete,False,bbox_inertia,open_mesh,
0f8535a9020861f1b7d13603645470a57d913ad9,ceiling lamp,complete,False,weld_or_static,open_mesh|center_of_mass_out_of_bounds|inertia_not_positive_definite,
0f86b100b696d31c886b1896c52e5c47e28c3e5c,kitchen cabinet,complete,False,bbox_inertia,open_mesh,
0f91e09e7aaa94072daa3be9f4f09b9d60f600b8,ashcan,complete,False,bbox_inertia,open_mesh,
0f97a7a44f35bbecfdc8eaca31ddc7342c3b0be0,cafeteria tray,complete,False,bbox_inertia,open_mesh,
0f99cf2a7e57657dfbf68a22dbcc36b3bda23ab8,curtain,complete,False,weld_or_static,open_mesh,
0f9f01ac8eed6f1f5bfe08188228eb0e601b38b4,wall mirror,complete,False,weld_or_static,open_mesh,
0fabdc71189a458edf4c16a6e595f7fe8685d447,wall art,complete,False,weld_or_static,open_mesh,
0fb4fb3e055e518de83af6c51bf25ea087635c6b,coffee maker,complete,False,bbox_inertia,open_mesh,
0fbd6192609bf635c9ba510125e21f86d05018b1,throw pillow,complete,False,bbox_inertia,open_mesh,
0fbee28e85b12216d22db31c726149b9ab8f8746,kitchen cabinet,complete,False,bbox_inertia,open_mesh,
0fcec06eb4c190734e06c21dd272ca9057a70cd9,wall art,complete,False,weld_or_static,open_mesh,
0fddc2463656c5494549c791c21bd8ac8b8b4fe7,bench,complete,False,bbox_inertia,open_mesh,
0fe4141df2991053c9586215339969ad73e3b455,ceiling lamp,complete,False,weld_or_static,open_mesh,
0ff2bb094cd2cfde5ca8cfd6a43b27e558553535,chair,complete,False,bbox_inertia,open_mesh,
0ffa349754873d29126aeac142884450183a6147,table lamp,complete,False,bbox_inertia,open_mesh|degenerate_faces,
1018cc14d8126c542891251e7998847f1c3db2b5,throw pillow,complete,False,bbox_inertia,open_mesh,
101a428d6fe272b117daaf4e17d323ed38d119f8,pendant lamp,complete,False,weld_or_static,open_mesh|degenerate_faces,
101c7ea9da9817e1631e16c04da80c426617b0fc,wall art,complete,False,weld_or_static,open_mesh,
101d572626187c039c62174c0175fa72e8abf42b,wall shelf,complete,False,weld_or_static,open_mesh,
1021231b19fb93469d382fa1faca88cd8891f710,clock,complete,False,bbox_inertia,open_mesh,
102d6c0b595806db40137663e1314183eba1b641,desk,complete,False,bbox_inertia,open_mesh,
1038f7871d85a9318cf7854eb852f09bed912458,crate,complete,False,bbox_inertia,open_mesh,
10408e668eb2c95844f0669dbacca7e344c37f53,wall art,complete,False,weld_or_static,open_mesh,
10444a1165c1745f960eb6183d24dd05b60e781f,kitchen cabinet,complete,False,bbox_inertia,open_mesh,
1048faa1045d11d5113ae105781076478a38bbf6,wall art,complete,False,weld_or_static,open_mesh,
1049e1c9bf34ce68e426f4c0fce11b341dae3e89,tv stand,complete,False,bbox_inertia,open_mesh,
104b8255113a0b336e9090cbf63ae8be082b648d,sofa,complete,False,bbox_inertia,open_mesh,
10596fe8b052ccdeb6361e418347bc46037c7f2d,kitchen appliance,complete,False,bbox_inertia,open_mesh,
10610d535d384192a3dc545936179ac6b8d0a54f,window curtain,complete,False,weld_or_static,open_mesh|invalid_volume|center_of_mass_out_of_bounds,
106fc34235734243b59461a069af413e4d3f5eab,"radio receiver.n.01,alarm clock",complete,False,bbox_inertia,open_mesh,
107036734c8e21c8a103f7459cd72c9c486068aa,table,complete,False,bbox_inertia,open_mesh,
107283dfd1b87c24e498a839d1977bd5f30b24dc,ashcan,complete,False,bbox_inertia,open_mesh,
107b95a36ee015115b16bdf38934b3ef2df94452,wall art,complete,False,weld_or_static,open_mesh,
10980471f15a78a58abfa0188703ad652c862554,console table,complete,False,bbox_inertia,open_mesh,
109afc6efb93da1a724fd47595a3cf5c97debcaa,wall clock,complete,False,weld_or_static,open_mesh|degenerate_faces,
109c5d58f006865af44b50749d94040f2396f754,nightstand,complete,False,bbox_inertia,open_mesh,
10a6df1930706aaa2dd13ce2f1ecf1b82c99a21e,table,complete,False,bbox_inertia,open_mesh,
10aad7e8b95a3bc4bf9cc81d416016befad8e737,notebook,complete,False,bbox_inertia,open_mesh,
10acec1913edd61dfc83259d278d7512b85b860d,rug,complete,False,bbox_inertia,open_mesh,
10b77f9deb712ba4107f39e3a61aa400e736e3a7,wall art,complete,False,weld_or_static,open_mesh,
10cc852bd5c030e4e90d380160897984112dda90,footstool,complete,False,bbox_inertia,open_mesh,
10cc9ede7a8c16ab266732622fad3af97fd76e63,coffee table,complete,False,bbox_inertia,open_mesh,
10d68ecac2698b52ae3d3ba21160f8486e783aa8,cafeteria tray,complete,False,bbox_inertia,open_mesh,
10ddf3cfd25c0ec86ac74e4e3567bcd11bf03549,floor lamp,complete,False,bbox_inertia,open_mesh,
10df611ce0eb7d957978695c8c8e1da31c58d23b,wall lamp,complete,False,weld_or_static,open_mesh,
10e851b8c7ef80a87aeb5d0821e8164fd57b9e91,bar,complete,False,bbox_inertia,open_mesh,
10ee7e8e483ab5b1ba4539762ac5812872e6a931,table lamp,complete,False,bbox_inertia,open_mesh,
10f82d87bf341e228ce8dee47a5c39a438eb9cda,bench,complete,False,bbox_inertia,open_mesh,
10fbb1b128e2609be03e6885809cf491b65a29ca,chair,complete,False,bbox_inertia,open_mesh,
10fe98d6dff038606af0875ee5b18f90f5aa9d04,"switch.n.01,dimmer",complete,False,bbox_inertia,open_mesh,
1102767fee01f1f093353f120f091d2cb2344245,end table,complete,False,bbox_inertia,open_mesh,
1103d959bab4d0cc8369c3e35d97e528efa12721,railing,complete,False,bbox_inertia,open_mesh,
11158e0ff845898e203668595291134e1fa15683,swing chair,complete,False,bbox_inertia,open_mesh,
111b67b7b72bbf9320fbe9fa30e1bb4a93748e99,bunk bed,complete,False,bbox_inertia,open_mesh|inertia_not_positive_definite,
11211dc11ea1804a99c30328526d9242d3f7bca6,wall art,complete,True,weld_or_static,,
112675b8a4203aafe0c47dd38ec9002ebd856f07,shoe,complete,False,bbox_inertia,open_mesh,
112b681d0c53149ae4ac3a48cc865bcac6f3342a,wall art,complete,False,weld_or_static,open_mesh,
112dc87e26450400941c6eaff60866bc19badc64,sink cabinet,complete,False,bbox_inertia,open_mesh,
1138e5478e93dc0ac6628dfc72fad38f3d763924,towel,complete,False,bbox_inertia,open_mesh,
114420158589b129d8c8cec72c5287c4f9d4be42,wall art,complete,False,weld_or_static,open_mesh,
114d2e674be2580ceb19f62f6be25743fd4a21b5,chaise longue,complete,False,bbox_inertia,open_mesh,
114d407f5ac7829551cda3ba0796f23b32d2fdc3,wall art,complete,False,weld_or_static,open_mesh,
114e1852d31347304206fea57f97d5be074cad04,chair,complete,False,bbox_inertia,open_mesh,
115303a4c8d577475d304f0aac234de9a0fb0156,throw pillow,complete,False,bbox_inertia,open_mesh,
115400dd7dd9aa26ca595007f18b5a515626554d,wardrobe,complete,False,bbox_inertia,open_mesh,
1155fb00112d2bd537940bc46b4612d05a7838a9,l-shaped couch,complete,False,bbox_inertia,open_mesh,
115d18dd8fc027f98c3aa5dbf704aeaf279aad81,swing bench,complete,False,bbox_inertia,open_mesh,
1164c1fad4da7dbb523901f0af2023081dc660ee,throw pillow,complete,False,bbox_inertia,open_mesh,
116829ece1efbb664c7108af3d4cdb4a0c623821,throw pillow,complete,False,bbox_inertia,open_mesh,
116ae2e0c439a60bb9c05f939b325201ae0bfcf5,ashcan,complete,False,bbox_inertia,open_mesh,
116cb370fa811f28af6559ff1fc2448489e4541f,wall art,complete,False,weld_or_static,open_mesh,
11784b6fa57207d9f49ee6732224ff7443bb4d02,bar stool,complete,False,bbox_inertia,open_mesh,
1178f3e77d2ca208971092a4346ba3b3d70df7d8,ceiling fan,complete,False,weld_or_static,open_mesh,
117aa7d8cb3d9a5d01a80b5a9dfc9f1fd015b591,coffeepot,complete,False,bbox_inertia,open_mesh,
117e9c79dc5035c565047b6a39948e8a565046bd,television receiver,complete,False,bbox_inertia,open_mesh,
1180802ad73d02aaf01b9759348008fccdaad30e,espresso maker,complete,False,bbox_inertia,open_mesh,
1180f8900f3662736b62967a7de52756c8f22e6e,wall art,complete,False,weld_or_static,open_mesh,
1182b246f9dc763f898cf5a47feb003f8905d289,vase,complete,False,bbox_inertia,open_mesh,
1185275e5f676381e265d71aa051930a3f4d50bc,ottoman,complete,False,bbox_inertia,open_mesh,
1191bfc8500055539bcc6058ab0433f17abbd3dd,wall art,complete,False,weld_or_static,open_mesh,
1193fd55bb0bc22304fee82c6fa9775bd61bd920,armchair,complete,False,bbox_inertia,open_mesh,
1197126f20af28831340ff4e55039430ce711a31,ashcan,complete,False,bbox_inertia,open_mesh,
11a27304451d7af4d398303cccdfea4d8c26ebb9,bowl,complete,False,bbox_inertia,open_mesh,
11abcecb63a82d14a55fc5c31c7aaa0095e65959,glass,complete,False,bbox_inertia,open_mesh,
11ad37f590e2b9bcf93d624c1f554df57e05e921,table lamp,complete,False,bbox_inertia,open_mesh,
11ae8789466a51b1120bb987e9e999c701641017,window blind,complete,False,weld_or_static,open_mesh,
11b8d8ec9cadac4e5441eafcde275d4bfe1dc67c,car,complete,False,bbox_inertia,open_mesh|degenerate_faces,
11ba83c933f89bd7234a8f7fcc5b1c7f573dcded,sofa,complete,False,bbox_inertia,open_mesh,
11c27a0b2950b3a3e9431128cd452ac7cbdf35c1,desk,complete,False,bbox_inertia,open_mesh,
11cf198bb9df9e6a4654550b0952ed6f6769fd95,buffet,complete,False,bbox_inertia,open_mesh,
11d4ccea439e533416350bbaffa5325a06eb53b6,chest of drawers,complete,False,bbox_inertia,open_mesh,
11db6785c680d40b008ebf2a30d2842e36a4fdd4,towel rack,complete,False,bbox_inertia,open_mesh,
11e173bf2f7c3fd856ea17644edeef2f2f5eb15e,beanbag chair,complete,False,bbox_inertia,open_mesh,
11ef66ca5682ae7d33e55359edf518ec8fe9cfd7,kitchen cabinet,complete,False,bbox_inertia,open_mesh,
11f0a1a8ecbfa6a919cae73ed32cdab7a371db51,table lamp,complete,False,bbox_inertia,open_mesh,
11f512fac6afce6db598ad0738397d03cb52ffaf,"bar stool.n.01,chair",complete,False,bbox_inertia,open_mesh,
11f8b552a802c6233a1332713568f05f901b725c,armoire,complete,False,bbox_inertia,open_mesh,
11fd63d5a503c501cec76681060ad45549dd07d5,stool,complete,False,bbox_inertia,open_mesh,
12001de4686bf2e4b9c721c93b35a424dd48249f,armoire,complete,False,bbox_inertia,open_mesh,
1208b7c54f5aa7f554dbdb67b8b6cab6efef58da,gazebo,complete,False,bbox_inertia,open_mesh,
1222455e401b98c377eebfb17f359fa5b682e9f6,wall art,complete,False,weld_or_static,open_mesh,
12279170351af560f40ced884359cc539984e111,armoire,complete,False,bbox_inertia,open_mesh,
12289ea8fde534bbaf785b1c800b86a40437717c,tv stand,complete,False,bbox_inertia,open_mesh,
1238d0c37989c4174af201279ad145563f935797,planter,complete,False,bbox_inertia,open_mesh,
123da5db61f2c846e549fdac37e41df567c6ab18,swivel chair,complete,False,bbox_inertia,open_mesh,
123fcd0a6331640927a4d369b308b2112d001600,surfboard,complete,False,bbox_inertia,open_mesh,
125a7161be9a40cf05fd48fca31bd42eba652fb4,ashcan,complete,False,bbox_inertia,open_mesh,
125fb3495160325540ca5e61fd4e1bbbcee3ed9e,dining table,complete,False,bbox_inertia,open_mesh,
1264cc00b9d094c46f1794a56f3c43de92bd85de,buffet,complete,False,bbox_inertia,open_mesh,
126706d2722745fadf95487644ac678e49b87cf4,kitchen island,complete,False,bbox_inertia,open_mesh,
126a934a9207ec34961275f468fa0993fb2a2e3a,flower in vase,complete,False,bbox_inertia,open_mesh,
126c260c9f413be1369e0de7f06ad9f9d01b0c1b,candelabrum,complete,False,bbox_inertia,open_mesh,
126fe05d3f516e671156b15b372704fb6300e6ad,bar stool,complete,False,bbox_inertia,open_mesh,
127459818e2f949002b029ea6b1d15566b7ecdf7,rug,complete,False,bbox_inertia,open_mesh,
1274a8d59117c4178b899de893c719e5a8b39f1f,rug,complete,False,bbox_inertia,open_mesh,
12824be12d1e4ac567a0f84907db91abdecd6658,chest of drawers,complete,False,bbox_inertia,open_mesh,
12834df5dab70af1770765b09332c455e5050dc4,bathtub,complete,False,bbox_inertia,open_mesh|invalid_volume|center_of_mass_out_of_bounds|inertia_not_positive_definite,
128b5f2d072869004b7a218ab674f93f73a66670,armoire,complete,False,bbox_inertia,open_mesh,
128c8d8dfa72c702a9f6faacee8cd7fffadd1b62,wall art,complete,False,weld_or_static,open_mesh,
128ed2ced9a101aa0d131fd224012fd52198003f,desk,complete,False,bbox_inertia,open_mesh,
129106295eb39d18aac50e32aed62d6577cc0d99,throw pillow,complete,False,bbox_inertia,open_mesh,
12917a34d32f52daa04095d214ef32b1f167f0e2,floor lamp,complete,False,bbox_inertia,open_mesh,
129451389f982fcfe102675270009ce1da6671db,floor lamp,complete,False,bbox_inertia,open_mesh,
12951dc7326bf79b0ac170bce28cbd99ac9ccb00,nightstand,complete,False,bbox_inertia,open_mesh,
12a00362b705d12de87cdc539206cba26948620e,table lamp,complete,False,bbox_inertia,open_mesh,
12ad797f088672cde1405b6994c10b7d9469c321,pendant lamp,complete,False,weld_or_static,open_mesh,
12b7aa79f1c8fbdf69de9b5922dda3b9586c84b7,wall art,complete,False,weld_or_static,open_mesh,
12d3fe696de7001acb9ff22c0394e8a832033370,chair,complete,False,bbox_inertia,open_mesh,
12e352286e7867ced3d610cf5af9183dcb4ea6c9,pendant lamp,complete,False,weld_or_static,open_mesh,
12e712ad958cc132ccde4f452c0015fc908cf9ca,wall sticker,complete,False,bbox_inertia,open_mesh,
12ea578f7aef9c668ab276acd74b781ef2a1a137,armchair,complete,False,bbox_inertia,open_mesh,
12ef49da4b0a6272c6bc2bdffc4c34ae381ec4aa,television receiver,complete,False,bbox_inertia,open_mesh,
12f2b36812411b47a61f2a949e82e5127ce04557,cabinet,complete,False,bbox_inertia,open_mesh,
12f84ddb85a86778bec19594a7dff0080e9d0670,wall mirror,complete,False,weld_or_static,open_mesh,
12fbb26d4c98b51995a3d1c2d6c6b41084b9b083,potted plant,complete,False,bbox_inertia,open_mesh|invalid_volume|center_of_mass_out_of_bounds|inertia_not_positive_definite,
12fd5c8d6163bc76001fb086875b4b790864d16f,swivel chair,complete,False,bbox_inertia,open_mesh,
1312588b459da75a5a79139dbf20a5368d2d2a07,wall mirror,complete,False,weld_or_static,open_mesh,
131720513e4d71ac6099a11d89586ab001f4a1ac,serving cart,complete,False,bbox_inertia,open_mesh,
1323d9a4f7c0f69238a6db411a54ed85976ce03d,throw pillow,complete,False,bbox_inertia,open_mesh,
132461d376a177e8b4ccb7d0e15fcdefcc2673ec,floor lamp,complete,False,bbox_inertia,open_mesh,
13290d908b9f17712aff2c5a9027a81451ce7905,pet bowl,complete,False,bbox_inertia,open_mesh,
132c4fe98185282d1634c091ba42618f2f7bbdec,plant,complete,False,bbox_inertia,open_mesh|center_of_mass_out_of_bounds|inertia_not_positive_definite,
132dcfd81bf3c8a059c73caa049deac411d3c11c,potted plant,complete,False,bbox_inertia,open_mesh|inertia_not_positive_definite,
133256eaeef2d1a9171d042fae0a98ae70a7c389,throw pillow,complete,False,bbox_inertia,open_mesh,
133630faa4a434475d9ab07a3bcffb331c9f97e3,wall art,complete,False,weld_or_static,open_mesh,
1337358052270e0edb27eec20813e0d29bc80fcb,stool,complete,False,bbox_inertia,open_mesh,
133da10d4c16efb4f304542532eba4fb1f5a3d2c,pendant lamp,complete,False,weld_or_static,open_mesh|inertia_not_positive_definite,
134af5bbd297391d029c56e7819958574dd823a6,wall art,complete,False,weld_or_static,open_mesh,
135182711c1a16fa8687aa3f908f4973ee20edee,wall lamp,complete,False,weld_or_static,open_mesh|degenerate_faces,
135c021765c37200857cac559329a50ab66e6a1e,wall lamp,complete,False,weld_or_static,open_mesh,
135f892cc50a9139725fa14b7467a2c841ea4064,chair,complete,False,bbox_inertia,open_mesh,
1363704ef1a2dc37a27d347b2af3bd79772a1423,floor lamp,complete,False,bbox_inertia,open_mesh,
1364c0da6821bc2e94fe63406c1032d1b124b1f7,"bar stool.n.01,chair",complete,False,bbox_inertia,open_mesh,
1370083c82f74da641f15204e826da541889b76d,rug,complete,False,bbox_inertia,open_mesh,
1370b0fb20e3fb98e25a86c30291ee80177bb20e,fence,complete,False,bbox_inertia,open_mesh,
138009a6121d7ebb8c3b78e3a411b4e33c388efb,coffee table,complete,False,bbox_inertia,open_mesh,
138cc6b6e59641d0da515a3a89903eed94354cd6,pendant lamp,complete,False,weld_or_static,open_mesh,
1390bfd3026b4142a2b76e13abbbb550f1137c11,chest of drawers,complete,False,bbox_inertia,open_mesh,
13a0eb226a8223a5e1c084210f50f219e363673a,floor lamp,complete,False,bbox_inertia,open_mesh,
13ab0db14524be95006c1988e41789e2ecfa12c9,sofa,complete,False,bbox_inertia,open_mesh,
13ac0c45a1eb5c63d8749867369e91783827f820,soap dispenser,complete,False,bbox_inertia,open_mesh,
13b2717b0c09ed6e1262d0af948458c4434340fc,pendant lamp,complete,False,weld_or_static,open_mesh,
13b578b029ed8025c93a6cd021f1fed3906dffc2,ashcan,complete,False,bbox_inertia,open_mesh,
13b85704c2608ad9f2a378a3639ca41b6eb67f1f,table lamp,complete,False,bbox_inertia,open_mesh,
13c59b483a68b2a5749ec3a85e0c2f94485f06c5,wall art,complete,False,weld_or_static,open_mesh,
13c6bb06c803e021b8fd9b6244a065b795cd05b5,easy chair,complete,False,bbox_inertia,open_mesh,
13cb09aee83d15650e323d09d7f8a1c2fb1da4a4,sink cabinet,complete,False,bbox_inertia,open_mesh,
13cd727eef03bb9fcc20317540c99407250bc4a4,stool,complete,False,bbox_inertia,open_mesh,
13d8d7ad96820d3d675eb710644f2f4e21a7178a,jar,complete,False,bbox_inertia,open_mesh,
13dbb657414706f4c3ba192d2875ea2c7478b710,console table,complete,False,bbox_inertia,open_mesh,
13f59be6cd2d0f811fdfcafb794bde1a513ecbde,basket,complete,False,bbox_inertia,open_mesh,
13f97467bd246034cb2116743ff641a25e694429,pendant lamp,complete,False,weld_or_static,open_mesh,
13fb5e59f1f43a212565ecccb938cef340453b13,desk,complete,False,bbox_inertia,open_mesh,
13fe6d40a8869913ca6623bc6ed25dbcffb7da0d,vase,complete,False,bbox_inertia,open_mesh,
1404f8d65e562307f0fead3fd0d408c34f0af26a,vase,complete,False,bbox_inertia,open_mesh,
14065a663da987f31fdb35db12e364c1c7347d54,table,complete,False,bbox_inertia,open_mesh,
141c067d6967761f866b216586186a1c1f5b70f4,rug,complete,False,bbox_inertia,open_mesh,
141dd97fde5601e6c4fb47e9e08b4b489686a500,ashcan,complete,False,bbox_inertia,open_mesh,
14253175da7cf53afa64c928c14bd4b803178bc6,toiletry,complete,False,bbox_inertia,open_mesh|invalid_volume|center_of_mass_out_of_bounds|inertia_not_positive_definite,
1427645acd77fd0a543576c3be9afe8ad4ffe84f,bench,complete,False,bbox_inertia,open_mesh,
142ce732ee1182836ecc42830d89362c66f8df94,wall art,complete,False,weld_or_static,open_mesh,
143ead4a3edbe7d4547d6d546ad095f6285c9082,dining table,complete,False,bbox_inertia,open_mesh,
14472289b14fcc1132137b9a8f8fe4e1ce47aa2e,kitchen cabinet,complete,False,bbox_inertia,open_mesh,
144983629035bda38fb70b88dce275e59bb0eea3,chandelier,complete,False,weld_or_static,open_mesh,
144f299fdf4bacb8637a38422a8483c554241a8c,seat cushion,complete,False,bbox_inertia,open_mesh,
14510d4af57832b9517f8f5df9e83d77c7218719,cabinet,complete,False,bbox_inertia,open_mesh,
14532900bdcd0f7a4599249c4a3a8a74c7facb3f,cabinet,complete,False,bbox_inertia,open_mesh,
1454627136fb69911761ccacb4f352982c8e0fc1,pendant lamp,complete,False,weld_or_static,open_mesh,
1461928cfa837a8a0f1115034e364b0dd8a11570,wall art,complete,False,weld_or_static,open_mesh,
146dc208671d90e03056526a1aca4cb3173d5d68,swing chair,complete,False,bbox_inertia,open_mesh,
14710f3f528e3728a6228b9f56d41076c0d8cabe,cabinet,complete,False,bbox_inertia,open_mesh,
1472a0b835223f7c39e850146dbde04d28e99da1,tissue box,complete,False,bbox_inertia,open_mesh|center_of_mass_out_of_bounds|inertia_not_positive_definite,
14745de7201278b6521cc9f1aa7f00ea8e8ab5fc,chair,complete,False,bbox_inertia,open_mesh,
1475e58f333d92a3a385cbdd34dd14c7d9e99c72,chaise longue,complete,False,bbox_inertia,open_mesh,
147720973c70dcee789e80bfaa4d374ff3bbaf97,chest of drawers,complete,False,bbox_inertia,open_mesh,
147a4c3bc93ffeaae34b51ee2da840d1ace56d54,l-shaped couch,complete,False,bbox_inertia,open_mesh,
147d4d5a73fcbcdaadd98b941ecf03a8fc14c2a8,coffee table,complete,False,bbox_inertia,open_mesh,
147da1e14bafbad645213ad47a2d794e4571b08e,railing,complete,False,bbox_inertia,open_mesh,
1480d369cd003846445b264d412755cbb133627a,sculpture,complete,False,bbox_inertia,open_mesh,
1480f37810b55eb9a862a4b2453cc975d2839327,wall art,complete,False,weld_or_static,open_mesh,
148a13d1dd62547e4fd84e1009f2e9ea1f19076a,kitchen island,complete,False,bbox_inertia,open_mesh,
14934faf2cae9e4bdaed5a0586d0a86bd866424c,stove,complete,False,bbox_inertia,open_mesh,
1498701aa8c4e661812cdc827c8877fc19454fb1,ceiling lamp,complete,False,weld_or_static,open_mesh,
14a07cf549c39501f508c25a4b4ba0d93cd5f4dc,tapestry,complete,False,bbox_inertia,open_mesh,
14a55d7cdd6f72794835d1580ec491b47e16155e,cabinet,complete,False,bbox_inertia,open_mesh|center_of_mass_out_of_bounds|inertia_not_positive_definite,
14a5d16e99eb93da52f1b528b272d15ac2e81fd7,wall clock,complete,False,weld_or_static,open_mesh,
14a682a0e44d7829c127ac18880646709b9738c7,pendant lamp,complete,False,weld_or_static,open_mesh|center_of_mass_out_of_bounds|inertia_not_positive_definite,
14a6b433823f5e523d19b37af902745ef2b6a618,dining table,complete,False,bbox_inertia,open_mesh,
14a80e8ae7210886c4ca10cfa30fca3805d6c082,wall art,complete,False,weld_or_static,open_mesh,
14b8b72a08380f9f7f13fbb0eef83344a2c11c33,vase,complete,False,bbox_inertia,open_mesh,
14b974e9ef733a0a753ea88b1633551271031a0d,armoire,complete,False,bbox_inertia,open_mesh,
14bb88e168278fed38a7511f2a571d32be7922d3,buffet,complete,False,bbox_inertia,open_mesh,
14bcd7fc60f182da743458c89f5727ef1b045824,"swivel chair.n.01,ball chair",complete,False,bbox_inertia,open_mesh,
14bdc1398760aef6d8757e2dd6a1c674d7851e66,potted plant,complete,False,bbox_inertia,open_mesh,
14c21c8ae4f467a828e8af347eedb51a85f68dc3,railing,complete,False,bbox_inertia,open_mesh,
14d3159664ea16859019f306ef64b59c18a65f6e,sink cabinet,complete,False,bbox_inertia,open_mesh,
14d64455909d28273a62e8ca4d2c4810f214c5ad,coffee table,complete,False,bbox_inertia,open_mesh,
14da8ccd3f70bf394ae0937f47a77c898bfa6ad4,beanbag chair,complete,False,bbox_inertia,open_mesh,
14db96768bfde9adf3856c947d0f04b77a4542d5,"letter.n.02,wall decor",complete,False,weld_or_static,open_mesh,
14de2ec5a5fc9c1cb107f4c498b2c29a4222494b,rug,complete,False,bbox_inertia,open_mesh|center_of_mass_out_of_bounds|inertia_not_positive_definite,
14e43de7e803f8d42e974f35cef746dcb7b57ed9,vase,complete,False,bbox_inertia,open_mesh,
14e68d6ffc79d8ecbc7cc9e5598214956b9ac833,kitchen scale,complete,False,bbox_inertia,open_mesh,
14eec36e26211ebb7a14a24a85800ff206c9f4ca,ceiling fan,complete,False,weld_or_static,open_mesh,
1517d14509471540add27760fb8b0ae3ee8b61ec,washer,complete,False,bbox_inertia,open_mesh,
151bf0648e376a55f4f90d0f0a8c3b05fc93617e,throw pillow,complete,False,bbox_inertia,open_mesh,
1520472dfd763a8cb0f1b2a447bce437827b8776,flower in vase,complete,False,bbox_inertia,open_mesh,
1520eff520f4a23f344e9f30d17d198126f17b61,chandelier,complete,False,weld_or_static,open_mesh,
1520f695cc022d759701159cfea0c0f75aaa92c6,end table,complete,False,bbox_inertia,open_mesh|center_of_mass_out_of_bounds|inertia_not_positive_definite,
152467fbf5b1840b84adcdb59ead3cebee3bd9aa,tv stand,complete,False,bbox_inertia,open_mesh,
152f61d2589e4179343918ca092d04620b0f8125,throw pillow,complete,False,bbox_inertia,open_mesh,
1537b12fde24e7159d2cb7eb5aa71848229a2ba6,telephone,complete,False,bbox_inertia,open_mesh,
15415d66ffba409b87c9da81257442c7cbda52f8,basket,complete,False,bbox_inertia,open_mesh|inertia_not_positive_definite,
1545dff46c628df670d35950119834dbb0d7cdf3,bench,complete,False,bbox_inertia,open_mesh,
15490370aa12d111f28e84d7a0e597b284e549a7,"mantel clock.n.01,radio receiver",complete,False,bbox_inertia,open_mesh,
154a50fd28359d5d756bb7764ab0dad2e0ffd755,coffee maker,complete,False,bbox_inertia,open_mesh,
154d66875db6f62d193316ae976efe91e0a1da20,"toilet brush.n.01,toilet brush holder",complete,False,bbox_inertia,open_mesh,
15575803971a25fdb2473fb93618a8027cb95470,wall sign,complete,False,bbox_inertia,open_mesh,
155c182834f40ebb1d5666d3a72ee828e097097a,nightstand,complete,False,bbox_inertia,open_mesh,
1569d731e084976cdc7df28661717da5563ef057,headboard,complete,False,bbox_inertia,open_mesh,
15884b59db8c55f7b3967058d977831c764ad61e,mixer,complete,False,bbox_inertia,open_mesh,
1598d65a5ac4351307afa9fbc6b50ae0506a7b13,swivel chair,complete,False,bbox_inertia,open_mesh|degenerate_faces,
159bf5492ae814da9aa9a5076cf79b02e0e0c056,table lamp,complete,False,bbox_inertia,open_mesh,
159d8241274cdf8c553cf43e636490086a80ca71,monitor,complete,False,bbox_inertia,open_mesh,
15a52ee6c5537d0f5feb74806e5e55b74356cc14,chair,complete,False,bbox_inertia,open_mesh,
15a81c5727eba4e4a4161e1cf2c76fe2c601ae15,buffet,complete,False,bbox_inertia,open_mesh,
15c0bd474aa43ea3156a6d33a23dc58384ac68ba,nightstand,complete,False,bbox_inertia,open_mesh,
15c9b29a5b9fca8a71064714b0d2c9ba0dab7246,bookcase,complete,False,bbox_inertia,open_mesh,
15e49a5f07b3886e5cbcd89575a24544af73b868,wall art,complete,False,weld_or_static,open_mesh,
15f53f8b627d71783e56db67e71fe075a018959c,cabinet,complete,False,bbox_inertia,open_mesh,
15f855ce9a9dfddd0a5e1353cf18ee356c14a676,rug,complete,False,bbox_inertia,open_mesh,
1602fcc53f62b409ae18ff2efd809365815dc2a1,serving cart,complete,False,bbox_inertia,open_mesh,
160a64a79b995dddbcb9c453b51c8e85b27b4fec,armchair,complete,False,bbox_inertia,open_mesh,
16100ba2844b8f89c2ba6e30677d13ffe45d82a7,double bed,complete,False,bbox_inertia,open_mesh,
1619e2e6a18d5d374963a3a4280f7a6d76356079,desk,complete,False,bbox_inertia,open_mesh,
162b4675701b317ca762188567f7d5c672e70f84,wall art,complete,False,weld_or_static,open_mesh,
163cdd355d2d228880dd6ed6f3fc5b49f7ba538a,bookcase,complete,False,bbox_inertia,open_mesh,
164893a817b66c18cadf1b98ee74c3513bf2efc5,"shoe rack.n.01,cabinet",complete,False,bbox_inertia,open_mesh,
1658a3a14f127cb46959f58e5b525f112470baef,rug,complete,False,bbox_inertia,open_mesh,
165eaf798d531472c34495ad8c975ca5b9bdc69b,fireplace,complete,False,bbox_inertia,open_mesh,
165f38ff3fb3ab5b6280bb741e4158728693bb1d,ashcan,complete,False,bbox_inertia,open_mesh,
1663b946dd2c160317930f5b2eb724549409e6b0,coffee table,complete,False,bbox_inertia,open_mesh,
166b9cdc66cc71ff63ce40db1050166f2fa45845,china cabinet,complete,False,bbox_inertia,open_mesh,
166d9fdd78f4d38341368ff029b040a9f177968a,wall art,complete,False,weld_or_static,open_mesh,
166e3b0a2795ca9b9ba59302f78b8889f3ac482b,potted plant,complete,False,bbox_inertia,open_mesh|inertia_not_positive_definite,
1672e0bc1abcdde2fd45c13b85d7bcf74f2f8236,armchair,complete,False,bbox_inertia,open_mesh,
1673f85e235a423a01c564c2c97e8f45f196df44,wall mirror,complete,False,weld_or_static,open_mesh,
1685e0b715f5bd19b0714cfe728d3640d194af23,end table,complete,False,bbox_inertia,open_mesh,
168f411e465aa38b119161823d180e0fb278b430,wall art,complete,False,weld_or_static,open_mesh,
16a340287e719f8d74a688937636a6dfce46d1c8,wall art,complete,False,weld_or_static,open_mesh,
16a4e41e6085b65ee5f86acabc8c7185d84c4749,nightstand,complete,False,bbox_inertia,open_mesh,
16a99733b190b0ce996a321530d38236d0430117,bench,complete,False,bbox_inertia,open_mesh,
16b8266b112b2e599db5e932e46accf75ca9d64d,flower,complete,False,bbox_inertia,open_mesh,
16b93d86d1a466f5982e60c8d322ddd8f312056e,armoire,complete,False,bbox_inertia,open_mesh,
16bf4d1156695ceef23139aec039e6d65283d39e,wall mirror,complete,False,weld_or_static,open_mesh|degenerate_faces,
16c33cffd5b62d0d5df5ed6dd607f690ce2ee7c7,washer,complete,False,bbox_inertia,open_mesh|degenerate_faces,
16c8a67fc705ac6a3c853a29c0775f5c28714e86,sofa,complete,False,bbox_inertia,open_mesh,
16d7b6b86bb1831e6ac600d7fe6d9d3fd2444206,armchair,complete,False,bbox_inertia,open_mesh,
16da83fb5f0ad7b7740ac52cbb580f3ad8d2cdf7,swivel chair,complete,False,bbox_inertia,open_mesh,
16dbc96620905f36f8e0822f2683ce7d0884db26,swivel chair,complete,False,bbox_inertia,open_mesh,
16dd3daef1063f7a85d7fba7fc0a25b8b2146802,wall art,complete,False,weld_or_static,open_mesh,
16e384ae69cb9345e945d69ded31e550cf6fa702,end table,complete,False,bbox_inertia,open_mesh,
16ed94e42536cb7cdeeaa42095eaad1950dfb811,table lamp,complete,False,bbox_inertia,open_mesh,
16f99c186c5cbf0cfc342676beb855124ddf2194,desk,complete,False,bbox_inertia,open_mesh,
17087b7bf76838097e65e2c8c34cc6cae7555bc8,wall hook rack,complete,False,weld_or_static,open_mesh,
1708a446943ad7ae5829179c4b5859217a5a6391,chair,complete,False,bbox_inertia,open_mesh,
1713b7870401f42349f41c6937f55b3986b7edae,wall clock,complete,False,weld_or_static,open_mesh,
171c0d2a27fed654c21b8a888e430e70674195e3,dining table,complete,False,bbox_inertia,open_mesh,
1720b30ec70192981ee46cd391df2ae8ca6d8421,wall art,complete,False,weld_or_static,open_mesh,
172474fbd024f19c26fd3088b20d9db40a4b1bc1,potted plant,complete,False,bbox_inertia,open_mesh|center_of_mass_out_of_bounds|inertia_not_positive_definite,
17292deefa4135485bbcbcdbaa366b951ddc7075,potted plant,complete,False,bbox_inertia,open_mesh,
1731c33f579e34c18cd381681b8ececfb86574ec,flower,complete,False,bbox_inertia,open_mesh|center_of_mass_out_of_bounds|inertia_not_positive_definite,
173e5601f4ccf2f9db8cfd5829f9df5313525492,ceiling lamp,complete,False,weld_or_static,open_mesh,
174110f86e639cdcef0670d5e6de334338cd22fd,kitchen cabinet,complete,False,bbox_inertia,open_mesh,
174666b4a100a3e62f73d11e96a2ff9c432cd731,end table,complete,False,bbox_inertia,open_mesh,
175c2b4dce31f4f1ea0ce2579a46eb1cc8090299,chaise longue,complete,False,bbox_inertia,open_mesh,
176231135919109c4f5570749623ffae251668d9,trunk,complete,False,bbox_inertia,open_mesh|degenerate_faces,
1762e0824bb0281453ac1af4800990b8fca7dc26,wall art,complete,False,weld_or_static,open_mesh,
177431d8a9f2217dff12759e3613c3594cbf0567,wall mirror,complete,False,weld_or_static,open_mesh,
177465eafc83071ab64d7e48f6cfaaadec90c86b,shower stall,complete,False,bbox_inertia,open_mesh,
1779f202a3be463c1d6775a702a7dacf93d5ff4a,potted plant,complete,False,bbox_inertia,open_mesh|center_of_mass_out_of_bounds|inertia_not_positive_definite,
1783a121bcc1e1649b1483af2477b86752d5b4f5,table lamp,complete,False,bbox_inertia,open_mesh,
17a04e30401165d49c85421b1997650d943ac75b,swivel chair,complete,False,bbox_inertia,open_mesh,
17a563b45ad4ccdd0ec9e026cacb949657536e48,armoire,complete,False,bbox_inertia,open_mesh,
17a798d622e72f0fc73d6bebf1aeb04e525c494f,wall mounted screen,complete,False,bbox_inertia,open_mesh,
17a8f7c040254439fe8771f66f1c526c71d24904,bookcase,complete,False,bbox_inertia,open_mesh,
17ae065b2cc45c98e470fe2610bdfb508985a965,wall art,complete,False,weld_or_static,open_mesh,
17b9d6c36508399b034d5e0acb0ce5ee81502a0c,fence,complete,False,bbox_inertia,open_mesh,
17badf2b17961a3c129aad04a0738078580c1a07,firepit,complete,False,bbox_inertia,open_mesh,
17be602f57432ee4d40ae84bcb577584681e9479,bathtub,complete,False,bbox_inertia,open_mesh,
17bf8b2b6b9eedd4d31a2b1c183b89dc7cf9d15f,bookcase,complete,False,bbox_inertia,open_mesh,
17caf152a2dd87854a20215cbf4652b7933b7cfe,"drawer unit.n.01,file",complete,False,bbox_inertia,open_mesh,
17d34f93062191a7fe920a15c58432935e5a902a,hedge,complete,False,bbox_inertia,open_mesh,
17d6133dab9e575e9e2e204a4275aee6876fa65e,wall art,complete,False,weld_or_static,open_mesh,
17d794589c8a8f9ea1eec282ef041dfb6f2ebd46,wall art,complete,False,weld_or_static,open_mesh,
17ddb4738090f1d3f93d45865fcfaa2cae376d3f,wall art,complete,False,weld_or_static,open_mesh,
17e2507eea68af93028d916febbb454000034538,wall art,complete,False,weld_or_static,open_mesh,
17e3ab9295832bd22e220a7f861580bb5aaeb007,toilet,complete,False,bbox_inertia,open_mesh,
17e4cb6839f400d7caa33dfaa11510ff840247a4,kitchen island,complete,False,bbox_inertia,open_mesh,
17f604e099a148d4e9ab740065361118fd37bafe,wall mirror,complete,False,weld_or_static,open_mesh,
180b7d1568055fbd98a2beea6e4ebf87cc3cc13a,wineglass,complete,False,bbox_inertia,open_mesh,
181c6cc89b3754c7fe5e4b0086dc92658f7d1739,ball chair,complete,False,bbox_inertia,open_mesh,
18211c9f8de13eb6f7360f199b86d36d1fe93401,wall panel,complete,False,bbox_inertia,open_mesh,
18345452009b1daa5f9f466697b2b6eeafd21afb,throw,complete,False,bbox_inertia,open_mesh,
183616ff4a41ac27ce0b8456acb0837c5135ca76,nightstand,complete,False,bbox_inertia,open_mesh,
183de9f61a9c362d58ac340058ecddc54da18809,console table,complete,False,bbox_inertia,open_mesh,
184382b6dbdf95f4eecaa8ebf14a524ed16cf060,bar stool,complete,False,bbox_inertia,open_mesh,
1855c313ca1e3d7ea862bfef2366a95a18e676d9,rug,complete,False,bbox_inertia,open_mesh,
1857e7e42b468aa86d32b4ced3495b3cd4f8d1cf,wall clock,complete,False,weld_or_static,open_mesh,
185b765e39665c26e8dbe070467bc8b8d5cd9a93,loudspeaker,complete,False,bbox_inertia,open_mesh,
185df6a6978441ac0370961942d1922af1d234f6,buffet,complete,False,bbox_inertia,open_mesh,
18639a5758617511f14c82073dde0030a53c62f9,wall art,complete,False,weld_or_static,open_mesh,
186d2c3104f4cc0110c686e2b216c3f20112c63c,hanging cabinet,complete,False,bbox_inertia,open_mesh,
186e6bb9df1eacbdcc725b52e49b9cd8ddc6afdd,wall art,complete,False,weld_or_static,open_mesh,
18713a4f8e71de6225f4de948268d4a74fbd8d9a,potted plant,complete,False,bbox_inertia,open_mesh|inertia_not_positive_definite,
18761d298787988ea4c77fea86e961415f1048e8,potted plant,complete,False,bbox_inertia,open_mesh,
187dddac5e4f98953f50784701495a89dad1ef39,window curtain,complete,False,weld_or_static,open_mesh|invalid_volume|center_of_mass_out_of_bounds|inertia_not_positive_definite,
187e3f5029cc299eb960c47a38493fed66b3d127,ashcan,complete,False,bbox_inertia,open_mesh,
188c1fa84ac72c9d9f17430052459e4cfebc0f81,book,complete,False,bbox_inertia,open_mesh,
18907e173849a4276315f8932a121033906d5c70,end table,complete,False,bbox_inertia,open_mesh,
189c4deccb4c8f936ba9ae9dc14c719f19fee2ba,wall art,complete,False,weld_or_static,open_mesh,
18a2fab4d1fe71c969e654740028d422d18ad9b6,vase,complete,False,bbox_inertia,open_mesh,
18a4123fd8ba8cdccf24e2d70c19d601244a0ff7,coffee maker,complete,False,bbox_inertia,open_mesh,
18a5ab4d9f66855d5fcf59051ec83820a4a49f14,wall art,complete,False,weld_or_static,open_mesh,
18b5dcc348f82846bedb0ed4fcdd71dd15a06f53,table lamp,complete,False,bbox_inertia,open_mesh,
18c27e6de6793e951029c5f24de25005283cf29a,basket,complete,False,bbox_inertia,open_mesh,
18c70042058e30b46be5c8f856f215bb78377f2c,console table,complete,False,bbox_inertia,open_mesh,
18cdc18b9629a5f1bfb31f035cfe28007f6540ba,cabinet,complete,False,bbox_inertia,open_mesh,
18d33c5c5df8b177bab1b8d8673ff67e58de0bb8,wall art,complete,False,weld_or_static,open_mesh,
18e6fa40bb534fe88001d8a79022fedbdfa58e54,book,complete,False,bbox_inertia,open_mesh,
18eddeceba520df015d106ff28b0f3915ed4335c,sofa,complete,False,bbox_inertia,open_mesh,
18fd3a8740b26c869ac5b9c4d47aa0f5fccae408,stool,complete,False,bbox_inertia,open_mesh,
18fd59f9abdfcfbf6972dbf09f65f6351cb856a1,coffee table,complete,False,bbox_inertia,open_mesh,
18fdedbda00326005b6dc1690e05a523d8a191ec,switch,complete,False,bbox_inertia,open_mesh,
19079bc04b922fbf1b9ffac1983b0f088fe1eab8,throw pillow,complete,False,bbox_inertia,open_mesh,
1912c271d943514ac9df576d2661f763f8a2ec49,wall art,complete,False,weld_or_static,open_mesh,
192058f7a2616b43aab4add1e24b40a1d62713f7,string lights,complete,False,bbox_inertia,open_mesh,
19279a6433e47450b7638d0e7dc2ae31c55cbac5,clothing rack,complete,False,bbox_inertia,open_mesh,
1929d5de4857ea4efe506b4637a63222e40e3960,kitchen island,complete,False,bbox_inertia,open_mesh,
1936eeeacfd588ac2998e1e70f7a27cb31dbf19d,chandelier,complete,False,weld_or_static,open_mesh|center_of_mass_out_of_bounds|inertia_not_positive_definite,
1937e3b483709d9daeb484909ae1a006f180ead2,wall art,complete,False,weld_or_static,open_mesh,
193d97025ef0a2ac10259cda2e74d3fa1b7baca6,range hood,complete,False,bbox_inertia,open_mesh,
193f8007669b484da104bb34c3d367210647e480,throw pillow,complete,False,bbox_inertia,open_mesh,
194162dfc40d2bdb63a4450220c6f440b30c2a1b,chair,complete,False,bbox_inertia,open_mesh,
1943726018bc88e96a8fa16fd6f8d88523d75abc,potted plant,complete,False,bbox_inertia,open_mesh,
194a3f873d2434022f92e2ff43d804cfb9645e73,end table,complete,False,bbox_inertia,open_mesh,
194d75d153262a00f318ea5359aacf00a6edab98,sofa,complete,False,bbox_inertia,open_mesh,
195d3263dd9198d356a0a4759e0f0fab21ebdd53,wall art,complete,False,weld_or_static,open_mesh,
1961685eb689d8a3f46dc0f5ceb69cbd00d315df,cabinet,complete,False,bbox_inertia,open_mesh,
196d29f92b7b97d30bce126d87fe3f6b0e4e6d07,wall lamp,complete,False,weld_or_static,open_mesh,
197a447eb68ba32ab44c50948b3af1e63048e174,"stove.n.01,oven",complete,False,bbox_inertia,open_mesh|inertia_not_positive_definite,
197d075a8133c29eace426e856c13cfa9cea5b2d,medicine chest,complete,False,bbox_inertia,open_mesh,
198459120142c19e59b9d94063326307dba1be5b,cabinet,complete,False,bbox_inertia,open_mesh,
198fc645c6af2f5a04060569dfd2d1f86ea449bf,wall art,complete,False,weld_or_static,open_mesh,
1998a26f8bf84bbf660d14cdc32774e66ce6d33d,sofa,complete,False,bbox_inertia,open_mesh,
19a8974d385a12a5a1f51c0c615fa5a52d65a50e,wall mirror,complete,False,weld_or_static,open_mesh,
19ab91116ae6cded08529445a0ff2f6e5fd025b1,sofa,complete,False,bbox_inertia,open_mesh,
19b181ef136dd9cbbea4505899f9015c58dca260,refrigerator,complete,False,bbox_inertia,open_mesh,
19b47ecd92522c97126518f0fa64f9599b33f59d,armchair,complete,False,bbox_inertia,open_mesh,
19bc84c6aca89995b69259a0ec179eaa5532ba2b,armoire,complete,False,bbox_inertia,open_mesh,
19c7d98ce8c620cd916b4fe978c565b065edcea1,pendant lamp,complete,False,weld_or_static,open_mesh,
19d770d71094e9160fdcdfec57bed4683afcd1e4,armoire,complete,False,bbox_inertia,open_mesh,
19d88a8076ec5be2a180c3eb046cac0908815b56,coffee table,complete,False,bbox_inertia,open_mesh,
19e21813ec7fbaf9cf4a5c6fdda6e2725c10a70f,fireplace,complete,False,bbox_inertia,open_mesh,
19f7ada63de257ac8c10cd66913617f0445db011,table lamp,complete,False,bbox_inertia,open_mesh,
19ff8cf0a77b67a87ba9959cfc39212a9c9dfc72,wall art,complete,False,weld_or_static,open_mesh,
1a0bcf92df71bfd833ebe43fa86d39ab2f16df78,king bed,complete,False,bbox_inertia,open_mesh,
1a14c3bf3cb4bf8dac60ca4feebac008ab3260af,toaster,complete,False,bbox_inertia,open_mesh,
1a1e2f3ba84e6f4dfa2cdec6c41b13f7cf4d94c9,wall mirror,complete,False,weld_or_static,open_mesh,
1a1ffc43ec21c48b12650b72f77709d5a74f2697,throw pillow,complete,False,bbox_inertia,open_mesh,
1a26d3e30c811b5e0556b14e7d642292be2652eb,window curtain,complete,False,weld_or_static,open_mesh,
1a35068dca3164421dac89d8004578e33275e716,sofa,complete,False,bbox_inertia,open_mesh,
1a3690a82684cee7f0a6b0cd7b37802252413867,floor lamp,complete,False,bbox_inertia,open_mesh,
1a37a31d819e3655556a25c7d36571d2833d79b0,soap dispenser,complete,False,bbox_inertia,open_mesh,
1a3975bbd2e01e0ee0e1dd01a204bfc39dac32fc,sofa,complete,False,bbox_inertia,open_mesh,
1a3aa780ea4e295348c1d9f47a0ff22b06bd68cd,end table,complete,False,bbox_inertia,open_mesh,
1a3ab8e3d8569a2a2e2b6f8510af417848b71c6a,plush toy,complete,False,bbox_inertia,open_mesh,
1a3c0a51185fba88cb9d2289992ba25b3ec77352,dining table,complete,False,bbox_inertia,open_mesh,
1a3cdd72708cd77010453af1bddc78982ca792c0,armchair,complete,False,bbox_inertia,open_mesh,
1a40321a6bd298e40f2ebc60cdc9d8073e449771,table lamp,complete,False,bbox_inertia,open_mesh,
1a410a0dd43016b5b8ef47c09fc11d38b8d85917,coffee table,complete,False,bbox_inertia,open_mesh,
1a4298f80bcfb5ea303e7f71e84943634059b763,pendant lamp,complete,False,weld_or_static,open_mesh|inertia_not_positive_definite,
1a44123862060fbb756d2380516852ab8f7304b2,pendant lamp,complete,False,weld_or_static,open_mesh|inertia_not_positive_definite,
1a4841c613e9f5c2ba492107fb6aff4692c564a4,end table,complete,False,bbox_inertia,open_mesh,
1a4e8fd1ea5f9e24545eaa3f414e763e0345a4c8,footstool,complete,False,bbox_inertia,open_mesh,
1a53d38ac773a8136cda14fcfb82307409dce641,towel rack,complete,False,bbox_inertia,open_mesh,
1a570da5ae0c4d1d51c94be81d7248f155a0dcef,kitchen cabinet,complete,False,bbox_inertia,open_mesh,
1a648c8b989d99b2fbdf2aceac83388b29156b41,rug,complete,False,bbox_inertia,open_mesh,
1a6b779033e0f9f9936970d79af01ed7653e4321,cup,complete,False,bbox_inertia,open_mesh,
1a83f76b3e1e0d00521c4cc2c791e94ae7af4f5a,armoire,complete,False,bbox_inertia,open_mesh,
1a8882095aa1aa7e9d4ab68d4b36533f833f6d7b,nightstand,complete,False,bbox_inertia,open_mesh,
1a9c231dc75f2b174f89ce7bd89e0935c99d91a0,gym equipment,complete,False,bbox_inertia,open_mesh,
1aaa92f4c3f79ecef8fd7e61f1f8f509d08c78fd,basket,complete,False,bbox_inertia,open_mesh,
1ab37dd4718602cf2b6f55270f0253e1ecd0a7d0,flower in vase,complete,False,bbox_inertia,open_mesh,
1ac70dacdad73ec3d717c58e748b450f54989b78,hamper,complete,False,bbox_inertia,open_mesh,
1adbcbaa66f4bcf584d5dc2df0cce4cdfba1e059,pendant lamp,complete,False,weld_or_static,open_mesh,
1ae28bd1ab618abdb53ec898d9df23b20423e2ec,pendant lamp,complete,False,weld_or_static,open_mesh,
1ae6aaf53efcc4d2369b730696bbb0967291533a,wall art,complete,False,weld_or_static,open_mesh,
1ae8c4f6788085660e6aa356365e434b1c988d4d,wall art,complete,False,weld_or_static,open_mesh,
1aebe7d2500bfbcb0c6ec787a98a2b3701099ed7,tv stand,complete,False,bbox_inertia,open_mesh,
1b067ab0618fa063388c3ba661bc6da22075d7eb,"wall art.n.01,sign",complete,False,bbox_inertia,open_mesh|invalid_volume|inertia_not_positive_definite,
1b08c08513ae90ca235d9a51a9ce8cc174ae5c2c,wall art,complete,False,weld_or_static,open_mesh,
1b0e61394bfe15e3f5b414f988b319c3a6c17544,oven,complete,False,bbox_inertia,open_mesh,
1b11564b8adeb14a283bdf533e4996ebf70a2438,bookcase,complete,False,bbox_inertia,open_mesh,
1b2aeea2950a58551e6463fdbaefc03a7a912fff,throw pillow,complete,False,bbox_inertia,open_mesh,
1b304edb39e3ba6b9d91595c9866afa2a4150f07,rug,complete,False,bbox_inertia,open_mesh,
1b37271d2d52124cf69fa91a2acb11a6dde262f2,whiteboard,complete,False,bbox_inertia,open_mesh,
1b39ee78aeac5aa29a473a044e03e6fd4dd2deb4,kitchen cabinet,complete,False,bbox_inertia,open_mesh,
1b3a5dd7d2a94add4a978d2516e7158980da0cb2,nightstand,complete,False,bbox_inertia,open_mesh,
1b4359cec4e8321f0477daa2981fad83b5379f39,chest of drawers,complete,False,bbox_inertia,open_mesh,
1b4711c1a5a9978cc2e7c57008f3d085c355d145,vase,complete,False,bbox_inertia,open_mesh,
1b52e8cc672a1273dc0e0ebf73c38235a5cb6a29,wall art,complete,False,weld_or_static,open_mesh,
1b54beca073eb39b2b8b4787e966cee3abb62f8d,wall art,complete,False,weld_or_static,open_mesh,
1b56b976aad19793f95dece0541b75380b422dc7,wall art,complete,False,weld_or_static,open_mesh,
1b706dbc65e1ecf00016d464cb3ee9bccb7dc96a,throw pillow,complete,False,bbox_inertia,open_mesh,
1b71e558829364ccbecc91019fa15d6310bbde63,armchair,complete,False,bbox_inertia,open_mesh,
1b7697ecf802c54584ed04981dd9f450de83a448,"toilet paper holder.n.01,toilet tissue",complete,False,bbox_inertia,open_mesh,
1b7f8e7466fd35725ff1b8eff84e66bd90875a4f,chest of drawers,complete,False,bbox_inertia,open_mesh,
1b800589a7e3a9d0bf36024b83de37ff5f72664c,table,complete,False,bbox_inertia,open_mesh,
1b8049a707cc4f4b440d7a60b24dcf73065aaa88,teapot,complete,False,bbox_inertia,open_mesh,
1b83d02f7e17f92c8bcf04b840e40fd42684abce,desk,complete,False,bbox_inertia,open_mesh,
1b914fb6bcc81386bfa1ff7a3eb8412b7ac581ff,table,complete,False,bbox_inertia,open_mesh,
1b988a392917b300ee19160a30ac8682255e265c,potted plant,complete,False,bbox_inertia,open_mesh|center_of_mass_out_of_bounds|inertia_not_positive_definite,
1b99ac87378c8d948f2981f9fe423b551e6cbdbe,mirror,complete,False,weld_or_static,open_mesh,
1b99c5e2becf01d236f7321c0772ff1e60990260,wall art,complete,False,weld_or_static,open_mesh,
1ba2636c1bb5059bcddfbf12939ee974c077a98d,wall art,complete,False,weld_or_static,open_mesh,
1bb66668829970ef66295bb7e8b946b6974b55ca,kitchen cabinet,complete,False,bbox_inertia,open_mesh,
1bb8d0820820960b63a24ce33d278bdb55467210,rug,complete,False,bbox_inertia,open_mesh,
1bc20d448937a6c0c1936b28486a110f31093947,cup,complete,False,bbox_inertia,open_mesh,
1bc7b29ad3d8177e70e5e1e9802f361a19dc673f,throw,complete,False,bbox_inertia,open_mesh,
1bc9a87b437fc8122da6544293940445299cc518,wall art,complete,False,weld_or_static,open_mesh,
1bccaa8c2a6c0b6f918392ab2adce3c4cc57b2c4,buffet,complete,False,bbox_inertia,open_mesh,
1bd20c0904b0a85598a32a2de70c3a2facdf8e4d,vase,complete,False,bbox_inertia,open_mesh,
1bd6704498a67d278b0d47cbd09f287e435d9362,chandelier,complete,False,weld_or_static,open_mesh|center_of_mass_out_of_bounds|inertia_not_positive_definite,
1bdbc41434c66d5533b29f79cebd1d29367221e4,wall art,complete,False,weld_or_static,open_mesh,
1bf0baeb5c66c7be8dac14edeb36dc97479cb462,chest of drawers,complete,False,bbox_inertia,open_mesh,
1bf510cb9f1908f71c9e285ed5aa095d2ed01109,vase,complete,False,bbox_inertia,open_mesh,
1c050221a62689af16daa35f7e8a2140e2b6bd19,footstool,complete,False,bbox_inertia,open_mesh,
1c094fa03158472435f319ff499aef6f7b9ff883,potted plant,complete,False,bbox_inertia,open_mesh|center_of_mass_out_of_bounds|inertia_not_positive_definite,
1c0bbc026e76c09885dc5c6f156a6c3dec605d10,chest of drawers,complete,False,bbox_inertia,open_mesh,
1c0e97f21538bbb91fe87e8415432a2696706f2b,armchair,complete,False,bbox_inertia,open_mesh,
1c0ec6429c6a74334aa650008bb59f5acd01cffd,wall unit,complete,False,bbox_inertia,open_mesh,
1c15355e963f0a1a3f66077921d8bc6dd9b402c7,easy chair,complete,False,bbox_inertia,open_mesh,
1c17a41b78520864b7bc3e08679d904e89551d6a,basket,complete,False,bbox_inertia,open_mesh,
1c19a987e1bd8c206353d18066b117cc0b21e841,washer,complete,False,bbox_inertia,open_mesh,
1c1f8cb950c338c7685124f7cfba716c242435c4,plush toy,complete,False,bbox_inertia,open_mesh,
1c229b7472ef9f3f57c9106cafdba1a23c2a5321,armchair,complete,False,bbox_inertia,open_mesh,
1c230ccc009afe40944c518fa5c8513a5791ef5a,radio receiver,complete,False,bbox_inertia,open_mesh,
1c2885ea1bb5a23461ec5561f93dde711ffa8161,cake,complete,False,bbox_inertia,open_mesh,
1c2afebceeea2451ae9ce949c0b19399f5f0742e,wall art,complete,False,weld_or_static,open_mesh,
1c2d22ef7c8cb0f460d3a86a2b4439fad6c9eb9a,printer,complete,False,bbox_inertia,open_mesh,
1c33bd447d70d4d22116c434d912f1fae78e02b7,refrigerator,complete,False,bbox_inertia,open_mesh,
1c3a2db7f8e8ffe9ebb42e5285df71f3ddd3871a,throw pillow,complete,False,bbox_inertia,open_mesh,
1c3ca195a923c9a2a65f1f73b6d6e3256c768399,end table,complete,False,bbox_inertia,open_mesh,
1c3e39d4a0d3593c4bcd385c2652e834195f343b,door,complete,False,bbox_inertia,open_mesh,
1c3ffde96647f308130ca9ab026b50136f033071,"drawer unit.n.01,file",complete,False,bbox_inertia,open_mesh,
1c496968498fda0731cc970c4b32f7680943105b,kitchen island,complete,False,bbox_inertia,open_mesh,
1c4c0b1326a1fd104c43cdc9887696daf6154be3,wall art,complete,False,weld_or_static,open_mesh,
1c514e4ad1502d8ee2b4eda0052dad9ae2e76e7e,bar stool,complete,False,bbox_inertia,open_mesh,
1c5603d6b63bd34e29bc027bf54133269b3cc8cb,rug,complete,False,bbox_inertia,open_mesh,
1c575b69445489d5d649a8c166aafde69cfd8891,table,complete,False,bbox_inertia,open_mesh,
1c6ed193be6be328b2df8d5e5d083d3cacd5ecd9,pendant lamp,complete,False,weld_or_static,open_mesh,
1c7874f93ca418d7edebd150a7422095fd76897a,refrigerator,complete,False,bbox_inertia,open_mesh|degenerate_faces,
1c80bb93514e47de8704d4a61c60e6ed500aa25f,swivel chair,complete,False,bbox_inertia,open_mesh,
1c84c0925cebcd6b8a98b12a0dbb2c04c214da37,planter,complete,False,bbox_inertia,open_mesh,
1caaf72120003042457feff269ca894d240ce7a2,wall art,complete,False,weld_or_static,open_mesh,
1cb6834bf8bd189824829214189baf3f44efaaed,floor lamp,complete,False,bbox_inertia,open_mesh,
1cbc1654c529095c0bf4a81ec7b5794cb7ed9a80,rug,complete,False,bbox_inertia,open_mesh,
1cc7eb2d3474383e2c74bd8b65e966408f14471d,wall art,complete,False,weld_or_static,open_mesh,
1cc80590ed1037197f74cd8c2b66069a7cd350a0,wall art,complete,False,weld_or_static,open_mesh,
1ccad6983b2f452110705e8175626fc2760a106a,book,complete,False,bbox_inertia,open_mesh,
1ccdd93676483606fdf96f81d6111a7c0e3b1d9f,bench,complete,False,bbox_inertia,open_mesh,
1ccf240adc43432e3bad29950a96f18cfb8bd550,chest of drawers,complete,False,bbox_inertia,open_mesh,
1cdf3fae1e6c7c3e407fb4a5eaf8ebc51fbdc5b7,coffee table,complete,False,bbox_inertia,open_mesh,
1ce13a57a6caf25d1f15c8885663578db21cb261,potted plant,complete,False,bbox_inertia,open_mesh|center_of_mass_out_of_bounds|inertia_not_positive_definite,
1cf00d2a74525414edf2680768e760ac5299fe09,buffet,complete,False,bbox_inertia,open_mesh,
1d01396c2e559fabf007f7ed384055a63a23fa95,kitchen island,complete,False,bbox_inertia,open_mesh,
1d04ad185c04aa63c539897f538002019d1b5d3a,lantern,complete,False,bbox_inertia,open_mesh,
1d0796a5e6d504a3cf6f25bbd403eb98dd03f32f,blender,complete,False,bbox_inertia,open_mesh,
1d0eace356e1cdddd761a9aca1d6cfcc9685de42,cabinet,complete,False,bbox_inertia,open_mesh,
1d15c6172a86bc8729d2523ec7fed0fa0c991fb3,nightstand,complete,False,bbox_inertia,open_mesh,
1d16777b0f75aad9fff6585d66cbd2ba52edf81a,table,complete,False,bbox_inertia,open_mesh,
1d1c44e50bd959ab596f0fa3adbe72c7b9fd4004,cabinet,complete,False,bbox_inertia,open_mesh,
1d1fd43eff9f0b213287d73d9c023ab54e62e9eb,armchair,complete,False,bbox_inertia,open_mesh,
1d2f7be2080609eb2e8e1828da2dce5bc1c9028d,candlestick,complete,False,bbox_inertia,open_mesh,
1d38f7b0032aea0e6419d5041cac9d8bedc7dffb,chest of drawers,complete,False,bbox_inertia,open_mesh,
1d438cf2a0be5706ffdbd1489fbfb27f712589a0,wall mounted screen,complete,False,bbox_inertia,open_mesh,
1d4605b3818fd784ce4349f51f2889939fe35280,picture frame,complete,False,weld_or_static,open_mesh,
1d4c791bc456612a6f05f777196608e08d907178,wall art,complete,False,weld_or_static,open_mesh,
1d546f7ce3e3c5ca01b60041b56d9ab5f702a644,window curtain,complete,False,weld_or_static,open_mesh,
1d56bfcf213afcbe75c62331cae2b410900de0d3,tissue box,complete,False,bbox_inertia,open_mesh,
1d5a78b46d32bf41584c800a0dfa2536d7f0b395,nightstand,complete,False,bbox_inertia,open_mesh,
1d61b187e6264d5010ce83d371c4c46c9fadfa45,trunk,complete,False,bbox_inertia,open_mesh,
1d6275b17496af0183fe2c158332a8b8d3eea5b7,vase,complete,False,bbox_inertia,open_mesh,
1d63758f789dc3ff2d87488182910ddf31345799,wall art,complete,False,weld_or_static,open_mesh,
1d80d8ccdd14451e52220c700ec4a10789e3328d,chaise longue,complete,False,bbox_inertia,open_mesh,
1d89c14d0e90666f0da196b7a90ed7dbfa8ad1a5,"bar stool.n.01,chair",complete,False,bbox_inertia,open_mesh,
1d8f72e3edda7f5fa06d7977ecced3beec58084f,coffee table,complete,False,bbox_inertia,open_mesh,
1d953ca89df2e43c7f239aed8798e6a6bc573be1,table lamp,complete,False,bbox_inertia,open_mesh,
1da115f3a3943e928a6ed2758ba34d03f8c8d207,table lamp,complete,False,bbox_inertia,open_mesh,
1da192d2174cce1f3f1d7cac276231f443dfece6,toaster,complete,False,bbox_inertia,open_mesh,
1dae5e23441db2ef47858e16dac19339df94d798,floor lamp,complete,False,bbox_inertia,open_mesh|degenerate_faces,
1db216d86d19be53d64aff4695237b1822136466,chandelier,complete,False,weld_or_static,open_mesh,
1dbe19a8cc620118828f2c7bdf9395afceffcb3c,heating system,complete,False,bbox_inertia,open_mesh,
1dcc33676429b1c8cdef1b4780986001e1bb2625,jar,complete,False,bbox_inertia,open_mesh,
1dd1d62f7ee0db01a8b67719ed4105279bb937ba,floor lamp,complete,False,bbox_inertia,open_mesh,
1dd28e700f3a80e0301666679c43b3e61c99cce9,chandelier,complete,False,weld_or_static,open_mesh|inertia_not_positive_definite,
1dd7cd0346684af58a789f6f74348127a7fceaca,wall sign,complete,False,bbox_inertia,open_mesh,
1dda03fc75f767049a8ff62a35b7b056faa69a9e,shower faucet,complete,False,bbox_inertia,open_mesh,
1de3aa8f9a108b8567b0fc1243303bf728d796a9,table mirror,complete,False,bbox_inertia,open_mesh,
1deb8fb234f678ac5e06b4f967011c09eb8714ce,throw,complete,False,bbox_inertia,open_mesh,
1dee6bc9f29f4ce251d2f4008cd46740c65a9d51,wall art,complete,False,weld_or_static,open_mesh,
1df0b67524a2a46ba5655a6d401406f1271f675f,wall art,complete,False,weld_or_static,open_mesh,
1df891ae36f07eee49dd4555dad0e9b80e9f0255,wall art,complete,False,weld_or_static,open_mesh,
1e02ccacd49650831c151c5b4bfe5ab3928c5323,wall art,complete,False,weld_or_static,open_mesh,
1e0ef5832d4a8d7cee832ba2bb7a7ba04ae764f2,table lamp,complete,False,bbox_inertia,open_mesh|inertia_not_positive_definite,
1e136d52e3fca5c490e0d333751f395154353550,ceiling lamp,complete,False,weld_or_static,open_mesh,
1e15117a488da84c0cf413a831a182e9099d85af,floor lamp,complete,False,bbox_inertia,open_mesh,
1e179268a601a3271acfe11d8d2e18d1431771ec,table lamp,complete,False,bbox_inertia,open_mesh,
1e1c18c687ffc14eb4267863fc389ef74c2e26e3,nightstand,complete,False,bbox_inertia,open_mesh|degenerate_faces,
1e223bea30edd58bcb6240ea9d820cab7d091641,picnic rug,complete,False,bbox_inertia,open_mesh,
1e297e295dd1bfac300be5f3de7dece5e68c7230,sink stand,complete,False,bbox_inertia,open_mesh,
1e2b5f3cb4c6481df7058fb759dd129090253ed9,bathroom scale,complete,False,bbox_inertia,open_mesh,
1e2d034bba5bd59a9700af82f907340a83eb4cc3,sofa,complete,False,bbox_inertia,open_mesh,
1e304e0bf4394d239b133ed2875760ccfa110295,towel rail,complete,False,bbox_inertia,open_mesh,
1e414b53eef039690faed7557721dd9ce784ef8c,kitchen cabinet,complete,False,bbox_inertia,open_mesh,
1e426c6c84e2f19f6a70d11903cb7da4283410cd,armchair,complete,False,bbox_inertia,open_mesh,
1e53630b8537aaddcc4cb320c470bb9b912b885e,toilet flush plate,complete,False,bbox_inertia,open_mesh,
1e621d79a5af2aabc745c8993082f76629528f78,throw pillow,complete,False,bbox_inertia,open_mesh,
1e63c1226e6d803139b72b5203c5dd82e083404a,end table,complete,False,bbox_inertia,open_mesh,
1e6795498f065062e0eb70d318cd34337dbcd952,mailbox,complete,False,bbox_inertia,open_mesh,
1e6b68dc8831a63460efa424102b1667aa42c660,throw pillow,complete,False,bbox_inertia,open_mesh,
1e708a7d0bacf0008fa26b2bebdc0e3701238cc8,end table,complete,False,bbox_inertia,open_mesh,
1e71325d963f19346d2a9fe6c6c8ec564c7c6f84,end table,complete,False,bbox_inertia,open_mesh,
1e720be88c897af140f59ac0e7f63c12db70f144,serving cart,complete,False,bbox_inertia,open_mesh,
1e75cbd1de1dd4fd133f54e0559de04a1d64c597,pendant lamp,complete,False,weld_or_static,open_mesh|center_of_mass_out_of_bounds|inertia_not_positive_definite,
1e77cd20fa2aa02b6477d111a9da15961f53f633,chair,complete,False,bbox_inertia,open_mesh,
1e78178fcd06e1a22d5fea36605c989e2f58bc18,ottoman,complete,False,bbox_inertia,open_mesh,
1e83705bd18766242bbe8c427b9583b00744a7d2,"letter.n.02,wall decor",complete,False,weld_or_static,open_mesh,
1e888d9b36c50320b2cd1691d09845e73ce9f97e,cushion,complete,False,bbox_inertia,open_mesh,
1e8dfeea0abd21d8f597a616bff386bcd098bbaa,wall lamp,complete,False,weld_or_static,open_mesh,
1ea17f6cdc7cee52756bcf34592441814f98adf5,drying rack,complete,False,bbox_inertia,open_mesh,
1eb0de1e5cd77698b5504d77fb71c15c3cafacbd,potted plant,complete,False,bbox_inertia,open_mesh,
1eb36fba48eb1f378fcbebaf74f30e3dcc5021de,bottle,complete,False,bbox_inertia,open_mesh|center_of_mass_out_of_bounds|inertia_not_positive_definite,
1ec9f015ba547c5543dc3e42d81f497ff0ea81be,pendant lamp,complete,False,weld_or_static,open_mesh,
1ed645addb508f4ed49ef6be4546cff86de84f58,rug,complete,False,bbox_inertia,open_mesh,
1ef4e30dd9fe95b67dbcbdb04867cd765e4e54a9,place mat,complete,False,bbox_inertia,open_mesh,
1efd5bef416b631dbe94e74e0a3554cf7474436a,table lamp,complete,False,bbox_inertia,open_mesh,
1efdc3d37dfab1eb9f99117bb84c59003d684811,television receiver,complete,False,bbox_inertia,open_mesh,
1f075df0f17fcf4b885aa0c22714f383b5c9f014,ceiling lamp,complete,False,weld_or_static,open_mesh,
1f0e602ca3b6f39575b8448db5d7e2c27101e7ae,buffet,complete,False,bbox_inertia,open_mesh,
1f0f1b3ec0cdbd99b037a5ca6d373e4a31015130,throw pillow,complete,False,bbox_inertia,open_mesh,
1f148fddeb1bb6e9634f8d8be3c979e0d5405a65,potted plant,complete,False,bbox_inertia,open_mesh,
1f15d966f1ce8fd67a4037e3ade7d352dfa1c509,potted plant,complete,False,bbox_inertia,open_mesh,
1f1d1126a8fa29130c20424a26176a043af934a0,chest of drawers,complete,False,bbox_inertia,open_mesh,
1f20f5194541179686f9bff3a01d002076751910,coffee table,complete,False,bbox_inertia,open_mesh,
1f2be474bc3edc121c4a05dbec31d9856e82127f,pendant lamp,complete,False,weld_or_static,open_mesh|center_of_mass_out_of_bounds|inertia_not_positive_definite,
1f2e2502feadd989b0e9a03c5e7eda0aac253f0c,wall art,complete,False,weld_or_static,open_mesh,
1f3435d180b25eb789cf1fc375b0e4097b56f36e,firepit,complete,False,bbox_inertia,open_mesh,
1f366035e778f93cff51f06f392d86814b3eab65,table,complete,False,bbox_inertia,open_mesh,
1f37285a06eaefe33eebd4ff367d408b48b147b2,table lamp,complete,False,bbox_inertia,open_mesh,
1f3cb2b9ca2bbeab98947de6f076ac212474c494,desk,complete,False,bbox_inertia,open_mesh,
1f3e6b134f72abf7d3914874957ba7a2857df332,mantel clock,complete,False,bbox_inertia,open_mesh,
1f48206dca3babea534ced6c1b440a24ed1d8bc1,chest of drawers,complete,False,bbox_inertia,open_mesh,
1f5393ad3905262947460bdc0c87a87bf7038221,bowl,complete,False,bbox_inertia,open_mesh,
1f588a5eb02c80c04a94f19011e513d4c70f7e27,pendant lamp,complete,False,weld_or_static,open_mesh,
1f58f68c2eb2301a2c1128625e513915a2ab0e35,rug,complete,False,bbox_inertia,open_mesh,
1f5ab750519f7b292ead923edb57421f9652249b,bookcase,complete,False,bbox_inertia,open_mesh,
1f683d9d9451e5347cc742a539e94468a18e9a7c,chest of drawers,complete,False,bbox_inertia,open_mesh,
1f6d3a2b8b20f0a07d2f4d02ad79d8697ab15e8e,"stove.n.01,oven",complete,False,bbox_inertia,open_mesh|inertia_not_positive_definite,
1f79900d655a4983243ed76c70b7b4bcc9523614,floor lamp,complete,False,bbox_inertia,open_mesh,
1f7ffcff5e5435eb0e2a710bca7948a23ff1b0a0,sewing machine,complete,False,bbox_inertia,open_mesh,
1f818c0f00490e53b6c35e676fb2580e3fc76ec6,railing,complete,False,bbox_inertia,open_mesh,
1f82d31cb7c70feb0e85636f022d4e5e6216f58e,printer,complete,False,bbox_inertia,open_mesh,
1f86a8ec92c644ff07dc448345c33876a61af253,room divider,complete,False,bbox_inertia,open_mesh,
1f8c626c03273ba8a3a181e17d4dd858f7a3f953,buffet,complete,False,bbox_inertia,open_mesh,
1fa0bbe96047aa9c2d923254bf638613dfaa5540,floor mirror,complete,False,bbox_inertia,open_mesh,
1fa5a9080fb467b0f13c7af920548158573315e0,pendant lamp,complete,False,weld_or_static,open_mesh,
1fa76628bd5828a5f9693cb70dc8cecdb1747ff3,ceiling lamp,complete,False,weld_or_static,open_mesh,
1fa8df7c61ca18ca75b7a8a795048340f91d56db,gym equipment,complete,False,bbox_inertia,open_mesh,
1fae114d69a4ba93d48707deb39c0176d86f216a,table lamp,complete,False,bbox_inertia,open_mesh,
1fb37ed1a9b3b262763996cd0de8685cae53e16c,chandelier,complete,False,weld_or_static,open_mesh,
1fb6e91fef300fcc6e68ba6d52c1e00ee71fbd9b,throw pillow,complete,False,bbox_inertia,open_mesh,
1fbdcae82ea0a1ed69c050eb91ea7f70be45aa5e,coffee table,complete,False,bbox_inertia,open_mesh,
1fca7ef7a3050d8026bf8e4d838a2f16070558e2,armchair,complete,False,bbox_inertia,open_mesh,
1fce7e7eacb207dc7054734db702bccc9bfdaded,desk,complete,False,bbox_inertia,open_mesh,
1fceb732de14f7e85ad6c1b7457e04d79116f000,swing,complete,False,bbox_inertia,open_mesh,
1fda4d05f021228c2de75c39bd80ac2531021fc5,footstool,complete,False,bbox_inertia,open_mesh,
1fdb38fa93b1cf26fe1aaff43babf39343809e8c,chandelier,complete,False,weld_or_static,open_mesh|degenerate_faces,
1fdc17645f571d8f2d71f2439a03d3bd15bcf279,dining table,complete,False,bbox_inertia,open_mesh,
1fe0ad12b91fc822c6f3ae0e342edf919e176ce7,throw pillow,complete,False,bbox_inertia,open_mesh,
1fe511dcd67a0734285715e4ab4f6ea4c5b3a75c,pendant lamp,complete,False,weld_or_static,open_mesh,
1ff8117e1a03198882455c8f8131d01450749eac,wall art,complete,False,weld_or_static,open_mesh,
1ffa630662e8feac26e3f7f6c41f8afc66a81928,armoire,complete,False,bbox_inertia,open_mesh,
2002118dd15dda65a38edb49ee7808dedadc4a96,cafeteria tray,complete,False,bbox_inertia,open_mesh|center_of_mass_out_of_bounds|inertia_not_positive_definite,
2002e03201c29be3470fa8393e0a32cd1b31f67e,console table,complete,False,bbox_inertia,open_mesh,
2008d8ac79f55bb3bad47a4bc7af494f0a7fe9f8,bookcase,complete,False,bbox_inertia,open_mesh,
201606bee197e205567d4e885433cc2928645e19,wall art,complete,False,weld_or_static,open_mesh,
2017f2958b1fadd984fe53ccfe5d5dcb381dad49,"letter.n.02,wall decor",complete,False,weld_or_static,open_mesh,
2029bfb9eca4ab612eb6724916cbff472de47d7b,computer screen,complete,False,bbox_inertia,open_mesh,
202d0f56c745fe59b0a39e17ffa889baa98c5cd1,bedclothes,complete,False,bbox_inertia,open_mesh,
20386aed9b0a616bfebbf5fbabb283a1d1df936b,chest of drawers,complete,False,bbox_inertia,open_mesh,
2038d2dcf5477908b062eb3e7206fbc7bf8f68fb,ottoman,complete,False,bbox_inertia,open_mesh,
203aadf0c05f06bdf87a9c228c8c57c9771ac29e,footstool,complete,False,bbox_inertia,open_mesh,
203cb42ac01a1f6a6ccea009408ad4a695998c7c,bucket,complete,False,bbox_inertia,open_mesh,
203cbe7a9096354903db4eeb057db206923d5711,window curtain,complete,False,weld_or_static,open_mesh|center_of_mass_out_of_bounds|inertia_not_positive_definite,
203fefb541b36dbf5949b13b3dc56419944eaf75,bench,complete,False,bbox_inertia,open_mesh,
2049f5c3e9a4f810916c270f85e639e4326f49ff,chest of drawers,complete,False,bbox_inertia,open_mesh,
204b5e24e7582e2efc246669f41d58d487f167fb,clothing rack,complete,False,bbox_inertia,open_mesh,
2056ce1a69f325abd72ae68372a0241ca8d1a0e7,buffet,complete,False,bbox_inertia,open_mesh,
2056e0db6d0d28703bb100d63a2d864ffe295b10,glass,complete,False,bbox_inertia,open_mesh,
205b0132c1b4853e98e3ab828a1350bd9d994161,potted plant,complete,False,bbox_inertia,open_mesh,
205c95207c3cdd3e1536d75e01d03fcd4b762c5d,jewelry box,complete,False,bbox_inertia,open_mesh,
206147dfe9c78a4585ae87ed0124fc8401968419,cabin,complete,False,bbox_inertia,open_mesh,
2062844edfe9dd8e787d98762b1f02e636309835,wall calendar,complete,False,bbox_inertia,open_mesh,
20684aaeb24b03e16dfcb80aa28711a7bee815f1,daybed,complete,False,bbox_inertia,open_mesh,
206b6f7eb2eb0fb97a97d982380bc470d885fe3a,chest of drawers,complete,False,bbox_inertia,open_mesh,
20726f9af9676f3afa42f0734c13b766fda8a6aa,window blind,complete,False,weld_or_static,open_mesh,
2078764b285f747699564bbc56b239d9d58fd931,wall art,complete,False,weld_or_static,open_mesh,
20797ea964cbc2d8b2292acc262508d1e0f61029,fence,complete,False,bbox_inertia,open_mesh,
207ad235b4ced3d1a59fefd287eb4c1310eea46b,wall art,complete,False,weld_or_static,open_mesh,
207b2bc6aeba9e7592feb3625fdcbe5b41413ac9,wall art,complete,False,weld_or_static,open_mesh,
2086992b17fa1ad6882c1442ef4f15b1b4142460,throw pillow,complete,False,bbox_inertia,open_mesh,
2088726c4c35c8af549eb6a8d452ea2c27abbb42,armchair,complete,False,bbox_inertia,open_mesh,
208ce35e616cd4b3e3ef0b5e0bfec9ba3897fc47,pendant lamp,complete,False,weld_or_static,open_mesh,
2094d784eabc9e91f31b15f26db12e75b4f58a25,hamper,complete,False,bbox_inertia,open_mesh|inertia_not_positive_definite,
20a1cd5c761a6757e05ba80b71ef833941188ce2,table,complete,False,bbox_inertia,open_mesh,
20a2344ce48dce62392f9eaddc1e2bed75d95687,easy chair,complete,False,bbox_inertia,open_mesh,
20a98a1b2e3bf77ed09f14e2b0148e110d0e298e,sofa,complete,False,bbox_inertia,open_mesh,
20af0edafdad27f0390284ba414c7f94d3d8b282,ceiling lamp,complete,False,weld_or_static,open_mesh,
20af5e18cc65ec1537972cf28ba2bed7f4936c81,wall art,complete,False,weld_or_static,open_mesh,
20b2dbd00a4d313d8f9baffa4e44a96ed8ff0921,footstool,complete,False,bbox_inertia,open_mesh,
20b40eba263eb20165f26bfc5793feeee9159482,hanging cabinet,complete,False,bbox_inertia,open_mesh|center_of_mass_out_of_bounds|inertia_not_positive_definite,
20b562393eb8b161d1bfb7b1e9c5c65d277cfe6f,vase,complete,False,bbox_inertia,open_mesh,
20b73dd1f91dd128fb928fb7a032af2a47e79882,table lamp,complete,False,bbox_inertia,open_mesh,
20ba326864f55fdc086275e0249c32763a1260e8,hedge,complete,False,bbox_inertia,open_mesh,
20bf31448305ed9661acdfe717da7f84598fa434,gazebo,complete,False,bbox_inertia,open_mesh,
20c122bfa19080b562aebb6f3ecc1a694a2d3543,chandelier,complete,False,weld_or_static,open_mesh,
20c1f9e918e3f5c28ea4012347c6d76a3745eecc,stove,complete,False,bbox_inertia,open_mesh,
20c2307590ca5c2b4f75ab905fc11279d4e8b226,buffet,complete,False,bbox_inertia,open_mesh,
20c32bc8e148545c59afd79fdfe8ea3155073179,wall clock,complete,False,weld_or_static,open_mesh|degenerate_faces,
20dbe8187f7e98eeb7e369e31c6879148f46fb50,kettle,complete,False,bbox_inertia,open_mesh,
20e20fd238c7e5563a0611b6e0cca39a6f48333b,floor lamp,complete,False,bbox_inertia,open_mesh,
20e9177223672e9bf6bd79a4db6022cb27c03e58,potted plant,complete,False,bbox_inertia,open_mesh,
20e953d79ec283791e4e2d5726f85986c9b0f4d6,rug,complete,False,bbox_inertia,open_mesh,
20ea144d49dc14d432a94b27755ed7c588cb7b18,shower curtain,complete,False,weld_or_static,open_mesh|center_of_mass_out_of_bounds|inertia_not_positive_definite,
20ec59717bc4ad347c77a63d749169f0d2a83e5c,coffee maker,complete,False,bbox_inertia,open_mesh,
20ee6491ce5c0d25e879e9cff8c79e37f1c441e0,rug,complete,False,bbox_inertia,open_mesh,
20efcf0a59e674a60cb79c379bee312cc6575d21,toilet,complete,False,bbox_inertia,open_mesh,
20f51e51d23b119cd029083bcbf1c3a01fda8763,cabinet,complete,False,bbox_inertia,open_mesh,
20f7d08d19eed6f8f9fc962cfc03288cdcd352e1,armchair,complete,False,bbox_inertia,open_mesh,
20ff5873b25351c77559c979b23322bc01b08032,coffee table,complete,False,bbox_inertia,open_mesh,
210dcab90f14654e1de4cdddffe4e4c9080336bf,ottoman,complete,False,bbox_inertia,open_mesh,
2112ac57da8c769fdd1766b5b66db787fcf29069,throw pillow,complete,False,bbox_inertia,open_mesh,
2112e4a0502a9acbcfa25601e5ea04fd3b064c1b,bar stool,complete,False,bbox_inertia,open_mesh,
21131593af79216ec53baa1ddd5362c52d925679,plant,complete,False,bbox_inertia,open_mesh|center_of_mass_out_of_bounds|inertia_not_positive_definite,
211db69d8ea4174a4924c410b27ecd70be3bc06f,hourglass,complete,False,bbox_inertia,open_mesh,
211f711ed4f711c1d85f9aae2de4ae2a0163977e,wall lamp,complete,False,weld_or_static,open_mesh,
2120e20c4a4bb969c84fef385aafe35bfade6e89,crib,complete,False,bbox_inertia,open_mesh,
21241eacac2464ad03d363bf02b470b29974caa0,table lamp,complete,False,bbox_inertia,open_mesh,
2126cc35dc48ccdce854f39acf33a5966046f383,buffet,complete,False,bbox_inertia,open_mesh,
2133bf4321d08507b97ce4866d9a2484be485595,buffet,complete,False,bbox_inertia,open_mesh,
213858d11444f0a04975137d195afe309e4ce291,coffee table,complete,False,bbox_inertia,open_mesh,
2145eaf562c16b125babed75ec4c07a0ff5b9b0c,wall art,complete,False,weld_or_static,open_mesh,
214a993418b4aee37d1b3797e2b6ed2bd2fd73bc,saucepan,complete,False,bbox_inertia,open_mesh,
214f1f476b131b11636fd17e6f8e8d8ec86e2c59,casserole,complete,False,bbox_inertia,open_mesh|center_of_mass_out_of_bounds|inertia_not_positive_definite,
21527bf23974c98dc7bc88b44ba6b54ed32e676c,cruet,complete,False,bbox_inertia,open_mesh,
21558be8922692da15d54962cb7e5ab2c4fb6653,armoire,complete,False,bbox_inertia,open_mesh,
2155fdf43148aabbd9beb63943df5606fe0c5945,kitchen cabinet,complete,False,bbox_inertia,open_mesh,
215e08aaca7f96eb917fb32b11a459b2271a31f0,desk,complete,False,bbox_inertia,open_mesh,
2170257242a4feec96eadcf210a3d403104daa72,"ceiling lamp.n.01,track lighting",complete,False,bbox_inertia,open_mesh|inertia_not_positive_definite,
2170efbb02be07ae1887612e8bc07dc5b724a1e7,wall art,complete,False,weld_or_static,open_mesh,
217131082a64739fa455bc1297d795913435fd0e,chair,complete,False,bbox_inertia,open_mesh,
21733e666c206ebc64cfac5d4342d7c3455dd38b,rug,complete,False,bbox_inertia,open_mesh,
217a4cc8c41ce47c5a3af1c87b665aed5ad5ef84,doorbell,complete,False,bbox_inertia,open_mesh,
217ea5ce8dc19fdccc83712dbb61547bae3a0480,"candle.n.01,candlestick.n.01,wall mirror",complete,False,bbox_inertia,open_mesh,
2195cfddf6ba4842f26c9104c2e2d0290b76938b,wall hook rack,complete,False,weld_or_static,open_mesh,
219a0df031086420d77dfa078d3719e9f865969f,rug,complete,False,bbox_inertia,open_mesh,
219eee85ec52a62c30f1668b30cdc00722a9926f,candlestick,complete,False,bbox_inertia,open_mesh,
219f653c1a72d7df0259bd0204cac7952f66ae78,toiletry,complete,False,bbox_inertia,open_mesh,
21a820e6062536552940bca6c97791bf6445548f,pendant lamp,complete,False,weld_or_static,open_mesh|center_of_mass_out_of_bounds|inertia_not_positive_definite,
21ac126f7ce13336fcdb8a685dec35bcfa48a76b,rug,complete,False,bbox_inertia,open_mesh,
21bc7c9fb2a48745edacbf91f375bbcb1d67f1a8,wall art,complete,False,weld_or_static,open_mesh,
21be3b47c82a23b562efe88c5119cc2cceb5ec48,rug,complete,False,bbox_inertia,open_mesh,
21bfbe3638af8f9633091dcc16a5c048ac4cb4a0,"drawer unit.n.01,file",complete,False,bbox_inertia,open_mesh,
21c2bf62106154628891d97896a46304f275e1fc,showerhead,complete,False,bbox_inertia,open_mesh,
21cb0c6fe6bbe1c086536498748d555635c925a7,ashcan,complete,False,bbox_inertia,open_mesh,
21ce95549835e79027456765d8c06858051dea4b,air conditioner,complete,False,bbox_inertia,open_mesh,
21d12df1ca2e07845b591339a29e04e2886848b6,"candlestick.n.01,candle",complete,False,bbox_inertia,open_mesh,
21d54098a876f8cc91effa34a0098f87e21944c9,washbasin,complete,False,bbox_inertia,open_mesh,
21d8ce05e5b4ff0b35244d2b5f8073cf4d28f04d,cabinet,complete,False,bbox_inertia,open_mesh,
21dc3a6ae582e6e0f833431f6b8929b86f9ab60a,paperweight,complete,False,bbox_inertia,open_mesh,
21e5c7cabc2047f82439c63c8e5e785d58a67bfc,notebook,complete,False,bbox_inertia,open_mesh,
21fbcf749f7820bee1b2d045d30a0513c717cf46,nightstand,complete,False,bbox_inertia,open_mesh,
2205e5a6a05ff9e066f8f64654b91d16b326763d,curtain,complete,False,weld_or_static,open_mesh,
2217a617f24c6aa99968981aa33c12d386bedf9d,table lamp,complete,False,bbox_inertia,open_mesh,
221bfe2bb7f6c70688314df7d495359baeb237e4,toy box,complete,False,bbox_inertia,open_mesh,
222364e8fb6c086b9b08c15bcd8bbfa561665e9f,floor mirror,complete,False,bbox_inertia,open_mesh,
2229d30f017e5f06fd473b74a86a30078828d111,table,complete,False,bbox_inertia,open_mesh|degenerate_faces,
222a445d2cce84b5ad352758634c94962b44153d,china cabinet,complete,False,bbox_inertia,open_mesh,
222c9b3e52f81bb06d523720bd0ec8a5d7b899d6,socket,complete,False,bbox_inertia,open_mesh,
223acc6157d76226d2a4f0a8cb52d4a8e6873c2d,wall clock,complete,False,weld_or_static,open_mesh,
223af36e92a0aa97bf08833dfb9365c20e3ec240,potted plant,complete,False,bbox_inertia,open_mesh|inertia_not_positive_definite,
223c0f130bcd4b3d546f7044d30ff62d90563177,chest of drawers,complete,False,bbox_inertia,open_mesh,
223f833b8a1d7e07f87da07a9ae3ecf0ec561bbd,dining table,complete,False,bbox_inertia,open_mesh,
2247f72a2a88ce31cd37aba1f687165054b1253a,sofa,complete,False,bbox_inertia,open_mesh,
224c8c929394bdc4be0c5410b8c13b73e4e6f58e,bar stool,complete,False,bbox_inertia,open_mesh,
2252ee7e50a8ff3608007253e73d1137358d125d,vase,complete,False,bbox_inertia,open_mesh,
22584b36c33cd98cc0f6d834112cc19a63d5e6c4,ceiling lamp,complete,False,weld_or_static,open_mesh,
225e38ae9ffd79aec2df7501a7b6b8685c35e925,flower in vase,complete,False,bbox_inertia,open_mesh,
2268decc11d7b2ffd1334822cfbb87b79757e70e,rack,complete,False,bbox_inertia,open_mesh,
226dac43c104a726a1dfb42696c24a51c7c4656d,wall art,complete,False,weld_or_static,open_mesh,
22702db22714c08a873947a899843f315a0b3e41,wall mirror,complete,False,weld_or_static,open_mesh,
227815cc47246f7af9153206af77ba174b83bf69,kitchen cabinet,complete,False,bbox_inertia,open_mesh,
227da765c43df82c391681fe88f0b2a1658acbb9,table lamp,complete,False,bbox_inertia,open_mesh,
2281225b42551fd15d106a76c717d23a3406f63a,ceiling lamp,complete,False,weld_or_static,open_mesh|center_of_mass_out_of_bounds|inertia_not_positive_definite,
22838667c9de07a5627ac57ca530fa4eff8016c9,table lamp,complete,False,bbox_inertia,open_mesh,
2283c0dd73a902965482b346a929a60326caa96c,"letter.n.02,wall decor",complete,False,weld_or_static,open_mesh,
2284dec4d6285378e45f9eb153b5ab9cabcc8062,wall mirror,complete,False,weld_or_static,open_mesh,
22890e6458585de446db5950dc6f3b6210f1d358,wall mirror,complete,False,weld_or_static,open_mesh,
22899dfeb3cfe700149f4fbf87f6d443351cee67,cup,complete,False,bbox_inertia,open_mesh,
228ad1a49a3b5d90334d6c4fc297f68816b5622d,luggage rack,complete,False,bbox_inertia,open_mesh,
228b65451d0c70bd9f9e101a1c4e2a101b5c5af0,footstool,complete,False,bbox_inertia,open_mesh,
228f6a46018c2fc3867d28935e5d3f422293f6b5,nightstand,complete,False,bbox_inertia,open_mesh,
22940dc4859fd58f2234c7f2d31ef75446a30857,blender,complete,False,bbox_inertia,open_mesh,
2295d2b3409c2c5b4449e98ad5aa73ea379e8941,pendant lamp,complete,False,weld_or_static,open_mesh,
22963778bbd6da9f2a6268e1ee300b4577a9d195,ball chair,complete,False,bbox_inertia,open_mesh,
22985f12640ffc8e2bb4fa5472ba3296aada6dac,ceiling lamp,complete,False,weld_or_static,open_mesh,
229c1783b2b4f58c3ac952b074fc050bec98d2d1,ceiling lamp,complete,False,weld_or_static,open_mesh|center_of_mass_out_of_bounds,
22bbcf802d4935059278043f48c5ef53b107cbb5,sculpture,complete,False,bbox_inertia,open_mesh,
22c07b0c753865794301311456c00269dcd16b06,coffee table,complete,False,bbox_inertia,open_mesh,
22c3a81655f3d581aac9c9006d432165e3e6d079,bench grinder,complete,False,bbox_inertia,open_mesh,
22c4911540afbc82afcdb60354df765e2a30f28d,bath mat,complete,False,bbox_inertia,open_mesh,
22c78acc789ce802af372af9dca938a1c08c5f16,bottle,complete,False,bbox_inertia,open_mesh|center_of_mass_out_of_bounds|inertia_not_positive_definite,
22c90654f59bb8a4b74caca6116cee482d751700,rug,complete,False,bbox_inertia,open_mesh,
22d0edcc2c4a36929f827abb6905f7ccb2721aac,ceiling lamp,complete,False,weld_or_static,open_mesh,
22d9946ccbe5914e3c3c7b3a2ac1d532763b768d,ceiling lamp,complete,False,weld_or_static,open_mesh,
22ece2d4b711becb90ad614ee1b07e937c68646a,kitchen island,complete,False,bbox_inertia,open_mesh,
22f29a2b903f70be993dc569204965ceeb663196,clock,complete,False,bbox_inertia,open_mesh,
231cd9a2b33983f841a7f502543a0d7f0573d958,wall art,complete,False,weld_or_static,open_mesh,
2327ae658ac6df2d0c712fba593a13341c4a8942,end table,complete,False,bbox_inertia,open_mesh,
2328222911172bbc4db868cde599bfd5c5c39b21,alarm clock,complete,False,bbox_inertia,open_mesh,
232b4f785d29e0a11d072fb5c960906a8b5b05bb,toiletry,complete,False,bbox_inertia,open_mesh,
232e1b606f846a1f300acc9d6f4a5daddfaec0af,flower in vase,complete,False,bbox_inertia,open_mesh|center_of_mass_out_of_bounds|inertia_not_positive_definite,
23434bad597767536e19c5cf37c97bff4bf46bf0,"bar stool.n.01,chair",complete,False,bbox_inertia,open_mesh,
2366c86ee9ee1ec1d3254b392a3a61a249389b12,nightstand,complete,False,bbox_inertia,open_mesh,
2367cabe1d5da5ab05dc74e46a2c15c3a81ba33a,floor lamp,complete,False,bbox_inertia,open_mesh,
2368b54bfa73932d5b8d6dcf2183ab8ab57834ea,swimming pool,complete,False,bbox_inertia,open_mesh|invalid_volume|center_of_mass_out_of_bounds|inertia_not_positive_definite,
23698a800def598ace83f9eebe962fe8e01d1548,console table,complete,False,bbox_inertia,open_mesh,
2373e13c60de2cadf4f4d9c62760b9a169e25ef9,wardrobe,complete,False,bbox_inertia,open_mesh|degenerate_faces,
237ad4380151310b50d0c5c9b7f2c95983558bed,wall clock,complete,False,weld_or_static,open_mesh,
2382da50dbb82b1a316461a792b383441edf1a9f,basket,complete,False,bbox_inertia,open_mesh,
2385d833db55c6ce2d25ad7af4b76a933c8671c0,table lamp,complete,False,bbox_inertia,open_mesh,
238a48039fd08bfaf5755e96e4c4ed70fa58eeb4,chandelier,complete,False,weld_or_static,open_mesh,
2393bc5c1b9ddd75a72da7d814b521946459a0c6,flower in vase,complete,False,bbox_inertia,open_mesh|center_of_mass_out_of_bounds|inertia_not_positive_definite,
239c5c38a53badc24ca6950ee78d8f6c115c3074,"stove.n.01,oven",complete,False,bbox_inertia,open_mesh,
23a6c12d8f7b79a735d43e98791a24941a001eb2,wall art,complete,False,weld_or_static,open_mesh,
23ab7b9737739ba9e6ea60558b6b8c60e90c2542,table lamp,complete,False,bbox_inertia,open_mesh,
23b52627c188730af899c4109addcf80c68c9b05,table lamp,complete,False,bbox_inertia,open_mesh,
23b529869de811e2fd7fae49797e0f3be4b3edad,planter,complete,False,bbox_inertia,open_mesh,
23b5b1fc6feeab3f96891017de6dff09d187ae51,cafeteria tray,complete,False,bbox_inertia,open_mesh,
23cb4c65959de0b987208f4075415a9e6579c227,ceiling lamp,complete,False,weld_or_static,open_mesh,
23ce1d14582bc87f213f3feb32c1e26ebe3f8685,pedestal sink,complete,False,bbox_inertia,open_mesh|inertia_not_positive_definite,
23e3ccff0f0824717aa216360bc99ca7401f4f99,wall art,complete,False,weld_or_static,open_mesh,
23e6a77015c8f477d17ef39a0ee40b4b166c34f0,bench,complete,False,bbox_inertia,open_mesh,
23ec75b0ef2ac85d6830b065b810e12f05cd083d,table,complete,False,bbox_inertia,open_mesh,
23ef36ffd2de137954a8e41677d493ad906bf5d0,throw pillow,complete,False,bbox_inertia,open_mesh,
23f37264ac6b7a445a6c1be53d464660b8c8b2ec,pet bowl,complete,False,bbox_inertia,open_mesh,
23f89e73ef025ed504015539efffdbdea664b1df,throw pillow,complete,False,bbox_inertia,open_mesh,
23fda450fdf241a8694b9a01b953aaa77c8c2386,ottoman,complete,False,bbox_inertia,open_mesh,
240225989a0ed75d14f4663e867dbb065e2880b4,chair,complete,False,bbox_inertia,open_mesh,
2405169c2ea394f692a8ba911fbd5cb1ec1586a1,armchair,complete,False,bbox_inertia,open_mesh,
240aa59fa5ac01d4eb5adb161914e3ab09f853e1,lantern,complete,False,bbox_inertia,open_mesh|center_of_mass_out_of_bounds|inertia_not_positive_definite,
240ec9fa0fcf6801b986e2d4ad49452b6da8898c,ceiling lamp,complete,False,weld_or_static,open_mesh,
241262e786480b330ac795c3a0182f372c890574,wall art,complete,False,weld_or_static,open_mesh,
2416e9e6e969f8e3b6d3d37b03e334585f64df76,flower in vase,complete,False,bbox_inertia,open_mesh|center_of_mass_out_of_bounds|inertia_not_positive_definite,
24180fb3c6a10e89d17744eabd9c034f08a4d850,wall art,complete,False,weld_or_static,open_mesh,
24188ef08a9f2783da92954881babfaa6a5bdad7,kitchen cabinet,complete,False,bbox_inertia,open_mesh,
242033fa7adb4568efd076be17a58e09538863fc,wall mirror,complete,False,weld_or_static,open_mesh,
24233dc85b27cbfbbfeb019dd674ee2d4dc6bff5,throw pillow,complete,False,bbox_inertia,open_mesh,
24304078d26588e2d78d4db014c5804506388cf5,end table,complete,False,bbox_inertia,open_mesh,
24348214a4389ad5c9ad24fe4f5a5d06f118ba98,tv stand,complete,False,bbox_inertia,open_mesh,
243ac5fe74cc8d66973e785706f9dbd10eb917a7,wall art,complete,False,weld_or_static,open_mesh,
243bad4f4c1bdda1dddf46ac7e54c567289fd38d,vase,complete,False,bbox_inertia,open_mesh,
243c2bd9cd4dca1163c749fe8d07bda433e8e047,"letter.n.02,wall decor",complete,False,weld_or_static,open_mesh,
243d95c5e20176e0ee7d044a8b197bd95f337815,bookcase,complete,False,bbox_inertia,open_mesh,
24430dbe765dd54d727d0ba3d234601142805e4b,desk,complete,False,bbox_inertia,open_mesh,
244588396b266db1a982f43f4f1c497767aac175,plant,complete,False,bbox_inertia,open_mesh|invalid_volume|inertia_not_positive_definite,
245088f8759c2da1fb6e78abbc561fd7604f9734,armchair,complete,False,bbox_inertia,open_mesh,
24600d8061ad5eed905e5ed1c8c9455241fad9da,kitchen cabinet,complete,False,bbox_inertia,open_mesh,
24691a70286061754283f51db154df4c259279cc,wall art,complete,False,weld_or_static,open_mesh,
24701589595b5e76c146eb18050f6b1ef81baa83,plant,complete,False,bbox_inertia,open_mesh,
2470231ef2743a97f8159f356337527eef366763,vase,complete,False,bbox_inertia,open_mesh,
24780dc8506e59cb092990573e783a1fcfac4510,storage bench,complete,False,bbox_inertia,open_mesh,
2479fa118c490958b3850a843177d870b2bc6f7a,shelving,complete,False,bbox_inertia,open_mesh|degenerate_faces,
247a1aadc2327d7c0f7d6cc5626046b083f3e84a,wall art,complete,False,weld_or_static,open_mesh|invalid_volume|inertia_not_positive_definite,
247bc67e54e691a45d0ca752291ec83f4825091c,camera,complete,False,bbox_inertia,open_mesh,
2482ffc4bafeec252b187ec2470adbfbb7efacc0,armchair,complete,False,bbox_inertia,open_mesh,
248cabd8b55d854ac4f74627680fa9abbb1dfbfa,"bar stool.n.01,chair",complete,False,bbox_inertia,open_mesh,
248e4f2d063e2c64df65a340ac955d43059d1022,loudspeaker,complete,False,bbox_inertia,open_mesh,
248f35694948c4b0f0e1b29c35306292fa92f1ec,wall art,complete,False,weld_or_static,open_mesh,
24948d656ee551402efa257e451d587431a972b3,coffee table,complete,False,bbox_inertia,open_mesh,
2495309d61bed043777e0e0c85514e8c4b60f2a0,chair,complete,False,bbox_inertia,open_mesh,
249bbdc71be0aaa75d68f5a63cdb74b7a441aeda,rug,complete,False,bbox_inertia,open_mesh,
249f41d0f25f697d3b65260f9adb6d857a877b26,throw pillow,complete,False,bbox_inertia,open_mesh,
249f9e0c9f1d98925459f980fdc5696c5e5babc5,kitchen cabinet,complete,False,bbox_inertia,open_mesh,
24a2c2750ad2aae56a1a4fdc03aba012cff36a2e,chair,complete,False,bbox_inertia,open_mesh,
24a960df1ac651a2b4899d4a24c6b9e0443c3958,bathtub,complete,False,bbox_inertia,open_mesh,
24b2a73ac2f4d0cb0e921d8d23b47f7a02fb1055,"candlestick.n.01,candle",complete,False,bbox_inertia,open_mesh,
24b5d71ee1907f6169b17bc63bc6b605086be64c,scooter,complete,False,bbox_inertia,open_mesh,
24b729b6bf2317aff629b7917959845075fd8308,step stool,complete,False,bbox_inertia,open_mesh,
24b7add5097bdf3b71e22f13fc48e60b2dd5039c,bag,complete,False,bbox_inertia,open_mesh,
24b7cc78ad1bf08de91d27fc4fdd5f4c3f01c1cc,sofa,complete,False,bbox_inertia,open_mesh,
24bddb8e8ec8e991f20bed58e473f74cb86045f2,hamper,complete,False,bbox_inertia,open_mesh,
24bfc4d27c1e57e3aaad29becfd4f6b9261234db,window shade,complete,False,bbox_inertia,open_mesh,
24c8c44ec325978cdcfa8ec721354f51409f0d4c,window curtain,complete,False,weld_or_static,open_mesh|center_of_mass_out_of_bounds|inertia_not_positive_definite,
24e9e44f4851c039291edba2b9fecb8de8a3f267,flower,complete,False,bbox_inertia,open_mesh|center_of_mass_out_of_bounds|inertia_not_positive_definite,
24ed92d1cd0b9e466f9b7bee62e9c9e3697ba4ed,chair,complete,False,bbox_inertia,open_mesh,
24f8284e4bdef4397e5b12dc4f2b74a137d63dbb,armoire,complete,False,bbox_inertia,open_mesh,
24fcece92aedf4b1b7c29f9768437852a5e16dce,wreath,complete,False,bbox_inertia,open_mesh,
24fd37914321b915b9503d25add09332900a8d61,chair,complete,False,bbox_inertia,open_mesh,
24ffee3412dbc960826229b79482ee075f83e9d4,"candlestick.n.01,candle",complete,False,bbox_inertia,open_mesh,
2500232ac94847f7a9bab9e993b66b5fd1f29f89,wall art,complete,False,weld_or_static,open_mesh,
2502dd408e62b2aa751080d4555d9b126f5a8d22,swivel chair,complete,False,bbox_inertia,open_mesh|center_of_mass_out_of_bounds|inertia_not_positive_definite,
2503515e4e92100f8d9c1e8fc661c4ff7ba9496a,alarm clock,complete,False,bbox_inertia,open_mesh,
2506544e6c898212a4b2098aa49c8e5a2bfbca21,ottoman,complete,False,bbox_inertia,open_mesh,
250feb7dc44aa978a6d7bfda1b0fbb61c80e78a0,hanging cabinet,complete,False,bbox_inertia,open_mesh|center_of_mass_out_of_bounds|inertia_not_positive_definite,
2513455ca58d903e191800bfd3e6504e8ed5b59d,umbrella stand,complete,False,bbox_inertia,open_mesh,
2513b6d8b569298e6eb01c963679feb768575f5a,hamper,complete,False,bbox_inertia,open_mesh,
25191a5733b9ea1c952cfbe303a39c55b886e8a9,wall art,complete,False,weld_or_static,open_mesh,
25211c31d3d9284e7ce2eb86336706a34dc1a666,throw pillow,complete,False,bbox_inertia,open_mesh,
2529dc9ae14810d3d6b101f44e2c72aad8fde4ee,window curtain,complete,False,weld_or_static,open_mesh,
252b879e718c497b390d810014e2398000ba4b04,wall art,complete,False,weld_or_static,open_mesh,
2546c3d0bf28d9ef88197e0d35f9b82f0363670c,bench,complete,False,bbox_inertia,open_mesh,
2555d0416b8d7e2d59442bc387f37e7751996b67,bench,complete,False,bbox_inertia,open_mesh,
255b9ea318328994923f2d42d79a4b938a731911,nightstand,complete,False,bbox_inertia,open_mesh,
256102db5561f21d2a2e071e76798bfb54fb82f1,beanbag chair,complete,False,bbox_inertia,open_mesh,
257119746eb65d96b20231ca5c8b267832d965c4,table-tennis table,complete,False,bbox_inertia,open_mesh,
2573653e620e455e41f5ef35d8e17d1997629159,chest of drawers,complete,False,bbox_inertia,open_mesh,
257b108daedcb3537c6066ed191f8550658a70c2,refrigerator,complete,False,bbox_inertia,open_mesh,
257f0502154f87737d29e4c63b90197f77808640,bench,complete,False,bbox_inertia,open_mesh,
25949c55f620cb15ac7a3ee28625d5e17cca7757,wall clock,complete,False,weld_or_static,open_mesh,
259a87d99cc5dad6269a3a7a1e8339821db30998,sofa,complete,False,bbox_inertia,open_mesh,
25a23a4c4b5776237c913094a74959474a792b6e,wall art,complete,False,weld_or_static,open_mesh,
25a4b0330a2067f60b6a246d342c4720e8755d7c,chandelier,complete,False,weld_or_static,open_mesh,
25aa7c87cd5dfb765b589c8e64052441a0d64101,ottoman,complete,False,bbox_inertia,open_mesh,
25af0132c250a4a6dc8976b5852358b5e26aaba8,ashcan,complete,False,bbox_inertia,open_mesh,
25b25e1e930a06319b4ea20684692d2e7958250a,"letter.n.02,wall decor",complete,False,weld_or_static,open_mesh,
25b8549793c75022426944f2ad3c1bd3e5fbb214,straight chair,complete,False,bbox_inertia,open_mesh,
25bbdd3a035273fed56a3a3a5c75830a3bf06cb4,potted plant,complete,False,bbox_inertia,open_mesh|center_of_mass_out_of_bounds|inertia_not_positive_definite,
25c0eb64223e5410bb74e9102292d7b2dd85e5b0,chair,complete,False,bbox_inertia,open_mesh|center_of_mass_out_of_bounds|inertia_not_positive_definite,
25d1b247c63eceb6ba2dfc4e296209a8cf06816a,armchair,complete,False,bbox_inertia,open_mesh,
25d7fda0efa8f90bf97b5a06103e5f58b1a35b52,pendant lamp,complete,False,weld_or_static,open_mesh,
25f8c7cf8d10857c3a89f3ac8e5d1cf1811849cc,coffee table,complete,False,bbox_inertia,open_mesh,
25fbdefeb72a69c89ab374c5c4c3dd897930b966,wall art,complete,False,weld_or_static,open_mesh,
2603ceec3f2913a4c4cb9af2855267babd1405a9,mirror,complete,False,weld_or_static,open_mesh,
260d22813d2b8ba77a1184cffbbd9d849a0858a2,surfboard,complete,False,bbox_inertia,open_mesh,
2612061a57b747118a3d04290d89cd1b398fb2fe,buffet,complete,False,bbox_inertia,open_mesh|center_of_mass_out_of_bounds|inertia_not_positive_definite,
262abce62a15f965d65606a9a2710b0beee3a546,throw pillow,complete,False,bbox_inertia,open_mesh,
2637afb6217c97735ea0e7216b7ce3d68a575fab,footstool,complete,False,bbox_inertia,open_mesh,
2641fe1288210d5bfaf624174e89069a0cf0cef1,wardrobe,complete,False,bbox_inertia,open_mesh,
2643407f181713e695a03a5c64d975aad44fd1bf,wall art,complete,False,weld_or_static,open_mesh,
2643558f6dbe025d988cf3b0d96a14e362d380d4,chest of drawers,complete,False,bbox_inertia,open_mesh,
265114799460fcd58e282c00c5e60be3ab5e9148,swivel chair,complete,False,bbox_inertia,open_mesh,
26540236af4e6e21bb4f29da7fbaeb9d6897bf75,picture frame,complete,False,weld_or_static,open_mesh,
265b95037433ed097b550c434029af9fb4c0d907,l-shaped couch,complete,False,bbox_inertia,open_mesh,
265e819d1f027cde8dac05468a70455f62cbf069,nightstand,complete,False,bbox_inertia,open_mesh,
2663142b521e1194c04b39622d66af339feaa34e,hall tree,complete,False,bbox_inertia,open_mesh,
2667ff4f698140233c3a3ab06686f2bc973d842b,mantel clock,complete,False,bbox_inertia,open_mesh,
266d651c9d95fdd5a91ccc57d2307db389adc4d7,wall art,complete,False,weld_or_static,open_mesh,
2676ceb6a8cc3ebbc290c5bba2d83b42c7bd1f3d,throw pillow,complete,False,bbox_inertia,open_mesh,
267879e5c0249074c75b2dba46348b87c4342223,sofa,complete,False,bbox_inertia,open_mesh,
267e325e5a6034ff926e8603abe18e9604385913,candelabrum,complete,False,bbox_inertia,open_mesh,
268356d4dc32f85461c8a475736c94d6239fa523,cafeteria tray,complete,False,bbox_inertia,open_mesh|center_of_mass_out_of_bounds|inertia_not_positive_definite,
26843d63f8c089664f049143df7b1b301199016e,music stand,complete,False,bbox_inertia,open_mesh,
268553b9029dd2c3847726a405f0443707efa20e,heating system,complete,False,bbox_inertia,open_mesh|center_of_mass_out_of_bounds|inertia_not_positive_definite,
268fba8564a56219ec24229203fa260753720b5e,nightstand,complete,False,bbox_inertia,open_mesh,
26a38271fb04e01cc4ae5f6cabad71f37a69231b,potted plant,complete,False,bbox_inertia,open_mesh|inertia_not_positive_definite,
26a76b60101ffe3fda929b39ab9969826b8b47ee,wall art,complete,False,weld_or_static,open_mesh,
26aff274b80deb205a59dce1a717a4b37199bc15,wall art,complete,False,weld_or_static,open_mesh,
26bcde5d0e77e2d448c97d0ad201b192940ed6cf,wall lamp,complete,False,weld_or_static,open_mesh,
26c38871b1ff2736109edd0ccac7858c95ac3e49,chair,complete,False,bbox_inertia,open_mesh,
26dcf95ab84ca558a39163e8d4843edd19a7e47c,wall art,complete,False,weld_or_static,open_mesh,
26e2d9294ce1311bf117498e745addc47c703bdb,hanging cabinet,complete,False,bbox_inertia,open_mesh,
26f2000adb4ef26cbed1971ef90777253e223aa2,ashcan,complete,False,bbox_inertia,open_mesh,
26fa1e1a678eba85d3c6781cf2859092f0bc234b,wall art,complete,False,weld_or_static,open_mesh|invalid_volume|center_of_mass_out_of_bounds|inertia_not_positive_definite,
271d948742cd9d3144578c7db750b0a9eeae801f,bathtub,complete,False,bbox_inertia,open_mesh,
27270bd8cd43d174767c0348a0bcb826ed3e97a1,wall mirror,complete,False,weld_or_static,open_mesh,
27307e89c01096ae9baab3e8d2e6bc741729454d,wall art,complete,False,weld_or_static,open_mesh|invalid_volume|inertia_not_positive_definite,
273fc31360775931c2a6ae539de7bf152ee0c534,jar,complete,False,bbox_inertia,open_mesh,
274367e6e49572dc64062b5ea8bb5fd90c324ab9,wall clock,complete,False,weld_or_static,open_mesh,
274a32947f73286797cc993a26f25d1cb8d3fe4f,wall art,complete,False,weld_or_static,open_mesh,
2752882a0796a93dd5464b71ee5835aede3edc07,basket,complete,False,bbox_inertia,open_mesh,
27584d59cc4fe564020ed5d65dbb5762d0638404,bread-bin,complete,False,bbox_inertia,open_mesh,
27598fe352dbdc14dd729f74afcceb291b54e033,coffee table,complete,False,bbox_inertia,open_mesh,
277958364721b09b0ac36c6ac1c4382f37e406c9,armoire,complete,False,bbox_inertia,open_mesh|degenerate_faces,
277a090638f90cdcd36bb8289cbb5aa153032fad,armoire,complete,False,bbox_inertia,open_mesh,
277c4cf8d6b4aa1843035260068d67f45e2f66dc,plant,complete,False,bbox_inertia,open_mesh|center_of_mass_out_of_bounds|inertia_not_positive_definite,
27903d5a77d900067dd9031caf2f229776d800d4,kitchen island,complete,False,bbox_inertia,open_mesh,
2792e080d96d386a8745c97cac11041351277c4c,"letter.n.02,wall decor",complete,False,weld_or_static,open_mesh|invalid_volume|center_of_mass_out_of_bounds,
2793206b3b9810b154dd8c127d57770c45cab701,potted plant,complete,False,bbox_inertia,open_mesh|center_of_mass_out_of_bounds|inertia_not_positive_definite,
27954882e94f505fec9cc13382bb6348801762f2,wreath,complete,False,bbox_inertia,open_mesh|invalid_volume|center_of_mass_out_of_bounds|inertia_not_positive_definite,
279dccf23d1a1cc7755ab432f6c096e40024e667,chandelier,complete,False,weld_or_static,open_mesh,
27a2b942920109d99410ab6f943a5bd87322a018,plaything,complete,False,bbox_inertia,open_mesh,
27a8c993557a0484ff384bb0483d112285f8791d,hanging cabinet,complete,False,bbox_inertia,open_mesh|center_of_mass_out_of_bounds|inertia_not_positive_definite,
27b8cec51a8c3b99c079c268d0a184b1f91183c7,tv stand,complete,False,bbox_inertia,open_mesh,
27c33e69a0222bc1650b052ca3b234f04c477cc6,wall art,complete,False,weld_or_static,open_mesh,
27c84f4429be559509312415f33adab9df3a5087,kitchen island,complete,False,bbox_inertia,open_mesh,
27cac8dd084e7f196a424a393e2db6df3ee45bc6,wall art,complete,False,weld_or_static,open_mesh,
27cba09ad929c798a0314697f926073b3e85a1ac,mobile,complete,False,bbox_inertia,open_mesh,
27ccd1998996ed8fa772187e12affd38d2ac1c99,console table,complete,False,bbox_inertia,open_mesh,
27d071ad315b435547542e58f4d7294fc3b6cab7,rug,complete,False,bbox_inertia,open_mesh,
27d661807e2557df6013a7c6af3810cc8d04a3ef,table,complete,False,bbox_inertia,open_mesh,
27d6cec203b901638c4a08c01b9e8f6f76376cb0,bathtub,complete,False,bbox_inertia,open_mesh,
27d795b60eb2c6f48038d4ec3273b4a3d6dc117f,table lamp,complete,False,bbox_inertia,open_mesh,
27dd125228e0872193eb34907b03ef9caf98289f,table,complete,False,bbox_inertia,open_mesh,
27dd34e3164132d860c7f2f642ed87bd82461513,flower,complete,False,bbox_inertia,open_mesh|center_of_mass_out_of_bounds|inertia_not_positive_definite,
27e247d63c8561f5b4105c3b80a6846c6575d4f1,club chair,complete,False,bbox_inertia,open_mesh,
27e2fe8d91a9d2cc02ce98e94f5f498548b88a5f,kitchen island,complete,False,bbox_inertia,open_mesh,
27e43058afbe0feddd3cbdd83061f1ddc9f258b6,chandelier,complete,False,weld_or_static,open_mesh,
27e6430dd4751ae34f91f82e7a33556888d09472,wall shelf,complete,False,weld_or_static,open_mesh,
27ea235b966f93840284a7110b559a7f61bca2a1,"bar stool.n.01,chair",complete,False,bbox_inertia,open_mesh,
27eda9b8daae5b3b6748bc329fe7e312cbd9d232,armoire,complete,False,bbox_inertia,open_mesh,
27f0693e994d95f0e728ac4360c0dcbdbaf29d14,wall mirror,complete,False,weld_or_static,open_mesh,
27f973b35f779ebe5bc95b8ccefb3f31acf57d15,wall art,complete,False,weld_or_static,open_mesh,
27fced25af9e0ba19bc655dd30bd78532c43e284,potted plant,complete,False,bbox_inertia,open_mesh,
27ff503c46d785405a00d4b86b55e72c3c5151a9,wall art,complete,False,weld_or_static,open_mesh,
2807ee5c8ee3939e7d2e19f7b18faad61aeba3ce,punch bowl,complete,False,bbox_inertia,open_mesh,
280a8e51d0cba48fc8c6ec2a57b7b656d0415c1e,window curtain,complete,False,weld_or_static,open_mesh,
280d9f458f11b99e075c23943cbfbfd6509ba4cf,microwave,complete,False,bbox_inertia,open_mesh|center_of_mass_out_of_bounds|inertia_not_positive_definite,
28143078f28300d42db23005ebfa7a2060acbd2a,footstool,complete,False,bbox_inertia,open_mesh,
28267b5cf7e091ef25767a4d4315dbcf6a3a1e48,sofa,complete,False,bbox_inertia,open_mesh,
283b7c7a82e0fc5b435d6011c2c767ec189f1501,console table,complete,False,bbox_inertia,open_mesh,
283d732483cd683d1c2a178e125a96eb7d48eb8d,floor lamp,complete,False,bbox_inertia,open_mesh,
283eae1c113de1b9b3afbd91132de63f7142d1b3,sofa,complete,False,bbox_inertia,open_mesh,
2842e45e7f8c5a0d728fc8b82065d8442341a2e9,table lamp,complete,False,bbox_inertia,open_mesh,
2849b8484bf8828dcd11afaed86f4041ed768f73,throw pillow,complete,False,bbox_inertia,open_mesh,
2849f0b8bd471cc65d1fe828c837af717d56a4ba,ceiling lamp,complete,False,weld_or_static,open_mesh|center_of_mass_out_of_bounds|inertia_not_positive_definite,
28555a5e8afd0f7833d23fb947b228461bd5baf1,armoire,complete,False,bbox_inertia,open_mesh,
285a3c485bed325e6640fee2fc00a1645a6294a2,stool,complete,False,bbox_inertia,open_mesh,
2879343fed1f19505cb6295bcb3df64109238476,armchair,complete,False,bbox_inertia,open_mesh,
287a1a30a1fe00023b1ada9092a28e027f9c698c,chaise longue,complete,False,bbox_inertia,open_mesh,
287cd339ff9f917647892e3d39377b139580d52c,window shade,complete,False,bbox_inertia,open_mesh,
288c65b6fb0989b13797005dedf9b80b0afa41bb,candelabrum,complete,False,bbox_inertia,open_mesh,
288c8977b30446fde324910c1510a02eabb3add9,floor lamp,complete,False,bbox_inertia,open_mesh,
28929d894c26cea5479ef446073a029ff5992328,armchair,complete,False,bbox_inertia,open_mesh,
28a10fbd0e581dc064de1ae5cbc1f85b7c8b84a4,pendant lamp,complete,False,weld_or_static,open_mesh|degenerate_faces,
28a42afbf637250648a77cdcdf85ee43ec65430e,wall art,complete,False,weld_or_static,open_mesh,
28a5b1979348df7557515c05eab61d303bb4f460,potted plant,complete,False,bbox_inertia,open_mesh,
28b247189c708cafdd74be1d3a65f42816661f92,armchair,complete,False,bbox_inertia,open_mesh,
28b3edffa821d7dd4b349d6f861801b8a669c80c,wall art,complete,False,weld_or_static,open_mesh,
28b6abf7a45c50eeec9fbbfc3733a8b43d51d6b2,wall art,complete,False,weld_or_static,open_mesh,
28b9f1e91a482f3e3ed72c3f26bd710a96d04906,swivel chair,complete,False,bbox_inertia,open_mesh,
28badbb40f26413285775e7921a50c25ec862e7e,wall mirror,complete,False,weld_or_static,open_mesh,
28bea1ab56c4379f842d0171fdd81762f55942c1,sofa,complete,False,bbox_inertia,open_mesh,
28bf15905079577cd248fa5950a422ed20f6091c,floor lamp,complete,False,bbox_inertia,open_mesh,
28c318c548b656457968993668ac7e56ebfa2fad,rug,complete,False,bbox_inertia,open_mesh,
28c8477ba7000e7f0365e7580a69a8b9097abca5,butter dish,complete,False,bbox_inertia,open_mesh,
28c9e077d36acd9a93c845d4255be3238d3be168,table,complete,False,bbox_inertia,open_mesh,
28d386b058d624468900d6aa1226ed1a66c97313,stool,complete,False,bbox_inertia,open_mesh,
28df3e9f354298151ae31b5a9e42443478aeb1b7,christmas stocking,complete,False,bbox_inertia,open_mesh,
28e0ff5e3f1d1b2918986d871c0f66631c918060,"stairway.n.01,stairs",complete,False,bbox_inertia,open_mesh|degenerate_faces,
28e92edd4e2a4fa365535b6ac7fede438cc4de1d,footstool,complete,False,bbox_inertia,open_mesh,
28ee361938f68aca5e918d6536312ae6ba01c758,basket,complete,False,bbox_inertia,open_mesh,
28f28eef179447a2c08eac936ffcc800eed61298,umbrella,complete,False,bbox_inertia,open_mesh,
28f4b8c17740baf50d8fbb84595eb38bda99f6b2,table mirror,complete,False,bbox_inertia,open_mesh,
28ff99b5cc88533fe73b954fbdfa786111983ed1,plant,complete,False,bbox_inertia,open_mesh|center_of_mass_out_of_bounds|inertia_not_positive_definite,
2903d3148d1f76f139323ed93b1c9a8ac1fb8c12,wall art,complete,False,weld_or_static,open_mesh,
2918a1221f785fc66e4bf1665b095afa9ce1ec7b,throw pillow,complete,False,bbox_inertia,open_mesh,
291a49f3fd1bfdb2a89951bf84db03a02b2958de,wall art,complete,False,weld_or_static,open_mesh,
291a6b41232b94554e4a613e65fc08bd34274724,console table,complete,False,bbox_inertia,open_mesh,
291a700265cd52812c1dba27bf1567bb6a6394c6,wall art,complete,False,weld_or_static,open_mesh,
291ec104b0a2ed4fb5ceefa1e57c21a4ad8eff71,stool,complete,False,bbox_inertia,open_mesh,
29292c60beae9b293ee026b619af852e657b95a4,bathtub,complete,False,bbox_inertia,open_mesh,
292e612b94ad5f151ccfea46e97d52bdb6c7e1d1,desk,complete,False,bbox_inertia,open_mesh,
292f2e0d92ee49e30ad6a1041c1f13c484d81e3d,rug,complete,False,bbox_inertia,open_mesh|degenerate_faces,
292f537bec7499b92d44eecbbff46c087a2c1d79,throw,complete,False,bbox_inertia,open_mesh,
2933eed7c2c2fb8ae4cb5a17bd6a166eff91e654,curtain,complete,False,weld_or_static,open_mesh,
293c42d04758bffcc63070066170cbb1f09918cc,chest of drawers,complete,False,bbox_inertia,open_mesh,
2942f66a4ae085fe36956591d319111ddad70ca7,lamp,complete,False,bbox_inertia,open_mesh,
2945518ce0a4e82c22af8d829bb4565f7d7ee544,radio receiver,complete,False,bbox_inertia,open_mesh,
29485903f42edf71f69d5cf566581f95f51551c9,rug,complete,False,bbox_inertia,open_mesh,
2948bdf07588c4e67710e621b2f3c3cced217a53,bar stool,complete,False,bbox_inertia,open_mesh,
294a6acbbf3830bd40e2427777e36ba54d4df3e5,china cabinet,complete,False,bbox_inertia,open_mesh,
29539d033e10a7afa5fcff6a35a9c52c83447b12,loudspeaker,complete,False,bbox_inertia,open_mesh,
29636d463d89eb7c7f8319a2d1547bcd174c24ae,wall mirror,complete,False,weld_or_static,open_mesh,
2968e945d53f6e496a3b670ab652f9324cb3eb1b,wall art,complete,False,weld_or_static,open_mesh,
296b43e62a47818108187de2baa6011f06403446,monitor,complete,False,bbox_inertia,open_mesh,
296b4995adb6963ca5d4f96f5f57a2990f302223,wall art,complete,False,weld_or_static,open_mesh,
2972a9864c36804650e05d97cc3830c98befdfdd,window shade,complete,False,bbox_inertia,open_mesh,
29760fcf2169f43dc116a4687c869dbe60d3dea1,cabinet,complete,False,bbox_inertia,open_mesh,
29767b2a5c2d871ad8fab1a04d7441ac088d55bf,wall mirror,complete,False,weld_or_static,open_mesh,
297c228c0b9d123b8d31e4b2b871041a092e2e07,sink cabinet,complete,False,bbox_inertia,open_mesh|center_of_mass_out_of_bounds|inertia_not_positive_definite,
297d88e440ecaf767dde46a00d77e831f8023af0,kitchen island,complete,False,bbox_inertia,open_mesh,
297e92fb37c775f62a93253238c8d0ab364d9e6b,coatrack,complete,False,bbox_inertia,open_mesh,
298047dc4741dee54e32b89e5776db61f2028971,table,complete,False,bbox_inertia,open_mesh,
29851ebf2741441607a1ab9cd16950540ed60477,desk,complete,False,bbox_inertia,open_mesh,
298c8b9d1025b1baa75cbd82c5f4bebaf1b20d8e,footstool,complete,False,bbox_inertia,open_mesh,
298e7a7a8b5c048c3e37badf89cfd0909da92c51,console table,complete,False,bbox_inertia,open_mesh|degenerate_faces,
298f83e6c0df3341a2ed0916031e44bae196cc04,floor lamp,complete,False,bbox_inertia,open_mesh,
298fde032f598963af06e258cd91385bb453bc22,chest of drawers,complete,False,bbox_inertia,open_mesh,
2991e695ef8215a75b43d63417caed6a7c5c0fed,bathtub,complete,False,bbox_inertia,open_mesh,
29945c52c4d40f9b31ef806224ad9d98bcd47f5c,cabinet,complete,False,bbox_inertia,open_mesh,
2995554eab6121a729ad4060765837c6b0e26f08,xxxwall shelving,complete,False,bbox_inertia,open_mesh,
299ccc1cd644f44a2663878536fe88f24212f0ba,armchair,complete,False,bbox_inertia,open_mesh|invalid_volume|center_of_mass_out_of_bounds,
29a397a12d8afa897fc37a580a5b040632ae4303,armoire,complete,False,bbox_inertia,open_mesh,
29b5a77b59e880eb2d6b7c463a6bb1eb8e868bcd,"letter.n.02,wall decor",complete,False,weld_or_static,open_mesh|invalid_volume|center_of_mass_out_of_bounds|inertia_not_positive_definite|degenerate_faces,
29ba050e69589907868d5a1909fa70ade849f0af,potted plant,complete,False,bbox_inertia,open_mesh|center_of_mass_out_of_bounds|inertia_not_positive_definite,
29ba2d95d14ed45a0656d38043c4a9f75369d5fe,desk,complete,False,bbox_inertia,open_mesh,
29c1cb4bbed04f1fc97d4ed5bdd4f613f5661cc5,planter,complete,False,bbox_inertia,open_mesh|center_of_mass_out_of_bounds|inertia_not_positive_definite,
29c4cb616586ab3b47d648b08b40a74a9b2c083f,end table,complete,False,bbox_inertia,open_mesh,
29c9ab6ad9b6d2c5830c113a3abec93a1a6e4e13,potted plant,complete,False,bbox_inertia,open_mesh|inertia_not_positive_definite,
29ccc72ac3df1e01b263124807fd1915d1595936,table,complete,False,bbox_inertia,open_mesh,
29eae95684fa474fdd82b2619c59a7bd66c036fe,chandelier,complete,False,weld_or_static,open_mesh,
29f5f19c75693ea64781c0cc39b788e3c70c3442,throw pillow,complete,False,bbox_inertia,open_mesh,
29f906f9ff2940fd709048c221cd6c5ca4de64ab,table lamp,complete,False,bbox_inertia,open_mesh,
29fc1988a30e65e30c87fa0f0d10b0525b368db5,wall art,complete,False,weld_or_static,open_mesh,
2a06baac13fbb8210ccc11325b72b844426c208f,notebook,complete,False,bbox_inertia,open_mesh,
2a0a496191e11931f00c0cfa0c6603ae30477177,pendant lamp,complete,False,weld_or_static,open_mesh|center_of_mass_out_of_bounds|inertia_not_positive_definite,
2a0a80bf0b1b247799ed3a49bfdc9f9bf4fcf2b3,"candlestick.n.01,candle",complete,False,bbox_inertia,open_mesh,
2a102acfc249c362eca648f2ae59f0e6487b66da,throw pillow,complete,False,bbox_inertia,open_mesh,
2a16223055b05a112ca63df1b5c10ca65ce31ef2,wardrobe,complete,False,bbox_inertia,open_mesh,
2a1b54fedd2a492220ebf3e97243dec9f9cc8d85,desk,complete,False,bbox_inertia,open_mesh,
2a1e170b20e50380602e9f5feb67259ca8c49e15,wall art,complete,False,weld_or_static,open_mesh,
2a20958994dab58b6ebb4f95f73127f1d69ecbd8,lantern,complete,False,bbox_inertia,open_mesh,
2a25fe7eebf70b970ecf8c919e5e7391a7392486,kitchen island,complete,False,bbox_inertia,open_mesh,
2a2e5476494b8f8343cf7df02cdc92a1a003d67e,console table,complete,False,bbox_inertia,open_mesh,
2a3711d0adf28a3223a41295be2d33bf93757525,wall clock,complete,False,weld_or_static,open_mesh,
2a3ca5b3597cdd4c53f9a7f1f97a50fe59f5d026,weight,complete,False,bbox_inertia,open_mesh,
2a3cdb0da2f902130b71e8870c165db8d2c3faec,wall art,complete,False,weld_or_static,open_mesh,
2a42ad50e25953d1f56c6dea99bb2085d8bc4216,wall art,complete,False,weld_or_static,open_mesh,
2a4a477c158a00d17564b261e44a4f5c9765fe86,cabinet,complete,False,bbox_inertia,open_mesh,
2a4e13491ff464b7f532c99774612bf1bf61652d,coffee table,complete,False,bbox_inertia,open_mesh,
2a548a2524e280dc1e01f43e7513777bc6bd649e,wall mirror,complete,False,weld_or_static,open_mesh,
2a54c93149647bedeb2e824a07588bbd8fa38a9b,chandelier,complete,False,weld_or_static,open_mesh|degenerate_faces,
2a7c1ad1aedf9c1e0f8cf2c42dd7c347c2e050bf,table lamp,complete,False,bbox_inertia,open_mesh,
2a800c4dae039c07505cf8474d8c999172e4ef42,mirror,complete,False,weld_or_static,open_mesh,
2a86b5af07fa9d811338542ea179cf0f6ef202c1,playhouse,complete,False,bbox_inertia,open_mesh,
2a921d37aeac75c00613a7f929b2c3a8682bc0a6,sofa,complete,False,bbox_inertia,open_mesh,
2a9cb0b671a281159864a83d00e0a89439b15ef6,sofa,complete,False,bbox_inertia,open_mesh,
2aa6ddd969d37db340725a8fcf11d95df87023f6,desk,complete,False,bbox_inertia,open_mesh,
2aa77bff30ed984060db76a7b82bb755e2d3eebf,kitchen island,complete,False,bbox_inertia,open_mesh,
2aaa63a881a42c6f90d37c314362dca26781ce79,sofa,complete,False,bbox_inertia,open_mesh,
2ab4eaf7e2f72944ae9320afbb703df265f49e9e,kitchen island,complete,False,bbox_inertia,open_mesh,
2abf25b6bcf58df45522eb0137449ef581e7a66a,china cabinet,complete,False,bbox_inertia,open_mesh,
2abfe2c185d18cf31e3dcfd8833207d78daae258,chest of drawers,complete,False,bbox_inertia,open_mesh,
2ac441010838f47e0032d0d732a2dd8c9b44f771,armchair,complete,False,bbox_inertia,open_mesh,
2ac482df99d6108ee1d33e4d1c8bcec4b7dfa169,wall art,complete,False,weld_or_static,open_mesh,
2acbc559462ae9e2f57bdd88c3f68e4bbaf3120d,table lamp,complete,False,bbox_inertia,open_mesh,
2ad1405f0db1e149724804d2451c63097ecb28f4,printer,complete,False,bbox_inertia,open_mesh,
2ad3c468422316fd04353ad860b759cf8965e3e9,wall mirror,complete,False,weld_or_static,open_mesh,
2ad85bce6b2b0aa63f224958abe390b9be0ab72f,bookcase,complete,False,bbox_inertia,open_mesh,
2ae7b21ff41782f7591b042d1252c487340c80e4,coffee table,complete,False,bbox_inertia,open_mesh,
2aebb95394554e88ea4e219214ba964b8524d784,wall mirror,complete,False,weld_or_static,open_mesh,
2aec13eb84fb93992cc5f2c713cfe1819df678c6,wall art,complete,False,weld_or_static,open_mesh|invalid_volume|center_of_mass_out_of_bounds|inertia_not_positive_definite,
2af06cb4a77fb0adb990696a09678600876b9ca7,ceiling lamp,complete,False,weld_or_static,open_mesh,
2af8f7c0fc1c416b2c24affc510fb8eacef76e23,nightstand,complete,False,bbox_inertia,open_mesh,
2b02348945e5be147aaec3f415d7fd499d79dd46,pendant lamp,complete,False,weld_or_static,open_mesh,
2b08a535c8d8b3353546421c432963c628abb445,barbecue,complete,False,bbox_inertia,open_mesh,
2b1243fca5bd8a7b80b5e8e6407b463b3e6b9bdc,chair,complete,False,bbox_inertia,open_mesh,
2b290ba18b792b01daa268d57f2bc0a55b955cd0,bookcase,complete,False,bbox_inertia,open_mesh,
2b2f31fee32cb0d073d69fb9bfe373684bbdd465,alarm clock,complete,False,bbox_inertia,open_mesh,
2b2fe06a895010da5b0b164c726aad6c1bc54012,wall mirror,complete,False,weld_or_static,open_mesh,
2b3415cae8fbf2b7f15fd2cd1e02934af7fde41e,kitchen timer,complete,False,bbox_inertia,open_mesh,
2b361c0d31e0855384c88e94fc89d07a3cb1cb37,potted plant,complete,False,bbox_inertia,open_mesh|center_of_mass_out_of_bounds|inertia_not_positive_definite,
2b393e6753431ebb33d38e8cef4c74c73434a9da,bookcase,complete,False,bbox_inertia,open_mesh,
2b39e8c2237ea1f0ba7417b2ec96d2aca51ee17b,end table,complete,False,bbox_inertia,open_mesh,
2b3b8da73eb3dee895c0652bfc3782e6f221a218,table lamp,complete,False,bbox_inertia,open_mesh,
2b4203a9aef248701e998154b8c8c598fc45e916,potted plant,complete,False,bbox_inertia,open_mesh,
2b4287661123d588b12fa8ec0d04c93eef1a6b28,plaything,complete,False,bbox_inertia,open_mesh,
2b43a31a33be111b70eea87620b2be178b555ad9,wall lamp,complete,False,weld_or_static,open_mesh,
2b4628b37c2a2d6f732c268188c65daf86b16dc6,wall art,complete,True,weld_or_static,,
2b466fed0240e7799898361dc78b60a6642e9885,bench,complete,False,bbox_inertia,open_mesh,
2b51a2430ac691e24d97a7c39a6386ecca27f434,wall clock,complete,False,weld_or_static,open_mesh,
2b54e37d81302fa2c8ad80cc7c8e77ebb3136e71,bathtub,complete,False,bbox_inertia,open_mesh,
2b54eedde60d311599e833173ef0757ea4931ef9,wall art,complete,False,weld_or_static,open_mesh,
2b66fdae818f040c80188e978e266d9a93fed57b,buffet,complete,False,bbox_inertia,open_mesh,
2b719051546307e6207373872d1ec06391713042,hamper,complete,False,bbox_inertia,open_mesh,
2b731135f36ebc9646ba83717aa14dfde07f9cef,straight chair,complete,False,bbox_inertia,open_mesh,
2b7fa3d8eb3b49b530a0f3145d781e6614eb5df8,armchair,complete,False,bbox_inertia,open_mesh,
2b814107d2b8d2222ed4497ebc974c40a62af2c2,plant,complete,False,bbox_inertia,open_mesh,
2b868ad66501c720e2fd22c9a109f02e4e063f7b,floor lamp,complete,False,bbox_inertia,open_mesh,
2b888cc70c8193c8fcb04f4b9cdc1eeb2d82087a,hanging cabinet,complete,False,bbox_inertia,open_mesh|center_of_mass_out_of_bounds|inertia_not_positive_definite,
2b895802055054fdce43bb4936cc4ff1ee7597a3,cup,complete,False,bbox_inertia,open_mesh,
2b9af0f16b5f1e6b7621bfa05afb45b3581e0736,nightstand,complete,False,bbox_inertia,open_mesh,
2b9bc47164114658e3b5b73ac9c93fda402a8db6,armchair,complete,False,bbox_inertia,open_mesh,
2ba524d7f956907d73f0f9f02c3ae00105902a87,television receiver,complete,False,bbox_inertia,open_mesh,
2ba78a798010191fd7b9d8e395c76a9e55d427ac,fireplace,complete,False,bbox_inertia,open_mesh,
2bbd17985bd53e188e1a550c6495ab52159c0874,ashcan,complete,False,bbox_inertia,open_mesh,
2bbec9381d1770ac074d61d4d642ed5ec14c6400,kitchen cabinet,complete,False,bbox_inertia,open_mesh,
2bc5fe4f4fc48aec41c67e34ebe603bbb53b1d01,vase,complete,False,bbox_inertia,open_mesh|degenerate_faces,
2bc66a181f3be064a8053ea0e5a4e464380e2b90,chest of drawers,complete,False,bbox_inertia,open_mesh,
2bc8cec2c84a5902fdc2d14e4da9fd20f5fde6fb,showerhead,complete,False,bbox_inertia,open_mesh,
2bc8d101a752184e3335b091229fa1121049ec5c,table lamp,complete,False,bbox_inertia,open_mesh,
2bd2ca4a8930efd11be86ecbefc683cd1a86dedd,bench,complete,False,bbox_inertia,open_mesh,
2bd4ac31ce87dcbf86d1a1bee10f81d10c42160e,buffet,complete,False,bbox_inertia,open_mesh,
2bd9270e5f4dfc5e10e9f58e935e7445abfc2009,footstool,complete,False,bbox_inertia,open_mesh,
2bddd77fb5445434e8a580898a2e675f2f2a0516,table lamp,complete,False,bbox_inertia,open_mesh,
2be31ee230714129948eda5af7d3b29777601dba,dining table,complete,False,bbox_inertia,open_mesh,
2be4c3572c9e74ad4d85689df775dd438c3ac7c8,throw pillow,complete,False,bbox_inertia,open_mesh,
2be5f12815e542ec385f7abdb423500e1c90d0cf,chest of drawers,complete,False,bbox_inertia,open_mesh,
2be70cb7fe451eabbf070838667e5ae4b8c43974,nightstand,complete,False,bbox_inertia,open_mesh,
2c03c49eca6d2a781ab93c5f2ab899c9a35b7f32,ashcan,complete,False,bbox_inertia,open_mesh,
2c0d3b1f712185ebacd6cb5e39e1551e13e6ee60,shower stall,complete,False,bbox_inertia,open_mesh,
2c0d9d6af310af4322e9d7715fec09fac9207cf6,ball chair,complete,False,bbox_inertia,open_mesh,
2c11f248d7a633af0888652b13ba205b025f1982,picture frame,complete,False,weld_or_static,open_mesh,
2c15efb833211d784d267d1af34267965a4c88ad,throw pillow,complete,False,bbox_inertia,open_mesh,
2c1633348f01bcd9dfd81539bb4fcd3621383ea9,picture frame,complete,False,weld_or_static,open_mesh,
2c211688104d983036ad9edd9042758ad0330a4a,potted plant,complete,False,bbox_inertia,open_mesh,
2c2399e7e1bda46b611747dcea431c6a6ac2000b,floor lamp,complete,False,bbox_inertia,open_mesh,
2c2b2914fc526f6e8bbe65511ecf58bba0027ec0,washer,complete,False,bbox_inertia,open_mesh,
2c2b718349456eee382ae364814d5425a0e775a1,wall sign,complete,False,bbox_inertia,open_mesh,
2c2dd4de57669b50127b3524ca3bace814215bb9,soap dispenser,complete,False,bbox_inertia,open_mesh,
2c31adfeb4c1596fba2992437c4ce203633dce21,armoire,complete,False,bbox_inertia,open_mesh,
2c443a4b26a8d6c52f01aefe20c22bd46961bf5a,floor lamp,complete,False,bbox_inertia,open_mesh,
2c4bc5b4afebaf03548b211cd5f637c262ae96d1,wall art,complete,False,weld_or_static,open_mesh,
2c66d9495affb0273810b7bacd4c87a4b0f90852,vase,complete,False,bbox_inertia,open_mesh,
2c681d7e64e0410d76156f500cd2df798975a25d,bookcase,complete,False,bbox_inertia,open_mesh,
2c685e1913b32b31a350a5d7cad083ec4f6bb844,cabin,complete,False,bbox_inertia,open_mesh,
2c69bff136e6399bfc19cfdd8af1d9e5bcbc7843,chest of drawers,complete,False,bbox_inertia,open_mesh,
2c6ab6266f1d11711743b89a00b0f7ff7d64edde,chest of drawers,complete,False,bbox_inertia,open_mesh,
2c6bdf4742ec3a3b909a7e3c701cfdf0042eb4d4,pet bed,complete,False,bbox_inertia,open_mesh,
2c7dc44607fb19c2e16312434256f20eb460f21c,wall art,complete,False,weld_or_static,open_mesh,
2c8215b16e661762124ca86153e08d9526b7c127,globe,complete,False,bbox_inertia,open_mesh,
2c910f993101528d032798a5d5938a22f4226baa,table,complete,False,bbox_inertia,open_mesh,
2c924aaa02c24da3ad6147b51290eb251414ce19,potted plant,complete,False,bbox_inertia,open_mesh,
2c95bbd0e11baed1173e4a1c2f34a52f2c0f6dcc,kitchen cabinet,complete,False,bbox_inertia,open_mesh,
2c9b708ce46c0fa262c9c97f58e4856a792dba5e,vase,complete,False,bbox_inertia,open_mesh,
2c9dd4d54683d6f3f9fdf3fb206a6dbda6305d7a,throw pillow,complete,False,bbox_inertia,open_mesh,
2cb375dc30e908a6e4b6545976ad71d2586d6807,wall art,complete,False,weld_or_static,open_mesh|invalid_volume|center_of_mass_out_of_bounds|inertia_not_positive_definite,
2cc02e49ce20336818af4a432db1b0252fce10aa,kitchen cabinet,complete,False,bbox_inertia,open_mesh,
2cc7a3e14760c46af43565634f9d4492ec303b9f,potted plant,complete,False,bbox_inertia,open_mesh,
2cc9ea6e954407376fc7138ca8ffed08923715d0,armchair,complete,False,bbox_inertia,open_mesh,
2cd921f6f8ac6a8b80eedd3bd8c1bd3cce11d974,planter,complete,False,bbox_inertia,open_mesh|center_of_mass_out_of_bounds|inertia_not_positive_definite,
2cdb28938dff1f9ab13aee7630cea51f44f60952,"chest of drawers.n.01,end table",complete,False,bbox_inertia,open_mesh,
2ce838c1410d64b891879511cf4610f7e677b3b6,wall mounted screen,complete,False,bbox_inertia,open_mesh,
2cefafb6aa2c2473fc3097c59429c5634a84a474,wall art,complete,False,weld_or_static,open_mesh,
2cf1bc017c75df20882a02cf56abad6ebfc4973d,footstool,complete,False,bbox_inertia,open_mesh,
2cf2504a8f09e07d65c3678b24b38730c673e0e8,wall mirror,complete,False,weld_or_static,open_mesh,
2cf4b67bb56ea55fae5db024212ebfe8a3a4b6eb,cabinet,complete,False,bbox_inertia,open_mesh,
2cf94f94a551dbe0811cfb06b50395cc1abbb137,wall art,complete,False,weld_or_static,open_mesh,
2cfd823ec1ebdd3a3361cc093b6b109cf1c08d85,wall art,complete,False,weld_or_static,open_mesh,
2d0300d421202c9ac3ee8a034e3dc7ca63649a3a,swivel chair,complete,False,bbox_inertia,open_mesh,
2d12c699b1e1c7d25bca3ef52268bcee7046c407,rack,complete,False,bbox_inertia,open_mesh,
2d12d770c8e8c8b18ef7d3dee860bfb9a9dcb78c,wall art,complete,False,weld_or_static,open_mesh,
2d16bb0da869abae99bb080d54869111fdfa2c67,book,complete,False,bbox_inertia,open_mesh,
2d25d56f923ece2bdfb3034f620708ace9e0d579,potted plant,complete,False,bbox_inertia,open_mesh,
2d2cbcc8a0e199d17277cd6960e81b0fb33d1070,refrigerator,complete,False,bbox_inertia,open_mesh,
2d340e937b4159a096702a978796280197966ead,picture frame,complete,False,weld_or_static,open_mesh,
2d3df1dcb067da43f85411fe601f24bb38d268a8,end table,complete,False,bbox_inertia,open_mesh,
2d4d37e58767d11df641a3091ab9a88b323b5316,throw pillow,complete,False,bbox_inertia,open_mesh,
2d4d393d3e18c1f6faf2f6cfe1bb9b58ed3e68d0,coffee table,complete,False,bbox_inertia,open_mesh,
2d5ea20064b3f6a3c94a889d5b0451bb291fe099,armchair,complete,False,bbox_inertia,open_mesh,
2d5f072f915783acff3a313dc57979f49a5ca5f0,throw pillow,complete,False,bbox_inertia,open_mesh,
2d5f9d107b7f4047bc8bc0907afc9514fab95ae1,christmas stocking,complete,False,bbox_inertia,open_mesh,
2d6037d54bc6444cd8957809bea9237a23abbf49,throw,complete,False,bbox_inertia,open_mesh,
2d677064b6bd4a3ba262cd510fd03c58efb57533,console table,complete,False,bbox_inertia,open_mesh,
2d67850d2a9609846f008687b1ef972f06dbfe5d,"stairway.n.01,stairs",complete,False,bbox_inertia,open_mesh,
2d686cdf1b2da2c4b61c629bdefdb4a5c6678168,vase,complete,False,bbox_inertia,open_mesh,
2d6a21fd2b6a13acf86b01311e497e7e51c5b434,wall lamp,complete,False,weld_or_static,open_mesh,
2d743cbb6f0b082c1a379d678dbebc36b510931c,rug,complete,False,bbox_inertia,open_mesh,
2d80cee0d27a41decb1cc93cde2be70c4cb91158,wall lamp,complete,False,weld_or_static,open_mesh,
2d83d103d05dc1ed0787f7ee6e8dc6313299694a,rug,complete,False,bbox_inertia,open_mesh,
2d84575936f6a08fb38b3ad647d25c613fdddad0,pitcher,complete,False,bbox_inertia,open_mesh,
2d84f0102a05a257a741c901a160c257e65183be,wall art,complete,False,weld_or_static,open_mesh,
2d88453601c4516c2d2c8b6187dbdd97a1323f99,wall art,complete,False,weld_or_static,open_mesh,
2d8e338a3f5070ee4b45a8deeedcc53f365aac85,"letter.n.02,wall decor",complete,False,weld_or_static,open_mesh,
2d93837fd0fb80b2f2e9b0d3d55eb6506b22d4c1,chest of drawers,complete,False,bbox_inertia,open_mesh,
2d9c5c6e0cdd6790c5c3b701990826f969b5cf37,console table,complete,False,bbox_inertia,open_mesh,
2d9d75abe73b8926361f892d5404a543a2d5a659,spicemill,complete,False,bbox_inertia,open_mesh,
2d9d831979d44f18717981968678bb5bf944d5b2,"candlestick.n.01,candle",complete,False,bbox_inertia,open_mesh|center_of_mass_out_of_bounds|inertia_not_positive_definite,
2daa2e61b2f334ba0eb85bb6a94fd5213ad16499,potted plant,complete,False,bbox_inertia,open_mesh|inertia_not_positive_definite,
2dba1ac5ece0278e56ecab61b7d2d9e750a51914,throw pillow,complete,False,bbox_inertia,open_mesh,
2dbcfd4e031f9c39eb2690a15ee989b12ee4ea36,chaise longue,complete,False,bbox_inertia,open_mesh,
2dbd13061836569068a31af0417c100360060a63,wall mirror,complete,False,weld_or_static,open_mesh,
2dc47e88f58c41d9328d2ee3cadad16a4f5ce3ee,chest of drawers,complete,False,bbox_inertia,open_mesh|degenerate_faces,
2dc4fc2ba44e670900db84b7fe9e7e98c8c7b338,chest of drawers,complete,False,bbox_inertia,open_mesh,
2dcebc69212b690c3a51c725a22d5698fe091664,wall mirror,complete,False,weld_or_static,open_mesh,
2dee26ada15e0c2591ab9f19b3386d8929ee1515,throw pillow,complete,False,bbox_inertia,open_mesh,
2defe14f5fd9e16764bd77f9a7b24328d9191b21,wall mirror,complete,False,weld_or_static,open_mesh,
2df2ae94d9b63ff5f14f5bc28d89cc2a18eda404,dining table,complete,False,bbox_inertia,open_mesh,
2dfa61ddd59039ff0a8bde4fb36d5f0a394fe9d5,throw pillow,complete,False,bbox_inertia,open_mesh,
2dffa1c635649148b266eafd69fb37a956dce354,wall clock,complete,False,weld_or_static,open_mesh,
2e028ffe637a7f7b62154ccfb1cb406a2d8ed6ba,console table,complete,False,bbox_inertia,open_mesh,
2e0db28b9c46cb6952229edcb996bccef7503931,cafeteria tray,complete,False,bbox_inertia,open_mesh,
2e11b7d886cd3b6d84217b5eeef9e72dfdc847d8,armchair,complete,False,bbox_inertia,open_mesh,
2e161586bd90d1d4429a89adc98814ed4d5b98cf,plant,complete,False,bbox_inertia,open_mesh|center_of_mass_out_of_bounds|inertia_not_positive_definite,
2e17e86e044c7a9dd97398a9f8791c923d46edd0,desk,complete,False,bbox_inertia,open_mesh,
2e1ad662823a47cc345a21da6a953dd5bf4f33e0,wall art,complete,False,weld_or_static,open_mesh,
2e220a72339bd2be92f210affc6adb599e7a297a,casserole,complete,False,bbox_inertia,open_mesh|center_of_mass_out_of_bounds|inertia_not_positive_definite,
2e235a8f8b57208d0276f64df2b9d8d6e92b396d,wall art,complete,False,weld_or_static,open_mesh,
2e31f5738287feec7ea00dfb6878754d1725212a,bookcase,complete,False,bbox_inertia,open_mesh,
2e32ff526dbeb03092164450a309d084a99879cd,armoire,complete,False,bbox_inertia,open_mesh,
2e3b5cb88080b617f6bc4416361c966be69dc564,wall art,complete,False,weld_or_static,open_mesh,
2e3ef297e42fa497a75d5ded416224d80c7d7264,buffet,complete,False,bbox_inertia,open_mesh,
2e4e58c29e1afc7443f6eafb25db744775838ca1,shower curtain,complete,False,weld_or_static,open_mesh|center_of_mass_out_of_bounds|inertia_not_positive_definite,
2e52570bc94dbd4720e59b6c7cd503396e40b6c5,"stove.n.01,oven",complete,False,bbox_inertia,open_mesh,
2e562263cac57a88fea7b1ddc2876337658c02c7,towel,complete,False,bbox_inertia,open_mesh,
2e569528f4c01f2e1b5c33f4afbc62041db543cb,postbox,complete,False,bbox_inertia,open_mesh,
2e5aaec96e52025365e10b73e2b08e515adabeaf,ashcan,complete,False,bbox_inertia,open_mesh,
2e6453b2df0f2508bda449b25a3f7ff7021a03c5,table,complete,False,bbox_inertia,open_mesh,
2e67550ebfbba75f09dc42129dbfee02648e56df,range hood,complete,False,bbox_inertia,open_mesh,
2e6ab9310ec61f3acec8ca13f43b5f70090ad919,"candlestick.n.01,candle",complete,False,bbox_inertia,open_mesh,
2e760269dfbce48c95a73620a808e3e88b60ade4,kitchen cabinet,complete,False,bbox_inertia,open_mesh,
2e764d82da3614e6aac849354b768932771b0a1a,chandelier,complete,False,weld_or_static,open_mesh,
2e7b1f2f87383d209dffd6257b11713dc5ee2952,dining table,complete,False,bbox_inertia,open_mesh,
2e806c383111ffa04fde0d4d7d56b41c5c9762b4,sofa,complete,False,bbox_inertia,open_mesh,
2ea340da635b5d6625837936ea858ca64c31806b,wall mirror,complete,False,weld_or_static,open_mesh,
2eaa2c631f11e1aee40e43e378bff3d3b43630a3,exercise bike,complete,False,bbox_inertia,open_mesh|inertia_not_positive_definite,
2eb55162119cdcf166127abda0fbc6accf2e0efa,chandelier,complete,False,weld_or_static,open_mesh,
2ec43977f6785333e576d834d50ec163ab176275,beanbag chair,complete,False,bbox_inertia,open_mesh,
2ec4a55fa4aee515b1326a711c08db3a9a3b1226,birdcage,complete,False,bbox_inertia,open_mesh,
2ec881a86f89c61f5a82bb381c491e88689cd892,wall art,complete,False,weld_or_static,open_mesh,
2ecf5c47b1c7dca633017aa282b35db452c14679,floor lamp,complete,False,bbox_inertia,open_mesh,
2ed325ad50bf4c2678d623fcd0762a806ae8048e,telephone,complete,False,bbox_inertia,open_mesh,
2eda28c8fff305d6a12f8deeadb7adfd47e33ec2,window shade,complete,False,bbox_inertia,open_mesh,
2ef6a4ea1c424e07e9c839e1a1bb3b33fc5d3e0e,hanging cabinet,complete,False,bbox_inertia,open_mesh|center_of_mass_out_of_bounds|inertia_not_positive_definite,
2f005e62747d5b1073de56e05730fb5c2528d49a,wall mirror,complete,False,weld_or_static,open_mesh,
2f0ee9cd04341addee62f7d08561acb797a5b297,dining table,complete,False,bbox_inertia,open_mesh,
2f1636e3f7d92ad83a82be432985679613b67a9a,basket,complete,False,bbox_inertia,open_mesh,
2f1b2251ee950a888fedf63d812988d08354ba28,straight chair,complete,False,bbox_inertia,open_mesh,
2f217ae9c04406f2f7f14dd03def9b9ab7d8760f,mattress,complete,False,bbox_inertia,open_mesh,
2f26636e4943427e7fafd2cf8365b85afa977503,fireplace,complete,False,bbox_inertia,open_mesh,
2f2777ac33641e3971d97994ca54ef35fa1a1ed3,wall lamp,complete,False,weld_or_static,open_mesh,
2f2b94fd61b77ab8cb3d352347ff10d74db8d70c,nightstand,complete,False,bbox_inertia,open_mesh,
2f2fe35543f207df061631c8054bfa05eb32a218,sofa,complete,False,bbox_inertia,open_mesh,
2f35981770361de274b6d6e1ec9fb2551ff7b4d0,chair,complete,False,bbox_inertia,open_mesh,
2f38b4f83d8a77af0eb36406b0f00df98cef5e47,table,complete,False,bbox_inertia,open_mesh,
2f3b05938494691123eda0816da3a88833170c50,hanging cabinet,complete,False,bbox_inertia,open_mesh,
2f3cdc387d8c8e6e4ec9ce174e5f3dbe090933dd,bottle,complete,False,bbox_inertia,open_mesh,
2f3f0bede87dd8ebc9a0df0281b3a3b1f97b1128,serving cart,complete,False,bbox_inertia,open_mesh,
2f4a7963f16e4c06b7624e970bb906461ad1d600,bunk bed,complete,False,bbox_inertia,open_mesh|center_of_mass_out_of_bounds|inertia_not_positive_definite,
2f544490dd555506d20f317e679b252b642a4b2d,alarm clock,complete,False,bbox_inertia,open_mesh,
2f57f45e18369078a87321d01b5d6ab37ff7664f,sink cabinet,complete,False,bbox_inertia,open_mesh|inertia_not_positive_definite,
2f58c5af3b0d694fbcfcbbea28f0ab0a7499b78e,soap dish,complete,False,bbox_inertia,open_mesh,
2f5adf1fd1ca54088d55c4a70f771101f9690144,end table,complete,False,bbox_inertia,open_mesh,
2f7ac29a1a7006f169b9a6235de97532c78b03c5,book,complete,False,bbox_inertia,open_mesh,
2f7c1b8e9846d5e8d2696f236a88e7ea27d283b7,blender,complete,False,bbox_inertia,open_mesh,
2f7e74400b88f63a777dc229b7983334794d5e59,table,complete,False,bbox_inertia,open_mesh,
2f8836e88a478a38746f7811a705cfe91f8da0db,pet bowl,complete,False,bbox_inertia,open_mesh,
2f8b1869ffc23806afac2e98ecc61cffb6c94ffc,chair,complete,False,bbox_inertia,open_mesh,
2f90df0e7dcf3fda7a73bed143560e201278428f,potted plant,complete,False,bbox_inertia,open_mesh|center_of_mass_out_of_bounds|inertia_not_positive_definite,
2f92d709c9e94753a896c065cb62ed33765837c0,bottle,complete,False,bbox_inertia,open_mesh,
2f93ae3d17e2bd274ea01fc25c2b561e920f89ff,pendant lamp,complete,False,weld_or_static,open_mesh|center_of_mass_out_of_bounds|inertia_not_positive_definite,
2f9d7000ad830a8f5cab7de9041a427447b6d6af,armoire,complete,False,bbox_inertia,open_mesh,
2fa15bc31819eff32a29e592b6a71011266313a3,lectern,complete,False,bbox_inertia,open_mesh,
2fa3194c698dc17c8b2b1c45bc1d96cb532689d4,wall lamp,complete,False,weld_or_static,open_mesh,
2fa75eaccb316cfe425443170a4c592ce744150d,"stairway.n.01,stairs",complete,False,bbox_inertia,open_mesh,
2fb166ae425eabf093f3b7b3d37c2c8a9b13835f,wall art,complete,False,weld_or_static,open_mesh,
2fb79466d1414a3199b9ccd0ded673ca2b0d4e32,beanbag chair,complete,False,bbox_inertia,open_mesh,
2fb8e419222b0e5265424f021efd650286dc1894,throw pillow,complete,False,bbox_inertia,open_mesh,
2fbb595428c0d986132a23f89575830e460fd504,wall art,complete,False,weld_or_static,open_mesh,
2fbce70215f78f07b79ac385f6b5f46584bcdd4b,seat cushion,complete,False,bbox_inertia,open_mesh,
2fc22f000a6e9020c3667ac6e8d552baf7f61813,rug,complete,False,bbox_inertia,open_mesh,
2fc2e7cbb6059bc61b4ca0d706ea10649cdabf53,makeup mirror,complete,False,bbox_inertia,open_mesh,
2fc3a695672178bf0236ed4a10a8d9378017f85c,chair,complete,False,bbox_inertia,open_mesh,
2fcbcfe7e87c076203820c7d02cfcfc73bf13966,hanging cabinet,complete,False,bbox_inertia,open_mesh|center_of_mass_out_of_bounds|inertia_not_positive_definite,
2fd36b341e66b948ec0cd87264036f7881cedb4b,vase,complete,False,bbox_inertia,open_mesh,
2fd56ec375511778b87d73040f3b55ba6311aea0,hanging cabinet,complete,False,bbox_inertia,open_mesh|center_of_mass_out_of_bounds|inertia_not_positive_definite,
2fdca3e8dca93d0b3f5633e02f422a081f88c5da,wreath,complete,False,bbox_inertia,open_mesh|inertia_not_positive_definite,
2fdd58d5bfd0f569ce072266cf1fccc55ea21150,cafeteria tray,complete,False,bbox_inertia,open_mesh,
2fe5296c8eae107200db3fb2341d72c0a3472eab,dining table,complete,False,bbox_inertia,open_mesh,
2fe7c6f08e5e7584b760a0dc2ede9b854908fd29,potted plant,complete,False,bbox_inertia,open_mesh|inertia_not_positive_definite,
2fe9121fc15c7bad2355f8bee69a304e178d788d,heating system,complete,False,bbox_inertia,open_mesh,
2fe9c822c423f699138ade0883af91154ce00094,buffet,complete,False,bbox_inertia,open_mesh,
2ffa44fc56c781dc03f76935cdca1704313699af,wall art,complete,False,weld_or_static,open_mesh,
2ffe8322ed6d595635e2b267d2fbeae698032e67,potted plant,complete,False,bbox_inertia,open_mesh,
300bde36e2d7e475bd14855c9a1510c07935bd34,wall art,complete,False,weld_or_static,open_mesh,
301673c088e8e69860077c5800776f2e33ac36a6,wall mirror,complete,False,weld_or_static,open_mesh,
30169ffca25bfe6398dc267a124f09a975531f66,wall art,complete,False,weld_or_static,open_mesh,
3017f3e89e8d40f76e1ef5d10a6c9787ba63e743,roaster,complete,False,bbox_inertia,open_mesh,
301c9cadfb89c5548b3806ba950ec4218886dac5,wall art,complete,False,weld_or_static,open_mesh,
301cbabdb3b78ab99d17c7434712bdcc72c4cbcc,grandfather clock,complete,False,bbox_inertia,open_mesh,
3024a2ac938ec92f5f6e5e62714c5dfd4a73d10c,casserole,complete,False,bbox_inertia,open_mesh,
3025a3018b9e419ed39d5cb58cee5751b445810e,table lamp,complete,False,bbox_inertia,open_mesh,
3033be75f2ac15885e8f4813dc55e168af09e91f,armoire,complete,False,bbox_inertia,open_mesh,
303b98010b70361d84fe7311fe3e152e6783abc6,wall sign,complete,False,bbox_inertia,open_mesh,
303b98fac9e22c364d2e7770ef586f9c963df7e8,teapot,complete,False,bbox_inertia,open_mesh,
30414cd6c4eeac82960afb6163bace31f880343e,cup,complete,False,bbox_inertia,open_mesh,
304214b434420d008b44597af53ba1d79dcff557,floor lamp,complete,False,bbox_inertia,open_mesh,
304d36bee411538acf4ddb8a5000e42e9de19eaf,wall art,complete,False,weld_or_static,open_mesh,
304edd646d2e708ae3199935df875f749754ed37,potted plant,complete,False,bbox_inertia,open_mesh|center_of_mass_out_of_bounds|inertia_not_positive_definite,
30523989850840a63546e6c2ba501b39f9642f10,fireplace,complete,False,bbox_inertia,open_mesh,
3060a8d709671e65252774acb499e90084bf3292,telephone,complete,False,bbox_inertia,open_mesh,
306a08bd1017e569c2b625d4863cfc2ef7bf904a,kitchen cabinet,complete,False,bbox_inertia,open_mesh,
307582fe35abbd39fb19c150eb10066975b56c26,wall art,complete,False,weld_or_static,open_mesh,
307dc8c04f24bfe2d6c0aa6e596dd3377d8c2891,bathtub,complete,False,bbox_inertia,open_mesh,
3089904bad728020d70db7b2fcff5ff7e5235695,wall art,complete,False,weld_or_static,open_mesh,
308c9ceeadde62eaffa17bbbb6e28043bed98626,throw pillow,complete,False,bbox_inertia,open_mesh,
308f49dcb79e8ec5acb0b5a1ae36eab7c59355d6,buffet,complete,False,bbox_inertia,open_mesh,
309c6821d9181eaeb6b28071cfeaead05d732e0f,recliner,complete,False,bbox_inertia,open_mesh,
309eaa78df84ff7241c073ae50de7ae609ff0118,desk,complete,False,bbox_inertia,open_mesh|center_of_mass_out_of_bounds|inertia_not_positive_definite,
30a24b9c5d0292f9bcb07d0b7c878118e62ac666,showerhead,complete,False,bbox_inertia,open_mesh,
30b4aaa97b2389098cc36e573171e96ae55c375f,end table,complete,False,bbox_inertia,open_mesh,
30b659612c0a6358b5d81da95a6c7599d085e981,safe,complete,False,bbox_inertia,open_mesh,
30bac379dc75500d1f62baf03bcbc38012eeb8e7,rug,complete,False,bbox_inertia,open_mesh,
30bc43e4cc623417e45da2701d7ffbea74ff7b2a,wall mirror,complete,False,weld_or_static,open_mesh,
30c4253bab18c4d1e31a693c4b1107777fde1831,wall art,complete,False,weld_or_static,open_mesh,
30c60647e682cd0bddaa92ba7a31db820129a2a5,sink stand,complete,False,bbox_inertia,open_mesh,
30ca67662ca6f2342e9b4e3b1b513b6670adbb7c,plant stand,complete,False,bbox_inertia,open_mesh,
30cb6ee5d01bc601b98ca02ad708f58bac510a39,crate,complete,False,bbox_inertia,open_mesh,
30cce9765fca2797aff64b04b46127d6a695bc29,wall art,complete,False,weld_or_static,open_mesh,
30cfe8ff3c64e13ec821d571031ff323bb73c8a6,wall art,complete,False,weld_or_static,open_mesh,
30db3605051a3817dfd9228eccefa7f28cd01e96,bench,complete,False,bbox_inertia,open_mesh|invalid_volume|center_of_mass_out_of_bounds|inertia_not_positive_definite|degenerate_faces,
30df93d0372a46bb52bee475a97472341592f993,stool,complete,False,bbox_inertia,open_mesh,
30e30df96be74e43dc26f5534275e686b5640799,easy chair,complete,False,bbox_inertia,open_mesh,
30ebb83f48ea03738e4530f17940775b8a251b03,armoire,complete,False,bbox_inertia,open_mesh,
30ff3c853cd989c216e944a4dec458944a70e545,armchair,complete,False,bbox_inertia,open_mesh,
310083a1fe7170f806ea99a07043a1aad8c0ab82,chandelier,complete,False,weld_or_static,open_mesh,
31034065898c4091f109e5a98dbd6451b99dac2d,trellis,complete,False,bbox_inertia,open_mesh,
3108de6e54bef335ffd071a9016f6b8826497282,nightstand,complete,False,bbox_inertia,open_mesh,
310ef620ed545f1f30ac8223c0f5f9bd554b13de,swivel chair,complete,False,bbox_inertia,open_mesh|degenerate_faces,
310fe43cec6ff66fc0f99cca8443c5cdeca818ad,vase,complete,False,bbox_inertia,open_mesh,
311a303f0b3f212b97c5bb23a79a6499efda2f71,nightstand,complete,False,bbox_inertia,open_mesh,
311bc10fd98a68ab8ec34d6ffdab587c3817d73d,end table,complete,False,bbox_inertia,open_mesh,
311c7a3a98caa027550b26d6f25e5e30b5ec7502,dining table,complete,False,bbox_inertia,open_mesh,
31234c5285243db0d6bc43944457825b173cd879,bouquet,complete,False,bbox_inertia,open_mesh,
313936fc28058cbb13882defb7aa3005ce6e4179,sofa,complete,False,bbox_inertia,open_mesh,
3143d105c6f7eac4052e1cb4f498c805a7b20f35,flat bench,complete,False,bbox_inertia,open_mesh,
3145c2c25f9273d8360ce6adaf8336e922a9bf4f,flower in vase,complete,False,bbox_inertia,open_mesh,
31461f71740d5c13c376383f27fa7e2c75e4851c,dollhouse,complete,False,bbox_inertia,open_mesh,
31463bd7b585373edbe64094621d686342a23cf9,swivel chair,complete,False,bbox_inertia,open_mesh,
3157a2905050ec0ecbe06723d968e1743c38e11d,ashcan,complete,False,bbox_inertia,open_mesh|inertia_not_positive_definite,
31609de54bc7b3cceb58cff41b88b69d7f7db9ec,washer,complete,False,bbox_inertia,open_mesh,
31653c084558e1ecb286adf63a305d914aa3c98b,nightstand,complete,False,bbox_inertia,open_mesh,
31658039dc38707d5e41e97a44ecc04206988eb0,chest of drawers,complete,False,bbox_inertia,open_mesh,
3165a0ed3e1ae91398fe3ab8274da7b6a5bbf0f6,end table,complete,False,bbox_inertia,open_mesh|center_of_mass_out_of_bounds|inertia_not_positive_definite,
316bdf2e0a63a567133765f29d2cffb1e588739f,rug,complete,False,bbox_inertia,open_mesh,
316d7bc87db3c6ee1fdc26601bcda7d18c5110fb,toilet,complete,False,bbox_inertia,open_mesh,
317294cbd71b7a56a3a38f6d5b912a19bf04ed81,chest of drawers,complete,False,bbox_inertia,open_mesh,
3182aa9ae613fbdc71b2b983183151b96929377b,footstool,complete,False,bbox_inertia,open_mesh,
318f41ee7f190e101810903668f4d93002a02c84,armchair,complete,False,bbox_inertia,open_mesh,
319758b094c73354ce71436ae0ff75595f73dec4,pendant lamp,complete,False,weld_or_static,open_mesh,
319c007ee7d07ca84c797a512ad4a98c9abc42da,desk,complete,False,bbox_inertia,open_mesh,
31a02a4d3581b3b9f7841697fb80ee933932cf79,wall art,complete,False,weld_or_static,open_mesh,
31a4624a5d93f2f4c098c9bd0723aa5136487bfa,wall art,complete,False,weld_or_static,open_mesh,
31a47d0ea8268383c39155acd010e8d38edfb6e4,soccer ball,complete,False,bbox_inertia,open_mesh,
31a836ff6a75ebbe6b25f9d9872bf7e6dd1395eb,bathtub,complete,False,bbox_inertia,open_mesh,
31a96848af5ad03633c83d00df71439168fc7b5a,showerhead,complete,False,bbox_inertia,open_mesh|inertia_not_positive_definite,
31aa52edb306a4699a3372c47f859669cafc96c8,pathway light,complete,False,bbox_inertia,open_mesh,
31ad36f406fcc7439fbd1307c13865daee61d036,seat cushion,complete,False,bbox_inertia,open_mesh,
31af0878469759544453aa0414303d93f483f37e,toiletry,complete,False,bbox_inertia,open_mesh|center_of_mass_out_of_bounds|inertia_not_positive_definite,
31b5ec475d6fdcbb9461561c0a3bbe22dee18e99,tv stand,complete,False,bbox_inertia,open_mesh,
31b90b708a5fc20f6ac6b817a5f46af218e8736b,coffee maker,complete,False,bbox_inertia,open_mesh,
31bfe73177f1a0769e0c3b82938e78025f0c329e,wall art,complete,False,weld_or_static,open_mesh,
31c1ec3c3b94241e96e4a7bdb6f3bcca58342d58,potted plant,complete,False,bbox_inertia,open_mesh|center_of_mass_out_of_bounds|inertia_not_positive_definite,
31c4493e2e46fc38f7ceae44f6d163c8bc44bb4a,table lamp,complete,False,bbox_inertia,open_mesh,
31ce9e9df83a6deb8d40ab8bba2df1dfd874e36c,kitchen cabinet,complete,False,bbox_inertia,open_mesh,
31db4fd468ce40de28ea3bf907b1569ef27c9852,storage box,complete,False,bbox_inertia,open_mesh|degenerate_faces,
31e02a4cdcb114cdee0b3a6f1454d2551ee2d942,cabinet,complete,False,bbox_inertia,open_mesh,
31e11f036e69ac95f264368f9736ad533b8c1325,desk,complete,False,bbox_inertia,open_mesh,
31e1f375aa66d6235fbce7b5f34f975bcbe15c90,"stove.n.01,oven",complete,False,bbox_inertia,open_mesh|inertia_not_positive_definite,
31e883e6bfcb4567841daa0e92c9c216762eda94,exercise bike,complete,False,bbox_inertia,open_mesh,
31ee5239cf452a0efb674356b0ee58608f626311,ceiling lamp,complete,False,weld_or_static,open_mesh,
31f11762cd2a9b156589cce98a562016cf75a8be,toiletry,complete,False,bbox_inertia,open_mesh,
31f1e3c48680f2e3d23fd74e870b34a03c4d1f39,console table,complete,False,bbox_inertia,open_mesh,
31f68105b89b6bc24eb8d5e238ed42ae382fc78f,armoire,complete,False,bbox_inertia,open_mesh,
31fb4ebf30cddd82ba457e4a94e94f8f6c7657a7,throw pillow,complete,False,bbox_inertia,open_mesh,
32044088b0ec4c65f898e8a9dc1a46c90714cc62,potted plant,complete,False,bbox_inertia,open_mesh|center_of_mass_out_of_bounds|inertia_not_positive_definite,
320a457988d8a21f5a83e019ceab20f57c4fc3e8,wall art,complete,False,weld_or_static,open_mesh,
320f797f7f3936b01c7fb659ddd56c63cc52f85f,carafe,complete,False,bbox_inertia,open_mesh|degenerate_faces,
3211ec61a38b297d17a14a89f793da26414c3608,bookcase,complete,False,bbox_inertia,open_mesh,
3217eea36f755e203817c3a86ecb8e3e52c7edb6,pendant lamp,complete,False,weld_or_static,open_mesh|inertia_not_positive_definite,
321b84daf44464698f7ec130b2a2aa1d5d355c0d,headboard,complete,False,bbox_inertia,open_mesh,
3220d21b0885b4f0ac2c044d00a76c2ff7844dca,wall shelf,complete,False,weld_or_static,open_mesh,
322937108d19988849e2bb6c09268d1920aa0504,makeup mirror,complete,False,bbox_inertia,open_mesh,
322f805bb1317db59e4a8415955a442ed621368f,hammock,complete,False,bbox_inertia,open_mesh,
322fdf4522f421e0c96c826ee96de58dcf2d07ad,throw,complete,False,bbox_inertia,open_mesh,
32356d3835e7f0b09be9ed8ddc188620cdeec553,chandelier,complete,False,weld_or_static,open_mesh|center_of_mass_out_of_bounds|inertia_not_positive_definite,
32387b1ed8abf60b0b551a1612e17074d76c5a44,wall lamp,complete,False,weld_or_static,open_mesh,
3238886494f286496572f06446b15fb020cbd141,wall shelf,complete,False,weld_or_static,open_mesh,
3238d3a7123feddcf9a8960461bf14e9bb6925c1,kitchen cabinet,complete,False,bbox_inertia,open_mesh,
323e91a7be4f48ea6f7f451d5f1d22edb030930c,bicycle,complete,False,bbox_inertia,open_mesh|center_of_mass_out_of_bounds|inertia_not_positive_definite,
3248e003a06811e76a9743e72979924b2b9c9373,wall art,complete,False,weld_or_static,open_mesh,
32505cb15f489391179b0d668a0940ee645e6e89,window curtain,complete,False,weld_or_static,open_mesh,
3250fed9cd01e87e35addd30f213df8fae6ae89f,dressing table,complete,False,bbox_inertia,open_mesh,
325b11811334c7b545f5c52bcf73676295ad237e,"toilet brush.n.01,toilet brush holder",complete,False,bbox_inertia,open_mesh|inertia_not_positive_definite,
325b25695c4e419b51b1d286ef9b9d5e84955e5f,wall art,complete,True,weld_or_static,,
32620999debf3d3afebd7749200375c457fd79ac,wall lamp,complete,False,weld_or_static,open_mesh,
32791fcaa59f53012adcdd5f52540be20aad55b0,umbrella stand,complete,False,bbox_inertia,open_mesh,
32856ef0051468b85bf88eb693e5f78cfe550bc4,throw pillow,complete,False,bbox_inertia,open_mesh,
3286bf442b98c704ec8f9b3f69d29cf92971527a,fireplace,complete,False,bbox_inertia,open_mesh,
3292f88d808f0de9389b6866a1535d71b0ff8851,wall clock,complete,False,weld_or_static,open_mesh,
329343e5c540027b4e4ee690129406925dcb1ef3,toiletry,complete,False,bbox_inertia,open_mesh|center_of_mass_out_of_bounds|inertia_not_positive_definite,
32a0a1818c04208ac457579c89c2276f2f7f85a4,wall art,complete,False,weld_or_static,open_mesh,
32a302104ec8f94faa2950f0167945ed4895e9b9,china cabinet,complete,False,bbox_inertia,open_mesh|center_of_mass_out_of_bounds,
32a7402eb0e14083c7a1479c3c2ffb7765fa7d5a,end table,complete,False,bbox_inertia,open_mesh,
32bc37b3c83ce4c3d61f8e64e62934e1cfe82f94,plate,complete,False,bbox_inertia,open_mesh,
32bd0f8e0c0d3b96752f4ec6014a4bfe9062f384,stool,complete,False,bbox_inertia,open_mesh,
32c3ff6aa5f13bd694a1edef070f913065d3f644,window curtain,complete,False,weld_or_static,open_mesh|center_of_mass_out_of_bounds|inertia_not_positive_definite,
32e14508cae3c49a0c16f419cca358cc890079d5,darts,complete,False,bbox_inertia,open_mesh,
32e3e9be6990efce191891627c7a34660ae1aef7,chair,complete,False,bbox_inertia,open_mesh,
32e6015fabc0e2bd7e8ad9970173c52e23b8957d,throw pillow,complete,False,bbox_inertia,open_mesh,
3303632d475f16ba7c32dad5c1e932ca22d920d5,wall mirror,complete,False,weld_or_static,open_mesh,
3316b7cd2a7056735b8c473249e2940de9361603,string lights,complete,False,bbox_inertia,open_mesh,
331805416bff2bc91d12068625853de085443c62,chest of drawers,complete,False,bbox_inertia,open_mesh,
331b892742241860de2ea4757b8d7081688db1b6,end table,complete,False,bbox_inertia,open_mesh,
33202e0a2053b838e9df11fade90eb2251c0f509,cabinet,complete,False,bbox_inertia,open_mesh,
33216cf986a4e6b03f8417d069daed179661fd80,cellular telephone,complete,False,bbox_inertia,open_mesh,
3321ae692f83c2bb569672e8331557dbffb1b594,dining table,complete,False,bbox_inertia,open_mesh,
3330c15aea09a3653dfef1a26ec300ec11fc319e,potted plant,complete,False,bbox_inertia,open_mesh|center_of_mass_out_of_bounds|inertia_not_positive_definite,
333d94cbb1e7aea33b474232d7ef0dbf8340ce50,dining table,complete,False,bbox_inertia,open_mesh,
333fbf609c0f0877768188c43a0a812cc46e26ae,chair,complete,False,bbox_inertia,open_mesh,
3346a053b16ea56b11251b933e6fbc3e54749d10,serving cart,complete,False,bbox_inertia,open_mesh,
334e738f9a75aa50fdc33f0776b43bdea1fccdfe,vase,complete,False,bbox_inertia,open_mesh,
334f847f27c9cac8e0f2f24314ecd3823e15b7b9,bar stool,complete,False,bbox_inertia,open_mesh,
335fc5d250b5f7e424fcb25a26bf001f738ca364,espresso maker,complete,False,bbox_inertia,open_mesh,
3362008b68ae3e3f0be50057fa895cdacbfad401,sink cabinet,complete,False,bbox_inertia,open_mesh,
33680fb643944477c1ab95c1446385407cad544b,bookcase,complete,False,bbox_inertia,open_mesh,
33699eda2d1cf8f3d2dec775637a6c86d795a507,chest of drawers,complete,False,bbox_inertia,open_mesh,
336b9d7e5d2c256e7fcd68820d460710b0a778bf,"letter.n.02,wall decor",complete,False,weld_or_static,open_mesh,
3372c3b68c9a2cd4ba9fc36a5763acbfa2d1aac0,tray,complete,False,bbox_inertia,open_mesh,
3382815f0be7a896402110bbefda2e802653704c,wall art,complete,False,weld_or_static,open_mesh,
33899c26a1b2e26f28246fdf4c4b1668f86cf6fd,lantern,complete,False,bbox_inertia,open_mesh,
33914229fcd19bb1ae7dd906d9341c9c132323ae,sofa,complete,False,bbox_inertia,open_mesh|degenerate_faces,
33a3bda0f796863c58de250cd82fae276afb8ed3,bench,complete,False,bbox_inertia,open_mesh,
33a6369dae33e185e745a936387a51c1e3c29092,wall art,complete,False,weld_or_static,open_mesh,
33a80de43725c68020cf34f52f6ff3ce6534e14f,candlestick,complete,False,bbox_inertia,open_mesh,
33aeb985d25ce548e5565c7a1a6813d0027b692a,dining table,complete,False,bbox_inertia,open_mesh,
33b3cf8ec87adf9fae567fdf0d6c88df3e0b88d1,"switch.n.01,dimmer",complete,False,bbox_inertia,open_mesh,
33b8f704a5c49dd40b82ae9df6715200937e4c9a,armchair,complete,False,bbox_inertia,open_mesh,
33bbad2c80a303c255514cde47156c40aabccd73,stool,complete,False,bbox_inertia,open_mesh,
33c0e727dec2050f926408631716d7a9c691af1f,pond,complete,False,bbox_inertia,open_mesh,
33c1689bc5fb3b6f599f261ad069d9510804deb9,kitchen cabinet,complete,False,bbox_inertia,open_mesh,
33c2aee6f2c96a81c8b9d6f2e47d7dffc39407d0,wall art,complete,False,weld_or_static,open_mesh,
33c8af9d7b05a8127d357a8006773d39351f57b8,coffee table,complete,False,bbox_inertia,open_mesh,
33c9de97bf011b3aad628bbdb9e49021f46bcce4,chest of drawers,complete,False,bbox_inertia,open_mesh,
33cc2bed75038833bfde6aa5bc45f70cd9c30e11,rug,complete,False,bbox_inertia,open_mesh,
33d882aa224a49f9f0971862e71d46b452111fd1,wall socket,complete,False,bbox_inertia,open_mesh,
33db2a34d62e1e686f72a5cb0b071b2734d2e3b0,wall art,complete,False,weld_or_static,open_mesh,
33e2521c0692e52b4fb6a3f1bdc0cb3e7b37a88d,heating system,complete,False,bbox_inertia,open_mesh,
33ed9156fb030e849e11ecca7fe95a239f017dff,"drawer unit.n.01,file",complete,False,bbox_inertia,open_mesh,
33f33f18af5677db2b7b783cdfaff4dcdda290dc,string lights,complete,False,bbox_inertia,open_mesh,
33f6ec08767e11d7dc6d51d2b3cb5d60b43c17b1,wall art,complete,False,weld_or_static,open_mesh,
33fd32eee081d603599039a600259870648e742a,basket,complete,False,bbox_inertia,open_mesh,
33fea23cefb0bd6fe3a8c94cc19c048cea102c32,wall art,complete,False,weld_or_static,open_mesh,
33ff291ddeee4015269ea0096363c722ec2b8cde,potted plant,complete,False,bbox_inertia,open_mesh|center_of_mass_out_of_bounds|inertia_not_positive_definite,
34050850a0dbf47492860e9c9c1f9e5004348596,jar,complete,False,bbox_inertia,open_mesh,
3408d21f1207ad4d09bf518fdcbabe2b333d6b1e,floor lamp,complete,False,bbox_inertia,open_mesh,
341094b867eb9d6b86f227a6cc65022a840099e5,cabinet,complete,False,bbox_inertia,open_mesh,
3412cdbcef645e8b4bd1fd0838ac39d05a93d2a2,china cabinet,complete,False,bbox_inertia,open_mesh,
34170a3abede075d1e15942197394d95ee063bf7,potted plant,complete,False,bbox_inertia,open_mesh|inertia_not_positive_definite,
34292497a33f039dd556b550e0766a63928f8e58,wall art,complete,False,weld_or_static,open_mesh,
342a5098abd62af93849f28247b60e9e42a2c41a,wall mirror,complete,False,weld_or_static,open_mesh,
3430154a5fb9f7f80994c7e8fdb7a619f6f3deee,wall mirror,complete,False,weld_or_static,open_mesh,
3432a71596b6cd7e944b6f19cf6d713fe17fc8bd,hanging cabinet,complete,False,bbox_inertia,open_mesh,
34334ebad427446b63a6874253b5cd26cfded52f,basket,complete,False,bbox_inertia,open_mesh,
343a9b32e5d6ae85a76218c49b84d4911b0791fe,wall mirror,complete,False,weld_or_static,open_mesh,
343db7fdb2a3711ce5ba49c8296a81ed7487edb1,planter,complete,False,bbox_inertia,open_mesh|invalid_volume|inertia_not_positive_definite,
34466b8622f352c9ab079d3718b0ec604438e205,"bar stool.n.01,chair",complete,False,bbox_inertia,open_mesh,
3447f93b87bfb39f9d3bf25f55eb29e68ad23a40,armchair,complete,False,bbox_inertia,open_mesh,
3448a0f2142df518fd92e165207bf1d58dd05fa0,vase,complete,False,bbox_inertia,open_mesh,
3454e69efed1dfcf54b225bf52c5781d62b42de3,trunk,complete,False,bbox_inertia,open_mesh,
3457594417bd884d6d75e7c19420f474d6b9fda3,"bar stool.n.01,chair",complete,False,bbox_inertia,open_mesh,
34582c45760b7519bea143e2a47b0544b276653b,hamper,complete,False,bbox_inertia,open_mesh,
3459ff07fbf6366f77c2fb2fdcffc159822b862e,wall mirror,complete,False,weld_or_static,open_mesh,
347414deea3205ff5e0c36c1acad28944fb5f1b2,kitchen cabinet,complete,False,bbox_inertia,open_mesh,
347a45498dfdc2bd553a64da96e1771d5081efe1,potted plant,complete,False,bbox_inertia,open_mesh|center_of_mass_out_of_bounds|inertia_not_positive_definite,
347e9347fbd667571ea48e3e66c4e039c3ade04d,window curtain,complete,False,weld_or_static,open_mesh|center_of_mass_out_of_bounds|inertia_not_positive_definite,
348f60a7ecd1addff9d2928919761f3552c37a57,sofa,complete,False,bbox_inertia,open_mesh,
349b4b83f12affe0526e2c5a7148399cb2e40cdd,ceiling lamp,complete,False,weld_or_static,open_mesh,
34ae034cec4070e120c6c1c0f74d67c9ed7690c3,washer,complete,False,bbox_inertia,open_mesh,
34b0c8c9df2e228c334c9087508786112c0ab516,floor lamp,complete,False,bbox_inertia,open_mesh,
34b1492d454d5339285b02b94d1d3e7833f58b30,coffee table,complete,False,bbox_inertia,open_mesh|center_of_mass_out_of_bounds|inertia_not_positive_definite,
34bd334b91aa80076138650d57efa34832b9acd3,vacuum,complete,False,bbox_inertia,open_mesh,
34c7b240200402ad3376efdc89e255d5c330047c,floor lamp,complete,False,bbox_inertia,open_mesh,
34ca134f976424d164be630fc8f22901c909c37b,sofa,complete,False,bbox_inertia,open_mesh,
34daf7fb04a70ed5a78959e30150e9cd269c2326,"letter.n.02,wall decor",complete,False,weld_or_static,open_mesh,
34e0a6c7e42553fab5aa08eeef134ee4d742c6d5,kitchen island,complete,False,bbox_inertia,open_mesh,
34f3d0479cfbd78096971a32f2d564c2b6d79d83,table lamp,complete,False,bbox_inertia,open_mesh,
34f427f048c0ac8a4c5d5fe12d9afd7f95f8cec2,wall clock,complete,False,weld_or_static,open_mesh,
34f429667e91c7e3fc8c608be4f620fe095a0bc1,bench,complete,False,bbox_inertia,open_mesh,
34fe07516cf035361ada53e1c19c32a4f8bf9d94,ceiling lamp,complete,False,weld_or_static,open_mesh,
34fe85709417034d6ef106b5f44a2cf649b98afb,bar stool,complete,False,bbox_inertia,open_mesh,
34ff8f7c41f7370012a8fd99f997c57eb1b747d7,coffee table,complete,False,bbox_inertia,open_mesh,
350034066bbcf45be173c944c82f71f0a3b69f77,wall art,complete,False,weld_or_static,open_mesh,
351070467d2910bb7e87e4b40e9187047e5f5c19,pet bed,complete,False,bbox_inertia,open_mesh,
351f165d750a156b71eb7df6ee9df679122205a1,cake stand,complete,False,bbox_inertia,open_mesh|inertia_not_positive_definite,
3522b9e9d7f750bf333b5ed98e33083dc970ab4c,crib,complete,False,bbox_inertia,open_mesh,
35230dedd6b3f035a602f7226fae2dcb61bf1e4a,refrigerator,complete,False,bbox_inertia,open_mesh,
3527d3169b11efa3dc2edc39a47c14ef08656778,wall art,complete,False,weld_or_static,open_mesh,
352ab1a29ffc0bdfb28f10ed58becf0f71dc3c05,"toilet brush.n.01,toilet brush holder",complete,False,bbox_inertia,open_mesh,
3530a525b3e9c81cf13bb695995369270e6622eb,ashcan,complete,False,bbox_inertia,open_mesh,
35356739cd0ed57bce029e485ee137fb3061b600,nightstand,complete,False,bbox_inertia,open_mesh,
3539c2e8efccc5af37dae758e6fee50078e7c822,wall mirror,complete,False,weld_or_static,open_mesh,
353a79ba76d7dc2d6565207b7dda71c9ff929fde,bedclothes,complete,False,bbox_inertia,open_mesh,
354cbed11da6c79ff0f6784b9552eeeb0f7b90d9,flower,complete,False,bbox_inertia,open_mesh,
354d47ae73383004dfab54a612dc5eb1034f6cc4,television receiver,complete,False,bbox_inertia,open_mesh,
355dd08cf44cd2d54394f8ddbae499564aba1e8b,wall art,complete,False,weld_or_static,open_mesh,
3560cad88dbc66f40f8e85c1ef07c04ce6a68f50,exercise bike,complete,False,bbox_inertia,open_mesh,
356b8426ceec3110080b71163f586c8a0f15acfb,vase,complete,False,bbox_inertia,open_mesh,
356e0fba90c980aab643784d4696357286732a23,pendant lamp,complete,False,weld_or_static,open_mesh|center_of_mass_out_of_bounds|inertia_not_positive_definite,
356e59560b1913d160ce61a14b34fdfe4f89b51e,"bar stool.n.01,chair",complete,False,bbox_inertia,open_mesh,
3575849ca08bd4ba3f3d3ce911e65b7841d810b5,l-shaped couch,complete,False,bbox_inertia,open_mesh,
357789b947326226e42d95fd00aefb13987023c3,toiletry,complete,False,bbox_inertia,open_mesh,
35804d63dcac4fbeee774689a87a3e84a7fe602a,end table,complete,False,bbox_inertia,open_mesh,
35818cce7c18c59b0419afd6a5cf09c819c50621,tray,complete,False,bbox_inertia,open_mesh,
358409ad6f0785fc8db17e8e4f78b6cea14ea4ba,table lamp,complete,False,bbox_inertia,open_mesh|center_of_mass_out_of_bounds|inertia_not_positive_definite,
35880f4a551d6b1790f8ded9b23498f1da88575b,refrigerator,complete,False,bbox_inertia,open_mesh,
35b1b3f551bc4148edf3ca9c2f5c811fe8f8f3e2,table lamp,complete,False,bbox_inertia,open_mesh|inertia_not_positive_definite,
35be49f0cae16e4ed76d7aa0ee7f30f2a91ac795,sofa,complete,False,bbox_inertia,open_mesh,
35be91b930f2e20fc86c0fda15f386171818f6bb,rug,complete,False,bbox_inertia,open_mesh,
35c2b24521e612d93a41a65e403d86ff7f1e3c9b,wall art,complete,False,weld_or_static,open_mesh,
35d2f13ff8857c21c1ddf87fa522c508a61d9643,sofa,complete,False,bbox_inertia,open_mesh,
35e009c285a689b0b77401f0cff863b2a53ec366,bridge,complete,False,bbox_inertia,open_mesh,
35e14cc1dfbbee53a4a98b7cd6b62f17f041f6e4,bookcase,complete,False,bbox_inertia,open_mesh,
35e45879a756f1a6b91371b38b0f97133045356d,chair,complete,False,bbox_inertia,open_mesh,
35efa3abaf9775c0b107494a4f8c4d65974b2810,lantern,complete,False,bbox_inertia,open_mesh,
35effafce676776d73b022654d4bf7c1d668363f,desk,complete,False,bbox_inertia,open_mesh,
35f3b93046ba64bbe233ca01f9e59d01c1d4cad9,floor lamp,complete,False,bbox_inertia,open_mesh,
35fdc6d66950606f33262da718b378f7fe46923a,basket,complete,False,bbox_inertia,open_mesh,
35ff1eca2f69d7d2f7234f50279b114c5d62ab2a,ceiling lamp,complete,False,weld_or_static,open_mesh|center_of_mass_out_of_bounds|inertia_not_positive_definite,
36151274ac573d17f1d89a045986d28c24804934,"drawer unit.n.01,file",complete,False,bbox_inertia,open_mesh,
3619ab3ef4115e5a19195b2c4ce2e83e0b56ea70,shoe rack,complete,False,bbox_inertia,open_mesh,
361a6c08b1137a16977f5a00761aabcb311a7475,notebook,complete,False,bbox_inertia,open_mesh,
36240a4f8a1f5ae5803539910228576ef0dce3aa,armchair,complete,False,bbox_inertia,open_mesh,
363681bd2fdea7b9ee02d956d66f912bb38e847b,rug,complete,False,bbox_inertia,open_mesh,
3637d32cdd9638a7e430319da9283407b33e2129,bookcase,complete,False,bbox_inertia,open_mesh,
36453ddcac72cf5949e8dc9fe604b1b17ee8cd20,table lamp,complete,False,bbox_inertia,open_mesh,
3648d1dda109a672e34c7981552b8cc7c5dc0473,shower curtain,complete,False,weld_or_static,open_mesh|center_of_mass_out_of_bounds|inertia_not_positive_definite,
364b7af5280ba6e93fb3e09061e7639d6a8ba410,swivel chair,complete,False,bbox_inertia,open_mesh,
364e779bf42ccf6eac0ba930d7f1225dd873242d,basket,complete,False,bbox_inertia,open_mesh,
364fd12b7f9dae1470615fb8f459b93c70a94894,nightstand,complete,False,bbox_inertia,open_mesh,
364ff9bf3627be12a05817faa283538fc02de5ad,treadmill,complete,False,bbox_inertia,open_mesh,
365331297a135e4a53fa8e04c66e626712dd9d66,wall mirror,complete,False,weld_or_static,open_mesh,
36714fe0c2d0cdfcc3c3df68ef63c82f47b53639,table lamp,complete,False,bbox_inertia,open_mesh,
367796cb87a179bc6a88515d656eecb9e9402ec4,wall mirror,complete,False,weld_or_static,open_mesh,
367c73d4bae543b1fbcbdd637feb16974a815822,bed,complete,False,bbox_inertia,open_mesh,
36813daab9fbae811e032f9367489dab58218eb3,end table,complete,False,bbox_inertia,open_mesh,
36850ecd5f3ec1555bbc41bdd652e90affb43d63,table lamp,complete,False,bbox_inertia,open_mesh,
3686480e047d1ba6aba585eba28d81867bfb4e2a,wall art,complete,False,weld_or_static,open_mesh,
368a694d34e1e8c367838ebef4b2d4e6307fa7ca,grab bar,complete,False,bbox_inertia,open_mesh,
36901b91ca69637a346f6960fb759e2ee3137a63,glass,complete,False,bbox_inertia,open_mesh,
3696c6329e6b90b857e54b9a6a80e2be5a1fbc8a,basket,complete,False,bbox_inertia,open_mesh,
369ad4b30397935f1ba19e9884bb48707070a307,cabinet,complete,False,bbox_inertia,open_mesh,
369c08f9b552f142e00f496b5c08f00324550496,coffee table,complete,False,bbox_inertia,open_mesh,
36a1fb28bf2d1e7daa7a88b056b37b9a7988bfb9,vase,complete,False,bbox_inertia,open_mesh,
36b60cd87978cebbfe703b476078a8395d29a05a,pendant lamp,complete,False,weld_or_static,open_mesh|center_of_mass_out_of_bounds|inertia_not_positive_definite,
36b65cd988a55c9fdd7f0747d225f79624b96f75,wall art,complete,False,weld_or_static,open_mesh|center_of_mass_out_of_bounds|inertia_not_positive_definite,
36b66b88aadaef45973ab8df9d117317badb1fa5,ceiling lamp,complete,False,weld_or_static,open_mesh,
36cccd72a954bd7b08069072d069c6f0b93c06e4,throw pillow,complete,False,bbox_inertia,open_mesh,
36d3f1ae2c6833b85c029780e44ab8b70269446e,wall art,complete,False,weld_or_static,open_mesh|invalid_volume|inertia_not_positive_definite,
36d7feaf2471b67aa638609fe2c2278fba4a15a0,bookcase,complete,False,bbox_inertia,open_mesh,
36d90c43b90a526247d61e709f349b3ed54081e2,bookcase,complete,False,bbox_inertia,open_mesh,
36def4dd118b2513c1c4153a5160263f191dcbb0,wall art,complete,False,weld_or_static,open_mesh,
36e6a6917fdf2b3fccd4b0c82a7bd8b1fdfe9a00,desk,complete,False,bbox_inertia,open_mesh,
36f46c7b967c8101325848bcf43db07589ae2cc1,candle,complete,False,bbox_inertia,open_mesh,
36f63f5cfcb14459733a5253de92b8298814e0ee,wall art,complete,False,weld_or_static,open_mesh,
3700414065315caa30b22080b93bd4adf355ada3,safe,complete,False,bbox_inertia,open_mesh,
370b5aa338ce69b2a11e5b0a29978a0bddcb0144,stool,complete,False,bbox_inertia,open_mesh,
370db7be089ef6f7ead6818991df6606162ac13c,dining table,complete,False,bbox_inertia,open_mesh,
371efb7286ca8324dea0d9642b3824783a11aa73,vase,complete,False,bbox_inertia,open_mesh,
37207221f2cefb23b0a7f9dfa7f3407bce9f9732,wall mirror,complete,False,weld_or_static,open_mesh,
372a6ed0447ed063f63a1d9dc04b9461402f89f8,railing,complete,False,bbox_inertia,open_mesh,
3736d549649b10a59c481e41f49611cbb2407896,rug,complete,False,bbox_inertia,open_mesh,
3742e6a4645ed042cb02e31fd250a4bb28f04cfa,footstool,complete,False,bbox_inertia,open_mesh,
374534ce5de6a477da5a6d2c62ce2a974cb475bc,window blind,complete,False,weld_or_static,open_mesh,
37464d4b46af546097423a58c238bc6f9bd608a5,range hood,complete,False,bbox_inertia,open_mesh,
374d659950e5914d44aeca18fb2265b7a22b69f8,nightstand,complete,False,bbox_inertia,open_mesh,
37567baed0ce23edf99b74a7ded7d6f163f7c6ed,wall art,complete,False,weld_or_static,open_mesh,
3760fae48cdbab49dff3a2049adbbcdf7cae112d,potted plant,complete,False,bbox_inertia,open_mesh|center_of_mass_out_of_bounds|inertia_not_positive_definite,
376b2e955becc56ff34237108f68efce02305fbe,vase,complete,False,bbox_inertia,open_mesh,
3771316962563144faeda957e3349d794ca8b4d0,wall art,complete,False,weld_or_static,open_mesh,
377f1c4c021d211ed2150e3cd1a7649d21f11957,wall mirror,complete,False,weld_or_static,open_mesh,
378245236518454c220dbf0defdac9ba6c3e30db,dining table,complete,False,bbox_inertia,open_mesh|degenerate_faces,
37850333493d45901e8bc36812cceaec7e294caa,string lights,complete,False,bbox_inertia,open_mesh,
37900f115f8b270f59566b4dc0dd560a75df554d,bookcase,complete,False,bbox_inertia,open_mesh,
37953b50762456632d9252e732ff2814180a2c8e,wall mirror,complete,False,weld_or_static,open_mesh,
379a8d5ff0f70de78fbee23adcef5aecb95bc4ce,wall mirror,complete,False,weld_or_static,open_mesh,
379ad1f30cbdee03b3ce2a68d11b6b855e746fb7,vase,complete,False,bbox_inertia,open_mesh,
37a2940464e6565f0c692e8cb000a4455795e0e4,table lamp,complete,False,bbox_inertia,open_mesh|degenerate_faces,
37a878a151fe7fdeabe1e2480684f5a6112e5feb,throw pillow,complete,False,bbox_inertia,open_mesh,
37aff886ee82795550e2916010cfff38d0d80243,floor lamp,complete,False,bbox_inertia,open_mesh|center_of_mass_out_of_bounds|inertia_not_positive_definite|degenerate_faces,
37b2b3b5f46d2d3f6a53ac07358efc4082adf56c,wall clock,complete,False,weld_or_static,open_mesh,
37b75ac25a35a1c41a310fd74deab25e09e7fe5f,potted plant,complete,False,bbox_inertia,open_mesh|inertia_not_positive_definite|degenerate_faces,
37baf0a14c64605c3c68d56dad6e725f1f0eff47,casserole,complete,False,bbox_inertia,open_mesh|center_of_mass_out_of_bounds|inertia_not_positive_definite,
37d43f6771ce67fd566c8fa2c46788b45b147e28,cocktail shaker,complete,False,bbox_inertia,open_mesh,
37df562f7e34d2635ffacf543f58422b49e1732e,wall mirror,complete,False,weld_or_static,open_mesh,
37e59e768eb7f42a0019713374063cb63419a44c,kitchen cabinet,complete,False,bbox_inertia,open_mesh,
37fe9dd335464555c11ba560a08515dd129c2257,end table,complete,False,bbox_inertia,open_mesh,
3803c4d6c3f1449a6dd2dc9d8109d1d2d0c48401,hamper,complete,False,bbox_inertia,open_mesh|center_of_mass_out_of_bounds|inertia_not_positive_definite,
3805a15d264ff2cdb37bb9e86259886a051784a2,window curtain,complete,False,weld_or_static,open_mesh,
3805d88f2a71d310f00cb1646c6348a4034824ef,rug,complete,False,bbox_inertia,open_mesh,
380aeeceac63fe139dfedc306b077806e4d44fac,umbrella,complete,False,bbox_inertia,open_mesh|invalid_volume|center_of_mass_out_of_bounds|degenerate_faces,
380b4a882030ca89152063c54db3f8d7d239ae94,bookcase,complete,False,bbox_inertia,open_mesh,
380ecbbf4ceb4a26fef1d62738cb3cdb4e631c52,coffee table,complete,False,bbox_inertia,open_mesh,
38134463df4f93678261a9986fd56ea26342f099,pendant lamp,complete,False,weld_or_static,open_mesh,
3814b56b6dfaa31419b5c3120bb842a9aea3177e,wall art,complete,False,weld_or_static,open_mesh,
381a128d056d4db0e70276aa918065ca42f89e8f,jug,complete,False,bbox_inertia,open_mesh,
381ef6f7dcd85482333abc4755230f20264393ec,wall hook rack,complete,False,weld_or_static,open_mesh,
3823106a2050bcc550bafa70d0dcdd1135673b5c,wall lamp,complete,False,weld_or_static,open_mesh,
382bbcfaadce3055e721b4fb0e2e16d708785c11,vase,complete,False,bbox_inertia,open_mesh,
3831306b51b463656b6576eaf9f3bf7f1ac16cda,coffee table,complete,False,bbox_inertia,open_mesh,
38531f55861e47f098b07d429455f76bae62c595,floor lamp,complete,False,bbox_inertia,open_mesh,
385e406da2328968e6bec1aa8b018145eebefcad,firepit,complete,False,bbox_inertia,open_mesh,
385fc3f83a93e3fb3de0333364e667377596e6d5,wall hook rack,complete,False,weld_or_static,open_mesh,
3860f340b54aaaed9bc38b1c503e059a46e0c059,plant,complete,False,bbox_inertia,open_mesh|center_of_mass_out_of_bounds|inertia_not_positive_definite,
386b1c39b6ef1de85680350733c1211817e492d9,stove,complete,False,bbox_inertia,open_mesh,
3870b715097f3a3f99e2c3a9f69a9f9df91877dc,table lamp,complete,False,bbox_inertia,open_mesh,
3871178248ab55647c39e89ce75ffdf1aac3759d,throw pillow,complete,False,bbox_inertia,open_mesh,
3877433ce99a304bace86ea7178b97c84000d960,chair,complete,False,bbox_inertia,open_mesh,
387d604356db232de6468dc6a4c66230c8cd0fac,book,complete,False,bbox_inertia,open_mesh,
389665158df393b0a2ac6fccc69babfd7a17f306,chest of drawers,complete,False,bbox_inertia,open_mesh,
3897af564168953eedff5c040579e9756218d3a0,wall art,complete,False,weld_or_static,open_mesh,
38a20c37502cc3539447739c30ecb56397d148f9,armchair,complete,False,bbox_inertia,open_mesh,
38c242ef8464df611699216ace838e048aed5c56,wall art,complete,False,weld_or_static,open_mesh,
38cd201fd2cfca2f6dd0ee3a83cbae7985f3960c,chest of drawers,complete,False,bbox_inertia,open_mesh,
38db14ce69caee544ea2c7177f1440a98bd861b0,footstool,complete,False,bbox_inertia,open_mesh,
38de8faf853de33033df925405a03ed703dfb4a7,soap dish,complete,False,bbox_inertia,open_mesh,
38e2710242ddf070f187b34ab6b0a955e2e00079,easy chair,complete,False,bbox_inertia,open_mesh,
38ecd839c178436a0e35d035cd07690c175be8d5,pendant lamp,complete,False,weld_or_static,open_mesh,
38edde1e4c201b931926f3827d40ebe3298b9c5d,table lamp,complete,False,bbox_inertia,open_mesh,
38fb200d9daee21d196fcfb259e1d5ab151e818b,console table,complete,False,bbox_inertia,open_mesh,
38fd5de657fcd3da13185163b8c66fe4bb260070,storage box,complete,False,bbox_inertia,open_mesh,
3904b36e135441d887b1328d7fae230b6fcb875e,range hood,complete,False,bbox_inertia,open_mesh,
390b09e0e9a7b3d5908896a6971ad61ee0cb5d8e,socket,complete,False,bbox_inertia,open_mesh,
391972f73810b6eab26e322652d88a61aea7a739,vase,complete,False,bbox_inertia,open_mesh,
391b444d2b728bc6276a8452a34b0ac3fcf97f81,floor lamp,complete,False,bbox_inertia,open_mesh,
391b8235ecdb4220e93279c89d7b3c9f4daf2c7b,bar stool,complete,False,bbox_inertia,open_mesh,
391d2ee543c5766b33c163411dcf9fe35d37f3ca,wall art,complete,False,weld_or_static,open_mesh,
3925f8b8166a101d2d81a7947f0884aaef13e772,throw pillow,complete,False,bbox_inertia,open_mesh,
39278799a44a9d861c4389accf54bbd4c7a5e50b,table lamp,complete,False,bbox_inertia,open_mesh|inertia_not_positive_definite,
392df3314e0d67f75a6d3187f7b4d03c7da28ee5,kitchen cabinet,complete,False,bbox_inertia,open_mesh,
392e00c6db2728b11495753fc32bb9df67e89acb,cabinet,complete,False,bbox_inertia,open_mesh,
3931567931c06bbe4fd46a42c284cbc57ca08be0,hamper,complete,False,bbox_inertia,open_mesh,
39351e099ca7bee4667d2ff833ca1e164082ec5b,television receiver,complete,False,bbox_inertia,open_mesh,
393990db126e6f98d158d72dce526ef6906f4170,vase,complete,False,bbox_inertia,open_mesh,
3939d7897a530d8f9674177487cfd51f1f9b1e36,wall clock,complete,False,weld_or_static,open_mesh,
39404b2e277c41cac40093adc87ed510da39aca4,throw pillow,complete,False,bbox_inertia,open_mesh,
3940da56d443b5be11a6f117c5b62a4c6b1ff62f,coffee table,complete,False,bbox_inertia,open_mesh,
3942f67b215a72823436103afd81399387a20f8c,planter,complete,False,bbox_inertia,open_mesh|center_of_mass_out_of_bounds|inertia_not_positive_definite,
39443cc1873a0b4954ce7a2c357f296e98bf86a7,kitchen island,complete,False,bbox_inertia,open_mesh,
394467b057310b24ee40affe51c79784d5d5ad76,shoe,complete,False,bbox_inertia,open_mesh,
3949c74aa46c2bcd457328a216b97d6e5ab08e80,plush toy,complete,False,bbox_inertia,open_mesh,
3959f46fe4a088891d360bfedee7c63587a51cb1,wall art,complete,False,weld_or_static,open_mesh,
396629e54e49b23a0165b84f9ffe35900aeb5696,toilet,complete,False,bbox_inertia,open_mesh,
3967ce18933db30f94e3ca14b6e4ac8bc3247dcd,coffee table,complete,False,bbox_inertia,open_mesh,
396cb5be76282bba5590f45f0bacdd9d79475a93,bench,complete,False,bbox_inertia,open_mesh,
3973367f338ac121444d856c28f5a76bb286bba8,wall art,complete,False,weld_or_static,open_mesh,
397597cec45fad93300498e52c2f454e966b2491,chest of drawers,complete,False,bbox_inertia,open_mesh,
3986517548ad9be742888c6ea632f1848a19ee9c,wall art,complete,False,weld_or_static,open_mesh,
3991fc8cf0d437edb68b823550fb62a7ebbf7c63,bar stool,complete,False,bbox_inertia,open_mesh,
39a52ed5a9fa90d42d4da320f129d550ec93fb69,chest of drawers,complete,False,bbox_inertia,open_mesh,
39a7a6f4ca8607709f45550603cb3b09f7cf9a8c,wall art,complete,False,weld_or_static,open_mesh,
39b82dceee8297454066eca0a8b4f3b032e57743,sofa,complete,False,bbox_inertia,open_mesh,
39c2ccacecea065215c5e2b39113747c3d187aa0,window shade,complete,False,bbox_inertia,open_mesh,
39cfcbc22cab33caa2011344ff8acceee8ecb946,chandelier,complete,False,weld_or_static,open_mesh,
39d6022b879492a235fb2ccd320debd91bd70ee9,wall lamp,complete,False,weld_or_static,open_mesh,
39dddc5b62e3132b56cd4ad075467af619155973,wall art,complete,False,weld_or_static,open_mesh,
39dffad72537148002e94f18ccaea518d731676f,wall shelf,complete,False,weld_or_static,open_mesh,
39eaa9acc4789339b6cca1e05021f44497b1d082,wall art,complete,False,weld_or_static,open_mesh,
39ed21c87f36954eab1d5487000631bc7ef18a06,stool,complete,False,bbox_inertia,open_mesh,
39f24d83b5ab476d0880cb19fb218f7029f11840,flower in vase,complete,False,bbox_inertia,open_mesh|center_of_mass_out_of_bounds|inertia_not_positive_definite,
39f5d89c2a34772a320adac799d9e9fd54adb09f,foosball table,complete,False,bbox_inertia,open_mesh|center_of_mass_out_of_bounds|inertia_not_positive_definite,
39f68ce34f94971b0d2afe9324de50f4a1ad697c,chandelier,complete,False,weld_or_static,open_mesh|center_of_mass_out_of_bounds|inertia_not_positive_definite,
39f750b66fd9941a1624ad0cf1e976296510b22f,"pestle.n.03,mortar",complete,False,bbox_inertia,open_mesh,
39fff9fecd6ca1a2a5fb4a75b4ad8bd60a557fd1,shoe,complete,False,bbox_inertia,open_mesh,
3a12fb2ab85d734b4b11bc6f541be9961e7ecd23,desk,complete,False,bbox_inertia,open_mesh,
3a1c604565d5fa1f411f3fb437a816094ae69122,kitchen cabinet,complete,False,bbox_inertia,open_mesh|inertia_not_positive_definite,
3a1effbb6d9efa075f88fa0fd26f19f0e8683c89,window curtain,complete,False,weld_or_static,open_mesh|invalid_volume|center_of_mass_out_of_bounds,
3a1f772126d14577b51d49b194f80274590a3fb1,rocking chair,complete,False,bbox_inertia,open_mesh,
3a2d247b2af45cc0b55deda01ea7c103e6d75936,armchair,complete,False,bbox_inertia,open_mesh,
3a2ee88f074d551a16be96e20f1c867520bb0dc5,ashcan,complete,False,bbox_inertia,open_mesh,
3a2f0856e56373e215107682721c8c03e90a095f,bookcase,complete,False,bbox_inertia,open_mesh,
3a2fd60fc421b402f4bfd365fd2a7accfa6ce4b1,cabinet,complete,False,bbox_inertia,open_mesh,
3a30a28972253be16cf15f50c3e59440a2aba520,flower in vase,complete,False,bbox_inertia,open_mesh|inertia_not_positive_definite,
3a34fe0e9a1abe42d2912e594086d555f20d38d4,loudspeaker,complete,False,bbox_inertia,open_mesh,
3a39fbaa3a1f5408939395df2f31a92585de0612,blackboard,complete,False,bbox_inertia,open_mesh,
3a445fa0c2a756d8c926fd10ab6620ccf695121d,ceiling lamp,complete,False,weld_or_static,open_mesh,
3a48ae6d5886879be81acaec677cbd8cdbd3f2db,armoire,complete,False,bbox_inertia,open_mesh,
3a4c77cbc442936a4963c5353064a2627c5e9712,fireplace,complete,False,bbox_inertia,open_mesh,
3a4de797eaf7e86ae473c53104760c4457a3ee15,throw pillow,complete,False,bbox_inertia,open_mesh,
3a5612aee60217931565e5003121a9c98fdbc515,nightstand,complete,False,bbox_inertia,open_mesh,
3a6980d5ae9dc09a6faa54600a985781402eb7e1,wall art,complete,False,weld_or_static,open_mesh,
3a6b88510159019ae1f7326acb83ce317fa44caa,desk,complete,False,bbox_inertia,open_mesh|center_of_mass_out_of_bounds|inertia_not_positive_definite,
3a6bc80da4ddec21fe1fd9bd76999fd5049b26cc,clothing rack,complete,False,bbox_inertia,open_mesh,
3a7181650984ef3c582950881cb6dfefb9ece830,rocking chair,complete,False,bbox_inertia,open_mesh,
3a71b31abacb0b14ce5cfeee876c14395a7a863b,wall shelf,complete,False,weld_or_static,open_mesh,
3a7374274d06247b399d14b361a9ef364f9006a7,potted plant,complete,False,bbox_inertia,open_mesh|center_of_mass_out_of_bounds|inertia_not_positive_definite,
3a756e187a839c9346be2b1b267a036a0857044e,floor lamp,complete,False,bbox_inertia,open_mesh,
3a80d608e8af86e86f62cabe698e39e2a5d074e7,chest of drawers,complete,False,bbox_inertia,open_mesh,
3a8febba169aaae3bab7f3c24ea0a154aab91962,shoe,complete,False,bbox_inertia,open_mesh,
3a9208ba4d72379b3becc42bf6ab69539bdca2b1,bathtub,complete,False,bbox_inertia,open_mesh,
3a954f0464f1407ed92a18dfcb37ba1b9da8e958,weight,complete,False,bbox_inertia,open_mesh,
3a978bdf10d5b64db13cec1f68e9691b62937c2f,gate,complete,False,bbox_inertia,open_mesh,
3a9c2d2f765a2399442f845b7da0ddaa61e82071,ashcan,complete,False,bbox_inertia,open_mesh,
3a9f78af8ca7d45294c89244ce9fb37a386b6468,refrigerator,complete,False,bbox_inertia,open_mesh,
3aa13ac2c9a7eb8a0e1f40bda3f614cf7746446c,table,complete,False,bbox_inertia,open_mesh,
3aaccfa2eb2d93162748ffc157aa69bae0d4199c,armchair,complete,False,bbox_inertia,open_mesh,
3ab03fd39fa7fe7dd90d0fba725e6e312d9579d9,track lighting,complete,False,bbox_inertia,open_mesh,
3ab1114ef6786a97e7ad6a0cff617d4f576b33e2,gift box,complete,False,bbox_inertia,open_mesh,
3ab4ff6643b20b9d713f220ebbb3fd35ac540028,wall art,complete,False,weld_or_static,open_mesh,
3ac215af85d5423c555d75704ef89eae5d2b4d40,wall mirror,complete,False,weld_or_static,open_mesh,
3ac399e4a1e00d9776ff0f4da244f051c13cc405,wall mirror,complete,False,weld_or_static,open_mesh|degenerate_faces,
3ac675209efcc9de8a399f139bab28f84c30a5d5,picture frame,complete,False,weld_or_static,open_mesh,
3acce18e8f27fd9f67c0f3579f821caf5e719d88,china cabinet,complete,False,bbox_inertia,open_mesh,
3ad2e833faa41df0724ecd65ba02957866ae9754,bar stool,complete,False,bbox_inertia,open_mesh,
3adf2edbb2979011c5d07b9967898116ff9aeeec,table lamp,complete,False,bbox_inertia,open_mesh,
3ae355dbebacf0ccf273b4af46e0e640eeb4a87e,kitchen cabinet,complete,False,bbox_inertia,open_mesh,
3aef5476fb1c9b2f3cae1b2ca8b33c1bae7ec1d2,buffet,complete,False,bbox_inertia,open_mesh,
3afc8b6d8935dc7a3cf7003c4ed073ce13a9bce8,hanging cabinet,complete,False,bbox_inertia,open_mesh,
3afd8e1677d04159831b7b4b8a4fc5e1cd762fa4,wall mirror,complete,False,weld_or_static,open_mesh,
3b080762b59d20d7bb1ef3acc28fd710e683bb6f,table lamp,complete,False,bbox_inertia,open_mesh,
3b0d9ec67096ef1ad7a6fd743967c84546ac9e03,wall art,complete,False,weld_or_static,open_mesh,
3b0fd77cac95916efbd047884946615b9f8b29ac,chandelier,complete,False,weld_or_static,open_mesh,
3b21020881a85d6316b9473259c0d77514c12876,mantel clock,complete,False,bbox_inertia,open_mesh,
3b2bc1d7fb915261a095e2c2935803941b58f546,soda can,complete,False,bbox_inertia,open_mesh,
3b31a045ac47c0c8da0c6a439c7f1ce8e4a858fc,wall art,complete,False,weld_or_static,open_mesh,
3b3764c8e5286fcf2d922e6af05057af8d3a71da,base cabinet,complete,False,bbox_inertia,open_mesh,
3b38818815fec18f3d281b49dd0469aeb696b4f8,sculpture,complete,False,bbox_inertia,open_mesh,
3b42467b3c64e5ef9a2353a3247305f1b2009ade,wall art,complete,False,weld_or_static,open_mesh,
3b42dab307669352709fbfea62769bf3569d512c,serving cart,complete,False,bbox_inertia,open_mesh,
3b519761173617ee47ca61e25681279ae9fdaba9,plate,complete,False,bbox_inertia,open_mesh,
3b522b2a379a3a5248dbaa0159cc5ddfbf43a2e0,chair,complete,False,bbox_inertia,open_mesh,
3b558ce715c88cca63b307f8e0e9b665ca57ef43,bookcase,complete,False,bbox_inertia,open_mesh,
3b5c80a964c0e5c6b725d25bea3b3998774a3776,shoe rack,complete,False,bbox_inertia,open_mesh|inertia_not_positive_definite,
3b6270f6640b663821ae90ec09a07fcae4403a30,flower in vase,complete,False,bbox_inertia,open_mesh|invalid_volume|center_of_mass_out_of_bounds,
3b63f000011404011c4aeb3f19bb04a112535634,spoon,complete,True,bbox_inertia,,
3b6696ae28e925e078e44bb4bf7c24e3ac420a93,flower,complete,False,bbox_inertia,open_mesh|center_of_mass_out_of_bounds|inertia_not_positive_definite,
3b74d1f30a48132571b6660f5735b657b2c3a886,cup,complete,False,bbox_inertia,open_mesh,
3b77d0a7c6b76e39f050385d2548c0de327b76f2,easy chair,complete,False,bbox_inertia,open_mesh,
3b77de9ed9f6fba82a19c0be99544db712156a73,wall lamp,complete,False,weld_or_static,open_mesh,
3b82cd52deaae8dacd2c987282780ffd4bc0decf,table,complete,False,bbox_inertia,open_mesh,
3b88f9fe4c836c164705beafa8d5df338c8dc455,buffet,complete,False,bbox_inertia,open_mesh,
3ba33b1a555a948c60df02c8a532a53c20434157,wall shelf,complete,False,weld_or_static,open_mesh,
3ba480f5ac90ffd829b38acb17e344602f952c06,window curtain,complete,False,weld_or_static,open_mesh,
3bacdc45913356e5bbab6f039b44a14864f29dff,air hockey table,complete,False,bbox_inertia,open_mesh,
3bbc952ca877b13b41254bc345b1416eb557d4b3,nightstand,complete,False,bbox_inertia,open_mesh,
3bbcf708507420ba43323716ec5093b705361a1d,end table,complete,False,bbox_inertia,open_mesh,
3bc24e0ea79ade13d4703ca23ece1e4019f9b70b,armoire,complete,False,bbox_inertia,open_mesh,
3bc422a67b6d413349125c8c5d7fe7eab1711757,rug,complete,False,bbox_inertia,open_mesh,
3bd1652a8ee18e0dc0985011fef96125f46b1ac4,vase,complete,False,bbox_inertia,open_mesh,
3bdbcfb44b5967b97f7348752f6b026e6a4150a7,coffee table,complete,False,bbox_inertia,open_mesh,
3be598222ead1f8c2186660e3b0bda9a8a10a1c8,desk,complete,False,bbox_inertia,open_mesh,
3bf34e6aa6ae265d9de5e3fbf206b7755a76de4b,rocking chair,complete,False,bbox_inertia,open_mesh,
3bf74df814a94dd52f776f589760f85ff0ac9682,picture frame,complete,False,weld_or_static,open_mesh,
3bf7999b730cb8624a4071d0bd708411cb947f78,towel rack,complete,False,bbox_inertia,open_mesh,
3bfcfba0a45e2072466f4b9adb6efb1bc4344b75,picture frame,complete,False,weld_or_static,open_mesh,
3c0114990e89b0c6a978793245301a99285e503a,serving cart,complete,False,bbox_inertia,open_mesh,
3c06599f701ff76705dbd16e525b879a2dde9dae,"poster.n.01,wall art",complete,False,bbox_inertia,open_mesh,
3c080d106ad03db9be1ea6c996264fb66c053973,china cabinet,complete,False,bbox_inertia,open_mesh,
3c08da82e505a0221eb5036cf2237657bc1eff80,trunk,complete,False,bbox_inertia,open_mesh,
3c0ad5f6f71315095857cff92555158156f95d01,exercise bike,complete,False,bbox_inertia,open_mesh,
3c1268e16dd479731b5003fcb34c3b5d40a958e6,pendant lamp,complete,False,weld_or_static,open_mesh|inertia_not_positive_definite,
3c129800554e0a95b19eece4b9a22820940585e6,wall art,complete,False,weld_or_static,open_mesh,
3c163391afeb4130eadacb6ef9b6e5930329a32b,potted plant,complete,False,bbox_inertia,open_mesh|inertia_not_positive_definite,
3c1908134093a069fcd779ebee6224296f736d54,chair,complete,False,bbox_inertia,open_mesh,
3c1b6c2a87f0472403927dd74b703a2e883c500b,footstool,complete,False,bbox_inertia,open_mesh,
3c227c098a3d53231dae30ea70ae09f10a1d4619,coffee table,complete,False,bbox_inertia,open_mesh,
3c22ce5ae9be5492c9816faf85879f48534af732,chest of drawers,complete,False,bbox_inertia,open_mesh,
3c27194087623f99e782a195b0dc6e29dd070e9e,pet bowl,complete,False,bbox_inertia,open_mesh,
3c2d7e1f16920bc1ba22f34ef1409f392c66bbbb,bed,complete,False,bbox_inertia,open_mesh,
3c3143392a1d13fa86796d07b8518a0963902c86,cup,complete,False,bbox_inertia,open_mesh,
3c31b64d183be797a5e08e6ddb47535eacde2ba1,swivel chair,complete,False,bbox_inertia,open_mesh,
3c34897645b3e7f8925f8cfe0baba082dd7b02bf,end table,complete,False,bbox_inertia,open_mesh,
3c37a58988da0e601a092ad2407b45810dae2b04,chest of drawers,complete,False,bbox_inertia,open_mesh,
3c392ad82b9ce89e67063f6db85d65702c5443dc,wall art,complete,False,weld_or_static,open_mesh,
3c40b7fc1cbfc95aeb116e2a65a45fe8e656bc21,end table,complete,False,bbox_inertia,open_mesh,
3c4cc7430793a8ec2d253afff99a37124395b347,sink cabinet,complete,False,bbox_inertia,open_mesh|center_of_mass_out_of_bounds|inertia_not_positive_definite,
3c64fb7e97e3e83b5f1d3675b803535efd14f64e,footstool,complete,False,bbox_inertia,open_mesh,
3c69f2f448fd917843cc2ef9082e80000907ee25,washer,complete,False,bbox_inertia,open_mesh,
3c831f893449a1379205dc5ba28237fe3baaef19,swivel chair,complete,False,bbox_inertia,open_mesh,
3c8d2793e92d5d55403683fd55413cc3d766efb5,ceiling lamp,complete,False,weld_or_static,open_mesh,
3c929be80369230dd55e132c76f24135af96d428,dining table,complete,False,bbox_inertia,open_mesh,
3c9553887b8ff70c48dc80775189edecd9932710,window curtain,complete,False,weld_or_static,open_mesh|center_of_mass_out_of_bounds|inertia_not_positive_definite,
3c9a72240fb6d076d1f99dc6231421b834d4a7b4,towel,complete,False,bbox_inertia,open_mesh,
3c9ea3502cafd99c255a1f1cfa13b899f604c2d9,wall mirror,complete,False,weld_or_static,open_mesh,
3cc2b6ad0d10c00e176e7cf548e1f0aaf80393be,sculpture,complete,False,bbox_inertia,open_mesh,
3cc3f05834221a1ce65063cd7ace3d7ee88879cf,hanging cabinet,complete,False,bbox_inertia,open_mesh,
3cc5cebee40bf8d2bfe4042b1f693e4eeccc54a8,storage bench,complete,False,bbox_inertia,open_mesh,
3cc6a9d98da2e8813a1d4cf18a10c0dca380bb72,footstool,complete,False,bbox_inertia,open_mesh|center_of_mass_out_of_bounds|inertia_not_positive_definite,
3cd35ef3fcab6f291510a0afcfb76f8e38ba6853,wall clock,complete,False,weld_or_static,open_mesh,
3cde3ef34dd55214ed0653b5aa31cf77a048bd4b,chopping board,complete,False,bbox_inertia,open_mesh,
3ce1ea957c711683a11fc821b5595c134f5aed51,"candle.n.01,candlestick",complete,False,bbox_inertia,open_mesh,
3ce73ecc0fc7bbda8f698dcf339c8112c27eb6e8,storage box,complete,False,bbox_inertia,open_mesh,
3cee4a54ee95631e8d1ef02d78180d157f2b6ab5,gazebo,complete,False,bbox_inertia,open_mesh,
3cf9a238eb7d6ce3e70bc56e50a599bebe9388e0,chair,complete,False,bbox_inertia,open_mesh,
3d02e1df6b220a68d47ce4dd727c81a69ce16246,table lamp,complete,False,bbox_inertia,open_mesh,
3d093faec8798416a35ff28fb04655ab7dff1d1f,window curtain,complete,False,weld_or_static,open_mesh|center_of_mass_out_of_bounds|inertia_not_positive_definite,
3d27ec506b867cfcc3c9acbd3b0e7a8faef1f10d,rug,complete,False,bbox_inertia,open_mesh,
3d293292d213c8f2ea43a5904193c24ec6f0d23e,wall art,complete,False,weld_or_static,open_mesh,
3d2bc8edcee009c8bec66078cf9af53bfb1abbc7,flower in vase,complete,False,bbox_inertia,open_mesh|invalid_volume|center_of_mass_out_of_bounds,
3d3065db31b26d506142a2d7d6a6fa0baba0e496,kitchen cabinet,complete,False,bbox_inertia,open_mesh,
3d3115c110a8fb78c92aa647bce6826212a47e21,gazebo,complete,False,bbox_inertia,open_mesh,
3d3463267518afc63287679ed372f4342bb2ed4d,vase,complete,False,bbox_inertia,open_mesh,
3d3643adc7e0934142ba5482adbe691056196e3b,tv stand,complete,False,bbox_inertia,open_mesh,
3d3855527065e55c4e24931b4cbc62a77f52e51a,wall art,complete,False,weld_or_static,open_mesh,
3d3d793dc34d2b5deab0cd46a420377163dd4b2c,floor lamp,complete,False,bbox_inertia,open_mesh,
3d3e1333443a444a573a4137705de861e96b5651,end table,complete,False,bbox_inertia,open_mesh,
3d5dbeba4ba6e74747ee29b8f57d31b1f55b49f1,l-shaped couch,complete,False,bbox_inertia,open_mesh,
3d646131d74a5197c4ed035b0ae3b877b6f8e941,armchair,complete,False,bbox_inertia,open_mesh,
3d6c4de46acc90dcec117539c751f688da413923,sofa,complete,False,bbox_inertia,open_mesh,
3d6d0ad90bcf11a24a6bf0dc6d56fb03ebfa1ce2,kitchen appliance,complete,False,bbox_inertia,open_mesh|center_of_mass_out_of_bounds|inertia_not_positive_definite,
3d7068a83a3bf2eeaf5d623186dd8db1f13b70c8,handcart,complete,False,bbox_inertia,open_mesh,
3d71cae6d28e2b2358f25de31ac1b03977654acc,nightstand,complete,False,bbox_inertia,open_mesh,
3d779b56904aafa1c8f2412e4f5e4c4460098bb0,cup,complete,False,bbox_inertia,open_mesh,
3d780643626fa80329154d35920d87d0df72d2fc,room divider,complete,False,bbox_inertia,open_mesh,
3d891a2608d3428cef128bf4aeb855f7232edb00,wall mirror,complete,False,weld_or_static,open_mesh,
3d8cd4a35e562bd282a8f8e66de2ac08530e1e0d,wall art,complete,False,weld_or_static,open_mesh,
3d8f07b7184596b3a438121421a7ac8721041934,wall art,complete,False,weld_or_static,open_mesh,
3d901ff75e41368cf9bfc2aca27e34ed11def9e7,faucet,complete,False,bbox_inertia,open_mesh,
3da77d52fed66a89cbd0fb97aadc1d31de4257a3,wall art,complete,False,weld_or_static,open_mesh,
3db77e4ce243cc4324876f8c673ba8d1835fefca,wall mirror,complete,False,weld_or_static,open_mesh,
3dc2167b85689a758bcc6a1471f13c79fa5751d8,potted plant,complete,False,bbox_inertia,open_mesh,
3dc65c3057a59020426aa9746a85d9efc3dadc40,cabinet,complete,False,bbox_inertia,open_mesh,
3dd23dc556fc4cfddb51b24987f1758ca0db4f2c,picture frame,complete,False,weld_or_static,open_mesh,
3dd3c4e20bc1af7b4f487fc1d3000c5c2408729a,"candle.n.01,candlestick",complete,False,bbox_inertia,open_mesh,
3de047ed6798d877d74ba1916a52bdbe3564fe70,rug,complete,False,bbox_inertia,open_mesh,
3de4f4a8d9f1358b5bb649aac165c6929f93f346,chair,complete,False,bbox_inertia,open_mesh,
3dee80adb4b4abc044ea44931ce07a952ba53d93,coffee table,complete,False,bbox_inertia,open_mesh,
3df592ab70dc9997f07806841ae2019c974aff71,floor lamp,complete,False,bbox_inertia,open_mesh|degenerate_faces,
3e02e844975990aa6f86ffefa25e68936e460d82,hamper,complete,False,bbox_inertia,open_mesh,
3e2371e3ce5c8fda9e64c29fb327ed5c361c2a4c,basket,complete,False,bbox_inertia,open_mesh,
3e29dac2b3f9a8b54cbf624e5715357bd87465c2,armchair,complete,False,bbox_inertia,open_mesh,
3e2f125ae0bce7a56defdc98097ff70214eae0c0,beam,complete,False,bbox_inertia,open_mesh,
3e2fcb59876036039bf3f8873a671b24e2b9be13,armchair,complete,False,bbox_inertia,open_mesh,
3e32cb583ed13b61a2c772fa344d0c7390ae769c,end table,complete,False,bbox_inertia,open_mesh,
3e40038f7ac311b80e217680e2db1043f3ac12ec,armoire,complete,False,bbox_inertia,open_mesh,
3e4758de5664722fbdb6d68ad1b4dc580c6ab1d2,"swing.n.02,play area",complete,False,bbox_inertia,open_mesh,
3e4790548c158671fec162757053201da04b6259,nightstand,complete,False,bbox_inertia,open_mesh,
3e4ff11c4eba7495b101a6a1eeec8480520fd3ec,kitchen cabinet,complete,False,bbox_inertia,open_mesh,
3e52854c430f559dd400e7272105ff174b44b6b8,tv stand,complete,False,bbox_inertia,open_mesh,
3e52e4b5e1f13c9d03e25d8b252cfb0e084e43d6,ashcan,complete,False,bbox_inertia,open_mesh,
3e5b80fa279112c4c407bed02c7ffb555d6dc66a,stool,complete,False,bbox_inertia,open_mesh,
3e5f2e2107948399a61f5ffbb800c794ed5bbcdc,bench,complete,False,bbox_inertia,open_mesh,
3e6ccc40ee0f11bc3dadecfc6a0b9ae516f872c3,chair,complete,False,bbox_inertia,open_mesh,
3e716af6b1a9af150bff60af9daf6a63cc80b792,stool,complete,False,bbox_inertia,open_mesh,
3e73c553ebba0e0411bfa6988ba58da782de42f0,chair,complete,False,bbox_inertia,open_mesh,
3e79880cbe8a52cff5dfbf5e0ce3de0044a8ae77,toilet brush,complete,False,bbox_inertia,open_mesh,
3e8468e6a7c286c61e1ceb5f1ecbec77f07c1e38,tv stand,complete,False,bbox_inertia,open_mesh,
3e89c436ad75242425fbe429e7904e1adfd3a67d,barbecue,complete,False,bbox_inertia,open_mesh,
3e8e6a9e8fdb5aa6fc1a4656d47c1f5697c3ecfc,wall art,complete,False,weld_or_static,open_mesh,
3e9507c615c5aae1d450502350bac94997f77913,ashcan,complete,False,bbox_inertia,open_mesh,
3e976010152a2dc8f9ad4d038e06877d06a81c43,flower in vase,complete,False,bbox_inertia,open_mesh,
3e991a6cc8ed46bb9f3b9641e7062ce627fe7ca9,teapot,complete,False,bbox_inertia,open_mesh,
3e99c10124197b7948be97db5066f25c18d81248,throw pillow,complete,False,bbox_inertia,open_mesh,
3ea376d7921e453ecc8f4fd0da884194347b3b94,bathroom scale,complete,False,bbox_inertia,open_mesh,
3ea488fe4637147b9f040a32a825e95eec9069a6,crib,complete,False,bbox_inertia,open_mesh,
3eb10a8dbf25170940689afef981f5e665375542,wall art,complete,False,weld_or_static,open_mesh,
3eb172a46f5f044dd6711a26362085f46c12d2c8,range hood,complete,False,bbox_inertia,open_mesh,
3eb8ead5dd25e0a8b830f2700749af05aaef90d2,table,complete,False,bbox_inertia,open_mesh,
3ebd2c39e2c3215693d253988bb81affbae21f68,desk,complete,False,bbox_inertia,open_mesh,
3ec30955d616adea881266594d5f78e85dd028c9,wall art,complete,False,weld_or_static,open_mesh,
3ec5f688f214daf2513cef1b5ac414626d41356f,toiletry,complete,False,bbox_inertia,open_mesh,
3eccd07e62d16033ccc432437a698441fdb39904,"stairway.n.01,stairs",complete,False,bbox_inertia,open_mesh,
3ed090ee4541d854eaf3aa4aa4124babe88225ac,wall art,complete,False,weld_or_static,open_mesh,
3ef5a429d184e8b41659bc5c3b16b10d77127355,floor lamp,complete,False,bbox_inertia,open_mesh,
3efb80a75720ef1848a6ddf5011959653e53b172,hanging cabinet,complete,False,bbox_inertia,open_mesh|center_of_mass_out_of_bounds|inertia_not_positive_definite,
3f05be6330befcf290382d07a18b48ebc92d991b,buffet,complete,False,bbox_inertia,open_mesh,
3f0778f68a489d3995e2e3f13d13e4a90fb500a8,sink,complete,False,bbox_inertia,open_mesh,
3f08b95d567af8bd3aba29af5b0e47c67dcca59d,blender,complete,False,bbox_inertia,open_mesh,
3f0abba5db2abc206f87857b044d22e0032518da,wall art,complete,False,weld_or_static,open_mesh,
3f0c7d35687b428dd34de87b1b51014d0320a968,potted plant,complete,False,bbox_inertia,open_mesh|center_of_mass_out_of_bounds|inertia_not_positive_definite,
3f0dd5f850d5f769c9f6c409b97a6cb20ceb0ec8,throw pillow,complete,False,bbox_inertia,open_mesh,
3f19df1f1594de919ca78ee99451b3c1e0d38cb5,table lamp,complete,False,bbox_inertia,open_mesh,
3f1c992440ec4014a37aa208b32124415d1a1aec,"bar stool.n.01,chair",complete,False,bbox_inertia,open_mesh,
3f28e55e96c9f14cd017e13cffa16b02e5db452e,buffet,complete,False,bbox_inertia,open_mesh,
3f3fec9b2386980336f453c04cb7cdd4d3a6bad7,wall art,complete,False,weld_or_static,open_mesh,
3f42e7d06ab2dc33c5b93d2c7e614711a7531ff8,plant,complete,False,bbox_inertia,open_mesh|center_of_mass_out_of_bounds|inertia_not_positive_definite,
3f4f000ead3ecadaa3aad35d8489182509552154,makeup mirror,complete,False,bbox_inertia,open_mesh,
3f692c319f4d06a270aa586b95aebe8def82f6de,cabinet,complete,False,bbox_inertia,open_mesh,
3f701a2f5605c6546f70ecd472251460436da20f,chair,complete,False,bbox_inertia,open_mesh,
3f701d5185d5024f919e528d6894e4ea4a0d9a44,wreath,complete,False,bbox_inertia,open_mesh,
3f7921938fbc6bf8089211ea8cbedfaa4edb469e,clothes tree,complete,False,bbox_inertia,open_mesh,
3f7e151179b654ffc659bc49f5f4c16cb1142a15,armchair,complete,False,bbox_inertia,open_mesh,
3f8843df4c90130d433e81ec43ed93c27b8b49c6,bookcase,complete,False,bbox_inertia,open_mesh,
3f91028247466d85c5fee23c1fd754a9ac42c2ca,kitchen island,complete,False,bbox_inertia,open_mesh,
3f9265b5b5e5abd5332ce66078e5eecbc3a9366d,chest of drawers,complete,False,bbox_inertia,open_mesh,
3f985682fd59a5349af161093dff6d3d74c5896b,vase,complete,False,bbox_inertia,open_mesh,
3f9a25467f555edc50bfb95f5137eb1a981885dd,swivel chair,complete,False,bbox_inertia,open_mesh,
3f9e16dc68b30223b1a417a40395f1823318fb3c,double bed,complete,False,bbox_inertia,open_mesh,
3fb0ef74ad5000c19e088c6ec09725faf75298cb,buffet,complete,False,bbox_inertia,open_mesh,
3fb486ea577261912ff3f4d5896915489b5662e4,rug,complete,False,bbox_inertia,open_mesh,
3fc77979a4622ac665589e79822641ba6b7aa66f,nightstand,complete,False,bbox_inertia,open_mesh,
3fc8d4939b7b1bada6f6e700f5f283dedee9bd2e,floor lamp,complete,False,bbox_inertia,open_mesh,
3fcbaf139511bf243191f7ef92adde8d5fd7821d,cabinet,complete,False,bbox_inertia,open_mesh,
3fe10518eb7c00d7a58b15a513980e9606373a27,console table,complete,False,bbox_inertia,open_mesh,
3fef4438cdcaa7995c0f9a5a5ee3f0b3e7efea0f,hook,complete,False,bbox_inertia,open_mesh,
3ff3032b696bbcadd38e48b79690b5971ee0f26e,potted plant,complete,False,bbox_inertia,open_mesh,
40073dd7d62c31dd06476e66306d3d0eaa2cea19,wall hook rack,complete,False,weld_or_static,open_mesh,
400a89ec51870ecc97a0a2d8f61d61e5195ec6a1,wall mirror,complete,False,weld_or_static,open_mesh,
400ae3a2d7a2d45552ef36785c351f13f9bbcba3,potted plant,complete,False,bbox_inertia,open_mesh|inertia_not_positive_definite,
400ed2b2adefa8083cd24866495e126efdee86fc,ashcan,complete,False,bbox_inertia,open_mesh,
400f562319a16e1b75d4f5f1b544e1fd3102e07d,ceiling lamp,complete,False,weld_or_static,open_mesh,
401a64c3e373b3a8debd393eeb52b496f396f09c,swivel chair,complete,False,bbox_inertia,open_mesh,
401a6692fb14a7ec298a488b6b5479836e707691,table lamp,complete,False,bbox_inertia,open_mesh,
401e2b5c62af92aa556dd9791db25683891e918c,table,complete,False,bbox_inertia,open_mesh,
401ff13a2f1d387a9ee7045fe0924c3ceb357d85,wall art,complete,False,weld_or_static,open_mesh,
4025a145858714773e51ec13aec5ac9a7ddbae59,blackboard,complete,False,bbox_inertia,open_mesh,
40336eb96234276636358281389c15b6a8ccc9b2,chaise longue,complete,False,bbox_inertia,open_mesh,
404146070e071454f055cfe3be7811fcdcb7ddbd,refrigerator,complete,False,bbox_inertia,open_mesh,
4044949adb6b821464ccd5d36907963ea9f151e4,buffet,complete,False,bbox_inertia,open_mesh,
404658d08d4b33398949fe41321a1c12cc33b1ee,table lamp,complete,False,bbox_inertia,open_mesh,
4051d3d54042a8a57c793dedbb80bd49ad77dddc,potted plant,complete,False,bbox_inertia,open_mesh|inertia_not_positive_definite,
405fe1ec97515864b6a7d02125f27e72022dba61,scooter,complete,False,bbox_inertia,open_mesh,
40667dfcf9d1c152d8bf09f7b7e045b85dd67240,chair,complete,False,bbox_inertia,open_mesh,
4066fa0fa66bb631771dff6faf8b6c41f677af60,chest of drawers,complete,False,bbox_inertia,open_mesh,
40677a6877bf7c07ef01fb5cf9ec4d488e2582ef,wall art,complete,False,weld_or_static,open_mesh,
4067df5c246f5cfa298939c935aaef5775284b34,bar stool,complete,False,bbox_inertia,open_mesh,
406c131b2490cf3d075b63c23639c7dd8de22861,wall art,complete,False,weld_or_static,open_mesh,
406dc5c9cf5499f0e865f41a7a18f8a2acc1a5b4,dining table,complete,False,bbox_inertia,open_mesh,
406f2c8ab60ca71de28aed10c13e8798a31d2155,wall mirror,complete,False,weld_or_static,open_mesh|center_of_mass_out_of_bounds,
406f46db4f76f7973ac743ef7fbc70b77785f05d,desk,complete,False,bbox_inertia,open_mesh,
4070376d4a8377dfeb6ee51804809612041b1971,chandelier,complete,False,weld_or_static,open_mesh|degenerate_faces,
4073061b184b5326a920a0187f218d064eee2a31,potted plant,complete,False,bbox_inertia,open_mesh|inertia_not_positive_definite,
4075139504b3298449370bb1d64bce30506a3329,wall art,complete,False,weld_or_static,open_mesh,
40810a5636487a1b7013b32c929f25229105fd2b,chandelier,complete,False,weld_or_static,open_mesh,
4083065d446368810913c393d23a3030c45a4f96,"letter.n.02,wall decor",complete,False,weld_or_static,open_mesh,
4087db7d03a368aeb48956f358eeee58e0edd7b3,plate,complete,False,bbox_inertia,open_mesh,
409aa5478fde8958607258c5974eac6d5336657e,buffet,complete,False,bbox_inertia,open_mesh,
409d1ffd1573b148df0ff084d888927bf36a7392,ashcan,complete,False,bbox_inertia,open_mesh,
409de66b8cc428e3c9c4ecb7cefbd16509d239f2,wall panel,complete,False,bbox_inertia,open_mesh,
409f25c7c976380bb3e7913d3e8e96b8b1eae06c,kitchen cabinet,complete,False,bbox_inertia,open_mesh|center_of_mass_out_of_bounds|inertia_not_positive_definite,
40a1c0dfa7e40b762624476a23a9808b7c12f02a,chair,complete,False,bbox_inertia,open_mesh,
40a4a40f8e33f115a9ae0e30518906f45d6d8d21,wall art,complete,False,weld_or_static,open_mesh,
40a9189cf3fe6b8984c2b70782ee966063c8bbff,handcart,complete,False,bbox_inertia,open_mesh,
40b8ccb17ad52c7791275d273100a35f8832a845,dining table,complete,False,bbox_inertia,open_mesh,
40bf81e852fd34c4d390fa68f71d2cafcb91f2f4,vase,complete,False,bbox_inertia,open_mesh,
40c0f576c508c790513aae736adc5f80b40bc354,bench,complete,False,bbox_inertia,open_mesh,
40ca05c45d5abddaa84bd4eaceca8506e405df17,potted plant,complete,False,bbox_inertia,open_mesh|inertia_not_positive_definite,
40cab1efbdd08079d741749d43d8cdc0e5eb3e7d,footstool,complete,False,bbox_inertia,open_mesh,
40cb227e26c9274895a33bea0fe7ed2aa4414711,storage box,complete,False,bbox_inertia,open_mesh,
40e02b56e04ffa8731991ba50249a1f1a0f0d81e,sculpture,complete,False,bbox_inertia,open_mesh,
40e5d7913c99d57970af04f50fa5a6f1c3fde640,candlestick,complete,False,bbox_inertia,open_mesh,
41059c4d9ae2380bf7304880f2ba5f3327bb0a47,end table,complete,False,bbox_inertia,open_mesh,
4106160be8e18d73aa704da0ed993aed8175b4d4,bathtub,complete,False,bbox_inertia,open_mesh,
410d9d8aea155e72fbc0342be6d114d7e50391fd,wall art,complete,False,weld_or_static,open_mesh,
41211ff4c9664a5f94a7728259a6ae23eb9c86f6,step stool,complete,False,bbox_inertia,open_mesh,
4122c550741deeda8ed0b4da129bab0cd403cae7,wall mirror,complete,False,weld_or_static,open_mesh,
4124031014d73ec4e7399d00c48f881dbdfc8808,window shade,complete,False,bbox_inertia,open_mesh,
412f770ef78b95fceb65b423bf7e0c1b1bed2682,chaise longue,complete,False,bbox_inertia,open_mesh,
4146a7675ab6add71194b562205c185e81cdb9c9,picture frame,complete,False,weld_or_static,open_mesh,
41470dec60ccdd679a508b16fa8397264ce9dcab,wall art,complete,False,weld_or_static,open_mesh,
4147479834fba420ecd87bdec3e666ac00a1117e,wall art,complete,False,weld_or_static,open_mesh,
41474cb8f53d913124f1a84c081b85b7a1358770,playhouse,complete,False,bbox_inertia,open_mesh|center_of_mass_out_of_bounds|inertia_not_positive_definite,
414f1b65ce123c7acc6487d2d73626b819de89ba,crate,complete,False,bbox_inertia,open_mesh,
414f3e47c56d40c063b43cfb93305fa43b307ce6,wall decor,complete,False,weld_or_static,open_mesh,
4152be4a6c6b4b620391d15992d82c49c9ded470,highchair,complete,False,bbox_inertia,open_mesh|center_of_mass_out_of_bounds|inertia_not_positive_definite,
416c68a89eda39033eb729fa72f7058802555a9e,refrigerator,complete,False,bbox_inertia,open_mesh,
41730b73d182431a53ea927832477ba2d148013d,ottoman,complete,False,bbox_inertia,open_mesh,
41753aebe629e7e2fbc8c576ce5865056b824ff7,plate,complete,False,bbox_inertia,open_mesh,
417c469d0fd9fa9bcf37359ec61feac8a69f90be,wall art,complete,False,weld_or_static,open_mesh,
418d1de8423f9438418fad1cbee881bd5c975709,wall mounted screen,complete,False,bbox_inertia,open_mesh,
4192b93682edc3c5585701c1ba90a34e9fd2f75b,wall art,complete,False,weld_or_static,open_mesh,
419625a0eca4ea48186fc8ca8dcdaa9f25d9dca6,console table,complete,False,bbox_inertia,open_mesh,
419726d3f7994c8e83ddff882e6ca4f92a9b5a2b,chair,complete,False,bbox_inertia,open_mesh,
419914894bc718a4fee51b8c422309d0da1192c1,"candlestick.n.01,candle",complete,False,bbox_inertia,open_mesh,
419c7545288e80d1045111a5e3ba130175d8830a,broom,complete,False,bbox_inertia,open_mesh,
41af0e5250b6f43e286c7e9977a8ea913d4d3128,hanging cabinet,complete,False,bbox_inertia,open_mesh,
41b34b14729a725df2129e4a4a3930ea5ce701bb,heating system,complete,False,bbox_inertia,open_mesh,
41ba7cda6f120a437f0907c7c3603c696bf96fab,bathtub,complete,False,bbox_inertia,open_mesh,
41bafa470b4e4eb9ed3a8fb57a8d4ba5b321a939,armoire,complete,False,bbox_inertia,open_mesh,
41d16010bfc200eb4d71aea6edaf6ad4bc548105,desk,complete,False,bbox_inertia,open_mesh,
41e40cd17772be73536acf7567572fa5ecfc915c,bookcase,complete,False,bbox_inertia,open_mesh,
41eb79bd85025302bb404f5eb85e86a6702a9c8d,ashcan,complete,False,bbox_inertia,open_mesh,
41efc8ed9c8d433e9ff877f3b9ea1c0eda45479c,"stove.n.01,oven",complete,False,bbox_inertia,open_mesh,
41fde3a1656929b4d20d27e0de5d756ddb5215b0,table lamp,complete,False,bbox_inertia,open_mesh,
42105592e35934803a55b6510bb230ccdfe190a1,bread-bin,complete,False,bbox_inertia,open_mesh,
4210a811f2034b5ecd694e6d7730367208d5c7a3,"playhouse.n.01,play area",complete,False,bbox_inertia,open_mesh,
421574222ed69cc1c73bc5433dba4477b6b61647,bookcase,complete,False,bbox_inertia,open_mesh,
422131b21a90337c082f68bdcfe76a73e8804c85,potted plant,complete,False,bbox_inertia,open_mesh|inertia_not_positive_definite,
423452dec7665512f3c67cb9aa8079e2db904109,wall art,complete,False,weld_or_static,open_mesh,
4243219d5d485cbd3d3e6ff92427006b4608571c,cabinet,complete,False,bbox_inertia,open_mesh,
4244a5c9fb74784f8c25b5d8dc62a0628f87e3f0,ashcan,complete,False,bbox_inertia,open_mesh,
424d7e7d258370736e6cfdbad2b253e521f80c79,kitchen cabinet,complete,False,bbox_inertia,open_mesh,
42544324564af37ae0634e07a6a0554b1c38bd14,flower in vase,complete,False,bbox_inertia,open_mesh|inertia_not_positive_definite,
4254f35550281f6e419bb5c25f5ee5350b5c6487,kitchen island,complete,False,bbox_inertia,open_mesh,
425767948124e3e49ecc69a2d25810d98a30e255,footstool,complete,False,bbox_inertia,open_mesh,
425828a1813c9dacfd6630c307e69234bb54d31a,kitchen scale,complete,False,bbox_inertia,open_mesh,
425f41a90050fa9071b096c4826d6ad307d541cc,christmas stocking,complete,False,bbox_inertia,open_mesh,
4260beb09c5d505eb4a650d69cb72c5e41927bbc,chaise longue,complete,False,bbox_inertia,open_mesh,
4268591d5dd40d5ecda06a244639462ceacf67a4,throw pillow,complete,False,bbox_inertia,open_mesh,
426b82af6d87005e0f2fa17217cd45b4826189aa,hanging cabinet,complete,False,bbox_inertia,open_mesh,
427308e0e8a2d7bf977d0b95545e1dcbe79d2380,cage,complete,False,bbox_inertia,open_mesh,
42759a0e39cb8a5ef4a9624ef9e746b3e9305656,rug,complete,False,bbox_inertia,open_mesh,
427ad496e48b0526e2d8dbf3f2b2788c4a59c276,media player,complete,False,bbox_inertia,open_mesh,
427e1e9e12064e671a7cf92d612b0fb7e12d4c95,bench,complete,False,bbox_inertia,open_mesh,
4285ed4f76eeb02abd678716f5be73af61b53cab,hamper,complete,False,bbox_inertia,open_mesh,
4288cdc295bf7967d1f8e49c7bef5c997068790f,flower in vase,complete,False,bbox_inertia,open_mesh,
4297ba21cc4badbbf54b3386161fc2c7a12d0c71,wall art,complete,False,weld_or_static,open_mesh,
429b25c630c222f447aaa0106f7cf5bdbf8dfaff,table lamp,complete,False,bbox_inertia,open_mesh,
429de8a53ddf94a47ec553147dc8603b803be056,desk,complete,False,bbox_inertia,open_mesh,
42a8880b28da59cf63d332ae8eef5787134cad84,wall mirror,complete,False,weld_or_static,open_mesh,
42afeade7859d484a52046006595476f7006e755,vase,complete,False,bbox_inertia,open_mesh|center_of_mass_out_of_bounds|inertia_not_positive_definite,
42b7a9e128cfaa5cf7811476d91dc14718b90050,wall mirror,complete,False,weld_or_static,open_mesh,
42ba54225bc6cfcca8618a5dde7cbd5bb4a954da,towel ring,complete,False,bbox_inertia,open_mesh,
42c2fce42ed600de5f0c6919ba47fe97e60ab673,kitchen cabinet,complete,False,bbox_inertia,open_mesh,
42cb718b424b95116f73aa35d78236874e3325cd,floor mirror,complete,False,bbox_inertia,open_mesh,
42cf6dce36f1ec0dd707f974a10bb95415daa17e,nightstand,complete,False,bbox_inertia,open_mesh,
42d6ceaadfba84ab46dc33a39a997398eb0ae95b,toilet,complete,False,bbox_inertia,open_mesh,
42dbaa9beaad7561dfb76d392e6e543cf2fd4352,wall art,complete,False,weld_or_static,open_mesh,
42dee69d6dde36a43da7e1880af5cfa439a4c64d,table lamp,complete,False,bbox_inertia,open_mesh,
42df49592ce3c646bf92368203f520035f62a28f,plush toy,complete,False,bbox_inertia,open_mesh,
42e0f927a6c68ae118ef54b5c6257b3cb32a4565,wall mirror,complete,False,weld_or_static,open_mesh,
42eb8f0888cc794947060525b25c89ef0f49a30f,wall panel,complete,False,bbox_inertia,open_mesh,
42f6d722b1999efe45f9e510764c89c14385de10,window curtain,complete,False,weld_or_static,open_mesh,
430315716f096225c260e048452d5361866e93b2,swivel chair,complete,False,bbox_inertia,open_mesh,
431965c6c19be61f2eca3ad05b85000be9abfd5c,potted plant,complete,False,bbox_inertia,open_mesh|center_of_mass_out_of_bounds|inertia_not_positive_definite,
4325dd26ec8e6c7a4384a8d6c3f1413b1382265c,kitchen cabinet,complete,False,bbox_inertia,open_mesh,
432d534d4c8ff1f6da0a75f2c8d750cccafff7b9,nightstand,complete,False,bbox_inertia,open_mesh,
433213616173b842cee2916a2cb845d64d92af75,curtain,complete,False,weld_or_static,open_mesh,
433dc0e422f8ea92d3d4967e18fb863c7e262580,sofa,complete,False,bbox_inertia,open_mesh,
4341e7e9949ab8a6e48dbbeb5b7fdf798e5194fe,"poster.n.01,wall art",complete,False,bbox_inertia,open_mesh,
434b4b243357c040f84c750e94f59c57fe37a16c,floor lamp,complete,False,bbox_inertia,open_mesh,
434be541829311c1e861a7526fd9ece25c2b072d,window shade,complete,False,bbox_inertia,open_mesh,
434d62df4ddc67fbd923c529eaf27c9dc08b4abc,washer,complete,False,bbox_inertia,open_mesh,
434fa4bae0f5869bcbc4c5ee630d3c35e4b38c0a,shoe,complete,False,bbox_inertia,open_mesh,
43502e1524f76fe08417ac1d25694fee35c2b51a,"letter.n.02,wall decor",complete,False,weld_or_static,open_mesh,
43504d49c28c67d6304be53a486a3cbc941f9aac,chair,complete,False,bbox_inertia,open_mesh|center_of_mass_out_of_bounds|inertia_not_positive_definite,
4353a69346f44085719048f890e5afbdd2ef6e31,window shade,complete,False,bbox_inertia,open_mesh,
43556722e2502c9faebc7080ca27476f860b83af,throw pillow,complete,False,bbox_inertia,open_mesh,
435bc1cce1598bb8a7b0bc6ec0b25e439056fdd8,end table,complete,False,bbox_inertia,open_mesh,
4364e0d4faa0006a6e447b9293fdfbe3c415cfa7,sofa,complete,False,bbox_inertia,open_mesh,
4372912e2c3f57c94c2d89dc26cd2591ec84929e,potted plant,complete,False,bbox_inertia,open_mesh|degenerate_faces,
4375bb2914be29819938e8d7c6d5e5661b296bc3,kitchen cabinet,complete,False,bbox_inertia,open_mesh,
437d63141f9c157ca01a57b90e50be01ce2568c1,desk,complete,False,bbox_inertia,open_mesh,
437dbcad4399eb4a081a62da7c7a0471c5bdbd14,mantel clock,complete,False,bbox_inertia,open_mesh,
438984203c74a5890fd800e7cb3d41e4d159ab6d,swivel chair,complete,False,bbox_inertia,open_mesh|center_of_mass_out_of_bounds,
438a231e232c8a096d1cee23f1be4ab4bc497e0c,wall clock,complete,False,weld_or_static,open_mesh,
438c168947bf8835b1854cd9f640701515acd6cc,"bar stool.n.01,chair",complete,False,bbox_inertia,open_mesh,
43964e169ee1aa609552df4dd72dd35f54a5fde7,wall art,complete,False,weld_or_static,open_mesh,
4399b76aed0913ad33b927de65aa65e7f7dce33e,wall art,complete,False,weld_or_static,open_mesh,
439abf63fef28beeecc21540c74b3b933714e85f,bookcase,complete,False,bbox_inertia,open_mesh,
43a96d7eb39651d5b60141ce1b777b25bad0289a,straight chair,complete,False,bbox_inertia,open_mesh,
43aa47a3acbaa030d03bde09c8c8a1083fa9404d,bathtub,complete,False,bbox_inertia,open_mesh|invalid_volume|center_of_mass_out_of_bounds|inertia_not_positive_definite,
43ae5bbfa16a74dbc82d29041846e0b92ccafabc,desk,complete,False,bbox_inertia,open_mesh,
43af8aa4b726ecae8a8f5d56f86a4fd0e36f966b,bench,complete,False,bbox_inertia,open_mesh,
43b7ea81b8b10840845f7d2551599c5a6d96e3d4,dishwasher,complete,False,bbox_inertia,open_mesh,
43cab67021db4d81da3441b61c9be60b8e907c28,floor lamp,complete,False,bbox_inertia,open_mesh,
43caf51a1ccff2c8708b2b2ee843a8c1ac51cb53,wall panel,complete,False,bbox_inertia,open_mesh,
43cb6e91ca3ca5763c91de42ddcdd4bacb203410,wall art,complete,False,weld_or_static,open_mesh,
43cc99743f6d75e5f7b92ab8e5c9ba7f3e932ad0,end table,complete,False,bbox_inertia,open_mesh,
43d81fde6734dafe7c2836cfb54f7d4ab4b09617,cabinet,complete,False,bbox_inertia,open_mesh,
43dff039cc31d832c3196d9316344c38d9818392,china cabinet,complete,False,bbox_inertia,open_mesh,
43e120bb77cbdb8fadcac1cc33aeacce57e738c5,console table,complete,False,bbox_inertia,open_mesh,
43e1b51b7ed143cef82ccda6d61d350caf6a1e43,throw pillow,complete,False,bbox_inertia,open_mesh,
43ea3f403dc977aebb0ca5ce4fa71297185c8be7,guitar,complete,False,bbox_inertia,open_mesh|inertia_not_positive_definite|degenerate_faces,
43f8b07b0c8391fb9a457f3096e6a65b5fa8263b,china cabinet,complete,False,bbox_inertia,open_mesh,
43fa24cb165eb3bfde976d070bfd615f41c78028,sink cabinet,complete,False,bbox_inertia,open_mesh,
4403634c49130a1e9d516ba17d62718238e0fb90,chest of drawers,complete,False,bbox_inertia,open_mesh,
440a4bea1ad7b752e088c8ea772c9b56bda59ac7,table lamp,complete,False,bbox_inertia,open_mesh|inertia_not_positive_definite,
440aa75617a2db12da11307ccfa049f48f76e554,buffet,complete,False,bbox_inertia,open_mesh,
44194f226a2e4a200a4ccdb0a781fec286cd1e8b,stove,complete,False,bbox_inertia,open_mesh,
44238272ebffd070d4d2c6101916ad2b4a5baffe,wall mirror,complete,False,weld_or_static,open_mesh,
4426365cc176d7709ae92f325db2665ed606e168,ceiling lamp,complete,False,weld_or_static,open_mesh,
44316e07a528138d47b9ed9636a606290874a258,ladder,complete,False,bbox_inertia,open_mesh,
44331d0bed3b7acd2ebdd6126230fead1058ffd0,throw pillow,complete,False,bbox_inertia,open_mesh,
4437d6b0869172a2affc7ec65f6b608feb98f510,potted plant,complete,False,bbox_inertia,open_mesh|center_of_mass_out_of_bounds|inertia_not_positive_definite,
4438ccba40f5d459e9c8fcf001945755d9c49d93,window curtain,complete,False,weld_or_static,open_mesh,
443997d270ac40c4427a1b744b287e40f5f2fcd7,sculpture,complete,False,bbox_inertia,open_mesh,
4447cdb5cb17e2e89f934e2b772163f98d91d0a4,chaise longue,complete,False,bbox_inertia,open_mesh,
444bd3bf7cc1dfa94928cfc1f00ab317adc2138a,pendant lamp,complete,False,weld_or_static,open_mesh,
445ade9a7fed2cb5296d28024093cc336d82990d,pendant lamp,complete,False,weld_or_static,open_mesh,
445afe32307b0d0ce54dd84bcef116bfae06e737,sofa,complete,False,bbox_inertia,open_mesh,
445e5ad7b8cfd2e1e15e812dbfd511ba4e378a5c,bicycle,complete,False,bbox_inertia,open_mesh|invalid_volume|inertia_not_positive_definite,
44641367282a6a9616c91439944d4160a0e6f66a,bookcase,complete,False,bbox_inertia,open_mesh,
44684c200433dc4842bf0a6317d735e98e9fb903,alarm clock,complete,False,bbox_inertia,open_mesh,
44689bfbf34013ad3ff7f8b05eb2cede29ff9f4e,console table,complete,False,bbox_inertia,open_mesh|center_of_mass_out_of_bounds|inertia_not_positive_definite,
4468c13bc98184bcc403027164ede52b178e5d20,hanging cabinet,complete,False,bbox_inertia,open_mesh,
447966555e37abe4703e22521908351c86c604cf,clock,complete,False,bbox_inertia,open_mesh,
44888d6650cb7c3db6e7a9d15e1ba18234ac3793,"candlestick.n.01,candle",complete,False,bbox_inertia,open_mesh,
448900da32745e9e9b7ef9a7c0853fa7d24aad84,sofa,complete,False,bbox_inertia,open_mesh,
448a7a6a5a63f9ec692bcc96e29cf9da999dd05e,storage bench,complete,False,bbox_inertia,open_mesh,
448d008ec31f9a6e35f96e2a165a4864fbaea2d4,armchair,complete,False,bbox_inertia,open_mesh,
448d3a4458b0dd736202607e3a7a98ce2932ee77,window curtain,complete,False,weld_or_static,open_mesh|invalid_volume|center_of_mass_out_of_bounds,
448de7e6d1c83db13108796dcbdfc5d9d842b026,floor lamp,complete,False,bbox_inertia,open_mesh,
44996457e7b2068b41cb629236cb2395a7ef4c25,rug,complete,False,bbox_inertia,open_mesh,
44a0b421b8c930785289e381ef05b7324006f148,bed,complete,False,bbox_inertia,open_mesh,
44a3ee33a175f1fdc6fb1cfab6d8c71588e7f24b,refrigerator,complete,False,bbox_inertia,open_mesh,
44a654e3d7818ee18d78f0bc4c66a40736316942,bathtub,complete,False,bbox_inertia,open_mesh,
44a700e42d4520e64b16d212313ceb66a38afe75,railing,complete,False,bbox_inertia,open_mesh,
44bd57b7a701951cf8b7f1ebdd6300f0e7f81d37,coffee table,complete,False,bbox_inertia,open_mesh,
44c41c97eee1e7c7e05b91d58da8d1737586d55d,chest of drawers,complete,False,bbox_inertia,open_mesh|center_of_mass_out_of_bounds|inertia_not_positive_definite,
44c93189984690e6d978a2f033b59d2acecc5752,wine rack,complete,False,bbox_inertia,open_mesh,
44e6476270bd323b22b4fbee2b0fd67d817bbdc2,end table,complete,False,bbox_inertia,open_mesh,
44f35b8477fdbc61ed4c0ec40297b03d636d19b2,end table,complete,False,bbox_inertia,open_mesh,
4500ce3490c69e1e0961c6eae02458cc90b24e06,potted plant,complete,False,bbox_inertia,open_mesh,
4502ba273eb6a11bbd1722584e44cc6662440ab3,record player,complete,False,bbox_inertia,open_mesh|degenerate_faces,
450399b5e12af02ee45e094a7a95580432d82f86,mantel clock,complete,False,bbox_inertia,open_mesh,
45081bfb9bb52ab7e6c275aef48aa905666a05fa,plant,complete,False,bbox_inertia,open_mesh|center_of_mass_out_of_bounds|inertia_not_positive_definite,
45092a7ed4e6bb85fc08e722388bad2694401222,armchair,complete,False,bbox_inertia,open_mesh|inertia_not_positive_definite,
450fe3718ec7bf380fe2681387d997773ce8bfc6,table lamp,complete,False,bbox_inertia,open_mesh|invalid_volume|inertia_not_positive_definite|degenerate_faces,
4517c3c8dd110a1d073c780a5519b622255fb13d,wall art,complete,False,weld_or_static,open_mesh,
451db10082188928fc1dd679bfc60002cd15d215,glass,complete,False,bbox_inertia,open_mesh,
451e882aeb903af797a2298ae5fcc18ab87e0bb5,wall art,complete,False,weld_or_static,open_mesh|invalid_volume|inertia_not_positive_definite,
45260b2b621ba5473292bcfe8995535b336b4244,refrigerator,complete,False,bbox_inertia,open_mesh,
4526796791270cc556e4d03be4fb6c09d0518337,basket,complete,False,bbox_inertia,open_mesh,
4536785e9e82fc33642fa523ed85a4520bd4a91a,"stairway.n.01,stairs",complete,False,bbox_inertia,open_mesh,
45382ea3b2218e022440713318a4b3ff976a5de0,vase,complete,False,bbox_inertia,open_mesh,
4539334c322969073e8cd1f6619ab4bddeb45f99,stool,complete,False,bbox_inertia,open_mesh,
453c0a50d53c3cebd8b9918f2a588597c256c6aa,lantern,complete,False,bbox_inertia,open_mesh,
45480ab679105abf520ce464964cf2d3c9a888f6,wall art,complete,False,weld_or_static,open_mesh,
454daed946130df517b76a1b0a95b873138092de,dressing table,complete,False,bbox_inertia,open_mesh,
454ed03a4af5b3a58d23ebf1aaadbe9a4968e15d,medicine chest,complete,False,bbox_inertia,open_mesh,
4552d971acc237a0c1f568d7093740bef1592fd1,ashcan,complete,False,bbox_inertia,open_mesh,
45569415c39957f7e94dc9dc72d5c22de30a3f3f,wall art,complete,False,weld_or_static,open_mesh,
455ae335962b436f29d59631c52535930504a2e3,wall art,complete,False,weld_or_static,open_mesh,
455f487f5f9ab494261861de7faf67fd4d49f61d,wall mirror,complete,False,weld_or_static,open_mesh,
4561530bfb8b3aeacadf64388d82000b2d2e56d1,bookcase,complete,False,bbox_inertia,open_mesh,
4564412630106b1d1025cc3356b84e6bf79c5795,sink stand,complete,False,bbox_inertia,open_mesh,
4589a832b430a438497532cf949c0fca4422e5fa,"stairway.n.01,stairs",complete,False,bbox_inertia,open_mesh|degenerate_faces,
458fbf1ed33949dfeacc3e20047cde5c1d774561,bookcase,complete,False,bbox_inertia,open_mesh,
4593f3b397983f2991c32a39c93f3dc4caf057c4,wall mirror,complete,False,weld_or_static,open_mesh,
45978179bcdb53044ca429d3a74c34b6249de35b,video game console,complete,False,bbox_inertia,open_mesh,
4599c7245ffbda15ce5bf156b932d9d7b71040d1,wall art,complete,False,weld_or_static,open_mesh,
459e0382b276efa6e647963cbc587fe94e3b0c43,weight,complete,False,bbox_inertia,open_mesh,
459ec3018546fda64a28c20e52f52502d78e2c52,wall art,complete,False,weld_or_static,open_mesh,
45a35bb581b8132eb57cc8ed646a68f14da6f82d,buffet,complete,False,bbox_inertia,open_mesh,
45a4cf7368c40cd46d5f871f0a122d160fd27c8d,dining table,complete,False,bbox_inertia,open_mesh,
45a9ba0780886fa0ec01c959448263cb2c2f9499,table lamp,complete,False,bbox_inertia,open_mesh,
45ba872ad8508f863762e2aa80107610f4f535ee,headboard,complete,False,bbox_inertia,open_mesh,
45bcf914a927b57e8fc5558a9974eca8771ae582,sofa,complete,False,bbox_inertia,open_mesh,
45bf38771653bbe7ab8eb75e55bf7facb685fe55,wall lamp,complete,False,weld_or_static,open_mesh,
45c2da0e3e74d255efed942389553cce797bb43f,wall art,complete,False,weld_or_static,open_mesh,
45c662af829bb97af7d5a4068ff83702f072cff6,nightstand,complete,False,bbox_inertia,open_mesh,
45d1703dfba289bb347d5037e51543d1b774a88e,armchair,complete,False,bbox_inertia,open_mesh,
45d59d14eb63d5bd0d55ec127698b56d184ec16c,end table,complete,False,bbox_inertia,open_mesh,
45d730c2e81d5979b3c8a78aa0841ccffb2d8847,table lamp,complete,False,bbox_inertia,open_mesh|center_of_mass_out_of_bounds|inertia_not_positive_definite,
45dd1f636ce3ced4c4bf685bed2e89492dedb268,hanging cabinet,complete,False,bbox_inertia,open_mesh,
45debead25395eec804bc6bc3f8709fa7e7b6f01,sofa,complete,False,bbox_inertia,open_mesh,
45ef260cbb5f19848878081e98db6af0fa1b155c,cafeteria tray,complete,False,bbox_inertia,open_mesh,
45f2880001463d3f7a18055c134927a805dce2fd,flower in vase,complete,False,bbox_inertia,open_mesh,
45f748f64f23f102e702a40962df2bc367870498,radio receiver,complete,False,bbox_inertia,open_mesh,
45fd4164912ff9886db54cf0623d105c4e8518cb,throw pillow,complete,False,bbox_inertia,open_mesh,
46090a2cea08c0109c80092b31f4a8014a10d2fd,wall art,complete,False,weld_or_static,open_mesh,
461342e6ae1bc0d6d9c06e3d9a68eb25325edd49,wall art,complete,False,weld_or_static,open_mesh,
4614aad798d498626c9ba093c56a382e968d47b5,radiator,complete,False,bbox_inertia,open_mesh,
4615eb0e58e16d68a750e3d9e1542e98bb7a88cf,table lamp,complete,False,bbox_inertia,open_mesh,
4629b2bfe7de3edd1e1e295a0441c0e1aca5d3fd,wall art,complete,False,weld_or_static,open_mesh,
463a670f203cf2cc8b946568c0a843a8097cd7f1,wall mirror,complete,False,weld_or_static,open_mesh,
463d95b0f8e88a2caf1094981c10562323574a74,pendant lamp,complete,False,weld_or_static,open_mesh|degenerate_faces,
463db7d43c592863e0deb15b198bf5747faae86f,vase,complete,False,bbox_inertia,open_mesh,
463e89b665479d4a82c4fde27ab4898afa91c33f,chest of drawers,complete,False,bbox_inertia,open_mesh,
464d6c2c0f6c8a9cbb9423fd93c8ace7e7f492e5,cabinet,complete,False,bbox_inertia,open_mesh,
4652661588c3e25396b891901da281f41f7a140c,chair,complete,False,bbox_inertia,open_mesh,
46545216942e52eba957507812a889d8a73fdf9c,fence,complete,False,bbox_inertia,open_mesh,
46554e5313c86e90f711aaf9d37fb7c96a6dee96,ashcan,complete,False,bbox_inertia,open_mesh,
465c339f405bf0f55e0c316820958dee1126dabd,kitchen island,complete,False,bbox_inertia,open_mesh,
466fc73df4c164875970929ca3238887e7505a03,showerhead,complete,False,bbox_inertia,open_mesh,
46718a0ccdb3b49c1586550961d8869f7975492f,floor mirror,complete,False,bbox_inertia,open_mesh,
4674e54f5e3e83758a27435ec7a38e78ae3b0018,rug,complete,False,bbox_inertia,open_mesh,
46810fa7e8c04a913584d2041ae605c0bf367d3f,throw pillow,complete,False,bbox_inertia,open_mesh|degenerate_faces,
4681d7a50b9f9a12acaaeeb06349203ac7235303,napkin,complete,False,bbox_inertia,open_mesh,
468c7b290805e59fc57bfd0792437889e4fa4403,dining table,complete,False,bbox_inertia,open_mesh,
46974629818b492bea090937cc4b541bca7e584a,trunk,complete,False,bbox_inertia,open_mesh,
46979d39dd98ffacb51e30784306180579eafd88,wall art,complete,False,weld_or_static,open_mesh,
46a71ae56ba40530f2e895da6710ebe31fc02f54,wall art,complete,False,weld_or_static,open_mesh,
46a73a6b84b69ef7daafdaaa561ac3e3634a44bf,pendant lamp,complete,False,weld_or_static,open_mesh,
46bb93427e078fbc890e66e083654bcecab9d4f6,planter,complete,False,bbox_inertia,open_mesh|invalid_volume|inertia_not_positive_definite,
46c2b638a7506ffddc72103c2f7a5f9a695e7023,dining table,complete,False,bbox_inertia,open_mesh|degenerate_faces,
46c98ef1342702022042ee1dc44bdde19624e265,potted plant,complete,False,bbox_inertia,open_mesh|center_of_mass_out_of_bounds|inertia_not_positive_definite,
46dd28dc74535f9a2b692ecae0253c9b0e3b40cc,buffet,complete,False,bbox_inertia,open_mesh,
46ea54546696de71b5723a553ea2ffc1d8dc9b5f,armchair,complete,False,bbox_inertia,open_mesh,
46f86f1258a3eb8345acbd6aacfb6b96781f6a2a,armchair,complete,False,bbox_inertia,open_mesh,
4703ad3f7c43eb385dadfe6fbdd02a2c163ada93,picture frame,complete,False,weld_or_static,open_mesh,
4704c95c885e221b1ccba58b435d9a84c53441ee,chair,complete,False,bbox_inertia,open_mesh,
4709da6220902919854037e7e420a9e7dc9c3f7f,wall organizer,complete,False,bbox_inertia,open_mesh,
470fcc6effc8ec2382010990c5d232f02b9c3c5e,bookcase,complete,False,bbox_inertia,open_mesh,
47126eb0c9db11644c9be4b13a978a8ffed4cda4,wall clock,complete,False,weld_or_static,open_mesh,
4712d33155aa41e40520e838e4cab54c4622f397,wall mirror,complete,False,weld_or_static,open_mesh,
472f828ecf1af0d18886197df0b8a03403698862,wall art,complete,False,weld_or_static,open_mesh,
4732b4385ae973f1309ad75682fc11704818afe7,cup,complete,False,bbox_inertia,open_mesh,
4737b8d87a006c9c8eb28cf45417ae3bcfc7c6a3,armchair,complete,False,bbox_inertia,open_mesh,
474626239ff5c30ed30604f849caf0b4fd891784,toiletry,complete,False,bbox_inertia,open_mesh,
474663aec910e240c7de975590e59bcf819c7489,table lamp,complete,False,bbox_inertia,open_mesh,
474802ec74dbec7e9a4bb74819d4683ec9530e95,armchair,complete,False,bbox_inertia,open_mesh,
4756008dca8867b8baf4436cb610339c498faffc,console table,complete,False,bbox_inertia,open_mesh,
475870f8089a1c7bf8186679ed82537d9fbcc587,potted plant,complete,False,bbox_inertia,open_mesh|center_of_mass_out_of_bounds|inertia_not_positive_definite,
475f6df1df00ca91d5894338cc9d5131709c7891,wall hook rack,complete,False,weld_or_static,open_mesh,
47626eed0d8a571dc80f7bb472d7661a4dc6a030,buffet,complete,False,bbox_inertia,open_mesh,
47699974fd57c1197d540784ba461c624f53ca01,wall art,complete,False,weld_or_static,open_mesh,
47744caae139cdb6f742ccf066b36c8a4a3e83b8,end table,complete,False,bbox_inertia,open_mesh,
4786f8eddaf749039c834efd1ca12ea39517cefd,chest of drawers,complete,False,bbox_inertia,open_mesh,
478a0be23a4a4cef4ae73446fc77e3bdc93e2403,table lamp,complete,False,bbox_inertia,open_mesh|center_of_mass_out_of_bounds|inertia_not_positive_definite,
4794fc54b3a1d01f83a8656004e60a2df41b64d7,wall art,complete,False,weld_or_static,open_mesh,
4796572c1a3f16733e3bb883f5d03248926a482e,grandfather clock,complete,False,bbox_inertia,open_mesh|degenerate_faces,
4796defeed8ec1afd1cf4c0948d48d71fb3c3753,shower faucet,complete,False,bbox_inertia,open_mesh,
47977d50964eada0e5a321d8c150acd7b764bff8,desk,complete,False,bbox_inertia,open_mesh,
479b7e9d93d0f0a75b53b55917c49e814968e844,desk,complete,False,bbox_inertia,open_mesh,
479e8fe5599af35ba70e86d2f46e66c778c9c170,grab bar,complete,False,bbox_inertia,open_mesh,
47a2abe797aaaf6798271125727058b33860f456,glass,complete,False,bbox_inertia,open_mesh,
47ac569487f82e23b0a5d18057a6c6fc77610aa9,wall art,complete,False,weld_or_static,open_mesh,
47ac7d1a7012b2382ac56858bfd891664050aa10,bench,complete,False,bbox_inertia,open_mesh,
47afe6c6fd5e0aebbc942a625f8af8533db131a7,nightstand,complete,False,bbox_inertia,open_mesh,
47b51d048d81593acb7000ff7f131c5ecb5a4f16,chest of drawers,complete,False,bbox_inertia,open_mesh,
47bc5c6b6793a56193158c46d32b7e93f344261b,fireplace,complete,False,bbox_inertia,open_mesh,
47c0662e06b5b13479b44aca8a3b9094cc99ee46,armoire,complete,False,bbox_inertia,open_mesh,
47c28745703eaa9b3bfe792ad97a4de3467d3bc3,chest of drawers,complete,False,bbox_inertia,open_mesh,
47c7faa8f3f007eb9f2ddcadda655ba017949eb9,nightstand,complete,False,bbox_inertia,open_mesh,
47c97b6c7a78e8b53c6a5f689714f2277f25bcd1,basket,complete,False,bbox_inertia,open_mesh,
47ca9c0bf21b4a982b73a84e8d17ee19c309070b,window blind,complete,False,weld_or_static,open_mesh,
47d96f4f231b1bb06623a601bfb3020b18d9bba9,bookcase,complete,False,bbox_inertia,open_mesh,
47da03c52e0003488334f8dea02c926cbe66029c,table,complete,False,bbox_inertia,open_mesh,
47daa15c95761cca34c1f33061736777fd2b025d,wall art,complete,False,weld_or_static,open_mesh,
47e07d151ca4d47dd36d3d31d0673e119e593ea5,rug,complete,False,bbox_inertia,open_mesh,
47ec13733729d7f45b4847f49b76831f092671c3,hanging cabinet,complete,False,bbox_inertia,open_mesh,
47eff5480c4d3ff2ba5ec46cc2de3dc3813fdb64,soap dish,complete,False,bbox_inertia,open_mesh,
47f282fdaac97b859a4b75e73c7686581477fe45,throw pillow,complete,False,bbox_inertia,open_mesh,
47f2e1e508235ae3c63f61efadf14f569171759f,shoe,complete,False,bbox_inertia,open_mesh,
47f6ac730ad03cb7c53ff966158fea3660c91627,radio receiver,complete,False,bbox_inertia,open_mesh,
47f70ef4dcf9504c5d45c5e5d92051a2e9eb2958,chair,complete,False,bbox_inertia,open_mesh,
480111a853f06b59b206ceae1b31a8780b97625b,bookcase,complete,False,bbox_inertia,open_mesh,
4801fc893e45aecdb75f77cba7a19be6b581e3f8,wall hook rack,complete,False,weld_or_static,open_mesh,
480836c9b9499eb97a6d9eba8eeff97def546078,chest,complete,False,bbox_inertia,open_mesh,
4809bfb8c0ce5c5c876c47cbaffa4b8443e6ec1c,kitchen cabinet,complete,False,bbox_inertia,open_mesh,
480e9319aed841f324f5aa1a324fa82588e0eaa7,tissue box,complete,False,bbox_inertia,open_mesh,
481284cdbd0f8573163593bd67182696d6b1a491,throw pillow,complete,False,bbox_inertia,open_mesh,
4818c2ed630d50b40697387cbbbb1b64cc0be070,wall art,complete,False,weld_or_static,open_mesh,
4820e7f84385d1e39347154daecad22645d10e3f,wall art,complete,False,weld_or_static,open_mesh,
482351496548bc89258838f6630d0c73afe3a158,shoe rack,complete,False,bbox_inertia,open_mesh,
4826ede65a0308a723cddb057908db3f5ba4b467,"candlestick.n.01,candle",complete,False,bbox_inertia,open_mesh,
48277d16bf13630253d689050996618fb110b343,pet bowl,complete,False,bbox_inertia,open_mesh,
483ba576f3a665946759c23a16b8d28682df285d,shoe,complete,False,bbox_inertia,open_mesh,
484775a87256c6e7ba3f806b26eecc874199f921,rug,complete,False,bbox_inertia,open_mesh,
484f0f9c39984b0bbd30ad5507b1488294346f14,throw pillow,complete,False,bbox_inertia,open_mesh,
48500af9bd528f8379165b2d2f16a24316e7f1cc,nightstand,complete,False,bbox_inertia,open_mesh,
4850297ad1adc65d23c944e90edd076db12afbce,tv stand,complete,False,bbox_inertia,open_mesh,
4857100a62e0e8ae2bf7d58e34ce9a84f9c27bd2,chair,complete,False,bbox_inertia,open_mesh,
48580ea166ccb93e88b8294ab2f4f37756cea10e,l-shaped couch,complete,False,bbox_inertia,open_mesh,
485a1e0250c64641be5c7deb460da3496b440bb8,rug,complete,False,bbox_inertia,open_mesh,
485b05625bd08d69dcb9c7fb13e656d55b78f64c,wall mirror,complete,False,weld_or_static,open_mesh,
485faac7ab84aa46fd40e259b7a9ae7ca36d9cef,wall sticker,complete,False,bbox_inertia,open_mesh|invalid_volume|inertia_not_positive_definite,
48642bf03341238a162981d51de99c5fbd4fd48a,bench,complete,False,bbox_inertia,open_mesh,
48691dfae441a1d625e9363342f702ece82d6d79,window blind,complete,False,weld_or_static,open_mesh,
487d492a2e295dd72aad0046716f05431fef69ce,throw pillow,complete,False,bbox_inertia,open_mesh,
487fc51880a2b94f0e9b7a031a5f4998c60b0583,table lamp,complete,False,bbox_inertia,open_mesh,
48903341839125373185e0b473fbf26817f677c7,umbrella,complete,False,bbox_inertia,open_mesh|center_of_mass_out_of_bounds|inertia_not_positive_definite,
4895a175bfec7cb985d094509eade446cc90dccd,wall art,complete,False,weld_or_static,open_mesh,
48abf642db6a7a4bd3733d3102ef318d577f369b,footstool,complete,False,bbox_inertia,open_mesh,
48ae5ecd105a390458b1f328240c129832ea4734,wall art,complete,False,weld_or_static,open_mesh,
48cd53138fee8b9608e3bf5bd30ee5c52946c00a,sofa,complete,False,bbox_inertia,open_mesh,
48d01c71f4d435dcd69def309b239164334a2f6c,dining table,complete,False,bbox_inertia,open_mesh,
48d6601a9105f46050250bffd3134c089d73664e,chandelier,complete,False,weld_or_static,open_mesh,
48d67a6b6d88964f83f687c253d1177b17a0359b,wall mirror,complete,False,weld_or_static,open_mesh|degenerate_faces,
48d7aaa22b61b9f787fb01f6cc4eaf71cdf6acd2,chaise longue,complete,False,bbox_inertia,open_mesh,
48d8b93c632ab3ec841e40803d5f3a1f4a781175,flower,complete,False,bbox_inertia,open_mesh|center_of_mass_out_of_bounds|inertia_not_positive_definite,
48dac005e9b0b17022ea2ae1d6828d7069eefed7,potted plant,complete,False,bbox_inertia,open_mesh|center_of_mass_out_of_bounds|inertia_not_positive_definite,
48e26ef9b82dea6a528a63804e477f747dc02f73,wall clock,complete,False,weld_or_static,open_mesh|center_of_mass_out_of_bounds,
48ee0122414566a9e3a6dd7b1eee41925c38792c,chest of drawers,complete,False,bbox_inertia,open_mesh,
48f600fa99cd5eb41a636c23cfab5b26adcea928,mixer,complete,False,bbox_inertia,open_mesh,
49017ea03a94d58f3972c21b1488508b1d988274,mantel,complete,False,bbox_inertia,open_mesh,
4901f54c8d9e490974955d1e5431f71366f39282,wall mirror,complete,False,weld_or_static,open_mesh,
4910a3122ae318e3e7211123a996d5c85f4c43d3,picture frame,complete,False,weld_or_static,open_mesh|center_of_mass_out_of_bounds|inertia_not_positive_definite,
49173d0c2bef2d3443b66caaec59b0ae4c33d81f,wall art,complete,False,weld_or_static,open_mesh,
49187895ea6213ad565da277b2215bae3f1d27b2,swimming pool,complete,False,bbox_inertia,open_mesh,
491b19211376dfda637fbbaec406cd5c7d4e6ae1,flower in vase,complete,False,bbox_inertia,open_mesh,
491b7091a828edecf83eaa865059e3a680d0d728,serving cart,complete,False,bbox_inertia,open_mesh,
491c1e95e98be7ba4c5a079f92c95664af623a09,vase,complete,False,bbox_inertia,open_mesh,
4924fe8041d31c8b3204384dd4c1b6b911a68564,wall mirror,complete,False,weld_or_static,open_mesh,
492bff8222880502aa7b9c8fdd204271605ad310,toy box,complete,False,bbox_inertia,open_mesh,
4933d7d355153c9cc352298e859a0fef652d3962,wall art,complete,False,weld_or_static,open_mesh,
493dc4cfca83d1999b5c9987bfdf46236c8183d4,table lamp,complete,False,bbox_inertia,open_mesh,
493dd8371d06b796528803c80fdf1cfb5dcf544f,window curtain,complete,False,weld_or_static,open_mesh|center_of_mass_out_of_bounds|inertia_not_positive_definite,
494398746b964969eb0d25f950c2beae9faecf06,chest of drawers,complete,False,bbox_inertia,open_mesh,
494e850cf1ea32046e5e5fc8a17f21605e62c32a,umbrella,complete,False,bbox_inertia,open_mesh,
4958d046ed5ba6adde9ec21ba2c57d58f1bd7038,wall mirror,complete,False,weld_or_static,open_mesh,
4959b90747527188aa0c4ac7916b6ebf24ebfd3b,potted plant,complete,False,bbox_inertia,open_mesh,
495a3e8f5d18beba47a56f99b5e4737f7a4852d6,stool,complete,False,bbox_inertia,open_mesh,
495ec825e5a1a1a5f1d5aae2098bc6e4ba049e4f,footstool,complete,False,bbox_inertia,open_mesh,
495fdee3d67dfac2f0bfa8280194fd11d264410c,ashcan,complete,False,bbox_inertia,open_mesh,
49619a8343f4e235202be2aea9a85917d03583d2,kitchen cabinet,complete,False,bbox_inertia,open_mesh,
4963236bdf446c7fbce6c2290400030dce8c61af,armchair,complete,False,bbox_inertia,open_mesh,
4965e27015f754063d5b32355b3e45b43ebc5b31,wall art,complete,False,weld_or_static,open_mesh,
4972701aa5dd6a43a45791d9246dc46e66f24aa8,vacuum,complete,False,bbox_inertia,open_mesh|inertia_not_positive_definite,
4973f8c723f12e3789e5c3a0c1245476b1a55d56,"bar stool.n.01,chair",complete,False,bbox_inertia,open_mesh,
49793cec056d084592ad23345e466c9ba0077b55,table,complete,False,bbox_inertia,open_mesh,
497983ec22a062ab6f709491212a08312516c741,wall mirror,complete,False,weld_or_static,open_mesh,
4979cfe2e691ac484078b909543db3f21b80462f,sofa,complete,False,bbox_inertia,open_mesh,
497d4179f9a84aa6b80a99d14be1e606d3ffe2e5,sink cabinet,complete,False,bbox_inertia,open_mesh|center_of_mass_out_of_bounds|inertia_not_positive_definite,
49821166f6f44815955aed0168003c6b6e7d6f27,chest of drawers,complete,False,bbox_inertia,open_mesh,
49825e12656e523efff8140fd3bd631d80a43fd4,end table,complete,False,bbox_inertia,open_mesh,
498ad9602ffa2854cc2e31a54988dbecc0e9d2a9,wall art,complete,False,weld_or_static,open_mesh,
4999fce0aeec7cec290772e53f97ee6a43e55552,vase,complete,False,bbox_inertia,open_mesh,
499af81b03fe6eb77d75b44fceec88d22e418279,armchair,complete,False,bbox_inertia,open_mesh,
499dd12f83d3fcb655a0bc2373e4da020a67008a,bookcase,complete,False,bbox_inertia,open_mesh,
499ffdb8a280a0f0a3e6b6ac2b41ae3d191f8059,potted plant,complete,False,bbox_inertia,open_mesh|invalid_volume|center_of_mass_out_of_bounds|inertia_not_positive_definite,
49ac5c85bea178f60e16380f334e6b36cd113985,wall mirror,complete,False,weld_or_static,open_mesh,
49b7ece681efd7ebe1cfc2bdfb80173663358adc,tv stand,complete,False,bbox_inertia,open_mesh,
49c43df0f4010e965d68f8f748c9810b335ca4a7,armoire,complete,False,bbox_inertia,open_mesh,
49c76818a505500ecc2b923617d0d6dc13a74896,rug,complete,False,bbox_inertia,open_mesh,
49c9eebc799f525e6ef53603f1ff4439d08ed233,seat cushion,complete,False,bbox_inertia,open_mesh,
49ca87177c158b74241314395ad8dc7a91d688ea,wall clock,complete,False,weld_or_static,open_mesh,
49cd31a1c9bb7819449fefb8b8ac45adc970de53,rug,complete,False,bbox_inertia,open_mesh,
49d99743a350bd5e981c7ebee89e474a690a1c78,wall art,complete,False,weld_or_static,open_mesh,
49dc8511af229b380844ee577b7d757f564f8332,table lamp,complete,False,bbox_inertia,open_mesh,
49e25f963942169ce4aac9b5aa4e8f8aae330b4f,kitchen scale,complete,False,bbox_inertia,open_mesh,
49e444157676c90fb1cfa5696f50dc1f82c9f052,bottle,complete,False,bbox_inertia,open_mesh,
49eb35b816004484f7ade1696ea22be1b14ab5fa,rug,complete,False,bbox_inertia,open_mesh,
49f157718be78098ccde9c620eb927519167b008,potted plant,complete,False,bbox_inertia,open_mesh|inertia_not_positive_definite,
49f223142cedeb34ba5f6831d20650038e2f174b,rug,complete,False,bbox_inertia,open_mesh,
49f57301139858663f505e18b384bb234935f8c5,toiletry,complete,False,bbox_inertia,open_mesh,
49fcf2005b74d3a68855cfa604e43778e072349a,desk,complete,False,bbox_inertia,open_mesh,
4a05309a8774566de9de40d02e809cee28ed3e66,footstool,complete,False,bbox_inertia,open_mesh,
4a09460b2af4bac7199265d1c444b52d074827e2,bathtub,complete,False,bbox_inertia,open_mesh,
4a14b89d51b3dac595041350de6beb6fc8789d86,china cabinet,complete,False,bbox_inertia,open_mesh,
4a2889029248c287434644199e6af99fd7017484,wall clock,complete,False,weld_or_static,open_mesh,
4a297f90210147b129a67564fb045ae980a63162,potted plant,complete,False,bbox_inertia,open_mesh|center_of_mass_out_of_bounds|inertia_not_positive_definite,
4a3a223f968472e056e5097be0cd78d347639808,bulletin board,complete,False,bbox_inertia,open_mesh,
4a421b6a19d9b439afc3b2e69488367336423ee5,alarm clock,complete,False,bbox_inertia,open_mesh,
4a43310877336ce42f4e18c88b4effb3e7a5b7f4,console table,complete,False,bbox_inertia,open_mesh,
4a569304feaa39b25150216c22e168d907356f8c,blackboard,complete,False,bbox_inertia,open_mesh,
4a5b8b2efc722808583b38050eee0183f6a91f76,pendant lamp,complete,False,weld_or_static,open_mesh|center_of_mass_out_of_bounds|inertia_not_positive_definite,
4a5c07b7d72d1cce7d9a7d43a40c1ef32ac28a56,pendant lamp,complete,False,weld_or_static,open_mesh,
4a5c56757b1b798332e3398e7f7a5e5ae982d6a1,table lamp,complete,False,bbox_inertia,open_mesh,
4a5d65ef0499befafb833f460e1dbe5050d99c2a,coffee maker,complete,False,bbox_inertia,open_mesh,
4a5e5a25db17c1fbffd4489c49f5c3f3180db696,wall lamp,complete,False,weld_or_static,open_mesh,
4a5f3b29cc15b191bb35bfae6c5918087a173827,end table,complete,False,bbox_inertia,open_mesh,
4a720e4382722f7446b0ff289b9ef9b8fd837a87,wall art,complete,False,weld_or_static,open_mesh,
4a856d0d050c8748773309117d425a3f6690d07d,hanging cabinet,complete,False,bbox_inertia,open_mesh,
4a8cb0dd106792b60dc7ae879985930550e51ffc,sofa,complete,False,bbox_inertia,open_mesh,
4a90b2c2645d328f8ea021c3926b19a07b02b9cf,refrigerator,complete,False,bbox_inertia,open_mesh,
4a9162893cc5615ec55683e55b9f81df08312661,window curtain,complete,False,weld_or_static,open_mesh,
4aa2adb4406c895055b6c1229ad3970896d300f6,chair,complete,False,bbox_inertia,open_mesh,
4aa682a59b7c12edfab9bdb7c7c88d0e51c2907a,wall art,complete,False,weld_or_static,open_mesh,
4ab3688ea6ebab2db7f52e3fce3ba9c096f974c4,easy chair,complete,False,bbox_inertia,open_mesh,
4ab97c42ccd18621ba02b7fa545ec68724b38540,ceiling lamp,complete,False,weld_or_static,open_mesh,
4abace336b7485ac465993f72215ca3168e27848,pendant lamp,complete,False,weld_or_static,open_mesh,
4ac227306f40f4a82bca24b63c7b206679d9576f,wall panel,complete,False,bbox_inertia,open_mesh,
4ac338e86e0c81a2dbffb5db45e7e6462cd05fe5,lantern,complete,False,bbox_inertia,open_mesh,
4ac5e435efc97b7e2ae23e51e6b043de2276c1df,nightstand,complete,False,bbox_inertia,open_mesh,
4ac647c8283fa3bd48e2f1ab924e0434d3520a46,wall mirror,complete,False,weld_or_static,open_mesh,
4ac9f330dd48b30dfa325a3940f1ce1f918f9128,guitar,complete,False,bbox_inertia,open_mesh|degenerate_faces,
4acccb343fb900af537f90a594835e02d975e39a,ceiling fan,complete,False,weld_or_static,open_mesh,
4aded4a69e64b7bbd7dd478695d524d569493ef2,wall mirror,complete,False,weld_or_static,open_mesh,
4ae181779d525074866d97808cadd9c2ee05824b,window shade,complete,False,bbox_inertia,open_mesh,
4aec497c0d6c7e43038bcc9da2ab74620ac284a7,table lamp,complete,False,bbox_inertia,open_mesh,
4af2c5ee1be2e81ae2dc092bf4450675f4b9a587,wall art,complete,False,weld_or_static,open_mesh,
4afab0a33b857f51d436c1d159b8de718ee88e73,skateboard,complete,False,bbox_inertia,open_mesh,
4b02240753963be92086f8fb2e1ec3e2a3259e77,armoire,complete,False,bbox_inertia,open_mesh,
4b1344e2aefffc21dda963f1df0ffe2cec16c313,throw pillow,complete,False,bbox_inertia,open_mesh,
4b1657c70ba522ca82a8cdfa1b19b8239141e9a4,end table,complete,False,bbox_inertia,open_mesh,
4b18e8f7c5d6e88a791a84debf6ba61f72d00e14,wall sign,complete,False,bbox_inertia,open_mesh,
4b1a778f830f1b3e3f79616c04deb57172052d3c,chair,complete,False,bbox_inertia,open_mesh,
4b2d91b67c2acf4d7742e56d59c1e0c86486f779,wall art,complete,False,weld_or_static,open_mesh,
4b397275524369fbc11a279760ed94ea7662b945,wall art,complete,False,weld_or_static,open_mesh,
4b3c032200f1d05ef71aa2fe324180d8b772f1a2,clothing rack,complete,False,bbox_inertia,open_mesh,
4b410e0f052d226f5d429064000e29e1cae39d8a,end table,complete,False,bbox_inertia,open_mesh,
4b4257c16b6eb014790661fc0cfeba5fa9bbc032,throw pillow,complete,False,bbox_inertia,open_mesh,
4b431407f01d649c473711ff5e63f120fbb42862,wall art,complete,False,weld_or_static,open_mesh,
4b4b56c002cd225a167e4bf7a04c767d689ef6a8,chest of drawers,complete,False,bbox_inertia,open_mesh,
4b4f5834c4163706bcc3029862f8f0ec73d92684,bottle,complete,False,bbox_inertia,open_mesh,
4b536815045fe0cf23711727614b91e56955bb39,footstool,complete,False,bbox_inertia,open_mesh,
4b5a9d31456eb1585e21d6c35a9b8af440b667f8,shoe rack,complete,False,bbox_inertia,open_mesh,
4b6411541fb130ccb88de3c68b6d5f535417dab8,throw pillow,complete,False,bbox_inertia,open_mesh,
4b64de587820f453ce2d9c0206a7bffefec64711,wall art,complete,False,weld_or_static,open_mesh,
4b67581ca492a2028ccf3064b2824dcc8d104fb0,vase,complete,False,bbox_inertia,open_mesh,
4b6fc39dbeb8315780ffa81d74ba21e86f54c648,fence,complete,False,bbox_inertia,open_mesh,
4b771a2af50571d8563d202cf58eb29875836034,chandelier,complete,False,weld_or_static,open_mesh|inertia_not_positive_definite,
4b88358f9e5e92dd9664a4a0719afc269819df0e,coffee maker,complete,False,bbox_inertia,open_mesh|center_of_mass_out_of_bounds|inertia_not_positive_definite,
4b886a210f2a11569527d9b3218fed41189978b1,footstool,complete,False,bbox_inertia,open_mesh,
4b9917ad1fd676e90eee35d9ef187f2275a79ab4,trunk,complete,False,bbox_inertia,open_mesh,
4b9fd5ca73badbfc28ddab558c2d16cbe34df7cf,wall art,complete,False,weld_or_static,open_mesh,
4b9ff34fe5d44b8ef57eed9f3d2001df29127a56,table,complete,False,bbox_inertia,open_mesh,
4ba13bf9c8d4dc2c9edf02da945e3712c47a26b2,desk,complete,False,bbox_inertia,open_mesh,
4ba3eb51bbfda7396f51f77cfed90e7977eba14d,"stairway.n.01,stairs",complete,False,bbox_inertia,open_mesh,
4ba5032a1ede242f49f624a4bad79f71b415bc7f,bookcase,complete,False,bbox_inertia,open_mesh,
4ba52fb378a3d5f0e77f42146cc0d9c248479ace,armoire,complete,False,bbox_inertia,open_mesh,
4bab81efc811eefde0e853538334430083906d9b,wall art,complete,False,weld_or_static,open_mesh,
4bb5e7616ffe1f7073e72e48324730eb82978366,plant,complete,False,bbox_inertia,open_mesh,
4bb9c3ddbf84b6fdf4517d63ad1c007b15a29500,footstool,complete,False,bbox_inertia,open_mesh,
4bc31b0e35445588a819f214935e7a6ebaf27b66,candlestick,complete,False,bbox_inertia,open_mesh,
4bc6f883a374400355bcf95e611a4e8f8b950ed5,washer,complete,False,bbox_inertia,open_mesh,
4bc70f82b71353ef76b6fb89c5388d1241a15e11,wall mirror,complete,False,weld_or_static,open_mesh,
4bcc17fabb87d0b39a32696fad31eaec455a2e53,dollhouse,complete,False,bbox_inertia,open_mesh,
4bccd9e3b1135e4093eefa3c2b708de556a7928a,pendant lamp,complete,False,weld_or_static,open_mesh|degenerate_faces,
4bd1e4ec215403d3239f09517e44568f78da3b40,nightstand,complete,False,bbox_inertia,open_mesh,
4bd90e3139f202400b4880ab6a2aa3afadc8c73d,wall sign,complete,False,bbox_inertia,open_mesh,
4be27048256e8ab5690b4ba9a17211da0f04eadc,"wall art.n.01,sign",complete,False,bbox_inertia,open_mesh,
4bf52fbe56d0c50cdad08bcd4a717e590fb77373,potted plant,complete,False,bbox_inertia,open_mesh,
4bfb1238ae50a19e85fc692e35f566dc634cba8c,floor lamp,complete,False,bbox_inertia,open_mesh,
4c067979055ae739365d340a1699036be5c136c7,chest of drawers,complete,False,bbox_inertia,open_mesh,
4c08cdfed62696b0d20013c08a9131286450788e,serving cart,complete,False,bbox_inertia,open_mesh,
4c246a64de4bb9fcce09ff4523db1661f42d2d95,armoire,complete,False,bbox_inertia,open_mesh,
4c355b695ac09b08703f86e3f64bbec6267a6f8b,bookcase,complete,False,bbox_inertia,open_mesh,
4c3ca57881d1103e4b6d52f8cf50198b16f93735,place mat,complete,False,bbox_inertia,open_mesh,
4c3cae6a9e8e4139436996a6211cfb2d0e069e4d,swivel chair,complete,False,bbox_inertia,open_mesh|center_of_mass_out_of_bounds,
4c3d4a5d83945abaafbc3bbe75e00d078077b2aa,beam,complete,False,bbox_inertia,open_mesh,
4c4122564dc6381c97a10a7c6c75fd260110ff66,cabinet,complete,False,bbox_inertia,open_mesh,
4c439ebcd2eec3923ab3e41dc64d71092b54a0ab,cup,complete,False,bbox_inertia,open_mesh,
4c4631892d5ee989bf8ffc392b89ae5f4e8fff96,plant,complete,False,bbox_inertia,open_mesh|center_of_mass_out_of_bounds|inertia_not_positive_definite,
4c4a0a4f499e66e1ce7e46f2ae27d849baca0d43,table lamp,complete,False,bbox_inertia,open_mesh,
4c5ab0e1837626c90f8ab2431ea54013d0245ca4,floor lamp,complete,False,bbox_inertia,open_mesh,
4c5bc843ec5845f24a0c5d5fa572189a4de797f9,wall clock,complete,False,weld_or_static,open_mesh,
4c6cb2ee5dc841772b4ac652973ed4d43c60fbd0,"bar stool.n.01,chair",complete,False,bbox_inertia,open_mesh,
4c7022e232da28b873ffd6a533bd725ff8b3d32c,window curtain,complete,False,weld_or_static,open_mesh,
4c76a3fc94e54d7b42035411b3648ebfc0a85756,ashcan,complete,False,bbox_inertia,open_mesh,
4c7d933eb67b9135bd6d98a9e58d050c0f2f2984,"stairway.n.01,stairs",complete,False,bbox_inertia,open_mesh,
4c7f0d629c98b1d3ebfed5dc10d49dfdecf0fbe1,barbecue,complete,False,bbox_inertia,open_mesh,
4c8583bad43db2a8708dafa432b3b4796aca345d,stool,complete,False,bbox_inertia,open_mesh,
4c89823f7c95bc341afa56a871f8f01832f86708,cabinet,complete,False,bbox_inertia,open_mesh,
4c8a0d8db0b1e604f9a2018fc214cc9303afacf5,throw pillow,complete,False,bbox_inertia,open_mesh,
4c8c4d69818ec5d418d38c8751dbe7c0ccb6e6ed,bed,complete,False,bbox_inertia,open_mesh,
4c90e6c7c0e0fcb8bfec25cf18ae6efac1fb6ec3,console table,complete,False,bbox_inertia,open_mesh,
4c911c25364d1cbb37493ecfaa6b889d931c78ac,hanging cabinet,complete,False,bbox_inertia,open_mesh|center_of_mass_out_of_bounds|inertia_not_positive_definite,
4c959bfa0e2981ccdc2d550d6ffd42c8da56e907,pendant lamp,complete,False,weld_or_static,open_mesh|degenerate_faces,
4c9afe4a1e5047ff4201fe47c5a182267c83f72e,wall hook,complete,False,bbox_inertia,open_mesh,
4c9e0ee4b6af838237c3d1f497213bc861f703c2,floor lamp,complete,False,bbox_inertia,open_mesh,
4ca2215d43e94a79b27c14029867c734bbbd8bd9,table lamp,complete,False,bbox_inertia,open_mesh,
4ca76191afcbff8cd5b68121a733ffebacd7f588,soap dispenser,complete,False,bbox_inertia,open_mesh,
4cad1ecbfd0fe3aa7063a8dff8fa661c5b421713,chair,complete,False,bbox_inertia,open_mesh,
4caf6b9bb4c5fd230052ca42e47f70c8dca775e7,table lamp,complete,False,bbox_inertia,open_mesh,
4cb95a6765299fee7d54ae9aa1c80a2cbf985cfe,wall art,complete,False,weld_or_static,open_mesh,
4cbbd13374f324d6d910ae87a3dfa9e713af63e6,armchair,complete,False,bbox_inertia,open_mesh,
4cc15fc44c6f38d99f09026555f04af394984013,potted plant,complete,False,bbox_inertia,open_mesh|inertia_not_positive_definite,
4cc4f6c9c19c6672375d007147cc438d71127e33,barbecue,complete,False,bbox_inertia,open_mesh,
4cc8b96d50165feff772612874703c9913d06973,"letter.n.02,wall decor",complete,False,weld_or_static,open_mesh,
4cd54a02cf7088346f031f7f941d47e8afc8562e,timer,complete,False,bbox_inertia,open_mesh,
4cdba00b2d18049d74d07b65137403b2f14e26e0,wall hook rack,complete,False,weld_or_static,open_mesh,
4ce04c94439fce41db5f8e1eddf70e058557b78d,sink cabinet,complete,False,bbox_inertia,open_mesh,
4ce9cfcb024d4f59dce4213eb0fe00923a8f7e2e,"stairway.n.01,stairs",complete,False,bbox_inertia,open_mesh,
4cee8b9b69f3cc0d1072af4a633d28046ddb8f83,tv stand,complete,False,bbox_inertia,open_mesh,
4cf0f89c27963cf773acd07207792a25e0e51724,pet bed,complete,False,bbox_inertia,open_mesh,
4cf2271ec2c25f5db34704b2ecaf117c2f78d4d8,wall lamp,complete,False,weld_or_static,open_mesh,
4cf3e3b0f7cff8a68c6193ad6bf8f3d85b5e8908,chest of drawers,complete,False,bbox_inertia,open_mesh,
4cf74bc7112b601fe700469637710b150f539a5b,nightstand,complete,False,bbox_inertia,open_mesh,
4cfaa5fa609703e87da1845114b3a988754f9fa6,wall art,complete,False,weld_or_static,open_mesh,
4cffc0a56c36212e7bc15bbe26b870316657ef3f,shed,complete,False,bbox_inertia,open_mesh,
4d01ab6feb2e775cf053ed678cfd61fb6820a8d9,guitar,complete,False,bbox_inertia,open_mesh|degenerate_faces,
4d0d1dede018e0f60ea2fa46b24ab0ab313c3cd9,rug,complete,False,bbox_inertia,open_mesh,
4d13ab43898ce0d21a716edcef91fec02ff8cb2d,cabinet,complete,False,bbox_inertia,open_mesh,
4d1f79a428083d4ed582fe7e04b58814e734f3dc,chest of drawers,complete,False,bbox_inertia,open_mesh,
4d22c8eed14e2a83a56656cd3948c43bee1053eb,armchair,complete,False,bbox_inertia,open_mesh,
4d264b0fb9851427c3bfcc8a92f12d33b30fe5d5,vase,complete,False,bbox_inertia,open_mesh,
4d275edea8963cdcc5ae9f32d3e486f6c27c4f31,shoe,complete,False,bbox_inertia,open_mesh,
4d2c2d793673e1bbfc7139a1247788878e1f3855,chest of drawers,complete,False,bbox_inertia,open_mesh,
4d2f3077f61fc8985f23ed431f2863acceea5b3d,throw pillow,complete,False,bbox_inertia,open_mesh,
4d36f1b0f86ce59aa9a5e5c324a45b1eb768742c,table,complete,False,bbox_inertia,open_mesh,
4d3b76bcc36ae00c552d79507c66a835bc245647,stool,complete,False,bbox_inertia,open_mesh,
4d40134bdb82e6e53b72cd912f99835c486e8759,vase,complete,False,bbox_inertia,open_mesh,
4d401368b8028ec19a00a0f3878b8ab5a2cd75b4,table,complete,False,bbox_inertia,open_mesh,
4d46ffe6a7d88704ba605d7dd6f41c1114d88631,floor lamp,complete,False,bbox_inertia,open_mesh,
4d4709a41a152773f55c745958f1af7670dc59b7,sink cabinet,complete,False,bbox_inertia,open_mesh,
4d61e26a80bf240ac3d4b015151253cef4fc30e1,window blind,complete,False,weld_or_static,open_mesh,
4d642847f2d24fa65d643e54a2a17a20f3fd8b7b,wall lamp,complete,False,weld_or_static,open_mesh,
4d7c973db4998d579f75b5465e14f1ed45db9bdc,earphone,complete,False,bbox_inertia,open_mesh,
4d82784c7882172aba10d6a91421211c581758a4,kitchen cabinet,complete,False,bbox_inertia,open_mesh,
4d89479152cb7894c3f2bbdd54af5963019cda09,floor mirror,complete,False,bbox_inertia,open_mesh,
4d9190b21102af091661cb3272d0c76fd068daa8,sofa,complete,False,bbox_inertia,open_mesh,
4da17b343e3a87804186e45d1947679578522a79,rug,complete,False,bbox_inertia,open_mesh,
4da6526aaf4eb7fa9be8038a3335f03a9d14cdc5,throw pillow,complete,False,bbox_inertia,open_mesh,
4daf043be5bd878df2a8459a5d6f12df70582a3e,footstool,complete,False,bbox_inertia,open_mesh,
4db7a1a5377cf18b8a14ab335a2970724ec43f2c,teapot,complete,False,bbox_inertia,open_mesh,
4dbb221926b856e5c1c07a26b133690d47cd818d,potted plant,complete,False,bbox_inertia,open_mesh,
4dccaf3809ceb0cc83acd53bbbe617478c2ff317,wall lamp,complete,False,weld_or_static,open_mesh,
4dcfb6f9dde3a9acd8d8eb2799cfe31243ee7b2d,candlestick,complete,False,bbox_inertia,open_mesh,
4dd2cff8a6df51298907bb136f1ffaf59baca029,chair,complete,False,bbox_inertia,open_mesh,
4dd9aeb4d798afcb627707c81ccc072382c58f0e,wall mirror,complete,False,weld_or_static,open_mesh,
4dea4e339232e1f6e879212383af3900c2f70a7c,chandelier,complete,False,weld_or_static,open_mesh,
4df0d6ab705e4ec3efe343b379cbb8d6e9072d0c,potted plant,complete,False,bbox_inertia,open_mesh|inertia_not_positive_definite,
4df280e3f3c21ddf0c9b49d675b0456c42ee310b,railing,complete,False,bbox_inertia,open_mesh,
4df3ece9384e050fa7dda5b8d5a618c70d8e8327,wall art,complete,False,weld_or_static,open_mesh,
4dfd81c72bdc4f1c7dc12766e07f178c625094ae,"candle.n.01,candlestick",complete,False,bbox_inertia,open_mesh,
4e03b1ae8b9ea4a645dd72f67656c0bc4d3fe2d7,fireplace,complete,False,bbox_inertia,open_mesh,
4e0a645fa6515ad09308a5243cd77e3975e4c4da,armoire,complete,False,bbox_inertia,open_mesh,
4e2258e475ad86158a5cfb7edf908f655630c51a,bathtub,complete,False,bbox_inertia,open_mesh|invalid_volume|center_of_mass_out_of_bounds|inertia_not_positive_definite,
4e230c4a550f23fc126a47a03808e68747c4953d,shoe,complete,False,bbox_inertia,open_mesh,
4e2b003e2f5648b1898a95325d8ec0d01a1ed055,bookcase,complete,False,bbox_inertia,open_mesh,
4e2b33c2792d3b207a6e7cd685645fa7a92441cb,bookcase,complete,False,bbox_inertia,open_mesh,
4e2de8a62cb2e4e8613653d35488c62579d521b0,table lamp,complete,False,bbox_inertia,open_mesh|center_of_mass_out_of_bounds|inertia_not_positive_definite|degenerate_faces,
4e38c2c72714372e6bd506f722d98e20c752d3e9,window curtain,complete,False,weld_or_static,open_mesh,
4e476e157b3837870de19ceccd0179841269143b,potted plant,complete,False,bbox_inertia,open_mesh|invalid_volume|center_of_mass_out_of_bounds,
4e4cd50b4b277d8acdced9373d5543952d943ac7,hamper,complete,False,bbox_inertia,open_mesh,
4e58355312c1de13eb2b1b29b4dfbf0a8dbabefd,cruet,complete,False,bbox_inertia,open_mesh,
4e6924410277e866564f1f0f253248643798f841,club chair,complete,False,bbox_inertia,open_mesh,
4e6a40cc57049080332dbedd32e1ed28aca7d75b,throw pillow,complete,False,bbox_inertia,open_mesh,
4e6dea40f6b6ee089d73536859c167cac7dadb3c,buffet,complete,False,bbox_inertia,open_mesh,
4e72153dde72fec8fbe798d7957d2baf86b0547b,kitchen cabinet,complete,False,bbox_inertia,open_mesh,
4e74376ca5c86ab82bd86383f3551ab23f2d6c34,kitchen cabinet,complete,False,bbox_inertia,open_mesh,
4e74ef0956614341bd226da209f0fd9798c2bc68,cabinet,complete,False,bbox_inertia,open_mesh,
4e76453bf06fa1e1a44d8ef8abbcbdc01f253c1c,picture frame,complete,False,weld_or_static,open_mesh,
4e7c0162c2ef3d86bbdeff5ff3621c6ee983bc37,end table,complete,False,bbox_inertia,open_mesh,
4e8ab06e4f325efc525ba7c28229f17d1d4439ff,mirror,complete,False,weld_or_static,open_mesh,
4e8cb9e4a4814af0e799ee3423338a0cdcd27b41,floor lamp,complete,False,bbox_inertia,open_mesh,
4e8e1181584e949cc255e66b0ca57b6bf1a6b49c,chest of drawers,complete,False,bbox_inertia,open_mesh,
4e920246ab70ac3ecea1edbde3c01fe3237355ef,wall art,complete,False,weld_or_static,open_mesh,
4e9dab0f0b6921ceecf74f65a2980903e25fdae1,throw pillow,complete,False,bbox_inertia,open_mesh,
4ea211502b27bdf851c4b4fd8650019b452a27b7,bookcase,complete,False,bbox_inertia,open_mesh,
4ea578e0c01bdba097b9c163ba05492c1243a9c1,swing bench,complete,False,bbox_inertia,open_mesh,
4eabd25d882465273f31beb507b5f508cd211c8d,kitchen cabinet,complete,False,bbox_inertia,open_mesh,
4ebb22b37692a2667f8023ab9458811e34d9670f,wall art,complete,False,weld_or_static,open_mesh,
4ec33d585508ebb05fdbcb57aa4c808bc8303d5a,beanbag chair,complete,False,bbox_inertia,open_mesh,
4ec53159387bd57a9ffd32cdf4626b76c958ca90,wall art,complete,False,weld_or_static,open_mesh,
4ec565914cfddcc2d092556611341b5e4c6b6413,wall art,complete,False,weld_or_static,open_mesh,
4ec6215b43f606e9e77c881ad0f1dfa81474805d,wall art,complete,False,weld_or_static,open_mesh,
4ecbbc80bb83807f5f4d45842ce00a86e18b6eb7,bench,complete,False,bbox_inertia,open_mesh,
4ed6a60e58753ad06371664b533544522ba3d677,showerhead,complete,False,bbox_inertia,open_mesh|inertia_not_positive_definite,
4ee740b37472cbe4239487e148e2c7ef3bfbeefc,swing bench,complete,False,bbox_inertia,open_mesh,
4ee7d66e057f694b1a4bc48304c0c9617d479fdd,throw,complete,False,bbox_inertia,open_mesh,
4efb32a00a08f03b8c7ef314332cdb6b6a1cbc8c,ashcan,complete,False,bbox_inertia,open_mesh,
4efba650a56230280d4edeb58c12a519285f8810,chandelier,complete,False,weld_or_static,open_mesh,
4f04a0b8da58203441176db9b5fcc37a84b69024,potted plant,complete,False,bbox_inertia,open_mesh|center_of_mass_out_of_bounds|inertia_not_positive_definite,
4f074b470e211c68c89da2191c2ecb976418fd01,wall art,complete,False,weld_or_static,open_mesh,
4f0f07992ba3295d46998f6d8f1e016d18823cc8,wall art,complete,False,weld_or_static,open_mesh,
4f1317ff9ba2f1485bceb8d83985cd6868b2b5ec,wall art,complete,False,weld_or_static,open_mesh,
4f167cad5def9f7fdb4ba74e90d21ba0943445a0,hanging cabinet,complete,False,bbox_inertia,open_mesh,
4f185872d4cf6603570fc05c7407f6ff5d4dc247,swivel chair,complete,False,bbox_inertia,open_mesh,
4f18c983688b2e1791c92eb826d67a7a8ad98087,plant,complete,False,bbox_inertia,open_mesh,
4f19667d3471b5c6334c100f58e8028bce855ddf,chest of drawers,complete,False,bbox_inertia,open_mesh,
4f1b086633e1b160f09b24a9aad0ec9d1ccb56c0,sink,complete,False,bbox_inertia,open_mesh|inertia_not_positive_definite,
4f1c5e70a1d94f62cacc6081acc5f4db8b5f0881,wall clock,complete,False,weld_or_static,open_mesh,
4f2cd6a16d00a4499398dd347c535984a61afe99,floor mirror,complete,False,bbox_inertia,open_mesh,
4f33248af82833970062489cad354a22887d0a78,hanging cabinet,complete,False,bbox_inertia,open_mesh,
4f34850727a2ee465b331afa4e556f7007fbdcc7,bench,complete,False,bbox_inertia,open_mesh,
4f395cb43c8a57bbefe42635faad2690e2bed097,seat cushion,complete,False,bbox_inertia,open_mesh,
4f41f9c81a3c34c2cc6da3415f30ed6f679309f2,armchair,complete,False,bbox_inertia,open_mesh|inertia_not_positive_definite,
4f4dc83733f276205742a9248af1b17c0d37d594,range hood,complete,False,bbox_inertia,open_mesh,
4f4e94bbd1fa1e08f39d0810cdf1184cdb10992b,wall lamp,complete,False,weld_or_static,open_mesh,
4f536b9bfdd9b709bcca3060cb4fcdfe03c0b75b,plate,complete,False,bbox_inertia,open_mesh,
4f557c5ba812d2e72caa48e3ec46969a81039fc6,end table,complete,False,bbox_inertia,open_mesh,
4f57464673d3246f6d99a022c28f100009c45850,range hood,complete,False,bbox_inertia,open_mesh,
4f59765435e64524ba5ac8e25427a895fa530311,kitchen cabinet,complete,False,bbox_inertia,open_mesh,
4f6764b545ea4b81ba60ba612dd29a3f6f54f8cc,end table,complete,False,bbox_inertia,open_mesh,
4f6dcfa90ddfd8f409d6715c2042815a78805e5b,wall shelf,complete,False,weld_or_static,open_mesh,
4f89b3cd70cb8d85fa7e9f050ea71aed1c3d80cb,bookcase,complete,False,bbox_inertia,open_mesh,
4f9ba3082cb415c2286dcc670101b5e6e50ad0d8,armchair,complete,False,bbox_inertia,open_mesh,
4f9d0afaf7b6bd96f5f4d9ca24e9fb41579d0a61,table lamp,complete,False,bbox_inertia,open_mesh,
4fc01cc5c468c9b34679d2856e6ae819a6a678f7,chandelier,complete,False,weld_or_static,open_mesh,
4fc2d23a716a2da81dd098a523e1d2d46362aa19,pinball machine,complete,False,bbox_inertia,open_mesh,
4fc6604f06b505cbdde5163d881c3c3f9626d094,chaise longue,complete,False,bbox_inertia,open_mesh,
4fc6a72c3c780fd8c70c0bdd23aa877b0c4f4a7b,vase,complete,False,bbox_inertia,open_mesh,
4fcb7452a9bd0a46dff33bc7f8ccbc8ff7476872,throw pillow,complete,False,bbox_inertia,open_mesh,
4fdaa6ab15b62976a1af9b3da62c159c3397be00,window blind,complete,False,weld_or_static,open_mesh,
4fe69cd967765970fb701dd70d4bb2afb6cd71d6,wall art,complete,False,weld_or_static,open_mesh,
4fedffc6298261cd95ea6f8808c41bc5d499658e,footstool,complete,False,bbox_inertia,open_mesh,
4ff19b4fc5d6bca0b021d813bbda70a094b7e982,desk,complete,False,bbox_inertia,open_mesh,
4ff59e8070d5ea9934152438923cccb3c0a94c20,bookcase,complete,False,bbox_inertia,open_mesh|degenerate_faces,
4ffabf35be7d46b75cf937bb340837d361025c1b,picture frame,complete,False,weld_or_static,open_mesh,
500c9c515586f440e149580a0ce2a7f7f98ef547,wall mirror,complete,False,weld_or_static,open_mesh,
500fe4c2c9af5c8c55a4c596fc591f1a94e414a6,footstool,complete,False,bbox_inertia,open_mesh,
50163e4b62bc4115bb404039b9e8d6a4e0492c11,bench,complete,False,bbox_inertia,open_mesh,
5022cde19ae7c8d57c78e47919fa44195d4626f0,beam,complete,False,bbox_inertia,open_mesh,
502531250c603e992364acdeb7ced91b9c82e3f4,desk,complete,False,bbox_inertia,open_mesh,
50269004d29e8c593454d36d03d903eba1608179,armchair,complete,False,bbox_inertia,open_mesh,
5026f0416657bbd8c0fa84ff29fab9f700bd6695,coffee table,complete,False,bbox_inertia,open_mesh,
502927a8adf12d9d32bcecbe549b02e78e8e9d58,window curtain,complete,False,weld_or_static,open_mesh,
502ce37cd7bad20d9ff7a7fe64914dab16a8d7c6,stool,complete,False,bbox_inertia,open_mesh,
5030be845c20819c46c04e9770e2afe5438bfafe,chaise longue,complete,False,bbox_inertia,open_mesh,
50350982cb9adeef9e9b481409a4295773ea75da,armchair,complete,False,bbox_inertia,open_mesh|inertia_not_positive_definite,
5036a7769d80a2107b8e971e4aac3c872db4a05f,potted plant,complete,False,bbox_inertia,open_mesh|center_of_mass_out_of_bounds|inertia_not_positive_definite,
5040eae283c03d6b3155d61caacdf655154b2a8d,rug,complete,False,bbox_inertia,open_mesh,
504524f390ad7bb31aeedee4d7849128cc2bd0da,footstool,complete,False,bbox_inertia,open_mesh,
50462c9e0d8dc82830282359a92b21d1aa62e2a7,track lighting,complete,False,bbox_inertia,open_mesh|center_of_mass_out_of_bounds|inertia_not_positive_definite,
504a46ef14a5d3a580147b412e5f0411b532f13f,chaise longue,complete,False,bbox_inertia,open_mesh,
504c62699eb44c6f2bdb2adeb0a4a0e0c1c399f8,pathway light,complete,False,bbox_inertia,open_mesh,
504dae1ab05de85b97374d3e95d6534ae35a1f6a,wall art,complete,False,weld_or_static,open_mesh,
504fa026c9ae864bdae060bdd2d7722cb7a65ddf,footstool,complete,False,bbox_inertia,open_mesh,
50518150365a0004ce1bf944428c1bb34f2452fe,sofa,complete,False,bbox_inertia,open_mesh,
5054252dc4d2ce88d737824035f0ff1b3cd4583d,rug,complete,False,bbox_inertia,open_mesh,
50549dea6434f912fa0134d5ed43f35f164908a4,throw pillow,complete,False,bbox_inertia,open_mesh,
5063b5239fc589cc5c7da36e87f921901827bcbf,soccer ball,complete,False,bbox_inertia,open_mesh,
5063d7a560f9af30a6fdec857fc51d7008c60fd3,picture frame,complete,False,weld_or_static,open_mesh|center_of_mass_out_of_bounds|inertia_not_positive_definite,
506a61a4dc37c883f727902360d4d0c9545c1486,barbecue,complete,False,bbox_inertia,open_mesh,
506c458cbfc61d313e7505e4e363d238b7ba55e7,potted plant,complete,False,bbox_inertia,open_mesh,
506efe33e98af2a32e45286249a9a880f97d5681,end table,complete,False,bbox_inertia,open_mesh,
507324eb1a7679fd53fff3e1bb9e7317ac35e23e,kitchen appliance,complete,False,bbox_inertia,open_mesh,
5086845254b801fe41676cefb9673f7fc3ba8f04,potted plant,complete,False,bbox_inertia,open_mesh|center_of_mass_out_of_bounds|inertia_not_positive_definite,
509bbb842ecac58625254c98fccafcb12768ca84,wall art,complete,False,weld_or_static,open_mesh,
509e24543d3664321e61ff2bb822e2662498776d,wall shelf,complete,False,weld_or_static,open_mesh,
50a3cbd747c3f347410af1e021a2b0e19af00816,wall art,complete,False,weld_or_static,open_mesh,
50b073c902e5d6bfdeb58a55fe089eadb237612e,blanket,complete,False,bbox_inertia,open_mesh,
50bacec057ea0a054607d36f1b32e352c02da111,ceiling lamp,complete,False,weld_or_static,open_mesh,
50bc6d98fe7a607aa61cbb749f42275bd9a9ffe4,bench,complete,False,bbox_inertia,open_mesh,
50c294cd4703c993b36e0874f67c241260de1e54,wall art,complete,False,weld_or_static,open_mesh,
50c36c5fd97b84ab32226c4721e8132525fcd0ab,"letter.n.02,wall decor",complete,False,weld_or_static,open_mesh,
50cdad3d2dd33f053fc1deabab359cdc1f1edf87,potted plant,complete,False,bbox_inertia,open_mesh,
50d08862a40bcb64a53333660c11bfadee3e2284,wall mirror,complete,False,weld_or_static,open_mesh,
50d19eb3f509ba5ad8f0863d35f07adbc29fa807,pendant lamp,complete,False,weld_or_static,open_mesh,
50d2f90f2ef2466c22a1d1da45fc657763cbfb2a,"stove.n.01,oven",complete,False,bbox_inertia,open_mesh,
50d77c22c4ed3848f8888b647ad2614558424552,storage box,complete,False,bbox_inertia,open_mesh,
50d79e9c12853f572d41d64c1990c466af576a18,pendant lamp,complete,False,weld_or_static,open_mesh,
50db7df167b029adac581e216188a8e54ab441de,window curtain,complete,False,weld_or_static,open_mesh|center_of_mass_out_of_bounds|inertia_not_positive_definite,
50dca4516a46847f04112be34cd6935d78dad84b,planter,complete,False,bbox_inertia,open_mesh|center_of_mass_out_of_bounds|inertia_not_positive_definite,
50de2302e1b2fd9c76c1c82b1bdd36bec9485d1a,floor lamp,complete,False,bbox_inertia,open_mesh,
50de56a7da9160563f20571354bb03fb3c5751cb,throw,complete,False,bbox_inertia,open_mesh,
50e291aeafe8993708aa5d2938650a3b17b489ed,pool table,complete,False,bbox_inertia,open_mesh,
50eb135790c20484ce0067c57c4ff3414312429b,armoire,complete,False,bbox_inertia,open_mesh,
50ef9408c11977196f547747b29399c83634454d,table lamp,complete,False,bbox_inertia,open_mesh,
50fb1aff0295dc3dc87d3df6fe014c27406284e6,flower in vase,complete,False,bbox_inertia,open_mesh|invalid_volume|center_of_mass_out_of_bounds|inertia_not_positive_definite,
50fe0cc88389060285b4d936ed752680f1ada9e1,streetlight,complete,False,bbox_inertia,open_mesh|center_of_mass_out_of_bounds,
50ff6446cdafa03172df41c1244dfac0f8e6bcc8,chair,complete,False,bbox_inertia,open_mesh,
510409310ef202d40307c868efd758c67e5d26c9,handcart,complete,False,bbox_inertia,open_mesh,
51096170d0833d59409db563bbf6e4b44d0ac515,ceiling lamp,complete,False,weld_or_static,open_mesh,
510d13dd736798df24c06cd688e3695655963dcb,double bed,complete,False,bbox_inertia,open_mesh,
51198537321b39f1b6e9231d4d033092aebda962,punching bag,complete,False,bbox_inertia,open_mesh,
511f8b2c98de02e7c19f3c0244bd0857888cdf75,coffee table,complete,False,bbox_inertia,open_mesh,
5121ab8950b6d973c108e2af27d538e2c23bec92,planter,complete,False,bbox_inertia,open_mesh|center_of_mass_out_of_bounds|inertia_not_positive_definite,
512adc7ecf612401958bcf0f787b6d0d7053ce2d,wall art,complete,False,weld_or_static,open_mesh,
5132dea54031ad7a12856acace542d2e4132916c,wall art,complete,False,weld_or_static,open_mesh,
513b88dcf1f680bd2d4e139a5389cb21055c291c,sink,complete,False,bbox_inertia,open_mesh,
513fec7fdefdbb7cae1282d71d099e10e6c30739,jar,complete,False,bbox_inertia,open_mesh,
514415c67175ee934c1467cbd1b5e5febbb0c3d1,wall mirror,complete,False,weld_or_static,open_mesh,
514731fa03071a52318224f7be986fd25864a47f,kitchen cabinet,complete,False,bbox_inertia,open_mesh,
5149957d46a31be888657d1b041130d8dc7ed905,plush toy,complete,False,bbox_inertia,open_mesh,
51572b3463c68617b140d1bd66681f29229193f4,kitchen cabinet,complete,False,bbox_inertia,open_mesh,
5163e1622f991f1a064071b7f6c3777c95208a26,wall art,complete,False,weld_or_static,open_mesh,
5167b8a842c4288ec0a3266986661d655b33f7a7,sofa,complete,False,bbox_inertia,open_mesh,
5167e9e07073e54f170645e64b4c075ec70a0335,cabinet,complete,False,bbox_inertia,open_mesh,
51724dbc3abe73a9163a07d43add0dad6429ed6c,wall hook,complete,False,bbox_inertia,open_mesh,
5179ef077aa0158098250f6387a57458b7be5520,chandelier,complete,False,weld_or_static,open_mesh|degenerate_faces,
5180a31c4bc56d00c3e83c4d21492f9edcb95ce3,hamper,complete,False,bbox_inertia,open_mesh,
51861e6a2006e5f1ff054eb3fefbcad02ca40d72,wall art,complete,False,weld_or_static,open_mesh,
518bc11cd12986bc05cc9143d4a6e47b617e7b1e,sofa,complete,False,bbox_inertia,open_mesh,
519023c34015c16c6104a26a29dfb02b64f4059b,cabinet,complete,False,bbox_inertia,open_mesh,
51953c616ca97b772b7e1152ed38b300035ceafe,shelving,complete,False,bbox_inertia,open_mesh,
51acab78344c2ebc6e223ca8d5f8809a82b55333,chest of drawers,complete,False,bbox_inertia,open_mesh,
51b1228d7e9384c9c8b70e2de4a86426b0c2d818,armoire,complete,False,bbox_inertia,open_mesh,
51b2d4ac76604be287034654ef46e8a92e752fa6,motorcycle,complete,False,bbox_inertia,open_mesh,
51b55165bde866a2c8d74b46843d2f549135b889,jug,complete,False,bbox_inertia,open_mesh,
51bf4c899c925cae53ee4d4305ac00beaec03a4b,kitchen cabinet,complete,False,bbox_inertia,open_mesh,
51c3494e896f54f12169c9a6a054960048899cdf,buffet,complete,False,bbox_inertia,open_mesh,
51cd1976549241666bcf3cc27e6c4c580352361b,flower in vase,complete,False,bbox_inertia,open_mesh|inertia_not_positive_definite,
51d0e7b1aacc6edc7d00a92180151abba24d5c7f,clothes tree,complete,False,bbox_inertia,open_mesh,
51ed863b0c679695f7ce6f6843b5ce528ddc52d3,kitchen cabinet,complete,False,bbox_inertia,open_mesh,
51ee83477320658bd200a16223d866673fb4a9a9,wall art,complete,False,weld_or_static,open_mesh,
51f1303cf89167d3b6f5c0720bdc8493beccc9d4,kitchen cabinet,complete,False,bbox_inertia,open_mesh,
51f607dc629138708f53333a54c0f95d0ff228c4,sofa,complete,False,bbox_inertia,open_mesh,
51fe1c2cf1baff7e4f5dd3686bbc432b3e92b0f3,weight,complete,False,bbox_inertia,open_mesh,
5200c51d14127a67f0cc45c5a2d89b40dea4275e,paper organizer,complete,False,bbox_inertia,open_mesh,
520237b36fc1bcb1c588e724c91775ee3510bf3f,wall lamp,complete,False,weld_or_static,open_mesh,
5204b3fd9affe5ddca8f7aa6e1e6dc823c3a0cf0,table lamp,complete,False,bbox_inertia,open_mesh,
5210ac10aa5c48a67dd29a2caa7cc7e2ce5eef29,wall mirror,complete,False,weld_or_static,open_mesh,
5211206d59c8b39f304a8b20062a86b641b9b3eb,swing chair,complete,False,bbox_inertia,open_mesh,
5216e8b1f3e9aabaecc3ba26f0d11daec806f515,rug,complete,False,bbox_inertia,open_mesh,
52247b2b696aa99d97893c29cb9917ec691fc9c4,bookcase,complete,False,bbox_inertia,open_mesh,
522aa81347a144cf710ee725f109bedc53c26e02,window curtain,complete,False,weld_or_static,open_mesh,
523417cdfa860457d47a5a72c579c1008f556a3c,wall art,complete,False,weld_or_static,open_mesh,
5234e3e43ed32fc53724bb4052eb1bce39109e02,armoire,complete,False,bbox_inertia,open_mesh,
523aaef4fc8f251a4bd1ba863647f39a792708c5,console table,complete,False,bbox_inertia,open_mesh,
52594d9a669c4a66cfe392e8ab4a34e0b29e30c6,throw pillow,complete,False,bbox_inertia,open_mesh,
52676f400fb7e2b9181f70a0fa1f53eb686a05b4,wall mounted screen,complete,False,bbox_inertia,open_mesh,
52677330a32d99d961bc336e35289025bc116f56,"candlestick.n.01,candle",complete,False,bbox_inertia,open_mesh,
526fc1c9d3afad57d1033753c6d74f892f8f2c2f,wall art,complete,False,weld_or_static,open_mesh,
5274751529e50c02430fb9b3ee3019ea9c091520,sofa,complete,False,bbox_inertia,open_mesh,
5277bce5d54fba0ab5ee869ed623932b447457d4,chaise longue,complete,False,bbox_inertia,open_mesh,
528273b65dce3e35ee881e94f209112ba50d01c2,"letter.n.02,wall decor",complete,False,weld_or_static,open_mesh,
5289e0dda37b4f5023147b5a987075d51a45a281,table lamp,complete,False,bbox_inertia,open_mesh,
5290633cfe07d105ea3391caaca65f5187784e1d,table lamp,complete,False,bbox_inertia,open_mesh,
52936dd39100c4edf6aabed066b7363618116cdd,wall art,complete,False,weld_or_static,open_mesh,
52a3859dd3c301a0f1e66ea634172211001ba277,swivel chair,complete,False,bbox_inertia,open_mesh|degenerate_faces,
52a8210e7629b5564298a9b4c637e7365acd1f70,throw pillow,complete,False,bbox_inertia,open_mesh,
52aa33699f431317dfbd0373752aac3a0a3f60ae,wall art,complete,False,weld_or_static,open_mesh,
52b552b191c3978c219db3a0ce43831bd3c89e59,railing,complete,False,bbox_inertia,open_mesh,
52b9fa711a6deed35c45d2776631f03fb075858f,ashcan,complete,False,bbox_inertia,open_mesh,
52bdd23748a19431efd4ad86d309db484afba63a,bookcase,complete,False,bbox_inertia,open_mesh,
52bff7c33fd7e630feb5d9e23f36d3cf93016444,doormat,complete,False,bbox_inertia,open_mesh,
52c16ad537bb150c79e4a42b24cd17b26c65e922,swivel chair,complete,False,bbox_inertia,open_mesh,
52d479dbd7e4a71446b03995036d15bd25c2c00a,sofa,complete,False,bbox_inertia,open_mesh,
52db011b9552d54097709a8a8f9bb1d745fe158e,dining table,complete,False,bbox_inertia,open_mesh,
52dd1f81ee15f3875c117ec2d595c81bb3f9a780,table,complete,False,bbox_inertia,open_mesh,
52e2a775823fb9bdbc3370c9db22b6e686488d4c,chair,complete,False,bbox_inertia,open_mesh,
52e54d4aedff229ec50eefe25bd168c60141c37f,potted plant,complete,False,bbox_inertia,open_mesh|inertia_not_positive_definite,
52ece22f4c47ace86f4635ce5d3498d1e7a09689,armoire,complete,False,bbox_inertia,open_mesh,
52faa6f3c0cb359484f1a540494d2c4fb8b8b805,table lamp,complete,False,bbox_inertia,open_mesh,
5308f862dcc5bd45f62aececd538135a03ff93d2,wall mirror,complete,False,weld_or_static,open_mesh,
532681f45088722a5cd947ee4cb4a35441a75f1f,chair,complete,False,bbox_inertia,open_mesh,
5330e5d35c400b82e58d1a85e4959a33f7c2964d,throw pillow,complete,False,bbox_inertia,open_mesh,
53317cc22d22eeb608e3cad7d45aa9c9153ed17b,flower in vase,complete,False,bbox_inertia,open_mesh|center_of_mass_out_of_bounds|inertia_not_positive_definite,
533480caf51888cd4bbdaee89a65c1aeeb8d804d,nightstand,complete,False,bbox_inertia,open_mesh,
5339c416ac907c7cb049eb153855816a9fa57ccf,refrigerator,complete,False,bbox_inertia,open_mesh,
5339f03a2e6c5a784758f602564c993f5c795bef,wall art,complete,False,weld_or_static,open_mesh,
534242df83554b57b7de065ffc39c355a0fa7d51,clothes tree,complete,False,bbox_inertia,open_mesh,
5342add347beb3100264d492ef5704c92357538c,sofa,complete,False,bbox_inertia,open_mesh,
534c814f7c77be8abda5cb2bdf9d1f2a7dd353e0,wall mirror,complete,False,weld_or_static,open_mesh,
5354c1790fcf9fc23c5bae280e0cea6c3a0f326b,cafeteria tray,complete,False,bbox_inertia,open_mesh,
535a60be8999184dc5e0dfac340fe323ea8077a1,faucet,complete,False,bbox_inertia,open_mesh,
535dee6b14fd6d65925a82570e4f4db294f73f4c,nightstand,complete,False,bbox_inertia,open_mesh,
536100fd205082be4134f50246a0de90f15d7c2b,pendant lamp,complete,False,weld_or_static,open_mesh|inertia_not_positive_definite,
5369a442972aab265760dc4e848dd7ac11509c2c,chair,complete,False,bbox_inertia,open_mesh,
53770753734340d05993ba2467793b29f0b74d8b,floor lamp,complete,False,bbox_inertia,open_mesh,
537b45f0aa33da9ceac373c52377f80cc759c08e,sofa,complete,False,bbox_inertia,open_mesh,
5386924523286fa156d9397a93cd3f2a7140325d,sofa,complete,False,bbox_inertia,open_mesh,
538f11be1a17f9f645ca8e83fd5555baa3abdf66,table lamp,complete,False,bbox_inertia,open_mesh,
5397863a895b8b24a392257cad02364558957d1d,toaster,complete,False,bbox_inertia,open_mesh,
5399aefbec584749a382ce71a5e20a0a3dabc4b5,chair,complete,False,bbox_inertia,open_mesh,
539a80debf42cd0b6b3c3d1d67d9488efa95af45,vase,complete,False,bbox_inertia,open_mesh,
53a18ac1b365ac0a7746fa271e4817fb51a52f09,kitchen cabinet,complete,False,bbox_inertia,open_mesh,
53ac98581095be4ca935e19ec16a3e445ded7c6e,picture frame,complete,False,weld_or_static,open_mesh,
53b7a4dc2f48792523621ad7939a2799fb64a2c1,wall art,complete,False,weld_or_static,open_mesh,
53d24b1acc25e0fb8ff611989f646c1ccd3b180b,table lamp,complete,False,bbox_inertia,open_mesh,
53d50e5f18116ba67d1cf7fe3a34ddc5a0023c36,floor lamp,complete,False,bbox_inertia,open_mesh,
53d9e5378068f8b8bf344ef1bed78cfa65bae5ee,chair,complete,False,bbox_inertia,open_mesh,
53dd387232a2a712104c7e23defab416ade24930,chaise longue,complete,False,bbox_inertia,open_mesh,
53dfe296a16ce12dd5579e0e2b87e3085c7627ac,umbrella stand,complete,False,bbox_inertia,open_mesh,
53e77f4f4b4622aaf96d2035b2f65ba93516fdac,end table,complete,False,bbox_inertia,open_mesh,
53e7d7c13d3c89976da853ba6a606dfd3fc3f7b4,cup,complete,False,bbox_inertia,open_mesh,
53e9a710ba3a592ddf55b3cd2b055003614c4b1c,nightstand,complete,False,bbox_inertia,open_mesh,
53f0c4a9924f85c26de38050ed624880e9b6d11a,ceiling lamp,complete,False,weld_or_static,open_mesh,
53fa881ea04f5f8159baedb9b8628afa194b5eb0,sofa,complete,False,bbox_inertia,open_mesh|degenerate_faces,
53ff9d0f6c6ed5837f471ced4c913598905376e8,potted plant,complete,False,bbox_inertia,open_mesh|invalid_volume|center_of_mass_out_of_bounds|inertia_not_positive_definite,
540236e6b30d9bfad48bae8adbe876f42d088131,sofa,complete,False,bbox_inertia,open_mesh,
5404f7c0381a1f52b876f389a4d4625f224838bb,console table,complete,False,bbox_inertia,open_mesh,
5406441590ae50f71a4d5a65d7a427761713e647,gym equipment,complete,False,bbox_inertia,open_mesh,
541340b13904d7b99737e6dde6a1a7687375f4f1,"bar stool.n.01,chair",complete,False,bbox_inertia,open_mesh,
541384ee16770f57ce43acd495abd8b81b68b739,flower,complete,False,bbox_inertia,open_mesh|center_of_mass_out_of_bounds|inertia_not_positive_definite,
54142b3debb81cb03d03c8b021f959b78e166091,sculpture,complete,False,bbox_inertia,open_mesh,
54159937798e5fd02d7a6e66ff3e44980d1de791,table lamp,complete,False,bbox_inertia,open_mesh,
541eca7ceee7736769af16a4f3ad9928076a7f7f,wall mirror,complete,False,weld_or_static,open_mesh,
5430399b6e003bc654ac3feaebb75a80be1b590b,wall art,complete,False,weld_or_static,open_mesh,
5430b6ffbe8ede5ec6359ed54882b92ed92ef097,sofa,complete,False,bbox_inertia,open_mesh,
54506cd1d15574514e7e98c8d90ee66938cde48f,cabinet,complete,False,bbox_inertia,open_mesh,
545340f9d0725bd0ae167ba9eeaac354d52a2bad,bar stool,complete,False,bbox_inertia,open_mesh,
5459113387e3c55aece810c6c356d15e1da96d4b,storage box,complete,False,bbox_inertia,open_mesh,
5469b7065c2a0cd0356c818d48159ff74df0b3e9,coffee table,complete,False,bbox_inertia,open_mesh,
5474ea875207bd950038f8f91773cc84d4762926,wall art,complete,False,weld_or_static,open_mesh,
54797d0b7b4514b5050eaeb0e5499686399138e4,rug,complete,False,bbox_inertia,open_mesh,
547c0a77b74f52c4e6c4a0a52f14f6c9c7a57b49,cup,complete,False,bbox_inertia,open_mesh,
54889c1113dea0b739a16e1a237f5736948ea5ef,wall mirror,complete,False,weld_or_static,open_mesh,
549009278de1efc70ca5b4ee51f88cf7b04b43db,throw pillow,complete,False,bbox_inertia,open_mesh,
5490204f6f1763c1ec45b7e6e5b4e2608a86b6c7,rug,complete,False,bbox_inertia,open_mesh,
54a26cc222d2053de9913349efc1557da086ea7c,footstool,complete,False,bbox_inertia,open_mesh,
54bbd167e0d08f75c787422a675088e7fdc87507,throw pillow,complete,False,bbox_inertia,open_mesh,
54c126e5b5aec03a53141dda5c1024c5c2c6032a,armchair,complete,False,bbox_inertia,open_mesh,
54c594bee3d313ea55f4b08f7ca40cd1be5df5bf,nightstand,complete,False,bbox_inertia,open_mesh,
54c6f4aab4634b8d40f2255fa6aab01918256d02,swivel chair,complete,False,bbox_inertia,open_mesh,
54c7f3d9c3e2f673eac43e9300b505fd60b02ec0,gym equipment,complete,False,bbox_inertia,open_mesh,
54c900dd531bc8517ffe514964f6666190d3344a,wall art,complete,False,weld_or_static,open_mesh,
54c970bfb2ece88d60c6e2968e9b0bb8b6e912d6,table lamp,complete,False,bbox_inertia,open_mesh,
54ce30ed78a11efc89521327192f4bf24a214089,chandelier,complete,False,weld_or_static,open_mesh,
54d31b93e1941d9b3264d13d8f0a103933639271,pendant lamp,complete,False,weld_or_static,open_mesh,
54de8a81569ad75759d3fe685801f354f3d091f3,wall art,complete,False,weld_or_static,open_mesh,
54febf97a3c0ee7e010babe4ae9520fbf8858e87,medicine chest,complete,False,bbox_inertia,open_mesh,
54ff94b631874019138af5091e41c386e6183749,rug,complete,False,bbox_inertia,open_mesh,
5508f77968bd392fc4cd8100fa87854abfc4e8a0,china cabinet,complete,False,bbox_inertia,open_mesh,
5512591fd16c3597295b9e15db083dc360f58772,coffee table,complete,False,bbox_inertia,open_mesh,
551cfe57a753326c99503bc098e8cce80f80410c,kettle,complete,False,bbox_inertia,open_mesh|inertia_not_positive_definite,
551e75fdb2fce34b3f52933e44fb22d24168a63a,refrigerator,complete,False,bbox_inertia,open_mesh,
5522d198c77a3db4f172689b176734df3a5948da,wall art,complete,False,weld_or_static,open_mesh,
5523a1f9cf9a5a96e48ce09f0f666572f0815c2d,swivel chair,complete,False,bbox_inertia,open_mesh|degenerate_faces,
55265d72c0d3697db26c500a0fc5ea717241772f,pendant lamp,complete,False,weld_or_static,open_mesh,
5529fb33522c41d528a38b32aab6e48067f0e335,shoe,complete,False,bbox_inertia,open_mesh,
553ab4ac2c9bd3bb0bccb16a58e16c07b53788a9,chair,complete,False,bbox_inertia,open_mesh|center_of_mass_out_of_bounds|inertia_not_positive_definite,
553acf8611f4b5a3e378e913816641d4a2b7ecbd,table lamp,complete,False,bbox_inertia,open_mesh,
553f979d188cc4f3c39fd85d12f0edfe90c27f5b,footstool,complete,False,bbox_inertia,open_mesh,
5559b8affc577d4b29eadc8ac71b229215ac8746,wall lamp,complete,False,weld_or_static,open_mesh|center_of_mass_out_of_bounds|inertia_not_positive_definite,
555c117758ea218eb017c9ff667699d2714c2889,ceiling lamp,complete,False,weld_or_static,open_mesh,
555d1a5037fb58d845a78b04a3c1d84f49bf234e,picture frame,complete,False,weld_or_static,open_mesh,
5562de4568952a7f72318fff93085d7f5e98aba9,stool,complete,False,bbox_inertia,open_mesh,
556733e012ccc023b0fe97b5ff071d9313718672,china cabinet,complete,False,bbox_inertia,open_mesh,
55675aab13a9145981412bc48f79f43dad2ed1a2,king bed,complete,False,bbox_inertia,open_mesh,
556e2dce2ddc10b3941a4c5b3adfbd7364a425a1,garage door,complete,False,bbox_inertia,open_mesh|degenerate_faces,
556f46d2f7a68af885c2d065e503be422f9a0514,nightstand,complete,False,bbox_inertia,open_mesh,
557137f015f353bc1f1ef115db670273d700e6e3,potted plant,complete,False,bbox_inertia,open_mesh,
55727571c1ad5a8082817f7e49f4239f4d606724,bowl,complete,False,bbox_inertia,open_mesh,
557b7bf3c6c00453e457ab199b391c4e0a57ccde,armchair,complete,False,bbox_inertia,open_mesh,
557f22795e0f90aa3e0445a15037b90c88efac9c,table lamp,complete,False,bbox_inertia,open_mesh,
558e1c5b5fb4816be067d3254e803fffed07dbe0,blender,complete,False,bbox_inertia,open_mesh,
5592a6a0b921596a65003a44645beb008b628bac,soap dispenser,complete,False,bbox_inertia,open_mesh,
55953d070a408aefc4293d90084452aa168f3ddc,wall art,complete,False,weld_or_static,open_mesh,
5596617b6e256dd94a6af0aaf0a70dd0121262f0,armoire,complete,False,bbox_inertia,open_mesh,
559a9bbbacc57fa25c7f0676dfeb689bbbb418e8,"candle.n.01,candlestick",complete,False,bbox_inertia,open_mesh,
559f21c7f5628a83b31d616e90bdcc02e7744731,kitchen island,complete,False,bbox_inertia,open_mesh,
55a1ffd21d700770bdfe2904152e6e7652d9ebf7,throw pillow,complete,False,bbox_inertia,open_mesh,
55a5e77efee32b21d7edf4df0223fc30d330fbd9,wall art,complete,False,weld_or_static,open_mesh,
55b1488629a5df3d6eaff6e9f3dbb8424af09d1e,wall art,complete,False,weld_or_static,open_mesh,
55b57e53686184456875ffbca0636ba9467c147c,camera,complete,False,bbox_inertia,open_mesh,
55c7921fe809b717e6a6c2968f35648257b26383,potted plant,complete,False,bbox_inertia,open_mesh|center_of_mass_out_of_bounds|inertia_not_positive_definite,
55c813d9a522cc5e52176d01e75ea53d260c9003,globe,complete,False,bbox_inertia,open_mesh,
55cc6c146898e7fb1c2ea66ac86b04d6566ad1a5,carafe,complete,False,bbox_inertia,open_mesh,
55cdd89c54340c91ae14f798ac91e0e17e12acec,wall art,complete,False,weld_or_static,open_mesh,
55da74599e3c3924878594eb35a2106b3a7ea63f,cabinet,complete,False,bbox_inertia,open_mesh,
55da776747de3474292a65617371432d3cf576ef,chest of drawers,complete,False,bbox_inertia,open_mesh,
55da8d0a696301e21377bdf2719b7bc6f78dde55,cradle,complete,False,bbox_inertia,open_mesh,
55dcc18191c2412b899ff405d5d0574571bb81cf,kitchen island,complete,False,bbox_inertia,open_mesh,
55e1de5b5ab8291c9c29ecac4395e64dca748f30,ceiling fan,complete,False,weld_or_static,open_mesh,
55f1f71873bd4e2886e9735391e0b037fe7e1a66,sofa,complete,False,bbox_inertia,open_mesh,
55f369744b554a2f808d81f34c39a7e713ff6fed,stool,complete,False,bbox_inertia,open_mesh,
55ff9aed203f1ebde9fe8651de7ec26954ed0232,chest of drawers,complete,False,bbox_inertia,open_mesh,
5602bb9f02e0980f5c2155940a088c7cbe65ea65,cabinet,complete,False,bbox_inertia,open_mesh,
5602ce3737d5bf9349ffb59da2e7fc83e31d8b5f,potted plant,complete,False,bbox_inertia,open_mesh|center_of_mass_out_of_bounds|inertia_not_positive_definite,
560443a642c173e4d2c753085d108981e1f2e9a8,table lamp,complete,False,bbox_inertia,open_mesh,
5606ac38fde65f3994095e2b6c0d91a535c8567a,umbrella,complete,False,bbox_inertia,open_mesh|invalid_volume|center_of_mass_out_of_bounds|degenerate_faces,
560dc4e3982256679293b95431a1bb00e69174a0,console table,complete,False,bbox_inertia,open_mesh,
561105c73bf76152a2b32e4f55f80db6a25ac0d4,desk,complete,False,bbox_inertia,open_mesh,
561974b161ebcd6d02f64be285dfa2a2236bbc77,faucet,complete,False,bbox_inertia,open_mesh,
5622e0383c2a84e0e1613767410e4fe43fca1c4b,ceiling lamp,complete,False,weld_or_static,open_mesh,
562b9f7cec7196e0b5b56bbff2bf4ca5977e3f23,pendant lamp,complete,False,weld_or_static,open_mesh,
562c2db7d2607cef42947a0938815c34c3d3ba3e,wall art,complete,False,weld_or_static,open_mesh,
562cfdfd85a00ffbefbfba9fb6f54e171c99294c,armoire,complete,False,bbox_inertia,open_mesh,
562f132ca8f3caa2722793f26384cce20565c5b0,place mat,complete,False,bbox_inertia,open_mesh,
56366c90a4519ed83719b30cd4757008f0e558fb,buffet,complete,False,bbox_inertia,open_mesh,
5637420729ce687138e32bad2bd77154b561df36,tissue box,complete,False,bbox_inertia,open_mesh,
5640392849f4d7bcac6231f0c802cff36cd6f072,swivel chair,complete,False,bbox_inertia,open_mesh,
564643c6e1c1f0d1065a2c36399e7df70a63707f,wall art,complete,False,weld_or_static,open_mesh,
565325582cd3eb4ce7b429d0423508992a3dfdc7,wall mirror,complete,False,weld_or_static,open_mesh,
5656274741e1d77c18ad0c3fde61cfbb5144d796,wall clock,complete,False,weld_or_static,open_mesh,
5663ed3483432046d301e771bbd6b4394b871433,desk,complete,False,bbox_inertia,open_mesh,
566b7e9ffebc2cc3aa9edd84f86f34342dd6ebc9,"bar stool.n.01,chair",complete,False,bbox_inertia,open_mesh,
566e4b38c09c72247b7e420542ef812b1317b9f7,sofa,complete,False,bbox_inertia,open_mesh,
566f5cb3895ccaf20192b685f64b070658db775b,wall shelf,complete,False,weld_or_static,open_mesh,
56729469c301c24738e425e052d52fa17a98099a,kitchen cabinet,complete,False,bbox_inertia,open_mesh,
567ba453e60735e7667f25ea6d09377be18bda66,plush toy,complete,False,bbox_inertia,open_mesh,
568a7d49f3f327c9c8ce5f4b47291a44edbb7aa5,"mantel clock.n.01,radio receiver",complete,False,bbox_inertia,open_mesh,
56992c68d20498de6e888ca811f2507f0c6707b7,coffee table,complete,False,bbox_inertia,open_mesh,
569a560088253fea7cc6c44f483d0910b793b231,umbrella,complete,False,bbox_inertia,open_mesh,
569ddd79ca925c3e50d50b9819fbab743ad0db74,cup,complete,False,bbox_inertia,open_mesh,
56a3cb5686d12e4bad648c325ae998def645c997,vase,complete,False,bbox_inertia,open_mesh,
56ad619797c722b0daa69205ac26cea869ece4dd,table,complete,False,bbox_inertia,open_mesh,
56b401aa4b9d4ee1a66d6924de1d4657e5f66c75,wall art,complete,False,weld_or_static,open_mesh,
56bfa51970d9b0d40a50956f3d594873435f6ed7,armchair,complete,False,bbox_inertia,open_mesh,
56c64cd049d0f5f8400b4185dcbcbd5dca25c7c5,"wall art.n.01,sign",complete,False,bbox_inertia,open_mesh,
56cdf6d6bb23064b72dadcf4803682b412e38c4e,bookcase,complete,False,bbox_inertia,open_mesh,
56ce23d19c80df965545031d21548a9bbd1e19d7,rug,complete,False,bbox_inertia,open_mesh,
56ce3dac1ca47c0534438464f8df65faddea0302,chair,complete,False,bbox_inertia,open_mesh,
56dbffd3633dd67c09d13cdc307cc0cfa8d2b37b,"board game.n.01,chess",complete,False,bbox_inertia,open_mesh,
56dc6fc7669736b5fd6a85d1b14a01d029beff59,sink cabinet,complete,False,bbox_inertia,open_mesh|center_of_mass_out_of_bounds|inertia_not_positive_definite,
56ddd1405c2287a45f8889c3973d2f0bb7fb5c7c,end table,complete,False,bbox_inertia,open_mesh,
56e8ca4a1ce5d5f130c3c9f60add9b07ddd4cc07,end table,complete,False,bbox_inertia,open_mesh,
56ee02f482046e3820d71ceebd591ed6480eeb13,pendant lamp,complete,False,weld_or_static,open_mesh|inertia_not_positive_definite,
56f36105d7bf84f7f796bd6272391e16a2e11c5c,nightstand,complete,False,bbox_inertia,open_mesh,
56f561b71b341b23c991110f8dd6582a4bfd02a1,jar,complete,False,bbox_inertia,open_mesh,
571281b551e63b9ade8c552257ec58f19e566856,table,complete,False,bbox_inertia,open_mesh,
5715459610ef58727ccfe63c759f49e9ee10efb1,floor lamp,complete,False,bbox_inertia,open_mesh,
5719e9a114f6d919a13db3908c73aab3261b115d,dining table,complete,False,bbox_inertia,open_mesh,
571a4eafade4f5a2400b78eb42b9f9630c94b1b2,bench,complete,False,bbox_inertia,open_mesh,
571e64a27135494960e739c85eb0027caa16a7be,air conditioner,complete,False,bbox_inertia,open_mesh,
57206ff682d16e45f0abb873010eef8b1b73d4f7,glass,complete,False,bbox_inertia,open_mesh,
57209e65bae481b5a9fa63c4836c33d627739c82,cabinet,complete,False,bbox_inertia,open_mesh,
572ab1d8ba49e2cb7b168ae6fd7f095b71dd7c5c,ottoman,complete,False,bbox_inertia,open_mesh,
572e2f04cf9e17424557ecc4f449e6122a9cae95,cup,complete,False,bbox_inertia,open_mesh,
572f54555309ed6eac6b10d697b1c694c4d573dd,fireplace,complete,False,bbox_inertia,open_mesh,
57346c22693590f256c92ff2ebf04605458a0352,shelving,complete,False,bbox_inertia,open_mesh,
57393affc84fdcd90dc93b750c4d45b704d5e205,throw pillow,complete,False,bbox_inertia,open_mesh,
573bb59fb89ab5702dbe256435d23231f85239b4,ashcan,complete,False,bbox_inertia,open_mesh,
573c01ba7dd53242008bc40dfe9c345074e62836,wall art,complete,False,weld_or_static,open_mesh,
573c6477f0f3067edcd1e9fb52c558a4291f0c5c,wall clock,complete,False,weld_or_static,open_mesh,
573d7dcc478330c40f3b05b9473a2fda1236c3e4,toilet,complete,False,bbox_inertia,open_mesh,
573e1d964446fd062966ba09f0728ee0b9421b0e,swivel chair,complete,False,bbox_inertia,open_mesh|degenerate_faces,
5742501065a46cf69165e60257b42a86f5fadf8b,cup,complete,False,bbox_inertia,open_mesh,
574628707d06cf908a04d5447f649bd0459c6b11,wall art,complete,False,weld_or_static,open_mesh,
5747cd91706723281b0a7d34f8b97a48d4fee680,potted plant,complete,False,bbox_inertia,open_mesh|inertia_not_positive_definite,
57521636be37f8f0a68ed03792fb1807ddeeaca9,wall art,complete,False,weld_or_static,open_mesh,
57528b8dd36e73e63cd96508635fe98f249fa42d,bench,complete,False,bbox_inertia,open_mesh,
5754fc1d9eed7d5ea018dee05478c950f47bd809,rug,complete,False,bbox_inertia,open_mesh,
5755694030063b5a7b6e4762cef9900c6bb2313c,wall mirror,complete,False,weld_or_static,open_mesh,
575b3f127e82149536e308491cd6795ebf56d71a,swivel chair,complete,False,bbox_inertia,open_mesh,
575dcc6cb4e1fde794a705f7322161fafa0a6a13,floor lamp,complete,False,bbox_inertia,open_mesh,
576ec88f0c3eb9a7c4ed642dc232a16609673b45,serving cart,complete,False,bbox_inertia,open_mesh,
576f0a57271ccc62554b2603a48047854254119d,wall mounted screen,complete,False,bbox_inertia,open_mesh,
5771e4bbc9e503c51558ee9149be48102dbf842f,wall art,complete,False,weld_or_static,open_mesh,
57757b395f462c45c4faf103d794331b28199443,kitchen scale,complete,False,bbox_inertia,open_mesh,
577ab6846773c22e68a1ead745bba0ac6e60d8b2,kettle,complete,False,bbox_inertia,open_mesh,
577e49ac82f3377c86da9d21f1d36512d33e67f2,wreath,complete,False,bbox_inertia,open_mesh,
5785d33e6af231b40f4d8aba24f9be6d0a248bec,"toilet brush.n.01,toilet brush holder",complete,False,bbox_inertia,open_mesh,
578827e4adbf4e0b25b443f20500e51ecc92282b,wall art,complete,False,weld_or_static,open_mesh,
578c0278cc11de45473870da6b4b8933d6d8f7c9,coffee table,complete,False,bbox_inertia,open_mesh,
578e50f145119f121df79f73f5efd64019d94e17,hanging cabinet,complete,False,bbox_inertia,open_mesh|center_of_mass_out_of_bounds|inertia_not_positive_definite,
5791993ce0758a85539e6a787f72c079b1df048a,armchair,complete,False,bbox_inertia,open_mesh,
5793d204ef8760794878f1551d8dd17acf4252bb,"coffee table.n.01,aquarium",complete,False,bbox_inertia,open_mesh,
579665f2da45e9657296feafca2df34329a8526b,bathtub,complete,False,bbox_inertia,open_mesh|invalid_volume|center_of_mass_out_of_bounds|inertia_not_positive_definite,
57966e0a857591dab70815223ad393ffb6134f5b,armoire,complete,False,bbox_inertia,open_mesh,
5797873d45e94121bade19a23c9e097f753f7f12,wall art,complete,False,weld_or_static,open_mesh,
5799ab1071071c02344d5af19597306eb2763f1e,table,complete,False,bbox_inertia,open_mesh,
57a43886b7a602970bc3cfa2106e2cd51c0c4098,end table,complete,False,bbox_inertia,open_mesh|center_of_mass_out_of_bounds|inertia_not_positive_definite,
57b279a58e15f7c4ac63c2c96341df86c48bc505,towel rack,complete,False,bbox_inertia,open_mesh,
57b9ce97a62fad5305765306c5fd22a3ffd59356,swivel chair,complete,False,bbox_inertia,open_mesh,
57b9f951bc952b20a28c62598546d56f8aa07e95,dining table,complete,False,bbox_inertia,open_mesh,
57bc665985a591b7d502ecc989cd722e36354dea,wall art,complete,False,weld_or_static,open_mesh,
57cd1ba71ade5db9dda836bc8cf367831f5829ef,pedestal sink,complete,False,bbox_inertia,open_mesh,
57d2b6c1b3bb6903c7683cff9ba9016a8c50ff70,laptop,complete,False,bbox_inertia,open_mesh,
57e1e602a836bf0f8ec130bd3c9053fc1985823b,fan,complete,False,bbox_inertia,open_mesh,
57ef0a4c3e65da932c9a6fe8d47154361265ea11,pendant lamp,complete,False,weld_or_static,open_mesh|center_of_mass_out_of_bounds|inertia_not_positive_definite,
57f03bc12579f84ace4dba95d7aaa33c44891b52,armchair,complete,False,bbox_inertia,open_mesh,
57f3d82a101565cbed9d349e7516dd66138d3dd4,sofa,complete,False,bbox_inertia,open_mesh,
57f69b32d5b69de30730fccc2d15b660f08a6aa8,armoire,complete,False,bbox_inertia,open_mesh,
57f8514b427645988fcfc825d01f12ac3dba9d2c,wall art,complete,False,weld_or_static,open_mesh,
57f929293b4ff71dcc52a600aa3525916af4aa72,wall art,complete,False,weld_or_static,open_mesh,
57fcfdae95b2c606c48dad87ed740bbeb48473dd,ceiling fan,complete,False,weld_or_static,open_mesh,
58038ec89b90f23a319ba82181cd6075f9cc7e9d,bar stool,complete,False,bbox_inertia,open_mesh,
58074cda1782f1631517f10cebd5eb9fb9edc38d,kitchen appliance,complete,False,bbox_inertia,open_mesh,
5809d4b7a424268172519e54e2ff2b58b461fa2b,cabinet,complete,False,bbox_inertia,open_mesh,
5811a17461c7679e6285da287fb05f8773cb3f6e,cabinet,complete,False,bbox_inertia,open_mesh,
5819a4a0b8b640e6e3864c233563c64ab2bf41ad,chest of drawers,complete,False,bbox_inertia,open_mesh,
5822ee956db8ac49663ae98abfa7a34c4f725c76,hanging cabinet,complete,False,bbox_inertia,open_mesh,
58339af1323d77d9b7513e33f710a1eb43d4b7fe,wall art,complete,False,weld_or_static,open_mesh,
5834fb18893037472b08e4b1e72defa6ee9b13c0,ashcan,complete,False,bbox_inertia,open_mesh,
583e36eafb103ba65a6553e48dfa3d93719abca0,chair,complete,False,bbox_inertia,open_mesh,
584328d2150aea7fe946343cee183497e8b0464f,tissue box,complete,False,bbox_inertia,open_mesh,
5846771d5b1c31cc8ceb6771f5fee6ac6b65d5fe,shower curtain,complete,False,weld_or_static,open_mesh|center_of_mass_out_of_bounds|inertia_not_positive_definite,
584abd8d91d3cc16c728bba6f9818904b177f59a,coffee table,complete,False,bbox_inertia,open_mesh,
584e1b94f98589eb4df1b66cb6e6ebab53a014d0,wall lamp,complete,False,weld_or_static,open_mesh,
5855df4f61c036448115abedf5aa947a6383b1ce,armoire,complete,False,bbox_inertia,open_mesh,
58628e28273d80b364691f0c630ff61c32582140,wall clock,complete,False,weld_or_static,open_mesh,
5863ec4126fd2efe044f387e1409a4b2e0344bfb,wall art,complete,False,weld_or_static,open_mesh,
5866f3f1fc28a785334cea9f6ceae1373b886203,refrigerator,complete,False,bbox_inertia,open_mesh|center_of_mass_out_of_bounds|inertia_not_positive_definite,
58694ffd2778f26b799c9c4e8dd204fc2e9b202e,swivel chair,complete,False,bbox_inertia,open_mesh,
586c3b5e5af6abd3fb5108ee06757d5b05fc4b7c,potted plant,complete,False,bbox_inertia,open_mesh,
586eca382cf839bda6a0e0e8fc60b397c06c779b,wall art,complete,False,weld_or_static,open_mesh,
5873db4b1b0c5d0b90b1b2b6dc1129b3a1209645,chandelier,complete,False,weld_or_static,open_mesh,
587858f44757e08437b1edf26b55b85ec01e61cc,l-shaped couch,complete,False,bbox_inertia,open_mesh,
587dcfcb2666a3355ab30cd91929f1a3bd2ed272,sink cabinet,complete,False,bbox_inertia,open_mesh,
587e5aca5d2e9f6a184b95a16f8da42d8f69b5a1,pitcher,complete,False,bbox_inertia,open_mesh,
58805f3746ed3620956ee82457749b50e5a6f70e,rug,complete,False,bbox_inertia,open_mesh,
588ddc58a77c05c0a8d92232d30b6b197663dbdf,laptop,complete,False,bbox_inertia,open_mesh,
589a93662b835c204390b56afc0d4c59aaa9a111,wall lamp,complete,False,weld_or_static,open_mesh,
589ac3bf9116855fa4946be418a2b90da8993a97,cabinet,complete,False,bbox_inertia,open_mesh,
589d23d411e606861d00b3f3dfeda8f596261157,throw,complete,False,bbox_inertia,open_mesh,
58b252a21e795803a43ed05a944f0f099d15431f,wall art,complete,False,weld_or_static,open_mesh,
58b7f3eee922fe43fe9f6156c0942be5f8e72e96,bed,complete,False,bbox_inertia,open_mesh,
58b91f6a212bde731f0f3da2cb4fec30d13396d6,teapot,complete,False,bbox_inertia,open_mesh,
58c1f347bea26244cf39efe7ff10e6cebaf48758,chest of drawers,complete,False,bbox_inertia,open_mesh,
58c41e1e141147c2fcf9027c8930acecc9f39276,table,complete,False,bbox_inertia,open_mesh,
58cbaf00240f797dcb51f15864689e50037d31b5,stool,complete,False,bbox_inertia,open_mesh,
58d17410471b9d1ed6883bf7a781c2a463ee7e1d,wall art,complete,False,weld_or_static,open_mesh,
58d7d10ed3872edfbdbbd4e3f715380e80943a30,ashcan,complete,False,bbox_inertia,open_mesh,
58d89fdcd5ecae5a861a2cb710f72892fdad9646,"candle.n.01,candlestick",complete,False,bbox_inertia,open_mesh,
58da2ad3eca8f9cce9f0b2ee92edc0261822fad1,plant,complete,False,bbox_inertia,open_mesh|invalid_volume|center_of_mass_out_of_bounds|inertia_not_positive_definite,
58dd717bbbfec92e8e9a2109c95c3ea5bc483f80,throw pillow,complete,False,bbox_inertia,open_mesh,
58f2847e194a2565793641b83e587eadebe5f8af,wall art,complete,False,weld_or_static,open_mesh|invalid_volume|inertia_not_positive_definite,
58f93c4c2743687cf29ecf7782345aa28bf69bac,end table,complete,False,bbox_inertia,open_mesh,
590cfd5974f1f7e891db83e96e52e5ced3761eb4,end table,complete,False,bbox_inertia,open_mesh,
590ef58dab72a91e900eea12ee86f13a7cbf3d07,wall art,complete,False,weld_or_static,open_mesh,
590f02fd594e972a6fbf4639f91bd894f3bfe8e0,table lamp,complete,False,bbox_inertia,open_mesh,
590f645b879e8261377300a13a0c3e0cda80eb0e,caddy,complete,False,bbox_inertia,open_mesh,
591c93a096cba7855d63a052481a84b949db5a58,chair,complete,False,bbox_inertia,open_mesh,
5924f43429f57338975d9d38e7653f98171f6945,chair,complete,False,bbox_inertia,open_mesh,
593ab2b7a5a163e7f5f8fe18b9f06aa35fd4f2c9,wall art,complete,False,weld_or_static,open_mesh,
594e976022bb293106b8399780b2a9f7b2d14d13,table,complete,False,bbox_inertia,open_mesh,
5950ad01041540d854fc3acdfda9cf333caaa732,seat cushion,complete,False,bbox_inertia,open_mesh,
5954c670b64d2ac9a6dcb73295bcb88a212a64f5,refrigerator,complete,False,bbox_inertia,open_mesh,
59574d5c4ea41dea4988f53407ec0fe518d08830,chair,complete,False,bbox_inertia,open_mesh,
5962ac88101009d3488f0ccb9459e435d90d4eaa,armchair,complete,False,bbox_inertia,open_mesh,
597216ca30fd1af6023439875e040fd3a784d2d7,kitchen island,complete,False,bbox_inertia,open_mesh,
5975328771dacc2a1dd115a929efff9da18440b9,sofa,complete,False,bbox_inertia,open_mesh,
5987a90f46b36e79028cc46a90fa39bc0b9cb2a3,glass,complete,False,bbox_inertia,open_mesh,
598e90ea5cc487435ec97888b91d239be0abb91f,nightstand,complete,False,bbox_inertia,open_mesh,
5990bd240667b753ec647ca7ed0697e58464b7cf,desk,complete,False,bbox_inertia,open_mesh,
5998b2343f9bd0da7fd75c77cca93bc84d735fbc,plush toy,complete,False,bbox_inertia,open_mesh,
5999d188452e209cacb712029af3f3b5b0e30313,buffet,complete,False,bbox_inertia,open_mesh,
59a8bb467d1eb1db87d5d8a375e77f8a7f0f1b9a,wall art,complete,False,weld_or_static,open_mesh,
59ae7e60afff4f213f1aee6acd7d18ae6f267357,table,complete,False,bbox_inertia,open_mesh,
59c1d11eeeec63a70985590299043b6a68dd6ca1,console table,complete,False,bbox_inertia,open_mesh,
59c5d91b9af0574bae73b744130a4a45149828e8,soap dispenser,complete,False,bbox_inertia,open_mesh,
59c873844cdde864900a994ec6d142aaaba06fda,wall art,complete,False,weld_or_static,open_mesh,
59c950c56481a57080aa2d800d3e843955879243,bath mat,complete,False,bbox_inertia,open_mesh,
59d4630af6aee8b19660537466b52f2c26a74c19,kitchen island,complete,False,bbox_inertia,open_mesh,
59d54ccbb28afc76a3c140ef50eba8a2f65cc850,pitcher,complete,False,bbox_inertia,open_mesh,
59d55a9d0548cd19f76b40c2282a73573ad5c00e,mirror,complete,False,weld_or_static,open_mesh,
59e2098bdf649cd68c660a4ef8c31c70c0c9fe26,"bar stool.n.01,chair",complete,False,bbox_inertia,open_mesh,
59fa2c9f7434b3c5351ba1e51914575cc5614cd2,chest of drawers,complete,False,bbox_inertia,open_mesh,
59fa50d5b0d64b9184dffcee81153f24cadf656a,flower,complete,False,bbox_inertia,open_mesh,
5a20869f8b556232e59d6882c8ba9940d48cd266,highchair,complete,False,bbox_inertia,open_mesh,
5a24fd5351e0ae264efdf5f8a1ea8e52da4d7917,wall art,complete,False,weld_or_static,open_mesh,
5a2865dc56dc6bd81960e25e978df226feaf7c07,play area,complete,False,bbox_inertia,open_mesh|center_of_mass_out_of_bounds|inertia_not_positive_definite,
5a289ad1e7dd1e5f6804113f771f22608d574a6f,wall art,complete,False,weld_or_static,open_mesh,
5a29a61452bd6d28398a56eb3ac559fa5f2f8a9c,bathtub,complete,False,bbox_inertia,open_mesh,
5a2b73218eba9a299803d6fd44bb41520e8a8e3c,wall art,complete,False,weld_or_static,open_mesh,
5a2d4315640f464391c6a256818c3c11fdd8f4f6,kettle,complete,False,bbox_inertia,open_mesh,
5a3f8deb823f43477bdf07a5006b02f89e425e3e,"candlestick.n.01,candle",complete,False,bbox_inertia,open_mesh,
5a4afe5e828b0725bf1afce657bab7c2d317e02c,wall art,complete,False,weld_or_static,open_mesh,
5a54f0f70cc6b150f3c4562e65b13f6758508d6a,coffee table,complete,False,bbox_inertia,open_mesh,
5a5c19684737ded0da7c2811f6303e154a305323,buffet,complete,False,bbox_inertia,open_mesh,
5a649e95a0b90058612f5b65747abf53d6671b17,wall mirror,complete,False,weld_or_static,open_mesh,
5a78d11b8db1d16be0128bd1a5ccd5febfbe099e,table lamp,complete,False,bbox_inertia,open_mesh,
5a8e29db883b2ace2e369b8032b8e276ae9339ac,floor lamp,complete,False,bbox_inertia,open_mesh|center_of_mass_out_of_bounds,
5a9dc6d4eed9adfcf18d4a07cb27707449c1010f,potted plant,complete,False,bbox_inertia,open_mesh|center_of_mass_out_of_bounds|inertia_not_positive_definite,
5aa13265c2335332aad03234155c91173dcd6308,shoe,complete,False,bbox_inertia,open_mesh,
5aa72c0b133b30f3d03ca4549f30551d511afded,wall art,complete,False,weld_or_static,open_mesh,
5ab23038ca9b97a04f7ba5cea8b6023331d8dee8,towel rack,complete,False,bbox_inertia,open_mesh,
5abb2927ea06f2e203f8a6a6b6ae686951c2b8ba,glass,complete,False,bbox_inertia,open_mesh,
5ac3f26dcc804c3f4329c3b95eafcf3c06cffd79,desk,complete,False,bbox_inertia,open_mesh,
5acb380ef4188a1aa4305a54dd33f4276ae88091,armchair,complete,False,bbox_inertia,open_mesh,
5ad40619a3bb78eac62b5d40817966fce8f9814e,end table,complete,False,bbox_inertia,open_mesh,
5ad437fd9811ca418f4c277a5f82c57cd7fe6efa,kitchen cabinet,complete,False,bbox_inertia,open_mesh,
5ae72d0e8fdadc834a6de0b722be6f259c587c96,shoe rack,complete,False,bbox_inertia,open_mesh,
5afe0e7ec04ac3d20d49e030cafd2af9b5d75b85,refrigerator,complete,False,bbox_inertia,open_mesh,
5b023d45733513292cf20484687905e14e6bddae,tv stand,complete,False,bbox_inertia,open_mesh,
5b07a7fc736be391c3a4b6b8712a4f5b003cc04d,armchair,complete,False,bbox_inertia,open_mesh,
5b0f0f419f6297e68449be99db83b1c268e95451,table lamp,complete,False,bbox_inertia,open_mesh,
5b174ed55d7e5df086e4e7772debfcf5d92f26e2,footstool,complete,False,bbox_inertia,open_mesh,
5b31f4fb7ff9d142b3d347a19a46d5f7bfa8962b,china cabinet,complete,False,bbox_inertia,open_mesh,
5b370f537fda5e97a00b491d7469b0761e2570bc,picture frame,complete,False,weld_or_static,open_mesh,
5b393e1c1d59d8877df7e84eb8a9e6bfd3ad5e16,salver,complete,False,bbox_inertia,open_mesh,
5b3ca008bbc8e979851c7dd1bccef868573319c9,umbrella,complete,False,bbox_inertia,open_mesh|center_of_mass_out_of_bounds|inertia_not_positive_definite,
5b4d596c7da061500c2e61d7e66231f0e656f6b6,armchair,complete,False,bbox_inertia,open_mesh,
5b56fac65edc83afe22a28706ba9bbff763f76a3,wall art,complete,False,weld_or_static,open_mesh,
5b61a5bb930b6d858826813b245859e1f562658d,towel rack,complete,False,bbox_inertia,open_mesh,
5b62904bf4c0bb4ffdbe8b8df4b22c8b8a3ffa2c,ashcan,complete,False,bbox_inertia,open_mesh,
5b6e2296c1849a4cadf880247534682dad8c1ba4,dining table,complete,False,bbox_inertia,open_mesh,
5b81cde32c94dc8a47ebd69e918969377205ee70,wall art,complete,False,weld_or_static,open_mesh,
5b842854c8dd112a18e51922da58267e7ea60d5d,monitor,complete,False,bbox_inertia,open_mesh,
5b8a27a3c3098b93e3b9c16c7f58c9aace0a073c,ottoman,complete,False,bbox_inertia,open_mesh,
5b92d20904ae7de88b9ab1be8d0cda42407c4e95,wall art,complete,False,weld_or_static,open_mesh,
5bb85d3caf11acb1eb2f299ccc724eb7a855b7cf,book,complete,False,bbox_inertia,open_mesh,
5bb8abe60b296ee6bd0846dd445da915b0d9fc1e,hamper,complete,False,bbox_inertia,open_mesh,
5bbfd9e1325ca8d3c59e23b35401eeec71424256,kitchen island,complete,False,bbox_inertia,open_mesh,
5bc2038b3f54025a87f9d3e3dd3d5185c0becaa2,table lamp,complete,False,bbox_inertia,open_mesh,
5bcf3cbfb9d8cdf37871b1ff32d54355a1bb4f04,ceiling fan,complete,False,weld_or_static,open_mesh,
5bd4bdf43eabeaa724a540e2a6f454f2db52fb92,end table,complete,False,bbox_inertia,open_mesh,
5bd850acd98632f70fd1d843211ab5289ff5857d,"poster.n.01,wall art",complete,False,bbox_inertia,open_mesh,
5bd94a743a68064e2aaa016ba93d0c6d739db2dd,end table,complete,False,bbox_inertia,open_mesh,
5bdc6c7f1d61dbdf8fe361997692aa169f3b330f,espresso maker,complete,False,bbox_inertia,open_mesh,
5bdd87b9032181c6930d7c8856337f1c7b30f8d5,chair,complete,False,bbox_inertia,open_mesh,
5bdf2a4a8a5b31a5e0549d480caed0be6631f110,nightstand,complete,False,bbox_inertia,open_mesh,
5be14748099383be5920e984b11ff6f27b700c2e,cabinet,complete,False,bbox_inertia,open_mesh,
5be1d3d7d0a022d0f8f7fb97bc39b9544358e3ac,floor lamp,complete,False,bbox_inertia,open_mesh|degenerate_faces,
5bee79253ba1daa5506a21d28bd461507d390033,wall art,complete,False,weld_or_static,open_mesh,
5bf43afca1520ee67529f9edc1565c871f6b43f0,wall shelf,complete,False,weld_or_static,open_mesh,
5bfc73bbfb31954cb5734e588cbbedf238782f62,wall mirror,complete,False,weld_or_static,open_mesh,
5bfe01534702388f76da9b932eca5e839d6bedca,wall art,complete,False,weld_or_static,open_mesh,
5c024410b71ba4ffd8be0b31633c7e3069688699,sink cabinet,complete,False,bbox_inertia,open_mesh|inertia_not_positive_definite,
5c0841c6af7bc7614b59269853fa65fae464cf86,chandelier,complete,False,weld_or_static,open_mesh,
5c130821f12e15575e342604243b2efb5d842cac,wall art,complete,False,weld_or_static,open_mesh,
5c17b50826c6aca8f33cb3920068e5baab76bff8,planter,complete,False,bbox_inertia,open_mesh|center_of_mass_out_of_bounds|inertia_not_positive_definite,
5c2a0022e1ed18da28a1f20f632e83650ad9c2e8,shower stall,complete,False,bbox_inertia,open_mesh,
5c35f230ba9892af027bfd9e4cccbe6eebd32395,headboard,complete,False,bbox_inertia,open_mesh,
5c3b46b577f93bf15c2a275cb6bcf09a04b7ddeb,sofa,complete,False,bbox_inertia,open_mesh,
5c518d6d7f1f82ea570ef31272c6a35779617e05,"candlestick.n.01,candle",complete,False,bbox_inertia,open_mesh,
5c51bb06d6b868e98769018b4b2602487701e8a7,wall mirror,complete,False,weld_or_static,open_mesh|inertia_not_positive_definite,
5c576a211fe4d96d92cab5188f0fb64dc96e16e8,nightstand,complete,False,bbox_inertia,open_mesh,
5c60be6945490b8be0256760b447608e49c55150,bookcase,complete,False,bbox_inertia,open_mesh,
5c65f0b168b4f446e5c645cc872136960587141d,"clothes dryer.n.01,drying rack",complete,False,bbox_inertia,open_mesh,
5c72296fc52e6f5198cc7c9895e6f8237c624842,chair,complete,False,bbox_inertia,open_mesh,
5c72cba593fbb040aced61ed5cdd339c1cc2a8db,ceiling lamp,complete,False,weld_or_static,open_mesh,
5c757f25a97a0bc4da551d3122f4782793575573,loudspeaker,complete,False,bbox_inertia,open_mesh,
5c774636463c69cbc9299980001e3b55679848b6,play area,complete,False,bbox_inertia,open_mesh,
5c7cd9f5f3d9c85dc78cb2b79c07864831f702cf,throw,complete,False,bbox_inertia,open_mesh,
5c7fc070c1369c3445e0d18d89f8dedba3e05e15,throw pillow,complete,False,bbox_inertia,open_mesh,
5c88f6ea56161cf39bc50d4567989b5ccad73302,cabinet,complete,False,bbox_inertia,open_mesh,
5c8e3916350ace42d01695e859d3ecab3ada2934,desk,complete,False,bbox_inertia,open_mesh,
5c9209213a1247e2f16d1e1a4de961b2db2816ba,barbecue,complete,False,bbox_inertia,open_mesh,
5c922a3bc4a55a054ef73cffa70f5bb860184203,basket,complete,False,bbox_inertia,open_mesh,
5c940d8739c60cac8873ca497a6c8246b7fbd4b5,wall art,complete,False,weld_or_static,open_mesh,
5ca55136a02d65316485a0faf571a7956b6b9d88,wall decor,complete,False,weld_or_static,open_mesh,
5ca9a18202d7cd7fe7568cc7ac588705b4ae4afa,kitchen cabinet,complete,False,bbox_inertia,open_mesh,
5cb98a508c3ea2b9caa345570799d2889d15e64c,"board game.n.01,chess",complete,False,bbox_inertia,open_mesh,
5cbddc4215af577a945d42dae708197b48a6a14e,bar stool,complete,False,bbox_inertia,open_mesh,
5ccfda649868756cd30117f266b1f0ef23024e9c,stool,complete,False,bbox_inertia,open_mesh,
5cd043b511e3f7031892d1fa56fe309d2896128a,car,complete,False,bbox_inertia,open_mesh,
5cd18d52a64052d113a58a5c72c4a7aadefd31f5,throw pillow,complete,False,bbox_inertia,open_mesh,
5cf09bd04dad3ded5492432460d45ee4eb51c13e,end table,complete,False,bbox_inertia,open_mesh,
5cf876c569c3225eab848d4269c7baa489f85014,armoire,complete,False,bbox_inertia,open_mesh,
5d007ea89720572a7ec3460109cb1b3eb1609791,kitchen island,complete,False,bbox_inertia,open_mesh,
5d05a4dc9951f8e15c8efb9f4cead8b8d9f87cfa,coffee table,complete,False,bbox_inertia,open_mesh,
5d05edb9a155aa16cd51594d548402a418d20539,wall art,complete,False,weld_or_static,open_mesh,
5d0944b20cce762f51ee009280948128e235547d,wall art,complete,False,weld_or_static,open_mesh,
5d0b548f3bc5232b8ec0481057154e816ec61567,rug,complete,False,bbox_inertia,open_mesh,
5d12fb4282b751cbfb9388ee513d724f10e91750,showerhead,complete,False,bbox_inertia,open_mesh,
5d17a71502e7a27602e8755574b2d4588a352662,throw pillow,complete,False,bbox_inertia,open_mesh,
5d17aa915ff1256757bfca9353609ade8f21e6ea,desk,complete,False,bbox_inertia,open_mesh,
5d18d5b98d3bc4f4e6d01768c942596e9c30ad0b,nightstand,complete,False,bbox_inertia,open_mesh,
5d18f79ad4ea81c35d781bd9acd29bd7e532c41f,ball,complete,False,bbox_inertia,open_mesh,
5d1cede6d6501772f7508011931ba891eacba346,table lamp,complete,False,bbox_inertia,open_mesh,
5d1f718ed51e63cdf4d69617f849e10ad36f9b97,cup,complete,False,bbox_inertia,open_mesh,
5d21ea3e7e66c57b22608a848317d807dbde3c3a,vase,complete,False,bbox_inertia,open_mesh,
5d245a16aac5f3dc127e696a75fc04917c1f93eb,desk,complete,False,bbox_inertia,open_mesh,
5d25e1002786f30a59058bf930b5c0a27f7ca0ba,dining table,complete,False,bbox_inertia,open_mesh,
5d2ba81f82af07ce98864f2fece4c6f02db2eb93,towel rack,complete,False,bbox_inertia,open_mesh,
5d31ccaea7b1f7baf7fb8b5c3d4b4e87c1e9865a,printer,complete,False,bbox_inertia,open_mesh,
5d337cc247d287cf180c19043cf65d2986c43a26,laptop,complete,False,bbox_inertia,open_mesh,
5d38137d723d060229e1d2db1a1c1338fb9cab21,hamper,complete,False,bbox_inertia,open_mesh,
5d38f9d6127aaf9819637d58b67dc6d23fb6ad85,ottoman,complete,False,bbox_inertia,open_mesh,
5d4c5918e8f7d301d36d21970d18786716dbbb1d,wall art,complete,False,weld_or_static,open_mesh,
5d5453033c113346a3052e97dff626f670327b59,wall art,complete,False,weld_or_static,open_mesh,
5d5ba7d8285d9b9652f7f0f0208914e6028fcde7,wall mirror,complete,False,weld_or_static,open_mesh,
5d63d3be3c5909a89619bcb7a2a68c445125b4b0,pendant lamp,complete,False,weld_or_static,open_mesh,
5d6e6cef334dc4c12bf73637d8f3cbaf844ed4f5,wall art,complete,False,weld_or_static,open_mesh,
5d70cc76c99acee4513ec5f7fad497d2baebca9e,dining table,complete,False,bbox_inertia,open_mesh,
5d757779f5f3631a3a9bff094998f739e98329a1,pendant lamp,complete,False,weld_or_static,open_mesh,
5d77eeaa7a16e02ef64e3ce74893768cc8389aed,sofa,complete,False,bbox_inertia,open_mesh,
5d80ddbf1af7672994107dd392ffdf5c8c014e3e,wall art,complete,False,weld_or_static,open_mesh,
5d86773c65693756dfc04f93fe8fe4d8531542d0,picture frame,complete,False,weld_or_static,open_mesh|center_of_mass_out_of_bounds|inertia_not_positive_definite,
5d87e9a3262d0963961d3fe6e71596304e6729d3,potted plant,complete,False,bbox_inertia,open_mesh,
5d980678b55f839110bfa094cc095571896f79cc,desk,complete,False,bbox_inertia,open_mesh,
5d9b5550007cd90910a97c826ab866bb16ba8a4e,throw pillow,complete,False,bbox_inertia,open_mesh,
5d9d99d5281840568022132ae37ac8bb3420fff8,wall mirror,complete,False,weld_or_static,open_mesh,
5da378a4593363b059ce3c7e5b4ccacad82a08b0,showerhead,complete,False,bbox_inertia,open_mesh,
5da5f3f5d0327f6cdac3f1ee3e8a5cee12cc5476,wall art,complete,False,weld_or_static,open_mesh,
5daef17352f94d2a0b201842ddd53b43a72930c4,bookcase,complete,False,bbox_inertia,open_mesh,
5db81dc1913d48c0d5c10fb720beb222bfbc2a40,bench,complete,False,bbox_inertia,open_mesh|center_of_mass_out_of_bounds|inertia_not_positive_definite,
5dbd3d6e061ae2af0c81af2025304d6cf6dcba58,sink cabinet,complete,False,bbox_inertia,open_mesh|inertia_not_positive_definite,
5dc302eb450daaddccd7a07abd6ec76a5bab0d57,railing,complete,False,bbox_inertia,open_mesh,
5dc40ae3eeb5fbd9c901ba3bae7f6e4647614c81,chest of drawers,complete,False,bbox_inertia,open_mesh,
5dc4a6783c96d68da449ead5a92f9055fd3e8169,wall decor,complete,False,weld_or_static,open_mesh,
5dce7508b43c39e7dba018156a05a29483bff5f7,beanbag chair,complete,False,bbox_inertia,open_mesh,
5dd163c10ad18f02392935bac6fb31738507f9a7,tv stand,complete,False,bbox_inertia,open_mesh,
5dd6806c8bebc646c1e8467dd3c59b572d9f07af,fireplace,complete,False,bbox_inertia,open_mesh,
5dd8390c22a92ae3613788ab5ab7f71ea0d39f91,rug,complete,False,bbox_inertia,open_mesh,
5dde03e5a2f1091852f0225d4f162cc134f996a5,"toilet brush.n.01,toilet brush holder",complete,False,bbox_inertia,open_mesh,
5de0292f8242662e601a8d168a360eca274b0dd3,wall art,complete,False,weld_or_static,open_mesh,
5de840e0dbacebbce6b2686706e4e5acc55c8e78,bottle,complete,False,bbox_inertia,open_mesh,
5df3f374065c80dd37a15f2cd1a4ebdf2222c0e8,socket,complete,False,bbox_inertia,open_mesh,
5dff8be3135e0d2bdc0c7308ddcd229d71a5c2af,place mat,complete,False,bbox_inertia,open_mesh,
5e00f617b8622dc951953c2f1df53b46de9ebacd,footstool,complete,False,bbox_inertia,open_mesh,
5e0c57c89718bf9f8859b6181978d150aed749ca,sofa,complete,False,bbox_inertia,open_mesh,
5e19cedd75f0bd34807b6ec0d258fa59daaac602,easel,complete,False,bbox_inertia,open_mesh,
5e1ca8d31450af5d4fd58bd5b3537cf00636df7c,exercise bike,complete,False,bbox_inertia,open_mesh,
5e1d54b57efb45a79f7479379f2f32b9aa902c06,chair,complete,False,bbox_inertia,open_mesh,
5e33b625f45049a972f105ce18710e62a74f6b62,desk,complete,False,bbox_inertia,open_mesh,
5e3913aa1512ac10e898f47a32550927e24bb98f,table lamp,complete,False,bbox_inertia,open_mesh,
5e40072a0404a68d831451c0e4fd10ed924d55b6,wall art,complete,False,weld_or_static,open_mesh,
5e46ca1147b62d3bf2a28fda8ed85bbd834a796f,coffee maker,complete,False,bbox_inertia,open_mesh,
5e4dc96bd21164fb491cc34e6352b6bcd442cd22,bookcase,complete,False,bbox_inertia,open_mesh,
5e4ec54ebe33776ef7fe4f8f8a1529a0b0395ac6,buffet,complete,False,bbox_inertia,open_mesh,
5e57d965401fa3e4f8a4691ba4070c7c035274af,kitchen island,complete,False,bbox_inertia,open_mesh,
5e5a5f3bac797d41019e16c379cede504780abd7,swivel chair,complete,False,bbox_inertia,open_mesh,
5e5baebc2a8a07d20204e1399caffecdf28003f9,wall art,complete,False,weld_or_static,open_mesh,
5e5e9b3a4af489ae0e2844a27ff182856c37ac48,nightstand,complete,False,bbox_inertia,open_mesh,
5e5f3630d6cc9b7820e7b210c3d293752c77f00b,wall mounted screen,complete,False,bbox_inertia,open_mesh,
5e60836dcd1cda51a634fc116b9d86eaf884cd28,kitchen cabinet,complete,False,bbox_inertia,open_mesh,
5e72623c1e3999e0fab6656621f8f6b23879a5a1,king bed,complete,False,bbox_inertia,open_mesh,
5e74de078d0d0bd18ecb9f41feb1fd2aef42d478,armoire,complete,False,bbox_inertia,open_mesh,
5e75bef71674b8e94b1982708f6a87bc7969ed8a,sofa,complete,False,bbox_inertia,open_mesh,
5e94fcf4ab486de2335ad1a56491c81e9de58e6e,cafeteria tray,complete,False,bbox_inertia,open_mesh,
5e979ace7580ebbf7ffda422197ad9300a2a296e,wall art,complete,False,weld_or_static,open_mesh,
5e9c2a30f76dc41f48fe8903ead4fd83f48ca238,pendant lamp,complete,False,weld_or_static,open_mesh,
5e9d4d4d61e99ba9604ea74dbab640f487771502,wall art,complete,False,weld_or_static,open_mesh,
5e9f09f8e10bd1f8ef10d6aa9c5577eac517e380,chair,complete,False,bbox_inertia,open_mesh|degenerate_faces,
5e9f35e36fe56f3d9bc75504b2ed6bbb23eb38ca,showerhead,complete,False,bbox_inertia,open_mesh,
5e9f534afdf4b6db4718178067feb747776b3112,table lamp,complete,False,bbox_inertia,open_mesh,
5ea525c561673e4cafe67c649f9270d2e9c2025b,potted plant,complete,False,bbox_inertia,open_mesh|center_of_mass_out_of_bounds|inertia_not_positive_definite,
5eb19b386f796a5410f100774f4fc6ccbbef2c3c,wall lamp,complete,False,weld_or_static,open_mesh,
5eb42a35807a8bbed1d23791d8425e762a35167d,wall decor,complete,False,weld_or_static,open_mesh,
5ecaf2106bca06f942efccc19dadbee6d2ecf723,weight,complete,False,bbox_inertia,open_mesh,
5ecafa8ac08ee2c7782e7e27caf20bcfecd85a00,wall art,complete,False,weld_or_static,open_mesh,
5ece3ffd87ad47ae85dd04c925cc63f9760e6b7f,wall mirror,complete,False,weld_or_static,open_mesh,
5ece73ced671e546797c2337876708b76f15daa4,wall art,complete,False,weld_or_static,open_mesh,
5ed089b1d9661c17f95919c22a3c2f39fb42b409,wall mirror,complete,False,weld_or_static,open_mesh,
5ed3a1eea7afd4823307ab713540e935af6a47fa,chair,complete,False,bbox_inertia,open_mesh,
5ed695b237e7c7fc93ad95cdeac30d3a0dd8e418,blackboard,complete,False,bbox_inertia,open_mesh,
5edc641b8db2a60537eae7825e3f00b06a957bb5,wall art,complete,False,weld_or_static,open_mesh,
5edd7ceb12f9a944579aed46e2a20f3af01a1cb3,ceiling lamp,complete,False,weld_or_static,open_mesh,
5edd951f5377becae36ad4c35e919f6d3a6b3da9,chest of drawers,complete,False,bbox_inertia,open_mesh,
5ee88522c5f6f1723c413f3ba4b485602d3ed861,wall mirror,complete,False,weld_or_static,open_mesh,
5eebfafcf25a6da63b897e2823701d1ba9e10695,window curtain,complete,False,weld_or_static,open_mesh|center_of_mass_out_of_bounds|inertia_not_positive_definite,
5ef3aefc0163cdab3a805b1adac07c0ae89af7d2,table mirror,complete,False,bbox_inertia,open_mesh,
5ef3df1260100684539430af5516997bb8b6c240,club chair,complete,False,bbox_inertia,open_mesh,
5efaa6062b1262ea0b978b327e281ceb1600ad19,storage box,complete,False,bbox_inertia,open_mesh,
5f074f91cc2ce2a4d5a62e6cce77c435e5dbf457,sink cabinet,complete,False,bbox_inertia,open_mesh,
5f1030c8e1c04c7a9a4c93ea7c3b8804eb6b174a,loudspeaker,complete,False,bbox_inertia,open_mesh,
5f14f2ce115a06697103cebfb005888f89a7ac0e,cocktail shaker,complete,False,bbox_inertia,open_mesh,
5f1ba5121c4df5897880f1a5dccaa10b844c0461,wall art,complete,False,weld_or_static,open_mesh,
5f1c51116d658b454806329a7be495f18190e7d1,wardrobe,complete,False,bbox_inertia,open_mesh,
5f26183699791b31e183382d57e16b75c101f095,wall art,complete,False,weld_or_static,open_mesh,
5f27a5439c763328e9addc223ecaaf2d61115a1f,desk,complete,False,bbox_inertia,open_mesh,
5f28840100bba10d7ccfdcd48dd9c1244dac35ea,swivel chair,complete,False,bbox_inertia,open_mesh,
5f2d27e98b7ea385ed2b50519926a23cbbfb96fc,throw pillow,complete,False,bbox_inertia,open_mesh,
5f321f5027ae0e5bd43d89332d4a0de11f17a474,rug,complete,False,bbox_inertia,open_mesh,
5f333db79d970c5feeb7faee4cea5c6cd64915f5,chest of drawers,complete,False,bbox_inertia,open_mesh,
5f34e1ae8f020d7a28f64be25be86939c7de4c98,rug,complete,False,bbox_inertia,open_mesh,
5f34ecd96bc47d523bc77ef89369819e7d697fb5,bench,complete,False,bbox_inertia,open_mesh,
5f35fba809dd9b4c06e20515b4ebb56afb66d461,trellis,complete,False,bbox_inertia,open_mesh,
5f3fabe65fda413b4b09c50b88c61de544a956cb,potted plant,complete,False,bbox_inertia,open_mesh|center_of_mass_out_of_bounds|inertia_not_positive_definite,
5f414e6759858beb19086b77e40b260e0a700eff,chair,complete,False,bbox_inertia,open_mesh,
5f4166444c858ace2ff8cafd7907d68bce88e88b,ashcan,complete,False,bbox_inertia,open_mesh,
5f428b87909322cf5eccf59dbc80db6e718bc73f,throw pillow,complete,False,bbox_inertia,open_mesh,
5f42b2ef37446d00652bccc1fea78258518a807e,ashcan,complete,False,bbox_inertia,open_mesh,
5f436be29314cec131bdedaea822e70dcb7a7891,toilet,complete,False,bbox_inertia,open_mesh,
5f4966127a47ae7ad2e7d51794c3bf3d04ae06a9,chandelier,complete,False,weld_or_static,open_mesh,
5f4a14a4e5bc2feb7388b5d18d63350c38600f29,car,complete,False,bbox_inertia,open_mesh,
5f536d71fbf6436825a138615e105b551a2278e6,rug,complete,False,bbox_inertia,open_mesh,
5f583b3f62d67e33fa89d793c04bfcd87745c696,tv stand,complete,False,bbox_inertia,open_mesh,
5f5be131893cc49b863460b5f4edc1b4f655ac0a,wall decor,complete,False,weld_or_static,open_mesh,
5f6564ee5d1e8026846204b071361369f669855c,wall art,complete,False,weld_or_static,open_mesh,
5f68dcc918e4cf3adeb9e7456d385e5a8411c748,"candlestick.n.01,candle",complete,False,bbox_inertia,open_mesh,
5f69ef2c2bec797e5b95725e81ae417798ea7df5,sofa,complete,False,bbox_inertia,open_mesh,
5f6a4838d0a38ea05e11952bdd767cec0a1a375a,wall hook rack,complete,False,weld_or_static,open_mesh,
5f7fe56c41db43b1673d70acd0079e9a7ad9c3eb,nightstand,complete,False,bbox_inertia,open_mesh,
5f80518cbdbc6eebae9cb0c7348e593123cd632b,armchair,complete,False,bbox_inertia,open_mesh,
5f83bf65164f100a15060c534561322571dcbf6e,refrigerator,complete,False,bbox_inertia,open_mesh,
5f8513890116c03390485628eaef563b4ee15e7a,bookcase,complete,False,bbox_inertia,open_mesh,
5f966e6ab9f90b0115e5f0f6b842c229049a4f12,console table,complete,False,bbox_inertia,open_mesh,
5fa7a8a4f5cbb51e7e71b003a49a0ce8309603ec,ceiling lamp,complete,False,weld_or_static,open_mesh,
5fa9eb631ea0ea89463b1c7b36ad8537310903fb,table,complete,False,bbox_inertia,open_mesh,
5faa380d76943834db056af31a00b92a71774873,buffet,complete,False,bbox_inertia,open_mesh,
5fabf1cc86b517a3f64445d929b749eb6b7a71d4,pendant lamp,complete,False,weld_or_static,open_mesh,
5faf4424aa60c7cc0c6bbb85393386a745084935,gift box,complete,False,bbox_inertia,open_mesh,
5fc90748ff220084949fb755a56e4e497b777e47,desk,complete,False,bbox_inertia,open_mesh,
5fceb2fb536a5a9cedeeedad2226d1856615f95d,trunk,complete,False,bbox_inertia,open_mesh,
5fd20a6033b0843026268435ff3a207af65252a7,wall art,complete,False,weld_or_static,open_mesh,
5fd64b4e51109cf522a6379c10f77731043b5b9e,wall art,complete,False,weld_or_static,open_mesh,
5fd9d34de9562a5891fe0657010d6c7777438db8,vase,complete,False,bbox_inertia,open_mesh,
5fdbf4be188692d133ea1f516bc391599d4959b5,cafeteria tray,complete,False,bbox_inertia,open_mesh,
5fe15ef90630a9f6f53042e18f4f9c9d54f0cb87,picture frame,complete,False,weld_or_static,open_mesh|inertia_not_positive_definite,
5fe6a9bac38c96c5feb6f53b3566a4af3873b217,pendant lamp,complete,False,weld_or_static,open_mesh,
5ff7838157b7206c9bb05de8368f298f8c1f137e,dining table,complete,False,bbox_inertia,open_mesh,
5ffe18745d6137c24fa7a1595e5dc279f36f20b0,sofa,complete,False,bbox_inertia,open_mesh,
600dcd8882cb8b65c85c26eb116ff94bf32259c2,wall clock,complete,False,weld_or_static,open_mesh,
600f827f9229b66753f89df9c39ba5a25e14e81f,wall art,complete,False,weld_or_static,open_mesh,
60152d95a146a73e7b1162c478aabbfc30b66e20,l-shaped couch,complete,False,bbox_inertia,open_mesh,
601a212bc426dbd40ad70abcd4115b9ac8a138fb,sofa,complete,False,bbox_inertia,open_mesh,
601e06031a82a352707c424410da8f05a40718ae,table lamp,complete,False,bbox_inertia,open_mesh,
6027f970cc47e7331043cc22d87f191757557e8f,"shoe rack.n.01,cabinet",complete,False,bbox_inertia,open_mesh,
602cdcd92744d0f17ced70fadc44d7c3fe25c831,desk,complete,False,bbox_inertia,open_mesh,
602e95402b712af5ac6273ce4d2d2e6f57229516,armoire,complete,False,bbox_inertia,open_mesh,
60309561378ae70a2ce226cd23fad2a270102b9a,mobile,complete,False,bbox_inertia,open_mesh,
60347b173896dfa4f431afc166ab594c0ca3fa10,throw pillow,complete,False,bbox_inertia,open_mesh,
603b09aa2b4e2fff40df955b9284e3112a69d626,rug,complete,False,bbox_inertia,open_mesh,
603f3c3ed9520526444c3dee134cfd36b7167a29,potted plant,complete,False,bbox_inertia,open_mesh,
6041feb52ab3d75dd98a4821c88d6fd20bb2bcca,sofa,complete,False,bbox_inertia,open_mesh,
6042abfa29876cc7c46256c26113b50a2837fde9,sink cabinet,complete,False,bbox_inertia,open_mesh,
604d1de95fd7679a9d65621606f7ca00fbfd6353,wall mirror,complete,False,weld_or_static,open_mesh,
604ee133d2f5f6b2adc45bb2e886b7459022a5c3,console table,complete,False,bbox_inertia,open_mesh,
605aab959303972a631d103fe72d6853ff85b3c3,sink cabinet,complete,False,bbox_inertia,open_mesh,
6063808feece6cbbd3b73573c09ed5708254d553,end table,complete,False,bbox_inertia,open_mesh,
60694c8715acc814e456629b6a2861b840ae5ffb,throw pillow,complete,False,bbox_inertia,open_mesh,
6080df7153f97f366103de351edc81e7f0c38594,exercise bike,complete,False,bbox_inertia,open_mesh,
6081fbc49d69b0c9dc9625fc31a33cbef490d98a,tv stand,complete,False,bbox_inertia,open_mesh,
6083fc33d8da457a480b184a45a4a7b13ced80bc,armchair,complete,False,bbox_inertia,open_mesh,
608577155f76757dc03f1438ab73a7e7b8076107,wall art,complete,False,weld_or_static,open_mesh,
609530b858465d9795ac43ba435fdd5f12d95956,chest of drawers,complete,False,bbox_inertia,open_mesh,
609af80af4fb45e772a2109a7a4876b73601fb6b,"bar stool.n.01,chair",complete,False,bbox_inertia,open_mesh,
60c07e6052b7767a55e04b35bfc1c7b48b2f6251,table lamp,complete,False,bbox_inertia,open_mesh,
60ca191abdd4d03733365c6ba4494275aeef9862,pepper mill,complete,False,bbox_inertia,open_mesh,
60ccfe2f58e641a94863384fca667734dac62dec,ceiling lamp,complete,False,weld_or_static,open_mesh,
60cd29ad4e6dcb4a8a79f7a85ba52ec6b2a18134,wall art,complete,False,weld_or_static,open_mesh,
60dfb4adf3e80042ca0a6d50fd3d012a75e3f8eb,towel rack,complete,False,bbox_inertia,open_mesh,
60dfc9911a7efd8e1d9e29f47b1e85037ea4c402,pool table,complete,False,bbox_inertia,open_mesh|degenerate_faces,
60e00410f446ce98b18ef4dfc016813cb9e0e7ce,throw pillow,complete,False,bbox_inertia,open_mesh,
60e5ba61ecf4d85bd5bcb59525a43bfeb12fc2cf,sofa,complete,False,bbox_inertia,open_mesh,
60e8b55e3caf20f3818e2c02e9470dd9a1fd85c8,wall art,complete,False,weld_or_static,open_mesh,
60eeaf00f44996e4267891f5235c23ac456a259f,table lamp,complete,False,bbox_inertia,open_mesh,
60f431dd4bffae5ec192ff0eedf0004819734ed8,ceiling lamp,complete,False,weld_or_static,open_mesh,
61007b6969cbb58fbff8f8af738c834c40e67de0,wardrobe,complete,False,bbox_inertia,open_mesh,
6104e37a1219482decc460649749ff0d3c48ef58,wall art,complete,False,weld_or_static,open_mesh,
610b7e66197c5b75f12419bb78f3843497652844,"bar stool.n.01,chair",complete,False,bbox_inertia,open_mesh,
61101530e4fb283b396e920843780d392b76947a,tv stand,complete,False,bbox_inertia,open_mesh|degenerate_faces,
6117d5d99931f10fb6bfb98f00ed90c4e5a0a392,bar stool,complete,False,bbox_inertia,open_mesh,
611d69ee5e8383e70431f634f63f9682861eb2a8,car,complete,False,bbox_inertia,open_mesh,
611fc9b02118a2cfa0ce1b83b723062a4e6de291,sink stand,complete,False,bbox_inertia,open_mesh,
6129e31b42a1de28bc7a51eca9b8dce12f65dd2f,footstool,complete,False,bbox_inertia,open_mesh,
612bad3062fe5746cd37ab56be5cd9e855d6f523,potted plant,complete,False,bbox_inertia,open_mesh|inertia_not_positive_definite,
612bd96482db881c089aa26e4a5a3c34ed702955,bar stool,complete,False,bbox_inertia,open_mesh,
612e0bd50f087b6efad23d786946f26d5fb48519,wall art,complete,False,weld_or_static,open_mesh,
61304cfe7c7c7c57463ac6297b6e02cf622cbf75,laptop,complete,False,bbox_inertia,open_mesh,
6134146c932085fc58a0896938860cb09fd8722a,wall clock,complete,False,weld_or_static,open_mesh,
6138015961a07fdb61e305525c4789a8fa32ca6b,sofa,complete,False,bbox_inertia,open_mesh,
613ba909e59984d3a908ec4b52344bcd689fa79b,easy chair,complete,False,bbox_inertia,open_mesh|center_of_mass_out_of_bounds|inertia_not_positive_definite,
614f9fa85b5783baed560a3123dec8e7deaffa2c,nightstand,complete,False,bbox_inertia,open_mesh,
6152354f6498a5bea31b40f720f2cbff10634608,vase,complete,False,bbox_inertia,open_mesh,
61568b4470f56752bb9e7eddad83f5c12d1dbc75,crate,complete,False,bbox_inertia,open_mesh,
61569bcef294f7cffb9ad1a8d99ac6bfee565aa1,barbecue,complete,False,bbox_inertia,open_mesh,
6169840e73fb82fbbbfe8c050e0bb5ae916876a3,cafeteria tray,complete,False,bbox_inertia,open_mesh,
616d758b541907b6dad07d783fb67d0980c201f3,seat cushion,complete,False,bbox_inertia,open_mesh,
617078930b5c5ca4ac705910323e66e7c5cc10eb,hammock,complete,False,bbox_inertia,open_mesh,
61877e9cc3c98d77503ae8c3e051b82b5e447235,string lights,complete,False,bbox_inertia,open_mesh,
619269b259a849e647ef885f13642dab1060a380,throw pillow,complete,False,bbox_inertia,open_mesh,
61942d8b26f0cfa5591274e562baf4835835e07a,window curtain,complete,False,weld_or_static,open_mesh|center_of_mass_out_of_bounds|inertia_not_positive_definite,
6197fa66ccac952ba8d6877e095253b3de039dfa,sofa,complete,False,bbox_inertia,open_mesh,
61a1525254f3291b782a61fea7de89a325bcf902,kitchen scale,complete,False,bbox_inertia,open_mesh,
61ad95ab5d6553cb5849188e5782ee6cb8979dc5,swivel chair,complete,False,bbox_inertia,open_mesh,
61b7e0c146d96af9f7797645782c22a7ea0339dc,end table,complete,False,bbox_inertia,open_mesh,
61bb33a7ffa08bce73405ebe7c6d931ae6c6b2d3,bolster,complete,False,bbox_inertia,open_mesh,
61cc1458c209d1bf2dc22e0334b8b5ca61b93138,firepit,complete,False,bbox_inertia,open_mesh,
61d4155613cdff2e36558a2c210452232eea676f,chest of drawers,complete,False,bbox_inertia,open_mesh,
61d9ae3206c84ca47cf0f4df598e6f1339bd1879,shopping bag,complete,False,bbox_inertia,open_mesh,
61da788a7fd67fe1a1bf270e16f458caadb0225e,tv stand,complete,False,bbox_inertia,open_mesh|degenerate_faces,
61e586b950726f7e08b661aa192b5661017feca1,rug,complete,False,bbox_inertia,open_mesh,
61f1a1e2f7bb45edc46968d3d555a2060c33da84,nightstand,complete,False,bbox_inertia,open_mesh,
61f3076a83aee8bb3003538da5b94e1e01b1363e,console table,complete,False,bbox_inertia,open_mesh,
61f87ebad1e71dae6ffbab51bb6a5ffc27971a30,floor lamp,complete,False,bbox_inertia,open_mesh|inertia_not_positive_definite,
61fbaa9876adb0eba1b8dab740ff6a7cd648c214,"candlestick.n.01,candle",complete,False,bbox_inertia,open_mesh,
61fe3dcea2c3d03b301ce46af9d8dcc1962c90d2,wall lamp,complete,False,weld_or_static,open_mesh,
61ffc73eacfc004411de4ae353a12f5231b4830f,wall mounted screen,complete,False,bbox_inertia,open_mesh|center_of_mass_out_of_bounds,
620aac904b075417a57a155ba2b43268ea5a3464,pendant lamp,complete,False,weld_or_static,open_mesh,
620fe798324b52569ea8cc0101a35a7b2464a405,nightstand,complete,False,bbox_inertia,open_mesh,
6211b2de71e34c290554c50bd83d42e2a2563a3c,sculpture,complete,False,bbox_inertia,open_mesh,
6214d6d9a276be3c2a008b9a65587da93bd57c90,end table,complete,False,bbox_inertia,open_mesh,
6219ef05f4a7b56419749e45a45143df8af44495,sink cabinet,complete,False,bbox_inertia,open_mesh,
621a31ce06642e8fbb67c8376547a9aabae4cbb1,armchair,complete,False,bbox_inertia,open_mesh,
621cce44da2188f7952227253716c2748437fb86,throw pillow,complete,False,bbox_inertia,open_mesh,
6221ee6c569f2cd1a50820d74366201dd82b9e13,throw pillow,complete,False,bbox_inertia,open_mesh,
622cffd07510979a13e8ad163d474512eff41c17,bookcase,complete,False,bbox_inertia,open_mesh,
622f74d682e7ffa33598568e362f5a0d3cd8a144,armoire,complete,False,bbox_inertia,open_mesh,
623280d0d053e06083d120f051630aaf2cc0b5a8,wall art,complete,False,weld_or_static,open_mesh,
6234b80bc5581c92a7bcf8d016e32b9cb5f0bba5,wall art,complete,False,weld_or_static,open_mesh,
6241c65ea47da414d009f1bb77921dbbad78ca84,buffet,complete,False,bbox_inertia,open_mesh,
624582512f10cf3295b68b658ba624352107f9c6,dining table,complete,False,bbox_inertia,open_mesh,
6245f5e99598a8f6fe3be8f0f8fb932271f3fa92,swivel chair,complete,False,bbox_inertia,open_mesh,
6250e13488dff1114596ae91796c8f99242bfd3e,rug,complete,False,bbox_inertia,open_mesh,
625f9cad5f07701e057a15bcbd7b1f2e5f293fce,beanbag chair,complete,False,bbox_inertia,open_mesh,
6267aeaf1c9312e3d756923ede63c52c074ce307,throw pillow,complete,False,bbox_inertia,open_mesh,
6269df1de39251aa96c7c169b3a991ab8e5b393c,bench,complete,False,bbox_inertia,open_mesh,
626af6d1f26dc84369a1c192c6da465dd85aae08,hanging cabinet,complete,False,bbox_inertia,open_mesh,
6273fa1285d1deb24ede0d0f238ab7f12504588e,wall art,complete,False,weld_or_static,open_mesh,
627c9722ca7b580d6d008d21aa723a8349e245d4,floor lamp,complete,False,bbox_inertia,open_mesh,
627f6d8c866dbc6bc18335c3aa197b1d2f73c4b7,rug,complete,False,bbox_inertia,open_mesh,
6287edb34ed3a99e28abce790ed36330f23abef6,pool table,complete,False,bbox_inertia,open_mesh|center_of_mass_out_of_bounds|inertia_not_positive_definite,
628d0c20a57798970b7e965946a7bd28267eb3bb,buffet,complete,False,bbox_inertia,open_mesh,
62a74828d10b53f8d47e0b260cd8911ab42df32f,table,complete,False,bbox_inertia,open_mesh,
62a760c87eede6f17cd28daa5e0ff4ed7510e02f,sink,complete,False,bbox_inertia,open_mesh,
62a7ea7ff81602de2396eb5aa7e7b30cfa7e15b7,easy chair,complete,False,bbox_inertia,open_mesh,
62bcfd5097d187e4cbb9ea05a0fa79eeb1371bf1,desk,complete,False,bbox_inertia,open_mesh,
62c14562565ddf8e5cb749f573be1c44aa146184,wall clock,complete,False,weld_or_static,open_mesh,
62c1924b0efa5d4b5f7c44d31a50e70480fe0056,bath mat,complete,False,bbox_inertia,open_mesh,
62cc51a43d548236440ebab41dec64f6eadd625b,loudspeaker,complete,False,bbox_inertia,open_mesh|degenerate_faces,
62d0c436c5c303f7692cab91e7e3d0d796ebd30b,exercise bike,complete,False,bbox_inertia,open_mesh,
62d55e8e7efe6ce69e32038835b652f1cb2e5491,rug,complete,False,bbox_inertia,open_mesh,
62d5b81040a4546e5fda73df2e6a9648eb6ceb52,desk,complete,False,bbox_inertia,open_mesh,
62e17098cd98d650bfdc58c89622e32eb1ded142,bookcase,complete,False,bbox_inertia,open_mesh,
62e423454431205954ab04ba1f8cf8293c986fd2,throw pillow,complete,False,bbox_inertia,open_mesh,
62ede454c2fbd6468f300f907c07b7d7725c79e2,wall art,complete,False,weld_or_static,open_mesh,
62f5c8f7ca165121fdf43d1de976052d537ae78b,floor mirror,complete,False,bbox_inertia,open_mesh,
62ffed7a9e04e1c710c0f0d5cc1c2144e67e6062,end table,complete,False,bbox_inertia,open_mesh|center_of_mass_out_of_bounds|inertia_not_positive_definite,
6305d9ce403689f0085d59aa72008c136ef8fa58,notebook,complete,False,bbox_inertia,open_mesh,
630c3e69c6ce46a560ff5ee4fc65e8b487adb2b8,beanbag chair,complete,False,bbox_inertia,open_mesh,
6312ba49648e2f52bd2226fa3e75a0a1d03798c3,showerhead,complete,False,bbox_inertia,open_mesh,
6315e81945ddae26263f13282cfe85ee36a86205,canister,complete,False,bbox_inertia,open_mesh,
6319836748d647739bf8f23c3dc3bcf58bd62753,wall lamp,complete,False,weld_or_static,open_mesh,
631cb0d88d5d4857f8633557910f5f6b68bbff48,lantern,complete,False,bbox_inertia,open_mesh,
6321b6d56d59d1298990434517ac65e2d93f5274,bottle,complete,False,bbox_inertia,open_mesh,
6327ba4a244492ad0b3389841220c16a577e6a4d,cup,complete,False,bbox_inertia,open_mesh,
632c81dd336ad689bf00f79ff84a7d806ea71d59,cabinet,complete,False,bbox_inertia,open_mesh|center_of_mass_out_of_bounds,
632cd14912025515d548618c85f1425952d61c92,"game table.n.01,chessboard",complete,False,bbox_inertia,open_mesh,
632f2039f29e055236433f96d866523bf457d3c1,rug,complete,False,bbox_inertia,open_mesh,
633b50d9078e02c4df152f2c0faefbdf9c8a53ba,console table,complete,False,bbox_inertia,open_mesh|degenerate_faces,
6342bb30597f40b7df8b207282df821a2ec22ca8,refrigerator,complete,False,bbox_inertia,open_mesh,
634c2c24ba86aa2d543ab13c586cd37465f4283c,window curtain,complete,False,weld_or_static,open_mesh,
6352062ae6b416e3502bffc1c720461a99e344c0,plaything,complete,False,bbox_inertia,open_mesh,
63533629d8f38773c2ee248f26f201f800f3c33f,weight,complete,False,bbox_inertia,open_mesh,
635ab59d7907b0ad6234fd5b7f0e58e7726cac20,swivel chair,complete,False,bbox_inertia,open_mesh,
635bceb4a499d516dd46ddc235705afc05b5c3d9,hamper,complete,False,bbox_inertia,open_mesh,
6361984802efa59ed8b1b2bafc2ca9aa91d4fe8e,carafe,complete,False,bbox_inertia,open_mesh,
6369aca80e8c22933f73bd3019dca18645ea6e84,table,complete,False,bbox_inertia,open_mesh,
636ddd94be40cd31c3ec7bf02001078633299ef7,railing,complete,False,bbox_inertia,open_mesh,
63740d2a11b7ceaac7877b2cfdc12fb448983dae,pendant lamp,complete,False,weld_or_static,open_mesh,
637478eff62869451b048d388f7d87098e11130a,swivel chair,complete,False,bbox_inertia,open_mesh,
63856a9cf7cec35bce1dad15d3c0f3597d1fbcdb,end table,complete,False,bbox_inertia,open_mesh,
6386fffd6df3a42edd6e0a3567425d58ef5455a4,buffet,complete,False,bbox_inertia,open_mesh,
6390cbe813d8715d580974eaeb12cc14716ae9bd,wall art,complete,False,weld_or_static,open_mesh,
63989c8da65d2727a9e62aba3ba13fb6d1bf9254,wall art,complete,False,weld_or_static,open_mesh,
639bae33279d2b744e90f3522b3971e2908a2e31,potted plant,complete,False,bbox_inertia,open_mesh|center_of_mass_out_of_bounds|inertia_not_positive_definite,
63b16a062c0aa5c766bacc3a673d1e6a8ef79175,wall art,complete,False,weld_or_static,open_mesh,
63b7d75b724e079aab99030084f0eae1b43b7498,tv stand,complete,False,bbox_inertia,open_mesh,
63c15089e82c4b7cb156beb3f41f62263ba4a980,wall mounted screen,complete,False,bbox_inertia,open_mesh,
63c2ea5b388948f5c2625defb37dfd03f9dcecf5,nightstand,complete,False,bbox_inertia,open_mesh,
63d03b26ed65c9853dbf551d360f5d9ed7185e8b,flower in vase,complete,False,bbox_inertia,open_mesh|invalid_volume|center_of_mass_out_of_bounds,
63d97dc54db949a43f84deb457c7b57a72103e36,stool,complete,False,bbox_inertia,open_mesh,
63dd9a7e838df51f290926f68159ee03419bac7d,table lamp,complete,False,bbox_inertia,open_mesh,
63e9b3439d5b8768cda71bafed20476f7690a89d,shelving,complete,False,bbox_inertia,open_mesh,
63edb1a346d8bc38bbc5e99b0356ab705549d113,armchair,complete,False,bbox_inertia,open_mesh|center_of_mass_out_of_bounds|inertia_not_positive_definite,
63fb5e8a8b1a611902d77c642e06215d668b347e,coffee table,complete,False,bbox_inertia,open_mesh,
63fb966ae8a96a526619aec4a5a45f81f589a787,desk,complete,False,bbox_inertia,open_mesh,
63fd7f5ddec3a3c4d98cf4be94c9206ae5a37a63,ceiling lamp,complete,False,weld_or_static,open_mesh,
63fdda1d91015a6cdab90f532154abbdb9d8b868,wall art,complete,False,weld_or_static,open_mesh|center_of_mass_out_of_bounds,
64070ceff1d42c909465e51ea0ae4c2be6469fba,desk,complete,False,bbox_inertia,open_mesh,
640d30dda21beb027ead68fa34626e8f11f7c971,footstool,complete,False,bbox_inertia,open_mesh,
6418a44fe0592c5036ad81baca4ab1f5b8300a3a,dining table,complete,False,bbox_inertia,open_mesh,
6432fc5ea07278c7008f2bf5718d3ca7e3eea6b3,window blind,complete,False,weld_or_static,open_mesh,
64399069cfdcb22744c05ed60d8ea7cba507d8a8,wall art,complete,False,weld_or_static,open_mesh,
6441c18aab2884608788795c231b96924c6e5523,vase,complete,False,bbox_inertia,open_mesh,
6442ae09bbe0dcb8e649cb3d7371b4a1124b124a,end table,complete,False,bbox_inertia,open_mesh,
644494768bb8a108f01e475e9bb0122105c833d2,trunk,complete,False,bbox_inertia,open_mesh,
6449c323d8a23151b0a1d79924494d143b398326,cabinet,complete,False,bbox_inertia,open_mesh,
644aecdd8cb3efa146aa57a77d6fe832d952d56e,wardrobe,complete,False,bbox_inertia,open_mesh,
644c2d1505103189b6ae49f5a58b97ed41202149,hanging cabinet,complete,False,bbox_inertia,open_mesh,
644ccc228309d0b05442beb776b656926946d6b1,rug,complete,False,bbox_inertia,open_mesh,
644e549184ef040788607a47088609a54db2ccff,ashcan,complete,False,bbox_inertia,open_mesh,
646144788153660717192cf8a799c12319e9d117,bread-bin,complete,False,bbox_inertia,open_mesh,
64710c62661a06f2bd68d49e5da3ffe9e81c6960,"drawer unit.n.01,file",complete,False,bbox_inertia,open_mesh,
647710e17089feed0c1bbca264aeca0722c0e6a8,wall mirror,complete,False,weld_or_static,open_mesh,
6477ab2b133a11b1ab2b3eea0214f2c1a1d31b89,coffee table,complete,False,bbox_inertia,open_mesh,
647b37525fb5214528260ec0fb59ef2347d68ce0,bowl,complete,False,bbox_inertia,open_mesh,
6493ae6dc7880ec876f2ba44e420f8e06ec24247,sofa,complete,False,bbox_inertia,open_mesh,
649be1e411a498bc8169918c661cb52da347051f,wall art,complete,False,weld_or_static,open_mesh,
649c34921d2d311e7d476bcc75217028ae867e2a,end table,complete,False,bbox_inertia,open_mesh,
64aba3a1103ed56eb2a2f51e74d9c8723c4a0002,plant,complete,False,bbox_inertia,open_mesh,
64abd6658956997ca546c00ebe1e369ffc9bffd4,kitchen cabinet,complete,False,bbox_inertia,open_mesh,
64b387fcf0526f774765aa8cec34754e707dacc2,guitar,complete,False,bbox_inertia,open_mesh,
64b9b1d3c8e1484f496fe8b0a566bb1a2d098e19,hanging cabinet,complete,False,bbox_inertia,open_mesh,
64d06634b4a1f893f50139031058ed812074a441,armchair,complete,False,bbox_inertia,open_mesh,
64d34b36f641bf4ed01b314b058ad997725cc4d0,shower faucet,complete,False,bbox_inertia,open_mesh,
64de4deefa01ccc241d8551b6dccd65d4eaa1cc4,picture frame,complete,False,weld_or_static,open_mesh,
64e2d1042601b7a4e99df206e73043e72e3dda87,potted plant,complete,False,bbox_inertia,open_mesh|center_of_mass_out_of_bounds|inertia_not_positive_definite,
64e73ca852efff52e03768163453a7a41e117f43,vase,complete,False,bbox_inertia,open_mesh,
64f63f10669ba4c9fa799e6f0b9aee5a0e122d77,bathtub,complete,False,bbox_inertia,open_mesh,
64f8399f2c8ae08777660f9181bcbad6ae364b1b,footstool,complete,False,bbox_inertia,open_mesh,
6502402525039b58cbeccba1add4fc43d9102010,sofa,complete,False,bbox_inertia,open_mesh,
650eafedcc551cb48130abb49b7343157db87f87,armchair,complete,False,bbox_inertia,open_mesh,
6511c3140f37ccb0742673ed34b3b189ceced758,throw pillow,complete,False,bbox_inertia,open_mesh,
6512c1a41478822f5a03a6b423d163f98e6bb816,coffee table,complete,False,bbox_inertia,open_mesh,
651fc361885a72d4c83553e3c0e85bb24026b4af,pet bed,complete,False,bbox_inertia,open_mesh,
652536faa9c5028ed8be69780c120af78c141968,bathtub,complete,False,bbox_inertia,open_mesh|degenerate_faces,
654154405bfa545135fbcb0781063d5803d08b5e,kitchen scale,complete,False,bbox_inertia,open_mesh,
6559f3e7b5325e7981d153d288fbb8e54659584a,thermos,complete,False,bbox_inertia,open_mesh,
65626013f583e84fbc528f4fd9760d34e25ce1d3,wall clock,complete,False,weld_or_static,open_mesh,
656d687e8bf2ca72458694ffdb8ac29b988ec468,throw pillow,complete,False,bbox_inertia,open_mesh,
65700067e9d72a8118decb2534719322e8520c4d,console table,complete,False,bbox_inertia,open_mesh,
65811209b60cbeb197a3b43d27239ec11f5d045e,sofa,complete,False,bbox_inertia,open_mesh,
65852d772a697b219758dfee66600a5d17829af6,rug,complete,False,bbox_inertia,open_mesh,
6587fc322953b9205dcc9610177f3fe3314e2b9a,colander,complete,False,bbox_inertia,open_mesh,
658cb8b6e6ec22d8252d8bba29c97a0a034f57da,wall art,complete,False,weld_or_static,open_mesh,
65a418ed96d1ba38f05feecf299e1db81b1587de,dining table,complete,False,bbox_inertia,open_mesh,
65a7263c49e050b733ccfac3208dca20e92498ab,bench,complete,False,bbox_inertia,open_mesh,
65c1fecf90feae53b5e9fe54ac93b795954082e0,armchair,complete,False,bbox_inertia,open_mesh,
65cb2d9695a98cc702771a5c6fb9b111c660648b,wall decor,complete,False,weld_or_static,open_mesh,
65cd781989f935391fc07009226cb99f7198b486,swivel chair,complete,False,bbox_inertia,open_mesh,
65cd80dfec6fc9c6388b93650247a18eb72a5f07,ottoman,complete,False,bbox_inertia,open_mesh,
65cdf84803b5acb58303b514f3346b66d8b58637,floor lamp,complete,False,bbox_inertia,open_mesh,
65d4cb7b229b173e66d4db1bb43b932bd8669aba,kitchen cabinet,complete,False,bbox_inertia,open_mesh,
65d4d43dfcce3d47efc6d5bbef4c82b6072cc0eb,chandelier,complete,False,weld_or_static,open_mesh,
65f0a42ff87fa8bca8f07a6135b757a28ddaa94f,hamper,complete,False,bbox_inertia,open_mesh,
65f7bee43fcb222850db45ae67e997889c559edb,nightstand,complete,False,bbox_inertia,open_mesh,
65f9d2ef6d9668f43cbd1f035e5887a0709e0c8d,coffee table,complete,False,bbox_inertia,open_mesh,
65fb1df06768c3ff40cf6cdefaaa91a5482a9f17,toilet,complete,False,bbox_inertia,open_mesh,
66028b1e91b3daca686e0b06468e2bf599ab6b71,wall art,complete,False,weld_or_static,open_mesh,
660f9e12e5f6d0bd18fd7374b276a648bda518d5,book,complete,False,bbox_inertia,open_mesh,
66204fa26b334068303591c4e31123030e7c434c,throw pillow,complete,False,bbox_inertia,open_mesh,
66226bcbcae0e12b6f500362899c9eb9dcec934d,wall art,complete,False,weld_or_static,open_mesh,
662cbe0a9cf8505bb866c725dcf289d934981f5a,throw pillow,complete,False,bbox_inertia,open_mesh,
662e1bf92a5ab76e1315a0b61e4dac71a49ac9ac,drawer unit,complete,False,bbox_inertia,open_mesh,
663607e0d75715f5386bd5906832c6e7e86c200f,window curtain,complete,False,weld_or_static,open_mesh,
6645795d9cf4ca5bc3bf469b82b99a2442fb8bee,wall art,complete,False,weld_or_static,open_mesh,
6646f46744931673631d1680de5fa0a334f174c9,nightstand,complete,False,bbox_inertia,open_mesh,
664b0b7e08d711a0462aea8be8463789fa091a26,curtain,complete,False,weld_or_static,open_mesh,
664c46f92990cf93271259e9da774e2a8f3d9b2d,"letter.n.02,wall decor",complete,False,weld_or_static,open_mesh,
664ff68fdac36182b35552ce02ab735f427e6683,potted plant,complete,False,bbox_inertia,open_mesh|center_of_mass_out_of_bounds|inertia_not_positive_definite,
66528997d9897c4643533b42e09d90141fd0d425,"bar stool.n.01,chair",complete,False,bbox_inertia,open_mesh,
6656fab678d3142e423ef59ce75c30e1cf5895cf,wall art,complete,False,weld_or_static,open_mesh,
66573a65b3adb00bd30d49b9c4dc691e77e14525,sofa,complete,False,bbox_inertia,open_mesh,
66602a70ec1d7612db667b49f530c85a87600b47,dining table,complete,False,bbox_inertia,open_mesh,
66659cc23c130c5188ae92e77ad732afeb00a525,table runner,complete,False,bbox_inertia,open_mesh,
6665a096a32c7930d07f1a99a8eed3dedfcf4806,cafeteria tray,complete,False,bbox_inertia,open_mesh,
6669c7a022adedd1469a3de2e91400b77d41e90c,throw,complete,False,bbox_inertia,open_mesh,
666f8db2b1c76350279f68e357d4b9703e351e7d,bar stool,complete,False,bbox_inertia,open_mesh,
6672ff8064a717269b149204bc248dd8462e3113,wall art,complete,False,weld_or_static,open_mesh,
667a4c469ed19f77edcd355e1b94dcf4d23d6fa2,wall shelf,complete,False,weld_or_static,open_mesh,
667a58a96b908e9b79a8db793352400d672970f2,wall art,complete,False,weld_or_static,open_mesh,
6685d70c46f4d002d0fc50c70a2f1d577cd173a0,chest of drawers,complete,False,bbox_inertia,open_mesh,
66971c63d2b4e3c6c42ec3563a66db522c2e8b93,chest of drawers,complete,False,bbox_inertia,open_mesh,
669b4d3206fe0f1410aeaa316e8b988f9f4bd2e7,chandelier,complete,False,weld_or_static,open_mesh,
669c954adf11204f9e88ea0190ad45bc9963c517,desk,complete,False,bbox_inertia,open_mesh,
66a282f7fe1bc21fd90a35a3f9623f193103b493,wall lamp,complete,False,weld_or_static,open_mesh,
66a6cc554a0621e18fef3216edf0079e3cd03958,fireplace,complete,False,bbox_inertia,open_mesh,
66ab0358e0716c2e0e9c17e4ae70bf17f45179f8,"candle.n.01,candlestick",complete,False,bbox_inertia,open_mesh|degenerate_faces,
66acb9f68bede308384a05b8167577d67885d6a2,wall lamp,complete,False,weld_or_static,open_mesh|center_of_mass_out_of_bounds,
66b84f2b11792f135e4f0bc746caf3a6feb4ed27,storage bench,complete,False,bbox_inertia,open_mesh,
66cfa7dbb00f4bf9180392c49f1d3c1ac6adc7ed,easy chair,complete,False,bbox_inertia,open_mesh,
66d17b302cff7b3baffdccbb52f16325ff35c623,vase,complete,False,bbox_inertia,open_mesh,
66d5162c9a8e70eeba38575c2974e98e7876a983,dining table,complete,False,bbox_inertia,open_mesh,
66dd3f72e4cf06287b0c2b81992451c84f48312d,christmas tree,complete,False,bbox_inertia,open_mesh|degenerate_faces,
66ebf77831246626ead7947612796d891a8a612b,rug,complete,False,bbox_inertia,open_mesh,
66f2e648f0277efd26d72ae77cc83bfe4085942f,l-shaped couch,complete,False,bbox_inertia,open_mesh,
66f369c8bdbd3ce05795af8d6bc2bc53b1c54e2a,showerhead,complete,False,bbox_inertia,open_mesh|inertia_not_positive_definite,
66f67723b30253d87d7e9116f1e9bde03a2169ad,dining table,complete,False,bbox_inertia,open_mesh,
66f9cd9d406e6997c93b737dae81191389dbf640,faucet,complete,False,bbox_inertia,open_mesh|inertia_not_positive_definite,
66fb8c7cba5203a0326d897a2f314779ee5a9a71,cabinet,complete,False,bbox_inertia,open_mesh,
670789b6e816365611927e83ede77475205bd8e8,wall art,complete,False,weld_or_static,open_mesh,
670c0caf8cb7df8466c675d7c91f7877840f9513,"bar stool.n.01,chair",complete,False,bbox_inertia,open_mesh,
67157b851fa1841f329d82dc0b6d5b3eeb2fa80a,wall art,complete,False,weld_or_static,open_mesh,
671b669e1d6ef72c5c2931b6c149222b234b20c2,footstool,complete,False,bbox_inertia,open_mesh,
6720eed450d7cbe8bd551de57ff07fc99023e768,wall art,complete,False,weld_or_static,open_mesh,
672666c389c1232b1435f184b48dd92942961026,soap dispenser,complete,False,bbox_inertia,open_mesh,
672b7491a2d8cb443a0803f7bc352e5d443c075b,"towel rack.n.01,radiator",complete,False,bbox_inertia,open_mesh,
672f1c3f10e750e5e18755acda87ff4ba6eb93bb,bookcase,complete,False,bbox_inertia,open_mesh,
6739228132b18b2bc27b7c2966df05b988537ebc,hammock,complete,False,bbox_inertia,open_mesh,
673afb3cf4defbd2c71573f88ab1bf1f164eacf0,wall mirror,complete,False,weld_or_static,open_mesh,
673f40d76a4bbd59eb9570035e59bae1d4945f26,wall art,complete,False,weld_or_static,open_mesh,
67428f64fcb9f822080d8d77c4991cc5c075f15d,jug,complete,False,bbox_inertia,open_mesh,
674b628a31866a0ccef740fbb4836d8aca5a5d51,armoire,complete,False,bbox_inertia,open_mesh,
674d87278bc0cf255fd9607a1dfa43993c3fc4d1,desk,complete,False,bbox_inertia,open_mesh,
675b6f2c9df66234ba50b68814ba0513da4fd0d7,nightstand,complete,False,bbox_inertia,open_mesh,
676220770636f91ae9f02bf6b198e6f5df50bfe5,footstool,complete,False,bbox_inertia,open_mesh,
676393804c822df089c32bbd36c24d5660a82379,wall clock,complete,False,weld_or_static,open_mesh,
67666ce1019ebc977deca75006e62555d108cbf8,table lamp,complete,False,bbox_inertia,open_mesh,
676c0342a05177dfa24994339bc34d5058cb529e,alarm clock,complete,False,bbox_inertia,open_mesh,
6779bf78a2d163190f0e82d3e74c592002275d9c,swivel chair,complete,False,bbox_inertia,open_mesh,
677adf6988e7509cfc9a69b9ae96783fa46ee6ac,wall decor,complete,False,weld_or_static,open_mesh,
678f2105923530a1c11ca1b55b9984a329fb8547,toaster oven,complete,False,bbox_inertia,open_mesh,
678fb510b3c435ee023930904083278c3c67670f,nightstand,complete,False,bbox_inertia,open_mesh,
679e3878a0937739c161fec224cb3e7ab9eaf131,beam,complete,False,bbox_inertia,open_mesh,
67a5d978f9b721e6978e9d7bd90ef9c0d8cd7780,end table,complete,False,bbox_inertia,open_mesh,
67a5e16c6911dbf3c8643e8af939de84bf126e22,potted plant,complete,False,bbox_inertia,open_mesh|degenerate_faces,
67aca7d38c9389e14b10d2a575d3c7eeca033f54,cradle,complete,False,bbox_inertia,open_mesh,
67b4a9f77248f735e818698bebfe828ed284b5ca,wall art,complete,False,weld_or_static,open_mesh,
67b505c2cfc433bc4ffe39250cafda3951d91939,dining table,complete,False,bbox_inertia,open_mesh,
67b958a5263c73693978ddac57e429b18925ee38,end table,complete,False,bbox_inertia,open_mesh,
67bc3181739256edf2422a24a965df95f5edcd39,window curtain,complete,False,weld_or_static,open_mesh,
67c9e2c7dd4548a4ec96d0269fb8ddfa4f190667,rug,complete,False,bbox_inertia,open_mesh,
67cd90e7e00c93901ba366c8ec6f5dbf586890f9,desk,complete,False,bbox_inertia,open_mesh,
67dbd06257f02f132bc04d8ee2418d515626226f,wall art,complete,False,weld_or_static,open_mesh,
67dd1859faf578307273a1d0c368dadc411e0971,stool,complete,False,bbox_inertia,open_mesh,
67e11a52b2e73c099d55405f65f05f7b5141f6da,nightstand,complete,False,bbox_inertia,open_mesh,
67e6eb3d22b09bd2bce2a23fd150ebf234cea76c,credenza,complete,False,bbox_inertia,open_mesh,
67f02f662257f68b6e6a0d11663cee93b6a3878f,ceiling lamp,complete,False,weld_or_static,open_mesh,
67f031c18214a54b6283abb095df43642f9c7129,blender,complete,False,bbox_inertia,open_mesh,
67f44ec0f3168d8f89399b9011294690ce4133fd,barbecue,complete,False,bbox_inertia,open_mesh,
67f97a6abfbc09c549bd8cf91e54beb16894c595,china cabinet,complete,False,bbox_inertia,open_mesh,
67fbaf83ee77ec3b544547188b05b4be73b03de4,wall art,complete,False,weld_or_static,open_mesh,
6803e8a39263dd97e31e0c44dbd2e96d986a8917,fireplace,complete,False,bbox_inertia,open_mesh,
6804953904df94d4abdb0776ad6d55c2a5b8aeaa,desk,complete,False,bbox_inertia,open_mesh,
6806bec5437b9907f85780174ad6b8db96650ab1,nightstand,complete,False,bbox_inertia,open_mesh,
68185d00b089af2c5eb6392fadb04c6275a676f9,hanging cabinet,complete,False,bbox_inertia,open_mesh,
68196b3279aa321487580ca38824981054b88a5b,table lamp,complete,False,bbox_inertia,open_mesh,
681a9a93b5b67acadabbc7e342fcd4a2fabfe3a7,wall art,complete,False,weld_or_static,open_mesh,
681b6b2875851e972e29278c3a2c90b02346f3e0,wall art,complete,False,weld_or_static,open_mesh,
681f7414dc310b78ea4f3a78d00d3d15a71fe43b,bunk bed,complete,False,bbox_inertia,open_mesh,
68208c933cf7e6e6ba18a4319d00624b068bbcb7,sofa,complete,False,bbox_inertia,open_mesh,
682a761a9e4192d3f6fac31dcc4975d4928a5d0c,hanging cabinet,complete,False,bbox_inertia,open_mesh|center_of_mass_out_of_bounds|inertia_not_positive_definite,
68333b64226ceb3585f2355a154a77cfa3276c21,bookcase,complete,False,bbox_inertia,open_mesh,
68407744e263f526c61f15da91ea7d3cbd90bac1,rug,complete,False,bbox_inertia,open_mesh,
684e50a4964aefd7baf6d373378627c7592c2529,wall art,complete,False,weld_or_static,open_mesh,
6856a9b774fb1789b383579a369c187d44760c60,kitchen cabinet,complete,False,bbox_inertia,open_mesh|inertia_not_positive_definite,
6857bc89c5e62ae62482785387093de30db85668,hamper,complete,False,bbox_inertia,open_mesh,
68663279900dc4805b338dbaf960f5e2f6514f78,bench,complete,False,bbox_inertia,open_mesh,
686bda977e70eb213404ad9012039c1eeb279260,table lamp,complete,False,bbox_inertia,open_mesh,
686dab7c08267efc58aaa1acf3186bf91be9482a,sofa,complete,False,bbox_inertia,open_mesh,
68744e05acc15c9127eeb0dad854289babb1a809,ashcan,complete,False,bbox_inertia,open_mesh,
68756b6296f4cbbef15107f33d6fd4906747ae2b,armchair,complete,False,bbox_inertia,open_mesh,
68782264219bba144a96c62db919eaa4f2c2d40c,barbecue,complete,False,bbox_inertia,open_mesh,
68798cfff215f3be5a27c46b0b1ac8f22b270b01,"wall art.n.01,sign",complete,False,bbox_inertia,open_mesh,
688e8dde29b7a0f6d35a36a478f05050b2e5c262,laptop,complete,False,bbox_inertia,open_mesh,
688eb70a1afb2467d04303fe35f9a59ebc47acc1,console table,complete,False,bbox_inertia,open_mesh,
689340fdf94601c7e57aabc45c1f1752bc7791da,end table,complete,False,bbox_inertia,open_mesh,
6893844d6850d540455a20654147dc38853b1978,floor lamp,complete,False,bbox_inertia,open_mesh,
689686140b7ab8fd656ce588f10f8c40568da3bf,kettle,complete,False,bbox_inertia,open_mesh|inertia_not_positive_definite,
68a17925509f58b66fff9752c57e39c73fc96e5e,table lamp,complete,False,bbox_inertia,open_mesh,
68a36d82ee82a633045108e65ba21864f124acf7,wall art,complete,False,weld_or_static,open_mesh,
68a985ad0150412e7c001933f3ede2acd5622be7,chest of drawers,complete,False,bbox_inertia,open_mesh,
68b22165ccec115439ff5bca2a28bd2ebf1fdb9d,chest of drawers,complete,False,bbox_inertia,open_mesh,
68c028d006d31e75f8d80317f28ab150572ced82,wall art,complete,False,weld_or_static,open_mesh,
68caf241969b03395f50ef353b191336a1e72fb9,nightstand,complete,False,bbox_inertia,open_mesh,
68dc308c935ee15d168f71a1d97a59004346bc79,floor lamp,complete,False,bbox_inertia,open_mesh,
68e0c3ea856e5d85c915e534db8f7ce071012e58,armoire,complete,False,bbox_inertia,open_mesh,
68ff1097f76976c669353c9e85003ebaed75f7b0,hall tree,complete,False,bbox_inertia,open_mesh,
6905b9cfc896ddcd6de60654012e91a781678f7c,wall mirror,complete,False,weld_or_static,open_mesh,
690e8c1cacddc85ec161581ea595d10d9b496ca7,swivel chair,complete,False,bbox_inertia,open_mesh,
69102ca2e755ff09f60e4148246b7acdfd19cd74,ashcan,complete,False,bbox_inertia,open_mesh,
6913b51c6c46706058379b9f9b3de93c84c33d59,kitchen cabinet,complete,False,bbox_inertia,open_mesh,
691a2dc07bd8137740a2e1b99092e67f7ea0374f,basket,complete,False,bbox_inertia,open_mesh,
691f5a6ef6222b00e6d1954ecee5875aab7c404f,throw pillow,complete,False,bbox_inertia,open_mesh,
692b5d420c361ba05670a94f2f1e68a182f10432,table lamp,complete,False,bbox_inertia,open_mesh,
692d3522273f51cb275783d5d2a5dd212960e474,console table,complete,False,bbox_inertia,open_mesh,
69340d8678701e72f39cc01890da1b8af3fd603d,armoire,complete,False,bbox_inertia,open_mesh,
693968cff714a7bd190e4707afaa9a5b8b93e007,l-shaped couch,complete,False,bbox_inertia,open_mesh,
694889dda7ff371417c7fb85da4ce6973be3c8aa,bowl,complete,False,bbox_inertia,open_mesh,
6949251a7c3f1a5c80fb1d22f0e327c74f1ed14a,wall art,complete,False,weld_or_static,open_mesh,
69535e254b7dddfd421598ded839f392b0a72910,easy chair,complete,False,bbox_inertia,open_mesh,
6955369a923016cfd0f7652c39cf9d57393227d2,picture frame,complete,False,weld_or_static,open_mesh,
695aa8438c80becf1f7918e9c8c90fe3717e4e64,wall mirror,complete,False,weld_or_static,open_mesh,
695e49c5fe19b4a0e70078f755a2dece95533d86,storage box,complete,False,bbox_inertia,open_mesh,
69635993790f6d8bde07450b03d84faa4393cbb1,curtain rod,complete,False,bbox_inertia,open_mesh|center_of_mass_out_of_bounds|inertia_not_positive_definite,
696d6ec35f255e7649f731fc937dde61b9fb0439,casserole,complete,False,bbox_inertia,open_mesh|center_of_mass_out_of_bounds|inertia_not_positive_definite,
697c2f6ef676b4b5ad340142409fd933589bb27e,wall lamp,complete,False,weld_or_static,open_mesh,
69803a92f62572f4bc4de8fc64fd84c6a6e63229,swivel chair,complete,False,bbox_inertia,open_mesh,
6982c7794384aecaa6134b600d473e98d812b8be,kettle,complete,False,bbox_inertia,open_mesh,
6989517a813e6e57c27921cafaa5402b77e77aeb,potted plant,complete,False,bbox_inertia,open_mesh|center_of_mass_out_of_bounds|inertia_not_positive_definite,
698a8a65db033084015a7a4c9582a48d34cbd568,heating system,complete,False,bbox_inertia,open_mesh,
698aac1fa524f06b75a0bac01de17c29deabec0a,cabinet,complete,False,bbox_inertia,open_mesh,
69906258fcab6b6db16707a0b541c89967932ec1,table lamp,complete,False,bbox_inertia,open_mesh,
69930e5f83e7d839142b15ca089f2a2ea90f6e1f,flower in vase,complete,False,bbox_inertia,open_mesh,
6994590d5281db9b5ea4930cb4ded17d34e66250,umbrella,complete,False,bbox_inertia,open_mesh,
69a130cc9cfbf9e46efc08ced63e57c5b958c74d,window curtain,complete,False,weld_or_static,open_mesh,
69b0500e46d5f67c44670362dc2b60c31ef434c1,rug,complete,False,bbox_inertia,open_mesh,
69b8718eca55fb788fb91f3a8ba611578454debd,coffee table,complete,False,bbox_inertia,open_mesh,
69b8f98ac24206541a5cc89429adc5493a8bff69,wall hook rack,complete,False,weld_or_static,open_mesh,
69be32b6779a2f4cf9956dcad5be3d51fddad22b,china cabinet,complete,False,bbox_inertia,open_mesh,
69c471e7b513adeb1df7953eab4fd58362452d0f,table lamp,complete,False,bbox_inertia,open_mesh,
69d3d9f343616758471411e4eae82daadc1d1ac0,desk,complete,False,bbox_inertia,open_mesh,
69d7e0b4dc15cb94f8dd963ed194dfc75e2dd57c,coffee table,complete,False,bbox_inertia,open_mesh,
69dffe76a53f59d4ac877a73f051df85833250b5,throw pillow,complete,False,bbox_inertia,open_mesh,
69e7262f32b7db6feaca5968fc043dc237b7f221,shower curtain,complete,False,weld_or_static,open_mesh|center_of_mass_out_of_bounds|inertia_not_positive_definite,
69ed26faa8d3253125e831d78fde303fc0a3f62c,floor lamp,complete,False,bbox_inertia,open_mesh,
69f290dc18b7d92985f576f078e3d44bef963c09,wall art,complete,False,weld_or_static,open_mesh,
69fa8415108e7438a412ec0a52a55983f39119df,floor lamp,complete,False,bbox_inertia,open_mesh,
69fef89f82dd0ae0588ae718ef23abbbd06135d8,wall art,complete,False,weld_or_static,open_mesh,
6a16a8ab35222e408cc16e76ceb32d2b6daf3bd9,tumbler,complete,False,bbox_inertia,open_mesh,
6a184138b0a9c2a44d9d4d6b3428349043f1f67d,table lamp,complete,False,bbox_inertia,open_mesh,
6a194b509df258ccbfac747edb2cd5a93aa5d102,"shoe rack.n.01,cabinet",complete,False,bbox_inertia,open_mesh,
6a20d01fdbb569c5d8143d9fdb3bc984f8ec97dd,sofa,complete,False,bbox_inertia,open_mesh,
6a22a1adcf5cf78d6a81c8fbe03d2c5977b5fba6,refrigerator,complete,False,bbox_inertia,open_mesh,
6a2519beef422dc67cbffd40f156a03d27099e08,throw pillow,complete,False,bbox_inertia,open_mesh,
6a2c92540e48a80091dc272f6da4b3a94dea5455,end table,complete,False,bbox_inertia,open_mesh,
6a30f6e70dc1bb2f688ada0e3323c7eb77069790,potted plant,complete,False,bbox_inertia,open_mesh|center_of_mass_out_of_bounds|inertia_not_positive_definite,
6a3b86c91a05f296f5c0e843f5e3c37140555409,chair,complete,False,bbox_inertia,open_mesh,
6a472a72de45538e9862050ccb236fda69c70632,pendant lamp,complete,False,weld_or_static,open_mesh,
6a514c0cc9c67fb22470df637dc9d16ff6637fd7,potted plant,complete,False,bbox_inertia,open_mesh,
6a5c779b2deee1af83e7d2f85605fe0a1d39f665,sink cabinet,complete,False,bbox_inertia,open_mesh|inertia_not_positive_definite,
6a669a569d70b5701f415b02175b52c04313b087,wall art,complete,False,weld_or_static,open_mesh,
6a760a4540ad095c42ba7abe9107a8985ac4fc53,wall art,complete,False,weld_or_static,open_mesh,
6a7f42be0fe9ad75f553aff035ef99a88b2f5b4f,"stairway.n.01,stairs",complete,False,bbox_inertia,open_mesh,
6a833596dd725a0044674dbaada29368ebe7a53e,cup,complete,False,bbox_inertia,open_mesh,
6a93e49c0231ccbdd29d3050e5e1e8053081b7d0,nightstand,complete,False,bbox_inertia,open_mesh,
6aa6b20a49e05ab2cddb6899406ff752bd8d4e61,"drawer unit.n.01,file",complete,False,bbox_inertia,open_mesh,
6aa6ebd03fa90a8cb7e8e7b3877327796a48aa8f,chest of drawers,complete,False,bbox_inertia,open_mesh,
6aa91ee093bf949c503e58ca2bf185fb1ec832ee,ceiling lamp,complete,False,weld_or_static,open_mesh,
6ab885950a641b70addf55b2cfc9e18e27acb5a2,wall clock,complete,False,weld_or_static,open_mesh,
6ab9c55a8c2f8752252ebd7fd6db0a837f0f172d,floor lamp,complete,False,bbox_inertia,open_mesh,
6abbfa2bae3a0313e434ba95464526f78b773e3f,table,complete,False,bbox_inertia,open_mesh,
6abdd51ea464c863e2b9fe5bcd7980da58b80027,rocking chair,complete,False,bbox_inertia,open_mesh,
6abdf0ae193cb06761aa72bc6acff7fc7320e76f,wall art,complete,False,weld_or_static,open_mesh,
6ac0179bc4fa54d842212a4f46c6df06e43f0385,armchair,complete,False,bbox_inertia,open_mesh,
6ac1eb7d6a1b23f432bf6fc36f0816f8eb339a79,dining table,complete,False,bbox_inertia,open_mesh,
6acafe4f37b17ff0c33d22c8dc3fede1bddc67de,sink cabinet,complete,False,bbox_inertia,open_mesh,
6ad74440a16fbffa9cee7ad0e9027b7f646b56fb,end table,complete,False,bbox_inertia,open_mesh,
6adb5f222f4f1b61518bf2c898aa13158b1476ad,chandelier,complete,False,weld_or_static,open_mesh,
6aea226699436cacc36558ae20e543be10dac830,wall art,complete,False,weld_or_static,open_mesh,
6af2d6a04613c2b07939c7e0cee5011fe2247412,"candle.n.01,candlestick",complete,False,bbox_inertia,open_mesh,
6b0d2f037b5dd5139a2a83fb89eb3e6839b15aa8,wall hook rack,complete,False,weld_or_static,open_mesh,
6b104319f5465a15e718b5adea1c277fb17de26d,pendant lamp,complete,False,weld_or_static,open_mesh,
6b15594c03361d9b67e5cd824aef04613eebb130,sink cabinet,complete,False,bbox_inertia,open_mesh|inertia_not_positive_definite,
6b2ac2d41a90ae7554988478ad38241c0649751b,wall art,complete,False,weld_or_static,open_mesh,
6b301d925f4f21f78a0f5efe391d699165ac398d,coffee table,complete,False,bbox_inertia,open_mesh,
6b310298f178aae8a0b23a70e1388cb67c3bbe71,chest of drawers,complete,False,bbox_inertia,open_mesh,
6b3be0e490f825ee5836406a1af4dd20752782ed,sofa,complete,False,bbox_inertia,open_mesh,
6b3c3a602e80f176be8d18a39baba26f8c1e828b,wall art,complete,False,weld_or_static,open_mesh,
6b499036ebbe4c10a01d5fb7667d26f5a3049c42,wall art,complete,False,weld_or_static,open_mesh,
6b53098d778658f40faed8e104b0861fd1a6165f,bar stool,complete,False,bbox_inertia,open_mesh,
6b57a76d4a103858cfcfdd6ae763b0d777e90f5b,chandelier,complete,False,weld_or_static,open_mesh,
6b5a67bd25f26e993f07157c34c8cd0dec068ea3,kitchen cabinet,complete,False,bbox_inertia,open_mesh,
6b5aa509ce1710e7d67a36493e6e654b6e118354,wall art,complete,False,weld_or_static,open_mesh,
6b63013dfa25cabaa2ef3d0830c19c823e6b1f7d,desk,complete,False,bbox_inertia,open_mesh,
6b6665b0b7d736d1f41588cd8bae3d48c7a4c768,bookcase,complete,False,bbox_inertia,open_mesh,
6b72541c4a983863be92d0c603846ca9e1792ad1,chest of drawers,complete,False,bbox_inertia,open_mesh,
6b7ebb851b33edbd484a046ccf9ceb1134c471a5,throw pillow,complete,False,bbox_inertia,open_mesh,
6b819ecc356fcb0a5891427105ea4c0109efd7e2,wall art,complete,False,weld_or_static,open_mesh,
6b84ef20cc36016884bbc1c38f2f5732b66f9986,soap dispenser,complete,False,bbox_inertia,open_mesh,
6b8560c24eae9f95482246d6b85d02df689b00ce,footstool,complete,False,bbox_inertia,open_mesh,
6b8855c3db6f28bd69099154eecdaf5df16415ee,bookcase,complete,False,bbox_inertia,open_mesh,
6b9314134d9a82d75306f13750622f4fb8b6c22e,dining table,complete,False,bbox_inertia,open_mesh,
6b9b8d939a1275088419d687b7a73107d83304bb,hamper,complete,False,bbox_inertia,open_mesh,
6b9fe6c9c501f3114c50f08a79c1aaf79f3904fe,dining table,complete,False,bbox_inertia,open_mesh,
6ba78bd451b8999e151b3a7241deed6a129d2879,bench,complete,False,bbox_inertia,open_mesh,
6bab77acf14c6a3d838587ebb7ebf2e3d0b3906b,swimming pool,complete,False,bbox_inertia,open_mesh,
6bb4eee96fa4725a6955c283d23b90228a2616e1,window shade,complete,False,bbox_inertia,open_mesh,
6bb59e8467fbcac1157591ce880f9ed8dc7a99a4,fireplace,complete,False,bbox_inertia,open_mesh,
6bb6bee19a1dd2034abea1ba84107ef7264897ae,armoire,complete,False,bbox_inertia,open_mesh,
6bba030b56737ba67233a526ae03cd389e24cb12,pendant lamp,complete,False,weld_or_static,open_mesh,
6bbbc28fc06c3aaf0d632d88220bae3c0f1142e5,window curtain,complete,False,weld_or_static,open_mesh|center_of_mass_out_of_bounds|inertia_not_positive_definite,
6bc1d5984d7a16d0342188edf662de3dae7a1a26,throw pillow,complete,False,bbox_inertia,open_mesh,
6bc64333d6108aae201e5c0bf1ce9be86b7f7fcd,china cabinet,complete,False,bbox_inertia,open_mesh,
6bcac56b4cfa6b2b931c771381349aba5d1b5d0b,wall art,complete,False,weld_or_static,open_mesh,
6bce51b478c932a266a1eaa852fa9b2d6250f846,table lamp,complete,False,bbox_inertia,open_mesh,
6bcf3e358c452672d296d3a03f0c5d9a52218754,swivel chair,complete,False,bbox_inertia,open_mesh|center_of_mass_out_of_bounds|inertia_not_positive_definite,
6bd2e5696abaa840067ea1349d48cfd9c5d4f17b,"drawer unit.n.01,file",complete,False,bbox_inertia,open_mesh,
6be063043a40af34c8c7251519bc4e132d6aa1f2,wall art,complete,False,weld_or_static,open_mesh,
6be10e64bffa1946ba2f1ba623d6a92ecede2cbf,end table,complete,False,bbox_inertia,open_mesh,
6be4d96de50b8749ae932608719b2290a585f9ce,blender,complete,False,bbox_inertia,open_mesh|center_of_mass_out_of_bounds|inertia_not_positive_definite,
6bec9afdd95dde7808f156250e2bb3a1198fcb76,hamper,complete,False,bbox_inertia,open_mesh,
6bf4b3ed102da43e6292c80a87e91088736b7ddf,armchair,complete,False,bbox_inertia,open_mesh,
6bf95d8dca1b2004ecc450ae57e17caddd164c44,chandelier,complete,False,weld_or_static,open_mesh|center_of_mass_out_of_bounds|inertia_not_positive_definite,
6c012b2a87c94cc8b26d014ba8601b4eadf0c17d,book,complete,False,bbox_inertia,open_mesh,
6c034939bb050ad41f1eaa313a5769ddb2dedcaf,potted plant,complete,False,bbox_inertia,open_mesh|center_of_mass_out_of_bounds|inertia_not_positive_definite,
6c06bb857464db6849d0a8bc39d76cafbbbd8617,gift box,complete,False,bbox_inertia,open_mesh,
6c0a9c1753989f16ff28f0f0d7be48f345a06a48,ceiling lamp,complete,False,weld_or_static,open_mesh,
6c18238081e2d938a8f41aa0263b31a7362d501b,throw pillow,complete,False,bbox_inertia,open_mesh,
6c1881c745e6f79398ffe8df2df845dd821210f4,picture frame,complete,False,weld_or_static,open_mesh,
6c1af528c8424b3c09a8284f27f4dfd96c4a8a56,mantel clock,complete,False,bbox_inertia,open_mesh,
6c1ba9752bd62342932d7d80b49773968f03deae,makeup mirror,complete,False,bbox_inertia,open_mesh,
6c235c038252066ba9a5ec186b754c1fe22bb6ca,throw pillow,complete,False,bbox_inertia,open_mesh,
6c368c154ec8d7c649a89d2f2adda4f08b9f878e,chair,complete,False,bbox_inertia,open_mesh,
6c3daacae760bfd00d602ca4c2a0f94282eb1fc5,crate,complete,False,bbox_inertia,open_mesh,
6c3ea44f36b0b950a6cc963b337f03dd3cb92bc1,wall art,complete,False,weld_or_static,open_mesh,
6c4a24cc7705bcc05b977171a290f2f48d0db5ce,trunk,complete,False,bbox_inertia,open_mesh,
6c4db0f4e4980dced9e0e5eb12614bf284a6fb51,buffet,complete,False,bbox_inertia,open_mesh,
6c528c80cfe176cc4aa7f0767424bc409e9bd6be,bathtub,complete,False,bbox_inertia,open_mesh|degenerate_faces,
6c55afb0c44fbb54d0753277d164a38111f96d1c,wall art,complete,False,weld_or_static,open_mesh,
6c5ddf3dfa987b4fc2fc1d4b0945f6c8e5d38a85,basket,complete,False,bbox_inertia,open_mesh,
6c6d8b3c6c3e5d1f3428fd47221ae97c9dacd4a8,swivel chair,complete,False,bbox_inertia,open_mesh,
6c7289d3f8c66ae6837a5bcce7016306e2bd6fed,wall art,complete,True,weld_or_static,,
6c80f089f60961936c04cbc4ef61d2563eb40062,nightstand,complete,False,bbox_inertia,open_mesh,
6c988f13a1ea7360d4958bb938e7910c547e7ed4,cup,complete,False,bbox_inertia,open_mesh,
6c9aa52e4a417c266107a4738ebaf7a223820b50,straight chair,complete,False,bbox_inertia,open_mesh,
6cad7ceda6a1578ebebe13b51df845095cf65c0e,wall art,complete,False,weld_or_static,open_mesh,
6cbae88d39aac82b80e2345da72d16978f51f384,potted plant,complete,False,bbox_inertia,open_mesh|invalid_volume|center_of_mass_out_of_bounds,
6cbc7c1a94f8fa7cac977903128c312dd49ff168,rug,complete,False,bbox_inertia,open_mesh,
6cc2aa738dbb65c20d4903f87507f396aaa1ff32,throw pillow,complete,False,bbox_inertia,open_mesh,
6ccd30265f76b6e96ca921d7451343b6a30a63ad,table,complete,False,bbox_inertia,open_mesh,
6cd03ee5aaba5138a4dfaeb1183bd4293d5c323a,shoe,complete,False,bbox_inertia,open_mesh,
6cd2dc2611c27f758c972b4874efad8c8cbd5d29,washer,complete,False,bbox_inertia,open_mesh,
6ce02a148d712fe3bc973e4c10cce079c17fcc6a,wall art,complete,False,weld_or_static,open_mesh,
6ce0c3e1dea30f0e5775c800900790c39d6069d5,canister,complete,False,bbox_inertia,open_mesh,
6ce76535018ce0d5ca76629348c674758834dbd9,wreath,complete,False,bbox_inertia,open_mesh,
6ce871b592d0207d53dd45f9ce7180d275f59791,wall art,complete,False,weld_or_static,open_mesh,
6cee1897e39c20af4d919153b0c092168d62a07e,armchair,complete,False,bbox_inertia,open_mesh,
6cef10bb7d5b957779798987549d382aec6849c6,sink stand,complete,False,bbox_inertia,open_mesh,
6cfbab6fbead50330d3eac8b628c26be9eb149bf,bar stool,complete,False,bbox_inertia,open_mesh,
6cff501d54f2c3afd522634bfc5388d2cbf0bf84,shower curtain,complete,False,weld_or_static,open_mesh|invalid_volume|center_of_mass_out_of_bounds|inertia_not_positive_definite,
6cfff2f2a9750f3671c84c2f9e01bedc401a6f58,cabinet,complete,False,bbox_inertia,open_mesh,
6d07c15cb6c5e4e698fe6c2b8e2434d0dee2274c,wall art,complete,False,weld_or_static,open_mesh,
6d0a8700e168806df1234300f20a8969b23d0528,tv stand,complete,False,bbox_inertia,open_mesh,
6d0bfa2f41a366b0c2df559358641adf3094f76a,end table,complete,False,bbox_inertia,open_mesh|center_of_mass_out_of_bounds|inertia_not_positive_definite,
6d14e5d8e9e4a77f19b7743a5ad16d44f53e673c,nightstand,complete,False,bbox_inertia,open_mesh,
6d24b2fdb2fd4ba5a34bb077ce32d05270fb8ad2,desk,complete,False,bbox_inertia,open_mesh,
6d264e3023b940b0b1d31b77e04d0c845853c1f0,desk,complete,False,bbox_inertia,open_mesh|degenerate_faces,
6d3003a6bb48e58ef7bc50b5f81539bf4702cdd1,throw pillow,complete,False,bbox_inertia,open_mesh,
6d35a3069826f8f47f07413c23e4d80febb694fd,wall art,complete,False,weld_or_static,open_mesh,
6d371ac63d484a938a054cf5f297980b4432f85a,footstool,complete,False,bbox_inertia,open_mesh,
6d373958555e97eb77c89ce28fae01475877b0b8,chest of drawers,complete,False,bbox_inertia,open_mesh,
6d3c388a6c66890c0237359e0c0885385e177724,rug,complete,False,bbox_inertia,open_mesh,
6d3e6501fd91b94bedb34344757d43b8c5f8facf,kettle,complete,False,bbox_inertia,open_mesh,
6d40e74eb0c4a0ee6aa532e66ee080b9506f24e6,buffet,complete,False,bbox_inertia,open_mesh|degenerate_faces,
6d4bd784f6705ce51a304c1a98df9c5babcc05be,throw pillow,complete,False,bbox_inertia,open_mesh,
6d5c2629c7b850db989fbd29612e451dc1a25f69,camera,complete,False,bbox_inertia,open_mesh,
6d5e7efc102179aaa1d3eafc3f8dbc2e0aa4e494,greenhouse,complete,False,bbox_inertia,open_mesh,
6d6886e607c10bb9d4d138e676a3e8292c53e38d,treadmill,complete,False,bbox_inertia,open_mesh,
6d6becf582d43eea931957f0fb52a8552737223b,"letter.n.02,wall decor",complete,False,weld_or_static,open_mesh,
6d6f941aefa3f1c6702dd367f6827b6de6a944a1,sink cabinet,complete,False,bbox_inertia,open_mesh,
6d72f6998b947615896ed4b01bba58799b0f33e1,plant,complete,False,bbox_inertia,open_mesh|center_of_mass_out_of_bounds|inertia_not_positive_definite,
6d79d6b7fe975595f243b663d97a4246be2facf4,range hood,complete,False,bbox_inertia,open_mesh,
6d858ed57aae3dd3826367370b00605486a7e0f4,swivel chair,complete,False,bbox_inertia,open_mesh|degenerate_faces,
6d85d1595f0fb31c432ec91cd92e1f7d383a8310,kitchen cabinet,complete,False,bbox_inertia,open_mesh,
6d869e0a35b047ed162f2e318e74bd407a488ca7,footstool,complete,False,bbox_inertia,open_mesh,
6d8cb689ff72a3541b44a4f06522d9af8a2fc849,tumbler,complete,False,bbox_inertia,open_mesh,
6d91c997156725608e3dff9bf3468dfcdf642ae3,rug,complete,False,bbox_inertia,open_mesh,
6d923a19211572d56274f7ed8121dbce6e616526,footstool,complete,False,bbox_inertia,open_mesh,
6da53db5c9730fefc2507f1f76b85f7b4c037985,refrigerator,complete,False,bbox_inertia,open_mesh,
6dac60e35797491cce17b7c74decb712f9ea17a9,sofa,complete,False,bbox_inertia,open_mesh,
6dba8ae88c9979be6b022dbf4d80cd88dd8e5b02,straight chair,complete,False,bbox_inertia,open_mesh,
6dc58f861f631916ba45bbd82cf157d8fb4cd0d3,"candlestick.n.01,candle",complete,False,bbox_inertia,open_mesh,
6dd0f10b6eb11dd530c6f4229e7ea20d50333bf6,cup,complete,False,bbox_inertia,open_mesh,
6dd9e51b58072dbd08fbbdf95ce568aacc47ec59,vase,complete,False,bbox_inertia,open_mesh,
6de33eda4e80839c178ffa8695f0e1730a2e2e7e,potted plant,complete,False,bbox_inertia,open_mesh|inertia_not_positive_definite,
6de74c197c319d1a00f17bc079ec880d5b2c1b2c,wall art,complete,False,weld_or_static,open_mesh,
6de9772abd61574e1381cb2b53ce194d13d4a37d,coffee table,complete,False,bbox_inertia,open_mesh,
6df005a4961591dd5a4875bce0e067606b1b984b,wall art,complete,False,weld_or_static,open_mesh,
6df92f2df8e6aa3adacc534039fcad36c29e56d9,wall art,complete,False,weld_or_static,open_mesh,
6e061cad8f01fe0c06b20435491c406c6862e589,wall art,complete,False,weld_or_static,open_mesh,
6e091b64e3db98057bec72d11b39f76f7c823487,flower in vase,complete,False,bbox_inertia,open_mesh,
6e0c10cb9e71876b6ae2b3852f1baae2f910edb9,table,complete,False,bbox_inertia,open_mesh|degenerate_faces,
6e1d4474a96889ac9c789787421c8db16e85214d,clothing rack,complete,False,bbox_inertia,open_mesh,
6e2b2026ff30bfd8ef9f648b8041d2d2808597d6,radiator,complete,False,bbox_inertia,open_mesh,
6e3083ffcd28171272d778092c61c7bca792f5d4,dining table,complete,False,bbox_inertia,open_mesh,
6e323609d478ef0965affc7bcfc4b212df304e7c,air conditioner,complete,False,bbox_inertia,open_mesh,
6e35f1ab01230ea2687cade5e71e4a3abf07262e,kettle,complete,False,bbox_inertia,open_mesh,
6e5462e6109ec906d288f9f4b8206a338df0c908,buffet,complete,False,bbox_inertia,open_mesh,
6e626cd638483fdd95008ff671718119299dc0b2,cafeteria tray,complete,False,bbox_inertia,open_mesh,
6e68da11967d62ee675e49564638459b0bc51297,cabinet,complete,False,bbox_inertia,open_mesh,
6e6a78749666e6f2743e258fb3e5d911db3f50e8,flower in vase,complete,False,bbox_inertia,open_mesh|center_of_mass_out_of_bounds|inertia_not_positive_definite,
6e6b15be2a745938a2095b2b1048bb030bd921f9,wall mirror,complete,False,weld_or_static,open_mesh,
6e6c0f0829627cf5ca77c58142311dcfb12a17e8,desk,complete,False,bbox_inertia,open_mesh,
6e74c32e636a3f784d5a1e21f4bd323a56064d3a,hanging cabinet,complete,False,bbox_inertia,open_mesh|center_of_mass_out_of_bounds|inertia_not_positive_definite,
6e7809d676a1fc6fc90252f450dc4db6d3569751,wall art,complete,False,weld_or_static,open_mesh,
6e7883db0e7706a4d8771c0654ac5cf5b86b9869,armchair,complete,False,bbox_inertia,open_mesh,
6e7c674ea7231612862a5bb66960f0cfef5d8f0e,kitchen island,complete,False,bbox_inertia,open_mesh,
6e7d2d9091ed8600596ace93233592b41ef9e58f,chest of drawers,complete,False,bbox_inertia,open_mesh,
6e7da448a42378325c82a2a596d967ca75e84ac1,wall art,complete,False,weld_or_static,open_mesh,
6e8ab0b6640c5a66914dbb05d4019a5dcaeb0b44,coffee table,complete,False,bbox_inertia,open_mesh,
6e8ac33c3e309c177c8b63483dfcae81a2b0fe64,cup,complete,False,bbox_inertia,open_mesh,
6e93d82877d829b2f8d80c577dcd6329e66a99f7,chest of drawers,complete,False,bbox_inertia,open_mesh,
6ea1f9bd1fe5ae7cfcb44d3d3b7f0799464db426,picture frame,complete,False,weld_or_static,open_mesh,
6ea37d3943f6d8989151be079cb9eaa711a40379,nightstand,complete,False,bbox_inertia,open_mesh,
6eb0231c611b818290fca01590084d93c2278817,stove,complete,False,bbox_inertia,open_mesh,
6eb5186c4211005a2581ad0dc91419493a0a358c,wall art,complete,False,weld_or_static,open_mesh,
6ece2381309fcea0864bef4981fe0b93f1b70f7c,l-shaped couch,complete,False,bbox_inertia,open_mesh,
6edb72ff1959e26a1d7c66976786c85129df83a4,"toilet brush.n.01,toilet brush holder",complete,False,bbox_inertia,open_mesh,
6ee0166719b9ce9f07a4a08f7d03ccf2fef75b7f,end table,complete,False,bbox_inertia,open_mesh,
6ee4a44f8b5737998c8876aa2c4d522b5cd23feb,wall art,complete,False,weld_or_static,open_mesh,
6ee753b65e6919ed11c0f0842701fbd55316067b,pet bed,complete,False,bbox_inertia,open_mesh,
6eeae8638dd248886e9d08c0466c9cdc48f54ce9,wall hook rack,complete,False,weld_or_static,open_mesh,
6ef158c281131036302a2c6d12c8a5fd5e34ad49,casserole,complete,False,bbox_inertia,open_mesh,
6ef98b7750ff80c5225b0f7c733f23d196998038,storage bench,complete,False,bbox_inertia,open_mesh,
6ef9c280cdc6fee30a62b2a74f5722e884099572,basket,complete,False,bbox_inertia,open_mesh,
6eff75ec23c4c9c1f83c636bf6d6ea6993d7adde,nightstand,complete,False,bbox_inertia,open_mesh,
6effbf7c5485563e0fcf91d375c8c5c28a5922ff,desk,complete,False,bbox_inertia,open_mesh,
6f0b2844edf4906d69832484e80d5a69d9b33b1e,desk,complete,False,bbox_inertia,open_mesh,
6f1b5b7363b85e2c565a8fc016e4970a16a40054,end table,complete,False,bbox_inertia,open_mesh,
6f259794d01a14a54e2eb65e30a661f053abe729,nightstand,complete,False,bbox_inertia,open_mesh,
6f26eb169111a17c566bfb1ed56bd82adc2db686,rug,complete,False,bbox_inertia,open_mesh,
6f2bb312036ebbae505dbdc84cd4316e48736776,armoire,complete,False,bbox_inertia,open_mesh,
6f2bc0482800342b40159fef587fba7b281abf4c,table lamp,complete,False,bbox_inertia,open_mesh,
6f3757cad1e03ebf1cd2407b925ebd58e15f8728,"shoe rack.n.01,cabinet",complete,False,bbox_inertia,open_mesh,
6f39d280c2a04534ebaf2ea6ed2c4d12924ad092,wall art,complete,False,weld_or_static,open_mesh,
6f3b52694a7ab433792cebebd632c5e111101de8,sofa,complete,False,bbox_inertia,open_mesh,
6f460cfd36169f73909a0ce0084d755834570e7e,ashcan,complete,False,bbox_inertia,open_mesh,
6f4ed506476f1712ecacf117b9c8fcd02c936a71,dining table,complete,False,bbox_inertia,open_mesh,
6f50f3393f12eca2e1c9d1002f3df0edfa1e86cc,pendant lamp,complete,False,weld_or_static,open_mesh|center_of_mass_out_of_bounds|inertia_not_positive_definite,
6f5798f9d8c522047a6faf5672f26e684b036e33,jug,complete,False,bbox_inertia,open_mesh,
6f57e5076e491f54896631bfe4e9cfcaa08899e2,buffet,complete,False,bbox_inertia,open_mesh|center_of_mass_out_of_bounds,
6f760170fee0ca8c267fdd5ecab6ec6556847321,straight chair,complete,False,bbox_inertia,open_mesh,
6f7a1db95fd0ee2d1c0f90eadd3fed34a567f6c6,armchair,complete,False,bbox_inertia,open_mesh|inertia_not_positive_definite,
6f7a7d7fb97265c42e9153c06fcb9802555c624d,throw pillow,complete,False,bbox_inertia,open_mesh,
6f880dd0d100846cbf904ed3dd1f0941214adc2b,wall art,complete,False,weld_or_static,open_mesh,
6f8a01edea21152ccfbfa112893148df4c3a29bc,gym equipment,complete,False,bbox_inertia,open_mesh,
6f95e53e6f0aaaf34e950e5027dcd991865fa3fd,console table,complete,False,bbox_inertia,open_mesh,
6f9c32b7abc350c4b0c3d9382b0cbf06e5600f94,"letter.n.02,wall decor",complete,False,weld_or_static,open_mesh,
6f9d583b08bc78d6ea4cb31935a90c1a23a65df8,storage box,complete,False,bbox_inertia,open_mesh,
6f9dfbe8cd3839b93525f5933243b93ff57cca8f,wall art,complete,False,weld_or_static,open_mesh,
6f9e025e59a4a4c1991bb6dc7e73ccb985d07c57,vase,complete,False,bbox_inertia,open_mesh,
6fa68b9fd49c07cf3fbe9469853d3c853d3e80cb,wall decor,complete,False,weld_or_static,open_mesh|degenerate_faces,
6fb03649e30b60b37718bbe01f25e7338248a07d,trunk,complete,False,bbox_inertia,open_mesh,
6fb43dd9a6f262dd6d391b860437ab10a76a0acd,wall mirror,complete,False,weld_or_static,open_mesh,
6fb56b6c620151a793b56bf6b47dd595a944f857,ottoman,complete,False,bbox_inertia,open_mesh,
6fd130f536f3fb2ce7c40e762b53ebbe627ee197,table mirror,complete,False,bbox_inertia,open_mesh,
6fd16fc2230bf79ad6678084bf1eecf0b8956e8b,ottoman,complete,False,bbox_inertia,open_mesh,
6fd596b1e531cb313374c0975046584ff515c16c,coffee table,complete,False,bbox_inertia,open_mesh,
6fe25297682d06a3593f40cb06736314a98e7ccf,wall mirror,complete,False,weld_or_static,open_mesh,
6fe48e077f59c07bb45b23d166a689a48f1ae655,potted plant,complete,False,bbox_inertia,open_mesh|center_of_mass_out_of_bounds|inertia_not_positive_definite,
6fee490e5db5805f752c4e44d30d88e3f7dce798,easy chair,complete,False,bbox_inertia,open_mesh,
6ff450daad1f6bcf8eec8563a3e4f4494c70fc75,wall art,complete,False,weld_or_static,open_mesh,
6ff5251d907c64bfdf8cf4cf04afc9a039dbd4d1,throw pillow,complete,False,bbox_inertia,open_mesh,
6ff871e1f062e94a81882f576463a98ee8dba3d8,coffee table,complete,False,bbox_inertia,open_mesh,
6ff98df2b10264b0a85025401c2a5fcdb0dc769c,end table,complete,False,bbox_inertia,open_mesh,
6ffa2de4b1bf987baee64de4ad9c40b64fa4af11,end table,complete,False,bbox_inertia,open_mesh,
7002b31b6c8246acf1387c3a7ddfeef0c888d914,wall mirror,complete,False,weld_or_static,open_mesh,
700d405f12aa24e6f8298cba0ba68ca56cb146bd,rocking chair,complete,False,bbox_inertia,open_mesh,
700e8bb0f2f6f76ba26a2909fe520a31e8d94dd9,sofa,complete,False,bbox_inertia,open_mesh,
7012d891018b1eb953483234dd2176e974b524ba,armchair,complete,False,bbox_inertia,open_mesh,
701308cdedf9ead97df7a2f4d53abe0b9153b6e6,gym equipment,complete,False,bbox_inertia,open_mesh,
7022b08ca078badcddff8d9fb0b6028f97d107e3,sofa,complete,False,bbox_inertia,open_mesh,
7025cd14a948f491902ef12724f0fe6e4ce672af,coffee table,complete,False,bbox_inertia,open_mesh,
702d3ab650d34ee1dd236b0df5882573ec70c504,"stove.n.01,oven",complete,False,bbox_inertia,open_mesh,
7037b91aa95b4455af64b832f3b5c2cf2ffafa17,bookcase,complete,False,bbox_inertia,open_mesh,
703a09bf50842e872d6c2b21240412e885bd9fdf,wall art,complete,False,weld_or_static,open_mesh,
703dc02d39bf4be233dd614b8bad4cd8363d667c,car,complete,False,bbox_inertia,open_mesh,
704be01f7db2f73ed7ef831d13b24a1bbadc8341,pendant lamp,complete,False,weld_or_static,open_mesh,
704d52eecf91590cd6885499554ee70f07997dd7,cafeteria tray,complete,False,bbox_inertia,open_mesh,
705123a0be38cef21403a7f373db0c73b1d49ab6,glass,complete,False,bbox_inertia,open_mesh,
705297b0a43f8b093c2056e01e949df7dcc616f1,potted plant,complete,False,bbox_inertia,open_mesh,
705461d8c9c59cf7461e5a4a48fb146e9193e72a,bathtub,complete,False,bbox_inertia,open_mesh,
7057310ddbb6f306bd052073a7a567cffa420dd3,window curtain,complete,False,weld_or_static,open_mesh,
7059987a721c3193430a46b41c72d963a91493c8,window shade,complete,False,bbox_inertia,open_mesh,
7065a22d943108d1e8146f3f0329be70394df2ff,ceiling lamp,complete,False,weld_or_static,open_mesh,
7085b4004190c7be381525d7341f0390b20add51,floor mirror,complete,False,bbox_inertia,open_mesh,
708ca370f980d9d7b5afd82b6bb3b0b8459e7259,potted plant,complete,False,bbox_inertia,open_mesh|inertia_not_positive_definite,
7092826dbd4e79eb1468f5f1be75b558b87c2c82,sofa,complete,False,bbox_inertia,open_mesh,
7092c2d631ad33ea65578fda9dc3f2e7ace49f9c,wall art,complete,False,weld_or_static,open_mesh,
7094e30496b2735c235819e99c509769dc30502d,armoire,complete,False,bbox_inertia,open_mesh,
709510d6568e1057c9fd62d8cf9ee6c34f72df46,bed,complete,False,bbox_inertia,open_mesh,
7095ecb50b522b8bc72ff8157495c0bdac2d3d94,faucet,complete,False,bbox_inertia,open_mesh,
709745fbd3cc41050840793cdf67e73995e27270,desk,complete,False,bbox_inertia,open_mesh,
7097cff803bee5431fe6fe26edb423c5499fb28b,whiteboard,complete,False,bbox_inertia,open_mesh,
709a782aac7df3698f3d2c28eb8364fb942ffc9a,potted plant,complete,False,bbox_inertia,open_mesh,
70aac9fde59293c88ec2ce1b78a67d36915dd8d1,wall art,complete,False,weld_or_static,open_mesh,
70b446e54a1868313eae5bf4003c9e53306ee039,hanging cabinet,complete,False,bbox_inertia,open_mesh,
70bd930f4beef594c96e8f228535b7f188a161ef,"bar stool.n.01,chair",complete,False,bbox_inertia,open_mesh,
70bf9f997babb17d77bafb5cc9cfc30e32a02403,plush toy,complete,False,bbox_inertia,open_mesh,
70c22b0935fa1ab0e9fcfe5dd52ddc7ff94f47a7,armoire,complete,False,bbox_inertia,open_mesh,
70c4e28c73b61b7e5258120b790c4a76a9767f08,wall lamp,complete,False,weld_or_static,open_mesh,
70c79bca253e00b3f33bdca64f8aa12eda31db70,chest of drawers,complete,False,bbox_inertia,open_mesh,
70d4947007b0fafdfb7b4fc44a0b556f688ec4c4,buffet,complete,False,bbox_inertia,open_mesh,
70da418e165e78eb5933d808fe6a2092162058ea,sink cabinet,complete,False,bbox_inertia,open_mesh,
70dc6f05f5ccaeb458f50701d929e4cd184e5b0a,table lamp,complete,False,bbox_inertia,open_mesh,
70de3589ff75d49478cbd1f862193de576139ffa,kitchen cabinet,complete,False,bbox_inertia,open_mesh,
70e2622adb51821a258b832699b4cb33cf152a3f,window curtain,complete,False,weld_or_static,open_mesh,
70edacf930043886edc239c55156daa0a782abb1,gate,complete,False,bbox_inertia,open_mesh,
70eeff31df71066f026769ac7f3d89e6dc13d737,footstool,complete,False,bbox_inertia,open_mesh,
70f7938f0e85f8361b676f18969e934f05be8f5a,throw pillow,complete,False,bbox_inertia,open_mesh,
7105e78f9396def9255f6144ed2208657fba53ee,net,complete,False,bbox_inertia,open_mesh,
710ab4318e8a831378523deb8083d3863f6e9224,armchair,complete,False,bbox_inertia,open_mesh,
711ca0050f3f9b5f88d68e5b09d4e176090e64ad,tv stand,complete,False,bbox_inertia,open_mesh,
7121cc194c6e576f2da123eb217e5af26cde3bb8,shower curtain,complete,False,weld_or_static,open_mesh|center_of_mass_out_of_bounds|inertia_not_positive_definite,
7127895e8862c9e3a3065f7fe3d341473ab13b8f,throw pillow,complete,False,bbox_inertia,open_mesh,
712892e35ad4f869c12bf45846f04804bb5c2eb8,table,complete,False,bbox_inertia,open_mesh|inertia_not_positive_definite,
712e8b6769bebb2dde5302e3de78d2c28d639759,toaster,complete,False,bbox_inertia,open_mesh,
712ef8ca280bad8e1f00da9043b74b8f64f992b2,bucket,complete,False,bbox_inertia,open_mesh,
7133e9f4d3f106ed39641fb26f0ea92e74ffb21d,seat cushion,complete,False,bbox_inertia,open_mesh,
713797714014a1bdb4e0c2c13c722892e7c71999,wall mirror,complete,False,weld_or_static,open_mesh,
71386a3b48f2ecd4425ebab99d11249f561dbe49,wall lamp,complete,False,weld_or_static,open_mesh,
713ad69872c5d3ea4a86d674135bca47c001fd42,wall shelf,complete,False,weld_or_static,open_mesh,
713e949b45c099d34c18cd7a8d93576e0a0cd9e7,pathway light,complete,False,bbox_inertia,open_mesh,
713fd2f383ff0f09f30ce0749b8b5abda788a795,casserole,complete,False,bbox_inertia,open_mesh|center_of_mass_out_of_bounds|inertia_not_positive_definite,
7143c2fc66b77e9f880512ef64d573008877633b,end table,complete,False,bbox_inertia,open_mesh,
7148b1a978b12cc099bddfbb043975abc50e07a3,dining table,complete,False,bbox_inertia,open_mesh,
715a72b2761252b77e761724a12c5eff87ca4c00,wall art,complete,False,weld_or_static,open_mesh,
715a79a163c4e8103e0bb86599e9b874cd603ced,hammock,complete,False,bbox_inertia,open_mesh,
715c034da15db3f1cfd0cfe36c0758c458ac2461,lantern,complete,False,bbox_inertia,open_mesh,
71684965f1f35efeada9a00407cd7e5eb287e837,range hood,complete,False,bbox_inertia,open_mesh,
717527b75b1d48c6df7e0b807188991505f1ef56,ceiling lamp,complete,False,weld_or_static,open_mesh,
717cab903031722384f08ee7543cba0f4df006ec,wall art,complete,False,weld_or_static,open_mesh,
7182ebb50669d7f49ac8918b7a6d1404fe7b54b7,potted plant,complete,False,bbox_inertia,open_mesh|center_of_mass_out_of_bounds|inertia_not_positive_definite,
718d4c7844ea2efd9247139bb145228d6841b425,wall art,complete,False,weld_or_static,open_mesh,
718d699c964758dc7761aa623afa836c6479866f,wall mirror,complete,False,weld_or_static,open_mesh,
7190489aa649a0bf3d28930dd621ea66c2063d6e,wall art,complete,False,weld_or_static,open_mesh,
719b88456badf9658c0a2b9afbe6922026b6fd71,fireplace,complete,False,bbox_inertia,open_mesh,
71ad8aa377c8cfba37c9a9e0cccfeaa89341995f,end table,complete,False,bbox_inertia,open_mesh,
71b30944a9c6ca8077d2ab8903e586a4dd2a3917,vase,complete,False,bbox_inertia,open_mesh,
71b59a776ed8f0d33739a653749f68c59ae8c939,wall art,complete,False,weld_or_static,open_mesh,
71d09809fa1306bbda506bf4ffb6a807df1b005b,clothes tree,complete,False,bbox_inertia,open_mesh,
71d3031518f78e2d97e5eb22059e6ca50ded3c93,bowl,complete,False,bbox_inertia,open_mesh,
71d631f31257bc48b408ee34369c432002bb5f44,rug,complete,False,bbox_inertia,open_mesh,
71e66d88219572d68ae485325f25aeca7d1e5c94,armchair,complete,False,bbox_inertia,open_mesh|inertia_not_positive_definite,
71ebfd95532b7bc4eb87ca51f69c97fd4728218c,ladder,complete,False,bbox_inertia,open_mesh,
71ed4df8d969badd1f7ff5b008813b2193318d6e,kitchen scale,complete,False,bbox_inertia,open_mesh,
71ef7c208e45356ca1434b970718554cb7d128b4,desk,complete,False,bbox_inertia,open_mesh,
71f80baa4252fccaf2b5033c41cfe914df11b42c,rug,complete,False,bbox_inertia,open_mesh,
71fa3c2594d4399ed3f0d0942e3edcd2be8fdbc5,refrigerator,complete,False,bbox_inertia,open_mesh,
71fbe13a411797e3dc3acdee86179aaa8b05d657,footstool,complete,False,bbox_inertia,open_mesh,
720213ed4d0172eb95cc20af90611fc844d17a10,footstool,complete,False,bbox_inertia,open_mesh,
7203abd941372582ca1cf2f402807d0301f00986,"candle.n.01,candlestick",complete,False,bbox_inertia,open_mesh,
7216165ffb87202befd80f154a6ac2f7ce521888,faucet,complete,False,bbox_inertia,open_mesh,
7217b271a329f51e3633363b487912ab18246622,"letter.n.02,wall decor",complete,False,weld_or_static,open_mesh,
721b75b49772e53e01785e943bfe8832fe3f9dfe,table lamp,complete,False,bbox_inertia,open_mesh,
722866a9d51463b5c8e968e437fdfcc9e44d2d6f,pendant lamp,complete,False,weld_or_static,open_mesh,
72287124d634c4fba4c595ea32c2b0fca82b63b0,"wall art.n.01,sign",complete,False,bbox_inertia,open_mesh,
722d9b8b0d8ad98e8798840b918121d2c126fa26,kitchen cabinet,complete,False,bbox_inertia,open_mesh,
722ee5e90284277993c21d61b10707d8cbac452c,armchair,complete,False,bbox_inertia,open_mesh,
72305abe342ae61ffd01243a6acfcdb8aa0381c6,end table,complete,False,bbox_inertia,open_mesh,
7234c47c5e1a7bcd091736c9101d941fd6c4d9d6,pendant lamp,complete,False,weld_or_static,open_mesh|center_of_mass_out_of_bounds|inertia_not_positive_definite,
7242a8e0ba9f4b50fcec9a2e663a4e81a269d4ba,wall hook rack,complete,False,weld_or_static,open_mesh,
7242d1d75427afd2da95c250342b676f2a4ed851,frying pan,complete,False,bbox_inertia,open_mesh,
724302468f654ed8bf8d72ad82e5057db5d08336,hamper,complete,False,bbox_inertia,open_mesh,
7244821159fbec44fa2e85a27ccc2e4b8294e1cc,table,complete,False,bbox_inertia,open_mesh,
724b868d689123c9b22ba5eabc047e155c090024,end table,complete,False,bbox_inertia,open_mesh,
724e22df3ff437c7a22926040ed4747f1f6fc372,wall lamp,complete,False,weld_or_static,open_mesh,
724f3525032403574d5519ec962536a3c3e4d16f,window curtain,complete,False,weld_or_static,open_mesh,
7251c7d128ec42f88c4ac07568ecfe9fac7e86d7,picture frame,complete,False,weld_or_static,open_mesh,
7255d38e0e587bb5ee97d726e1f4af9245c0e1b1,rug,complete,False,bbox_inertia,open_mesh,
7258807d160c815dc001a59b6a6be88f5b9ea898,wall art,complete,False,weld_or_static,open_mesh,
725c5e0c013448a939b748491fe3262b0fb3185e,nightstand,complete,False,bbox_inertia,open_mesh,
726793309f6eb1fbd6b34ea52de023d78b596903,coffee table,complete,False,bbox_inertia,open_mesh,
726d17ec5b3e6e19a97f47d2edb1d309e429f59a,coffee table,complete,False,bbox_inertia,open_mesh,
72807de315ae7f20a846e137cf5e755f909a398f,shower stall,complete,False,bbox_inertia,open_mesh,
7296cba85cfaf0ab1733eca053ca054eeae8afb6,wall art,complete,False,weld_or_static,open_mesh,
729dfcde9b46a1c8b3330834f7fe2fb798cf9896,chandelier,complete,False,weld_or_static,open_mesh,
72a0cb00b84683309970a14cadb99bdb75e03a43,jar,complete,False,bbox_inertia,open_mesh,
72a9317c0c78fcd7ac2d8a89776e4dcdf5a16239,floor lamp,complete,False,bbox_inertia,open_mesh,
72aed5025bb1eadac274d40613708f1518687978,hanging cabinet,complete,False,bbox_inertia,open_mesh|degenerate_faces,
72b25f0b1834fd8d6adc08a3dd2041f1d1ab4390,bookcase,complete,False,bbox_inertia,open_mesh,
72b44d1c6909ecea4462c879800c54a2abf894c4,end table,complete,False,bbox_inertia,open_mesh,
72bea8a7114d39dffad90d7e97a05f7d5fefd3f3,tv stand,complete,False,bbox_inertia,open_mesh,
72c29f222e9a15697900c059aed76a1d1da1e750,plant,complete,False,bbox_inertia,open_mesh|center_of_mass_out_of_bounds|inertia_not_positive_definite,
72c74bf2ba521613b897c442c09b39b8289e9d4c,cabinet,complete,False,bbox_inertia,open_mesh,
72c768666c398f91a5e4755d569f4d7097acc297,sofa,complete,False,bbox_inertia,open_mesh,
72c7b59212d1a6f895b140ec42672f6492776f6c,china cabinet,complete,False,bbox_inertia,open_mesh,
72c7de25ab188d59bd9cd4a3f774e19e97acc95a,buffet,complete,False,bbox_inertia,open_mesh,
72d82af7231e5c793ab328c202cb0c3df18db59d,cake stand,complete,False,bbox_inertia,open_mesh,
72dc9e7ab50d57308450445ef4e424c0e3c3acd6,wall art,complete,False,weld_or_static,open_mesh,
72decd843fde2d94015300738b13172ec428e3a3,wall art,complete,False,weld_or_static,open_mesh,
72e0c03c2e0fcdba69b44c2d7937776a75d24909,sink,complete,False,bbox_inertia,open_mesh,
72e64df07fa5a1da34ceba6e350e7b1bed8e4958,wall art,complete,False,weld_or_static,open_mesh,
72ecba224116779a95d873cf2712dcbd8a745512,window shade,complete,False,bbox_inertia,open_mesh,
72f27b3eab05de72d5a9808625fe9d02e90d5504,desk,complete,False,bbox_inertia,open_mesh,
730051ab5f9e294e8f9139912a598187771d8099,throw pillow,complete,False,bbox_inertia,open_mesh,
7302d8955dc09edaa698694e11587c018dbc6d4a,playhouse,complete,False,bbox_inertia,open_mesh,
73079c97e0eb1023190a377a3311f6a0c2d4c9b8,kitchen cabinet,complete,False,bbox_inertia,open_mesh,
73246c5ca00947d7a5751e23adeaba9a8496361a,pendant lamp,complete,False,weld_or_static,open_mesh,
7326537f0d974d05bc0f33003fdc1325a56a6b58,nightstand,complete,False,bbox_inertia,open_mesh,
7329a4d427e8aa58cb68d94014b2ee0631a71ad8,table lamp,complete,False,bbox_inertia,open_mesh|degenerate_faces,
7332c41ec19fcbcf36bafeb8cf5fcf476376536e,table,complete,False,bbox_inertia,open_mesh,
7336e6b346e542b64348bec7ee5c57f35d3a0b8b,"candle.n.01,candlestick",complete,False,bbox_inertia,open_mesh,
733d87c8de3570cb71d4090e0bc6a722f35fa3ee,sculpture,complete,False,bbox_inertia,open_mesh,
733ec060dea46ca9b559cf5334e335955dfa68f0,pendant lamp,complete,False,weld_or_static,open_mesh,
73488eee7e7854461134ed9dc369ba39399e2070,dressing table,complete,False,bbox_inertia,open_mesh,
734da957ee78f96540c6532441e8c4f2add8c702,window curtain,complete,False,weld_or_static,open_mesh,
73572ccb995b7693be384c480a41f5a6b909b56a,wall lamp,complete,False,weld_or_static,open_mesh,
7358ee194b18dfb1a2865b21843bb3bf66d60bb4,rug,complete,False,bbox_inertia,open_mesh,
736dbf03e4ad0a36ebc9b4e3a5f65e8ef35ccb37,wall art,complete,False,weld_or_static,open_mesh,
736e7a3f89aee454434df977e28f2d311c12e8d9,wall art,complete,False,weld_or_static,open_mesh,
736eebbb72e7ee9ef01d76ae3b0075e55f05ceb5,vase,complete,False,bbox_inertia,open_mesh,
7373373f21ea951710cf7a639d6fb37807b8dfa0,wall lamp,complete,False,weld_or_static,open_mesh,
7379d8877fb6d9f4f83e0b0207b44746d23a1860,desk,complete,False,bbox_inertia,open_mesh|inertia_not_positive_definite,
738ab10b025c98e7ead3687e847bb25c39893349,coffee table,complete,False,bbox_inertia,open_mesh,
738fd4f9d5f988090b5b70b353651e2d9a919a11,cabinet,complete,False,bbox_inertia,open_mesh,
73969913e86d513a2e3bbb01a9930a7515af2959,wall art,complete,False,weld_or_static,open_mesh,
739934e1838a630706d354d75a73355c93e07f69,mantel clock,complete,False,bbox_inertia,open_mesh,
73a8b1ad142ac44292ca45446183260080ecc056,bench,complete,False,bbox_inertia,open_mesh,
73b1c08116757336da9e7384dcb3d770a9803d8a,swivel chair,complete,False,bbox_inertia,open_mesh,
73b30f3d79c74bec59b9690a171be6f7859f11ec,ottoman,complete,False,bbox_inertia,open_mesh,
73b7a391b1d42c707c01739d3591310d04f3ea12,buffet,complete,False,bbox_inertia,open_mesh|center_of_mass_out_of_bounds,
73b921033259f6aced93d6462364fc1d2bd5bff1,armchair,complete,False,bbox_inertia,open_mesh,
73bde9c227d8755ff50c5df9eea733028f6bad14,ceiling lamp,complete,False,weld_or_static,open_mesh,
73c44bfa31182cd9d69d6c233e86ae57be29a804,toilet,complete,False,bbox_inertia,open_mesh,
73c5703d71d04e71abe1a44006c39e52b9019a9a,throw pillow,complete,False,bbox_inertia,open_mesh,
73ce6dfa5079b10e60f215f685675670bb868174,roof,complete,False,bbox_inertia,open_mesh|center_of_mass_out_of_bounds|inertia_not_positive_definite,
73ce7f5d2498e7ac9c747ab81a6c58b9b84891ac,armchair,complete,False,bbox_inertia,open_mesh,
73d996ea8bb29c69f7da848926d2b08d135d03b6,swivel chair,complete,False,bbox_inertia,open_mesh,
73e0248985913d45c16eec1a7e537c739ea527f6,kitchen cabinet,complete,False,bbox_inertia,open_mesh,
73e424cce8835563a1ca043e199122c3dfe62d11,book,complete,False,bbox_inertia,open_mesh,
73e8cc5606feed3dd8976aa94d7e6522dc236559,throw pillow,complete,False,bbox_inertia,open_mesh,
73f023276f79e4f10461bae7768e728ba42f0c83,wall art,complete,False,weld_or_static,open_mesh,
73f8ed8796181efd45b88de14543d22045c59475,bench,complete,False,bbox_inertia,open_mesh,
740aeb24ae22986c36a8db6de5f858ef00e379d4,showerhead,complete,False,bbox_inertia,open_mesh,
740b60d7e19ae0e19a08e397c7c55ba89af70660,wall mirror,complete,False,weld_or_static,open_mesh,
741ae8bd7dbcc1d629daa6ad63ce451b9171762d,bench,complete,False,bbox_inertia,open_mesh,
741c787824bad244f18eba3b24e0b5176631217c,chest of drawers,complete,False,bbox_inertia,open_mesh,
7422f381636c7d109de956ba2ba2207e6dec3623,wall art,complete,False,weld_or_static,open_mesh,
7425bd61005d86128b0ca59218ad8a2981b53503,wall lamp,complete,False,weld_or_static,open_mesh,
7426e2cd3752400c8eb20a2914f569817c3eeff9,throw pillow,complete,False,bbox_inertia,open_mesh,
7441ce44ceffee74fca2c8b793501df58e726f4b,throw pillow,complete,False,bbox_inertia,open_mesh,
74463d608aaebeac19efc6c0609ea64599368a56,sculpture,complete,False,bbox_inertia,open_mesh,
7455be76e2dd607faf8df97b1e55bc9358118e55,basket,complete,False,bbox_inertia,open_mesh,
7458255e2e6de219c0e9bb0c8b020f21eb94161a,throw pillow,complete,False,bbox_inertia,open_mesh,
745baa493d1b2b190587b5fd365c2d8c22b3625d,bath mat,complete,False,bbox_inertia,open_mesh,
746d6097c1370d7e1284a2eb013c7f2e0ef077d2,floor mirror,complete,False,bbox_inertia,open_mesh,
746f07339289c4ee5b15851ba30ad914c55983ff,ashcan,complete,False,bbox_inertia,open_mesh,
746f5315c12ec65958998a6c92999def0e68ecf8,wind chime,complete,False,bbox_inertia,open_mesh|inertia_not_positive_definite,
7470fdf56bc21e01045dc559fff77b549b59a6cb,window curtain,complete,False,weld_or_static,open_mesh,
74719799dd6db4311fb6cb0a62f9e2892006e2b7,spectacles,complete,False,bbox_inertia,open_mesh,
7472af24a8b142dd81dce9d313a6c43ab9b8cafe,kitchen cabinet,complete,False,bbox_inertia,open_mesh,
74838e97471c7afeef362d0f94963cc54865ae66,buffet,complete,False,bbox_inertia,open_mesh,
748668b4749a7f38fece03dc8b2c439542ba450a,kitchen island,complete,False,bbox_inertia,open_mesh,
74866c6d0cdfeda45f2da0ad289f7af86410d0cf,washer,complete,False,bbox_inertia,open_mesh,
7489bcf3f226d315b4627bc442422f44f9eff092,desk,complete,False,bbox_inertia,open_mesh,
748a972f27467c8d5f72f7666960283416de77a0,sofa,complete,False,bbox_inertia,open_mesh,
748ccdbbac88181d4a7c064efceb64d1fb4bde2f,throw pillow,complete,False,bbox_inertia,open_mesh,
74978e3ce61df9c9e8735f227dd5dec91d70a6dc,sculpture,complete,False,bbox_inertia,open_mesh,
7499145eb110f57094d4715bdca49edafc680ff6,table,complete,False,bbox_inertia,open_mesh,
749dce3dad5380ba9773896ccd9a50337428a18a,place mat,complete,False,bbox_inertia,open_mesh,
74a7c899cc3d674a2cfe1f55be01c8bedd72273d,wall art,complete,False,weld_or_static,open_mesh,
74aeeca76942f11911f77a406caf97034afb2724,nightstand,complete,False,bbox_inertia,open_mesh,
74b60251fec74f45e639eb8d46a13dda8829bb7a,coffee table,complete,False,bbox_inertia,open_mesh,
74bb269635f9b21776df1933956f2221485b32dc,swivel chair,complete,False,bbox_inertia,open_mesh,
74c30f90f5d69fe7c74dd22c18925bb485540af2,rug,complete,False,bbox_inertia,open_mesh,
74c48e1d686c342798a9277975731d178194b288,nightstand,complete,False,bbox_inertia,open_mesh,
74c731f0fbabe83250821f9dcdbd338a2955a926,"bar stool.n.01,chair",complete,False,bbox_inertia,open_mesh,
74cfb4efcdf489b79953bdfcfff86d8b42a0190a,chest of drawers,complete,False,bbox_inertia,open_mesh,
74d45ca130926fa06e24f55f745a02bbd0b2006e,armchair,complete,False,bbox_inertia,open_mesh,
74da20ef257e10a06164a588ce1e2f80c43f543c,armoire,complete,False,bbox_inertia,open_mesh,
74de83890cfd1d14dd84bc878d7c52f7dcf7620c,throw pillow,complete,False,bbox_inertia,open_mesh,
74e1831f3d2100296a4663e63defbe344b15f421,easy chair,complete,False,bbox_inertia,open_mesh,
74f44eac25db76154bf48a478052613b8232eb98,kitchen appliance,complete,False,bbox_inertia,open_mesh,
74f64d7acc653e121e48e7f98dfdeba8b7f26067,plush toy,complete,False,bbox_inertia,open_mesh,
74f724450aa8c35c6b6de2002b27acd6d4a39170,fence,complete,False,bbox_inertia,open_mesh,
7502eeceafbebbc6b43041288f8dbd1eaf33d1de,sofa,complete,False,bbox_inertia,open_mesh,
750d6a977be6352bf688539b5ccc6e1147b22758,"stove.n.01,oven",complete,False,bbox_inertia,open_mesh,
750e1682d3e21e452f0deb741fb38f998d137170,sofa,complete,False,bbox_inertia,open_mesh|center_of_mass_out_of_bounds|inertia_not_positive_definite|degenerate_faces,
75139e50e6f0e54e14634cfffe33e4183b1109ad,buffet,complete,False,bbox_inertia,open_mesh,
751d615dead13c404161886269e305e03079183f,dining table,complete,False,bbox_inertia,open_mesh,
752f77d7c0349b81c201fcc71650970170382456,coffee table,complete,False,bbox_inertia,open_mesh,
7534d4cbcda0f20cd110512709dec4e861b29e1e,"bar stool.n.01,chair",complete,False,bbox_inertia,open_mesh,
7542d824416c774ec0e59f22be44b6b72a20bf60,"drawer unit.n.01,file",complete,False,bbox_inertia,open_mesh,
754e1f6f53299727a2284c238f543aa9a524542a,fireplace,complete,False,bbox_inertia,open_mesh,
7557cdd4decb1493938bb8b18887e59b5718f658,cup,complete,False,bbox_inertia,open_mesh,
756b2fcfa6d73ecbbd4c5040aee63187dc406f81,sofa,complete,False,bbox_inertia,open_mesh,
756d80b4a361683eca98dd939a355ed1eb1c48ab,bar stool,complete,False,bbox_inertia,open_mesh,
756fee8c3c3d0bfdfa3a4b3ea0c4abcfe9fdb729,chandelier,complete,False,weld_or_static,open_mesh,
7572f4ee8c5c15d759435197d7cbe900ce324bfd,wall art,complete,False,weld_or_static,open_mesh,
757c3b2e6018679a04ef04fc6f21b6434c379ebd,nightstand,complete,False,bbox_inertia,open_mesh,
757ef64ccb526a0131170f60e55099885c0ea2ff,end table,complete,False,bbox_inertia,open_mesh,
75837d57167448213b092af97562cf08a590a417,hanging cabinet,complete,False,bbox_inertia,open_mesh|center_of_mass_out_of_bounds|inertia_not_positive_definite,
758fde4428d502f33f497c9120f49e34fe097b92,chandelier,complete,False,weld_or_static,open_mesh,
759009978263a3cba19e877146937598808ac8fc,rug,complete,False,bbox_inertia,open_mesh,
75981e91eb9a82ca004d344a68f8c34f0522bcef,chest of drawers,complete,False,bbox_inertia,open_mesh|degenerate_faces,
75a47e132a99a8576b16f0a6d84ed7533cffe954,ceiling lamp,complete,False,weld_or_static,open_mesh,
75a81b91945da206c06e06afe73ecf99d9e442da,wall shelf,complete,False,weld_or_static,open_mesh,
75b122ae0f1409d838f4372af9b901fa68304840,wall art,complete,False,weld_or_static,open_mesh,
75b404678520512a7ef5513555dde2d17fb39147,ceiling lamp,complete,False,weld_or_static,open_mesh,
75bcf65091df0ec78dae7f2ab780d950628555fd,window shade,complete,False,bbox_inertia,open_mesh,
75c2c86b45bc7e59a409b3cce582f26990c0dc0a,mat,complete,False,bbox_inertia,open_mesh,
75ce964805a1e3b5837336841165f8f6741c0713,armchair,complete,False,bbox_inertia,open_mesh,
75e6b97ed7148af0a0377c98f613b7eb5ed917a8,dining table,complete,False,bbox_inertia,open_mesh,
75ec1a81d6a7e47fdb8c75361d3d1a431fce3f80,rocking chair,complete,False,bbox_inertia,open_mesh,
75ed8fe96ce0a4e213c061366b2c49926d00b4cb,sofa,complete,False,bbox_inertia,open_mesh,
75ef5fb18ca78e6a3b2b056ea4c5246da4e3688a,basket,complete,False,bbox_inertia,open_mesh,
75f4b55b81a1dea61e0e57b946bff0b140de2402,ceiling lamp,complete,False,weld_or_static,open_mesh,
76046a7bd7a4335502da55243e677044f97511bc,plant stand,complete,False,bbox_inertia,open_mesh,
76076bd3b200a8cb0669a6df5edf19b2ff9b3e84,table lamp,complete,False,bbox_inertia,open_mesh,
760807a6badbcc9a1ff4b1066c6327a7dfe3e757,chair,complete,False,bbox_inertia,open_mesh,
76102a94ca13d9cdaf7d5a77262cddd4df9a806c,sink cabinet,complete,False,bbox_inertia,open_mesh,
7617ed327c9075b8716f270fa42de98e6d95dd8b,swivel chair,complete,False,bbox_inertia,open_mesh,
7618f89a88ec34181bc360a234208afffaeb786f,showerhead,complete,False,bbox_inertia,open_mesh,
761c161d57068a6f504e8fd35cad5a04663b62f1,plate,complete,False,bbox_inertia,open_mesh,
761f0c299a2f5a134f78ba175a0fd1e372a86dc8,nightstand,complete,False,bbox_inertia,open_mesh,
762665bc7a958151874c15edfc2711b161376678,chest of drawers,complete,False,bbox_inertia,open_mesh,
76296d09437fc3862012f2099da357e00b96b864,wreath,complete,False,bbox_inertia,open_mesh,
76298b7fdef47ffd2b099ccff1d5c66b50a789cb,"stairway.n.01,stairs",complete,False,bbox_inertia,open_mesh,
7629cab57668d2f1befe0a554e212d4f36849056,armoire,complete,False,bbox_inertia,open_mesh,
762e02786f304286c1a68d3d53365bfa743b4f5f,bouquet,complete,False,bbox_inertia,open_mesh,
764b8ae4b8b5564383599300cb54b0fcac2b23a7,table,complete,False,bbox_inertia,open_mesh,
76609b7f7a01e46d90fd60550da4d4416912e15b,sofa,complete,False,bbox_inertia,open_mesh,
7665c41b3afee199b9a292ac07707983abf09d50,floor lamp,complete,False,bbox_inertia,open_mesh|center_of_mass_out_of_bounds|inertia_not_positive_definite,
766781e23dd2dfac874c4005172b4469c33f4d44,gym equipment,complete,False,bbox_inertia,open_mesh,
76696232ac6d502f7290654ec5bb7fde4d9eee3d,chest of drawers,complete,False,bbox_inertia,open_mesh,
767356ff286ff0d45063e1988f8e65340fff7253,umbrella,complete,False,bbox_inertia,open_mesh|center_of_mass_out_of_bounds|inertia_not_positive_definite,
7679f541a9db45fd2a7ba0fcbb0e0a61efddce1e,wall art,complete,False,weld_or_static,open_mesh,
767bfaf6eaa36c7833dfa253e45802b169653ab6,china cabinet,complete,False,bbox_inertia,open_mesh,
7683c163bea9f07541b6845278cce7ad43fbf099,swimming pool,complete,False,bbox_inertia,open_mesh,
7696a432ae056712d7c12321200c49ff89b5ce32,candle,complete,False,bbox_inertia,open_mesh,
769dd5212b5a966d0e61115902f51cef1f20d677,bench,complete,False,bbox_inertia,open_mesh,
76a64c43a9ce4617bfec6b8b8fe33ed377fd5177,gazebo,complete,False,bbox_inertia,open_mesh|degenerate_faces,
76a762c6d7151b59999a954e9a8570c22d2256c8,sofa,complete,False,bbox_inertia,open_mesh,
76a85ba927f4aed3a8153edcb464231077c3e673,pendant lamp,complete,False,weld_or_static,open_mesh,
76b32b683454c8dd1ed99443bde39f6021830e9a,desk,complete,False,bbox_inertia,open_mesh,
76d114aea1c89ed0d8d12b61cccfc4b91282b1c2,end table,complete,False,bbox_inertia,open_mesh,
76e95047ddb6cc303c11751798ef869ed31451e0,"candlestick.n.01,candle",complete,False,bbox_inertia,open_mesh,
76eae23ae57ce286d42affd63aa146a9ce73e0ed,sofa,complete,False,bbox_inertia,open_mesh,
76eb8317661751dd4897b39db29df5db517e2d5c,potted plant,complete,False,bbox_inertia,open_mesh|inertia_not_positive_definite,
76f881d9dc0d71dccabff2e80101ab9e1813117d,bulletin board,complete,False,bbox_inertia,open_mesh,
76f88bd35c87455b121fdc76c7597715db1f89ca,bench,complete,False,bbox_inertia,open_mesh,
7700307a49829ada0515f667b847562a79c9a2fd,picture frame,complete,False,weld_or_static,open_mesh,
7702f42c1167d3e56da7806e7b258edb6d20e249,end table,complete,False,bbox_inertia,open_mesh,
770311f153df8ccc86d08f4f24749227a91e153f,wall clock,complete,False,weld_or_static,open_mesh,
77053008be03b09016371f53787d8488e0ae7d1e,shower stall,complete,False,bbox_inertia,open_mesh,
770bb72cc8b7efd32289f74ba7cbb258f82bc39f,china cabinet,complete,False,bbox_inertia,open_mesh,
770f4b55790c0b15ce8eaa83cfa66719b4b14399,flower,complete,False,bbox_inertia,open_mesh,
7716edab9419207cdad0e48548fdccf25ed883ea,wall art,complete,False,weld_or_static,open_mesh,
77205ffb7a84841bf263b9293c99654f816a52cf,hanging cabinet,complete,False,bbox_inertia,open_mesh,
77239f410dc3a883195b60ffff89c369210d675b,swivel chair,complete,False,bbox_inertia,open_mesh,
772b40cd81cc68e48baed6f2cfb08f704591e515,cafeteria tray,complete,False,bbox_inertia,open_mesh,
7731b27a33dba3816bd7bc321cf47bc12facc109,armchair,complete,False,bbox_inertia,open_mesh,
7732b28bdef9a8a73923e867c7928dac3d15e34d,faucet,complete,False,bbox_inertia,open_mesh,
7737aeabe0a277694657ab002af8a1b83bf02062,faucet,complete,False,bbox_inertia,open_mesh,
7742a7a3405f9a95df70ae937a17db980ac368d3,wall mirror,complete,False,weld_or_static,open_mesh,
7743db46f158a33ff13e985f5493e148f0de3681,console table,complete,False,bbox_inertia,open_mesh,
77568f0a686a4a4fe3a0733b94ffe34544f2ff84,mat,complete,False,bbox_inertia,open_mesh,
775a3ca949c41b0f143a1c919efa402817172e1f,wall art,error,,weld_or_static,,ValueError: mesh extents are not finite and positive
776819ec06e3a514d086f023573c30a17d44aad6,chandelier,complete,False,weld_or_static,open_mesh,
776f3530cb5858583bff8a5556c38b5b2c876c55,throw pillow,complete,False,bbox_inertia,open_mesh,
777a3ddc083879134efc24e02906f18862bde186,wall shelf,complete,False,weld_or_static,open_mesh,
7780c0aee05d42b3b6f0dcaff81e3250a968b463,rug,complete,False,bbox_inertia,open_mesh,
778257fdf89d9a6afbb324b0834e84ff8748b495,fireplace,complete,False,bbox_inertia,open_mesh,
778b4fb2b33bc168ba059e2c54e853bbe06ecbe4,kitchen cabinet,complete,False,bbox_inertia,open_mesh,
7793a67647bb6f95c2342486ed914afd0d7b7802,electric fan,complete,False,bbox_inertia,open_mesh,
7796fab886b31054bced0b263eaa4051afad1406,wall mirror,complete,False,weld_or_static,open_mesh,
7797946e41a2a42f5c6945f997dea5e076e491fe,lantern,complete,False,bbox_inertia,open_mesh,
7797d87c9e3e8a8273548d598bcb7fc023b2063e,picture frame,complete,False,weld_or_static,open_mesh,
779ad00f8ce31d728fc716a5619a8aa153fdc118,wall mirror,complete,False,weld_or_static,open_mesh,
77a30b013c7dfe65de4713e54866a395b8b9513d,potted plant,complete,False,bbox_inertia,open_mesh,
77a9494c79e0cbc30ab49127f456c7d7f4a53e64,cellular telephone,complete,False,bbox_inertia,open_mesh,
77abeec71054aaeb7321f8b2a7f195caf582bcfa,wall art,complete,False,weld_or_static,open_mesh,
77ad715fa7967499cc3a94d050b7880481918664,floor lamp,complete,False,bbox_inertia,open_mesh,
77af27c6a414131f13d2aac55153720028fd4ed5,kitchen cabinet,complete,False,bbox_inertia,open_mesh,
77b11fae08914113405adbdb2d988c901223bb85,flower in vase,complete,False,bbox_inertia,open_mesh|center_of_mass_out_of_bounds|inertia_not_positive_definite,
77b41fa8fa451bc9250412841a8fb09b4e39bdaa,shower curtain,complete,False,weld_or_static,open_mesh,
77b82c8a414243afd5b53c6efec2c77a5c8cda85,wall art,complete,False,weld_or_static,open_mesh,
77bfd8ddbcd731b9bc392cbcaa72af43496c024e,wall art,complete,False,weld_or_static,open_mesh,
77c10cc18f4241f48a0ef8ddac3f1102956354ad,picture frame,complete,False,weld_or_static,open_mesh,
77c92ae76ee6312aad8357093b47418ce0d2abdb,railing,complete,False,bbox_inertia,open_mesh,
77ca8f9bd244589360ac1175aca4010f83e19914,kitchen cabinet,complete,False,bbox_inertia,open_mesh,
77cb5f32d1a0768d6352866a2f03fcde8ce0d34e,table lamp,complete,False,bbox_inertia,open_mesh,
77cbe14c0040514359d35499d3679f86731f23f2,buffet,complete,False,bbox_inertia,open_mesh,
77df4cdd2eb5c374245d5e49d4f08fcd8bcba7c9,table lamp,complete,False,bbox_inertia,open_mesh,
77dfe68feca44d3ae80213c5b6be90ff571cf046,wall mirror,complete,False,weld_or_static,open_mesh,
77e463ed4aeea7a8b97ec0f25765706519bf335a,wall art,complete,False,weld_or_static,open_mesh,
77efedbc319b5e9c634dab836b15bc5750d19dfd,wall art,complete,False,weld_or_static,open_mesh,
77f7da7fde77b53997ffb90ce786870437f250c2,rug,complete,False,bbox_inertia,open_mesh,
77f9192b5d6bcdb47c2efae2096e068e548e30c8,wreath,complete,False,bbox_inertia,open_mesh,
77fa418c87288f1d136d311dddb6602734120f52,ashcan,complete,False,bbox_inertia,open_mesh|inertia_not_positive_definite,
7803eed87c55068705e00ddc50b6060a67fc492e,candlestick,complete,False,bbox_inertia,open_mesh,
78085a926dc32e87bd3a7cc13645eed9a4621f60,radiator,complete,False,bbox_inertia,open_mesh,
780c072398eeedc1f9a10e243bbb436fb31b252a,room divider,complete,False,bbox_inertia,open_mesh,
781555ddc92f69e7e676da3272942a9568c4b9ec,floor lamp,complete,False,bbox_inertia,open_mesh,
781c5cd56217dd8149812d135c665e4cf1a13d6a,table lamp,complete,False,bbox_inertia,open_mesh,
78218988eaa22d4e96fbf13517ec92f8897c5a2d,switch,complete,False,bbox_inertia,open_mesh,
782198ae361cc2f369ebfba61c613201baa50711,wall mirror,complete,False,weld_or_static,open_mesh,
78297c42293ab5d2266bb8c22f0cdb5554824932,tissue box,complete,False,bbox_inertia,open_mesh,
782a3b7e0f47cb04ae0a59258942fbb7598123fd,armchair,complete,False,bbox_inertia,open_mesh,
782f0a9b9f354f0055c0ba551ebde2f459b83a09,bar stool,complete,False,bbox_inertia,open_mesh,
7842e497a24975bfdaca85cbdb8fcff04c440785,range hood,complete,False,bbox_inertia,open_mesh,
7844618ff1e185b2709525e78fd06d5f6949a1f7,flower,complete,False,bbox_inertia,open_mesh,
7860ebefd88e4fc63ea3b158b9e6f330f2546f49,sculpture,complete,False,bbox_inertia,open_mesh,
786502f5c1c94c2c58feda6c8b9515edc192af5a,throw pillow,complete,False,bbox_inertia,open_mesh,
786845ecaee2a43d135f922f4d617da02c8543b6,dining table,complete,False,bbox_inertia,open_mesh,
78698029ec14d07e77264262ea2341904526d610,table lamp,complete,False,bbox_inertia,open_mesh,
7870c5c8dfede91c5c56faa1092f218f6f480bb3,sofa,complete,False,bbox_inertia,open_mesh,
78731d523edf2f0f16b7a7b3f0c92ec7e8a0b0fd,wall art,complete,False,weld_or_static,open_mesh,
787d60a079f4a470dfea457688019097135a188b,kitchen cabinet,complete,False,bbox_inertia,open_mesh|inertia_not_positive_definite,
7881343e4da076434318290742c1e19a08534c3e,serving cart,complete,False,bbox_inertia,open_mesh,
7887d26636c765bf820dc2b29684862bfd71bb98,shoe rack,complete,False,bbox_inertia,open_mesh,
788e63cec20d106f6660908b1bc0326225650564,fence,complete,False,bbox_inertia,open_mesh,
7891d26e731883498594396ac617dfba204b52fc,stool,complete,False,bbox_inertia,open_mesh,
7898390bd2ca8270954629c12a84a1fd3cb53a20,wall mounted screen,complete,False,bbox_inertia,open_mesh,
7899d0c5296a70e4f4b8b9c5f3e96ea2491a0ac8,refrigerator,complete,False,bbox_inertia,open_mesh,
78a02cbe18b9bac0aedf264e100a73f34fd05023,refrigerator,complete,False,bbox_inertia,open_mesh,
78a66439eecf2b3387825947e58383ef27e3f66e,chest of drawers,complete,False,bbox_inertia,open_mesh,
78ad210eee3420c5defd24deb5dc012ac7e81fe5,window curtain,complete,False,weld_or_static,open_mesh,
78ad33399ead05be41d62756977ade1610e39874,swivel chair,complete,False,bbox_inertia,open_mesh|inertia_not_positive_definite,
78b6c887f0f3e406200243b1dfd986a9475be416,grab bar,complete,False,bbox_inertia,open_mesh,
78b8616f8a54b53f22143900e3321c4783c0b985,wall clock,complete,False,weld_or_static,open_mesh,
78bb66268105bf1dcdff769949aa5b3508a5f9cf,throw pillow,complete,False,bbox_inertia,open_mesh,
78bf17eba4a37b44ce5895146f52df8fad41e7d1,flower,complete,False,bbox_inertia,open_mesh|center_of_mass_out_of_bounds|inertia_not_positive_definite,
78c3e6e637eb2ae10fb7a7e95b24775479853bde,jar,complete,False,bbox_inertia,open_mesh,
78c6daa160452aab3cebdbf707a034cf121c86e8,desk,complete,False,bbox_inertia,open_mesh,
78ce255148272127d25f126f0abf63a76672d2e4,ceiling lamp,complete,False,weld_or_static,open_mesh,
78cfa81acee912f151e756369600f7ad48956809,buffet,complete,False,bbox_inertia,open_mesh,
78d1e48a7ae1f926dd123bd4afd5d313ee9041cc,wall mirror,complete,False,weld_or_static,open_mesh,
78da408a3864493508ff2078d9ef2c0b1ff81b93,dining table,complete,False,bbox_inertia,open_mesh,
78dd5e949d7df816ac67920463345420646eb708,throw pillow,complete,False,bbox_inertia,open_mesh,
78de8224260ece5c3d60024a9c4c0b80ec7502ce,wall mounted screen,complete,False,bbox_inertia,open_mesh|degenerate_faces,
78e18313eb433e5e14df1455e9ee6f05fe084a5d,rug,complete,False,bbox_inertia,open_mesh,
78e1bee40ca74275511288f694cfef842451b2f7,shower stall,complete,False,bbox_inertia,open_mesh,
78e8c0bb62e3ef33af7e1635ca30986837e5ecea,potted plant,complete,False,bbox_inertia,open_mesh|center_of_mass_out_of_bounds|inertia_not_positive_definite,
78eb0851a42ad1e7c674eba790810964378c68bc,floor mirror,complete,False,bbox_inertia,open_mesh,
78feeae49440fd1a7415a3b992796a446db40425,wall art,complete,False,weld_or_static,open_mesh,
78ff0d5ff2af376d965222aeb78d7e768368c81b,sofa,complete,False,bbox_inertia,open_mesh,
790b7bc093daf4ecbcb7f93579d3c60ab8b0b371,armchair,complete,False,bbox_inertia,open_mesh,
790f65ea5a0ac1e7870c0c7e5513b7c4bab1f911,sofa,complete,False,bbox_inertia,open_mesh,
791d22865eca517bdcadc3575604230789f61607,footstool,complete,False,bbox_inertia,open_mesh,
791d825a457e1146f8287732f4e7068a107e2769,rug,complete,False,bbox_inertia,open_mesh,
791f9ab9f51e6d5152dbed22ff3e421b3510e221,footstool,complete,False,bbox_inertia,open_mesh,
79208602e24336c463c0e52f5ed94794756de9df,shoe rack,complete,False,bbox_inertia,open_mesh,
792da1654a2adf3da64a91aa8ef328f98074b82c,bag,complete,False,bbox_inertia,open_mesh,
792f8cd95358bb74951621798f9a56eadc397511,wall art,complete,False,weld_or_static,open_mesh,
793346ee8860cb6014eaa7cb2f9cc766cf626c2b,wall mirror,complete,False,weld_or_static,open_mesh,
79431fb55870504f86c5f3e2e4c47f4ba88f63e0,book,complete,False,bbox_inertia,open_mesh,
79483af663cf11c95397497934c9f922ddfe1ffc,ceiling lamp,complete,False,weld_or_static,open_mesh,
795476d454a0168787acb4b5a14b32e5d259bd77,footstool,complete,False,bbox_inertia,open_mesh,
79590e37b261153df0b50a05e90edf40bc4f13c0,carafe,complete,False,bbox_inertia,open_mesh,
796933d96e20ed5dac6491d424084900fd72d301,refrigerator,complete,False,bbox_inertia,open_mesh,
796a643f3d4c6c84383e5e068530c8950581d8db,wall art,complete,False,weld_or_static,open_mesh,
7970c4ec737716df5e2c3feae8c0904036f69846,coffee maker,complete,False,bbox_inertia,open_mesh,
7974da33f5823fa7dd5ecca7b87a74824563510f,wall art,complete,False,weld_or_static,open_mesh,
79782167a95f8c45fe73ebe98f4e43264cc4e887,nightstand,complete,False,bbox_inertia,open_mesh,
797dfff15715fcc568ce2e6d73c12f829c3637db,cabinet,complete,False,bbox_inertia,open_mesh,
7982a5fb323533d6f7f1db1fba8b28a7e6d2d250,throw,complete,False,bbox_inertia,open_mesh,
798d3da97aa9cbf7bcab52071200338b482f3a0b,bowl,complete,False,bbox_inertia,open_mesh,
798d8e39df3a8a37cf90428eec623376ec67013a,rug,complete,False,bbox_inertia,open_mesh,
79973e825a982f5f78e5bc7b443d59089aff965b,range hood,complete,False,bbox_inertia,open_mesh|inertia_not_positive_definite,
799b6b6c4c29dfc2bcde655c5d0694d4ada9f5b3,vase,complete,False,bbox_inertia,open_mesh,
799ef1fe60ed2801de60a3e00ab5e11489f312b1,microphone,complete,False,bbox_inertia,open_mesh,
79a0bbd662ed92f527335aafe83792c1ab16e895,potted plant,complete,False,bbox_inertia,open_mesh|center_of_mass_out_of_bounds|inertia_not_positive_definite,
79a6ca9ce2b4f4ff977ee7354a4b306fa1416951,wall art,complete,False,weld_or_static,open_mesh,
79ad3c2f9e40b87e3a22d82bec28cbfb4f0ab627,chair,complete,False,bbox_inertia,open_mesh,
79b224535ddd7ecdff06a86f9d17d98c08536592,wall art,complete,False,weld_or_static,open_mesh,
79b61371dca396cc0d603e5f4dbb6145a1349bfe,pendant lamp,complete,False,weld_or_static,open_mesh,
79b71be64f8b275103e264cbd1c070d820bac2b4,sink,complete,False,bbox_inertia,open_mesh,
79b9fdabc6d1c61c041c4843ea3cdd860c9df8ba,armchair,complete,False,bbox_inertia,open_mesh|center_of_mass_out_of_bounds|inertia_not_positive_definite,
79bd7ea173156c5e2581f7c3e7caa2bcee9b289a,drawer unit,complete,False,bbox_inertia,open_mesh,
79bf13063599b7fff88cc250d8fe76a2e46e9683,refrigerator,complete,False,bbox_inertia,open_mesh,
79c938b7bf5068bf69502b90725db337e426df3a,sculpture,complete,False,bbox_inertia,open_mesh,
79cfc3d580ec17868ff9f6a06da00169981c2c55,chair,complete,False,bbox_inertia,open_mesh,
79d0f86831a61dcb63218ed7ff5599c757657e87,chair,complete,False,bbox_inertia,open_mesh,
79d5271fc49336b35d5e5bf73cb0cefac692170e,chest of drawers,complete,False,bbox_inertia,open_mesh,
79d94fcf59c6d80925b2497e016b642ade6a75d3,throw pillow,complete,False,bbox_inertia,open_mesh,
79dec8fa4de0b92468b07f25fa89b4f7f9bdb15c,pendant lamp,complete,False,weld_or_static,open_mesh,
79e80198f3c4155cf0bfbb5ec2b96e408e432142,armchair,complete,False,bbox_inertia,open_mesh|degenerate_faces,
79e9cc908dc9849e841aab094993849f50b468b9,television receiver,complete,False,bbox_inertia,open_mesh,
79eac4e5f6e3cfb01f2d174b5d227c49e55db550,wall art,complete,False,weld_or_static,open_mesh,
79f97229e2458653ab6ed6fcf8875755dc9f5d57,flower,complete,False,bbox_inertia,open_mesh|invalid_volume|center_of_mass_out_of_bounds|inertia_not_positive_definite|degenerate_faces,
79f9c6d53866d1e294c118bab39765751d85a111,basket,complete,False,bbox_inertia,open_mesh,
7a18a3e82b9463b934c1017fce21adcbc5d0b1da,cup,complete,False,bbox_inertia,open_mesh,
7a18e43a06f56d03d96de3baef9106d8136c5872,ceiling lamp,complete,False,weld_or_static,open_mesh,
7a1c4358fc7c76af7902be3a7688786961983678,throw pillow,complete,False,bbox_inertia,open_mesh,
7a1f5ffea6aabea422439e331d180856fe8a3696,toiletry,complete,False,bbox_inertia,open_mesh|center_of_mass_out_of_bounds|inertia_not_positive_definite,
7a228d91daf6b9eacf22f3c701295564d9b1898f,wall decor,complete,False,weld_or_static,open_mesh,
7a23bc370cda8fb322e5f7530618b571c4377947,swivel chair,complete,False,bbox_inertia,open_mesh,
7a3655912a927718198767112d247b6b2880b6bd,wall art,complete,False,weld_or_static,open_mesh,
7a38c922a4f0654c89197c406a0527d909bc3457,"letter.n.02,wall decor",complete,False,weld_or_static,open_mesh,
7a3e0a25e205a9e7fd61d99b07a139206aa25829,dollhouse,complete,False,bbox_inertia,open_mesh,
7a45c8eb410d510348f6593f04a9269d25b32f35,wall art,complete,False,weld_or_static,open_mesh,
7a48a217308b82fd2308403995339d717ea80aa9,ashcan,complete,False,bbox_inertia,open_mesh,
7a4be528d660790e604229608dff4b5879544c89,christmas tree,complete,False,bbox_inertia,open_mesh|inertia_not_positive_definite,
7a4eff07de465b8e11e6bb127e335f9e8c05ead0,pendant lamp,complete,False,weld_or_static,open_mesh,
7a507f9df041073cb4b607ace2f6ac033995478e,timer,complete,False,bbox_inertia,open_mesh,
7a5099426ffb133144c50dc825bc39b43cecaabb,wall art,complete,False,weld_or_static,open_mesh,
7a5231e95b238efac3e6e403b250d2f74d0ec6b4,sofa,complete,False,bbox_inertia,open_mesh,
7a590a8f0f30182dd62af488b48e7cdbce77fd24,throw pillow,complete,False,bbox_inertia,open_mesh,
7a5b05275dec9acba52fba417a806a20309cda8f,refrigerator,complete,False,bbox_inertia,open_mesh,
7a60c62f2267af6539a5c35a2c1efdfdc1d5f3a9,wall art,complete,False,weld_or_static,open_mesh,
7a6bf55db9bbb608b77dfced49ce1a2cbb09685c,potted plant,complete,False,bbox_inertia,open_mesh,
7a6c1e92bf6a90e50ddd4d5b227453399e6bfaa0,ceiling lamp,complete,False,weld_or_static,open_mesh,
7a6def1426f562d3c426c0aa5531b0470cb5fb7a,pet house,complete,False,bbox_inertia,open_mesh,
7a727353172f3a0e327ee7d8496d0ce6c4d64c23,ceiling fan,complete,False,weld_or_static,open_mesh,
7a7658678b26ac6559765f5c4c40c4e66e2b6393,wall lamp,complete,False,weld_or_static,open_mesh,
7a786f974fe7564df3fda1359c4a6f7f4f2afe61,toilet,complete,False,bbox_inertia,open_mesh,
7a9999fc609b6f6f06e121287c41d880f8afc7b0,wall art,complete,False,weld_or_static,open_mesh,
7a9ddd540e29e31a3905e06af88471f0209f4071,coffee table,complete,False,bbox_inertia,open_mesh,
7aace7684267119eb361181b7be790714776a492,coffee table,complete,False,bbox_inertia,open_mesh,
7aad199df0520c5e3626621ed9a45403ca92fd59,tv stand,complete,False,bbox_inertia,open_mesh,
7aadff0aaf6eee8b856eda401e5ab6e5bb546949,wall art,complete,False,weld_or_static,open_mesh,
7aae6fb09535df841f7ae8888e929940a6d69104,pendant lamp,complete,False,weld_or_static,open_mesh,
7ab0d5adef44aeb70c75eb6b14bbd9914bbf8c1a,wall art,complete,False,weld_or_static,open_mesh,
7ab36bf570b17a24db219da8d1bc4f37b689add4,paper organizer,complete,False,bbox_inertia,open_mesh,
7ab7966e25883da8b02f451039fd7906376fb69d,wall art,complete,False,weld_or_static,open_mesh|invalid_volume|inertia_not_positive_definite,
7abd74b8300c96386861ddd3f62dbca5b4b093a8,tv stand,complete,False,bbox_inertia,open_mesh,
7acc577508ee43db1a2c574c901a1b56e10f2d30,wall art,complete,False,weld_or_static,open_mesh,
7adfff7e2fab4e59b6390f012d434a6239b04e66,dining table,complete,False,bbox_inertia,open_mesh,
7aea93a0aac8da337a2f10fbb9c966d42bf21312,picnic table,complete,False,bbox_inertia,open_mesh,
7aec926807a58f4ec2071758b4e6d46f91de9d08,bowl,complete,False,bbox_inertia,open_mesh,
7aed5392034e7b465696668a62be741a0f82c212,ottoman,complete,False,bbox_inertia,open_mesh,
7aee67861aa9d0e3bafac1e6c270107faed8fbbd,pendant lamp,complete,False,weld_or_static,open_mesh,
7b00b703794885c308ae82b5e1a2490317ef09bd,rug,complete,False,bbox_inertia,open_mesh,
7b04a9d2c4c3eabdcb470a11240688dd853492da,desk calendar,complete,False,bbox_inertia,open_mesh,
7b11b30b8b9c51557e45d756e37cb4832c19fb19,table lamp,complete,False,bbox_inertia,open_mesh|center_of_mass_out_of_bounds|inertia_not_positive_definite,
7b2b25b9c9a4e3c545dcce82ae88a462a6a66658,spice holder,complete,False,bbox_inertia,open_mesh,
7b2ed578ddbdebd16402325998289f48bc91ed06,floor lamp,complete,False,bbox_inertia,open_mesh,
7b36bb15fb7c52e12fc54cb3c2642209f5fe23c1,wall mirror,complete,False,weld_or_static,open_mesh,
7b395deb580a75ca10a361d25b5e10b1bab8464b,bookcase,complete,False,bbox_inertia,open_mesh,
7b3a45f3c577743c12f420da2ffac7b644abc4e2,pendant lamp,complete,False,weld_or_static,open_mesh,
7b49505186a34ac8f7390a6cae35e6e8be0b65f9,throw pillow,complete,False,bbox_inertia,open_mesh,
7b4c611e578247d01c1c8b7c61bfe17dbc381960,television receiver,complete,False,bbox_inertia,open_mesh,
7b4ca77d236d65ef61572a5cad361c33a6976021,picture frame,complete,False,weld_or_static,open_mesh,
7b4ceffe179f3a3c2d03be09ad8686ff1a15360a,desk,complete,False,bbox_inertia,open_mesh,
7b511717e27314abbccd0ea6cc874525527bc48c,potted plant,complete,False,bbox_inertia,open_mesh|inertia_not_positive_definite,
7b5d5bc15775a5e25b670df297c4b142dfc9cc68,coffee table,complete,False,bbox_inertia,open_mesh,
7b5d656c72b56ae0e8200132ec92a1ae03869b93,sink,complete,False,bbox_inertia,open_mesh,
7b5da8f9e9ea038380757649496ba1d0ca0cd2e0,wall art,complete,False,weld_or_static,open_mesh,
7b63630a659de760dd3fd7bea3c7d062f61fdb59,rack,complete,False,bbox_inertia,open_mesh,
7b68edd684943331d3735730c15f87ca00b38ed9,videodisk,complete,False,bbox_inertia,open_mesh,
7b7a40942d8b5c3a32d92157a5f03f3631a08b1d,tv stand,complete,False,bbox_inertia,open_mesh,
7b7cba36a188840932e677143e10b7afc9851d4f,wall art,complete,False,weld_or_static,open_mesh,
7b7dc71301250e300f04885bdfa92ccc98ba380a,rug,complete,False,bbox_inertia,open_mesh,
7b8043690d248ad6a666dfd03dd92a046ee2950d,flower in vase,complete,False,bbox_inertia,open_mesh,
7b81210ab62dfc33b46c6445b11ca8962ce99046,throw pillow,complete,False,bbox_inertia,open_mesh,
7b89603f3a678b52f92cad46a626843e3a60b9b2,window curtain,complete,False,weld_or_static,open_mesh,
7b8af8fba8afc3b334ba085a9d15757db3044a81,"letter.n.02,wall decor",complete,False,weld_or_static,open_mesh,
7b8d2f7fddeefb969bcb7ea0cbc8f7398ff9590c,wall art,complete,False,weld_or_static,open_mesh,
7b9bd3aa9feb6c9d38f33ee9406746b33e0c76c8,chandelier,complete,False,weld_or_static,open_mesh,
7baa2081db278ef342800ab53d30f613c59d7213,wall clock,complete,False,weld_or_static,open_mesh,
7badc6cf44e8b66b36938846242492fac54e5ceb,wall art,complete,False,weld_or_static,open_mesh,
7bae518d42d8cddc26fd41f47922c14af61fc8b9,toilet,complete,False,bbox_inertia,open_mesh,
7baec79414bc85c8b7f452fd24e24fddeffd8592,coffee table,complete,False,bbox_inertia,open_mesh,
7baed3eef5aaf9ef58c0f1ceb533e724117064dc,bathtub,complete,False,bbox_inertia,open_mesh,
7bb26091737590dd6c2941936c871bd32a4dd864,kitchen cabinet,complete,False,bbox_inertia,open_mesh|inertia_not_positive_definite,
7bb309560ab737ddb0b54fd7bd714daffc9a4489,wall art,complete,False,weld_or_static,open_mesh,
7bbbcfde14554260550907def3e8eb0707e4af71,bathtub,complete,False,bbox_inertia,open_mesh,
7bbdbc91b4e39aa072906b2c0c8e1deca281603b,kitchen island,complete,False,bbox_inertia,open_mesh,
7bc36cdc8babdda9a87fd18f42bb055d4a02c122,bathtub,complete,False,bbox_inertia,open_mesh|invalid_volume|center_of_mass_out_of_bounds|inertia_not_positive_definite,
7bc3c36372f5ccb9952a02fb4357d1f0c85aed5b,ceiling lamp,complete,False,weld_or_static,open_mesh,
7bc8528050b98c9b07598139756cd475d4c7b4a0,cup,complete,False,bbox_inertia,open_mesh,
7bcef0f38292eada5603569e946809102a287419,floor lamp,complete,False,bbox_inertia,open_mesh,
7bd11d5fbae45fba89a8e6a180383215add13b69,barbecue,complete,False,bbox_inertia,open_mesh,
7be120511a688df6f496e04384b9ede07f151b8d,desk,complete,False,bbox_inertia,open_mesh,
7be32a2ac868bf7cd66021b069f21378eb33a80d,console table,complete,False,bbox_inertia,open_mesh,
7be455a4bcdc8362d06f09c25df1a80ec527e1d7,sofa,complete,False,bbox_inertia,open_mesh,
7bed529088bfdf7071ca910d1bd45948ea5c8e39,wall art,complete,False,weld_or_static,open_mesh,
7bf5d72ea721296ab6faf52406c0ba83714d55c1,wall art,complete,False,weld_or_static,open_mesh,
7bfcb9b58a388658ecca100cfa81505b50804b17,sofa,complete,False,bbox_inertia,open_mesh,
7c001db16df4bc866dfe85c4f82a04041d122dc7,"letter.n.02,wall decor",complete,False,weld_or_static,open_mesh,
7c10ed5e64d2e935f2883d0d2517f391f2550455,wall lamp,complete,False,weld_or_static,open_mesh,
7c135687fb97d18307339aed175e8f3c46d6a378,hanging cabinet,complete,False,bbox_inertia,open_mesh,
7c1ae5f6bae2af8398c69fed363bc7fc1fb4baf6,chandelier,complete,False,weld_or_static,open_mesh,
7c1ea02edb0783b985500678dd07578dbfa0e635,potted plant,complete,False,bbox_inertia,open_mesh|center_of_mass_out_of_bounds|inertia_not_positive_definite,
7c2940a68cdeac64c0e2d2ccae0905316118076e,bulletin board,complete,False,bbox_inertia,open_mesh,
7c2cba8733bd076e5316c04aa96c80e05c88d5b5,"stove.n.01,oven",complete,False,bbox_inertia,open_mesh,
7c3414f4c032fd7dd2a514ad91dd7c8abfd4a920,swivel chair,complete,False,bbox_inertia,open_mesh,
7c36beb8e017c9b8c66291ad9c5be9f7270281b4,plush toy,complete,False,bbox_inertia,open_mesh,
7c36f19e36a0a7d49efe4ed8466326b4798cf043,basket,complete,False,bbox_inertia,open_mesh,
7c3c32c496d7eb37286ff8ad3ddf5384ba30b2ae,bed,complete,False,bbox_inertia,open_mesh,
7c40912ec63ca60997a6d010ff8b442d47c44167,wall art,complete,False,weld_or_static,open_mesh,
7c490b5d7f1dbf8c98a77c14975344a28eeb7196,pepper mill,complete,False,bbox_inertia,open_mesh,
7c4abfaad6caa34008cf4aac249adcba013ad51b,notebook,complete,False,bbox_inertia,open_mesh,
7c552d86b26f38593b3f5601c82ce43cc86e132c,console table,complete,False,bbox_inertia,open_mesh,
7c5632f0e8e25ddaa6c35b84b2ddbf293c80fa56,"bar stool.n.01,chair",complete,False,bbox_inertia,open_mesh,
7c655074e215389555c1f687eca392f295850866,bedclothes,complete,False,bbox_inertia,open_mesh,
7c68dde5e590d42bb2231ad4aef72b9da7c48e2e,string lights,complete,False,bbox_inertia,open_mesh,
7c694ef25e6fc400482797faeacf6ed0fdc87a4f,end table,complete,False,bbox_inertia,open_mesh,
7c6abe13fe5a72d8de0d0da1afed81331a130673,railing,complete,False,bbox_inertia,open_mesh,
7c7956c9a2f6d3a8e16cce62a8d979e13028528d,end table,complete,False,bbox_inertia,open_mesh,
7c8230f6df88f7fd0e55e09552b5f53eece0a77c,rock,complete,False,bbox_inertia,open_mesh,
7c85d0a371c5be2f5de0883e0c2125bd77de73f5,cabinet,complete,False,bbox_inertia,open_mesh,
7c8841a6c16488b25e194bf9cf0d9357450057b2,coffee table,complete,False,bbox_inertia,open_mesh,
7c8c31b60d695dee8aa102f34cba9b2070167a48,potted plant,complete,False,bbox_inertia,open_mesh,
7c9782ef8b9b4b2916233c8ee2180dffedd0b3ad,cabinet,complete,False,bbox_inertia,open_mesh,
7c9a87b5f09ef11c66f8563598239ffa52e6fe9f,desk,complete,False,bbox_inertia,open_mesh,
7caa1c9b938aca4edb801de0c96189c59b20f7e6,end table,complete,False,bbox_inertia,open_mesh,
7cb37f8f9adcebc457ba57618ec6a8d38918f880,club chair,complete,False,bbox_inertia,open_mesh,
7cb51f70c4fc2baf08f5c8c9f9b4f87b44408c8a,wall lamp,complete,False,weld_or_static,open_mesh,
7cb71427fd80d85e04a601e04c9b9db866d355c9,floor mirror,complete,False,bbox_inertia,open_mesh,
7cba44fcae20074ad3f9c1ad77a7c16060e8949a,hanging cabinet,complete,False,bbox_inertia,open_mesh|center_of_mass_out_of_bounds|inertia_not_positive_definite,
7cc27fcc6177a0e2f01d761ed34c6ecab35a5537,wall hook rack,complete,False,weld_or_static,open_mesh,
7cc814d9b802febd9ab4512e070ec244fd5c19ea,floor lamp,complete,False,bbox_inertia,open_mesh|degenerate_faces,
7cdeb790eb0a2a35f1bd5a29588c1b251dc0a3e4,desk,complete,False,bbox_inertia,open_mesh,
7ce0dd0ec341b1d36b9eb1f5966bff31f459bf02,throw pillow,complete,False,bbox_inertia,open_mesh,
7ce49155b21fea189e2fcc51a4f0d88cc8a418a5,wall clock,complete,False,weld_or_static,open_mesh,
7ce6c1d2c3b5cb4f733290de27a2d5c59b2c1d24,crib,complete,False,bbox_inertia,open_mesh,
7ceb5e714002bb2cd99eb99da280b555db07c476,coffee table,complete,False,bbox_inertia,open_mesh,
7d01fdf3d6698ff23cd2e97e7342b8e4cf360a23,cabinet,complete,False,bbox_inertia,open_mesh,
7d0805c412133c3fdb8db10b6f1e2ced5b8e0f2b,end table,complete,False,bbox_inertia,open_mesh,
7d0c9e3a2629195cc2cd4566c8cf67f3ea613bcf,window shade,complete,False,bbox_inertia,open_mesh,
7d0ea89ff0407744a6989714223ef8a73d117d8f,plant,complete,False,bbox_inertia,open_mesh|inertia_not_positive_definite,
7d0ed6852340cb212eade2156c725a2c0c64f371,crate,complete,False,bbox_inertia,open_mesh,
7d126fcaa74f70c6e45cb0f735f040dd21fc730c,sink cabinet,complete,False,bbox_inertia,open_mesh,
7d1d8de783160f62eb3538664d34fe913acca8a9,armchair,complete,False,bbox_inertia,open_mesh,
7d1f2631bececebeb2ec101b35ab998fe9cc1506,desk,complete,False,bbox_inertia,open_mesh,
7d283d5ee2290f3b2b80d6d028ad32d0b5ecaa58,wall art,complete,False,weld_or_static,open_mesh,
7d32f5f7ab814a5cbe9b8eff80e139d2d9f13cf7,dining table,complete,False,bbox_inertia,open_mesh,
7d352b404983f2a64a85d6ad153f1875175e21e0,pendant lamp,complete,False,weld_or_static,open_mesh,
7d38434695df81af30390db76c89bcc04529b406,vase,complete,False,bbox_inertia,open_mesh,
7d3bdbe0c532cf9be2a14e840bbf2b74223d125b,pendant lamp,complete,False,weld_or_static,open_mesh,
7d4c647508b560310f14e9d992979dafd61f897f,throw pillow,complete,False,bbox_inertia,open_mesh,
7d625c430972d6778f120ef87e9e163fad23a778,chest of drawers,complete,False,bbox_inertia,open_mesh,
7d640c90d6fb24073768779c8e0d4e54e6d01e70,wall art,complete,False,weld_or_static,open_mesh|invalid_volume|center_of_mass_out_of_bounds|inertia_not_positive_definite,
7d8617011c72509329256bd40de9ec5547688286,chair,complete,False,bbox_inertia,open_mesh,
7d86a7dbc7f33938eb6bc723c8edd644e7b20e6c,armchair,complete,False,bbox_inertia,open_mesh,
7da2a746a8c042fe22d3d334fd071bd038b65409,"candlestick.n.01,candle",complete,False,bbox_inertia,open_mesh,
7da3b70e20f1c92d108e6df63880dd6279a70c11,wall art,complete,False,weld_or_static,open_mesh,
7da54fa540f9dfe597069f28cb1719f3baf6df9f,rocking chair,complete,False,bbox_inertia,open_mesh,
7da7cde0956537d931d37186aa8342edebd36cba,wall art,complete,False,weld_or_static,open_mesh,
7dabc51c0cab7965ececec78571ef468ab74b219,makeup mirror,complete,False,bbox_inertia,open_mesh,
7db8a0477da1bf4b1e10e64353201a000f1bfe47,hanging cabinet,complete,False,bbox_inertia,open_mesh|center_of_mass_out_of_bounds|inertia_not_positive_definite,
7dbb455ef151c027281e60b7e83f4ea141e2b85e,end table,complete,False,bbox_inertia,open_mesh,
7dbdff0fbea2f8f81e12aa4910263c759a406285,throw pillow,complete,False,bbox_inertia,open_mesh,
7dc150f87d704f7b90d79ba114e42450b572c510,valve,complete,False,bbox_inertia,open_mesh,
7dc5dda7bbb51ff0163a3f3005e75c6b221dc126,rug,complete,False,bbox_inertia,open_mesh,
7dc7cf6004b6f3d4bb3b2a0b08d3fc9bb64b8b9d,ceiling lamp,complete,False,weld_or_static,open_mesh,
7dcae8669b51cde43bf392d07b5bca3a34b4cbd5,chair,complete,False,bbox_inertia,open_mesh|center_of_mass_out_of_bounds|inertia_not_positive_definite,
7dd55651012d3cec11a14ef934ef669c71413d3d,nightstand,complete,False,bbox_inertia,open_mesh,
7dd5c8c5338cd639765262ab5bdf8ebb84c1c6dd,hobby,complete,False,bbox_inertia,open_mesh,
7dd70791b3608b7a7e5f24b451cf7b11cdadcba5,end table,complete,False,bbox_inertia,open_mesh,
7dede5855ec86c0f734c1d0fa3eba5c55a2c7054,fireplace,complete,False,bbox_inertia,open_mesh,
7dee59f5bd3358d99f394d5ca25acdd07030d2db,potted plant,complete,False,bbox_inertia,open_mesh|center_of_mass_out_of_bounds|inertia_not_positive_definite,
7df1bb7072b2fefa443cee34e0ec3eb69df745b3,firepit,complete,False,bbox_inertia,open_mesh,
7df30a84b0c22b50e129a79331b782d70761a061,chair,complete,False,bbox_inertia,open_mesh,
7df418af0c712d5d12f74adc2285b76a1efd721a,pendant lamp,complete,False,weld_or_static,open_mesh,
7e067cafd8b96fae4671c0032317763fd9549b80,plate,complete,False,bbox_inertia,open_mesh,
7e0c3a69332915d38401cc0a6ec1c1f5576c0329,ceiling lamp,complete,False,weld_or_static,open_mesh,
7e0cb6031bb9e6ce31d41f165ec89a6e71b87e74,kitchen cabinet,complete,False,bbox_inertia,open_mesh,
7e0e769a820c4b1b7e2f5cefdfb644733fc0f485,"letter.n.02,wall decor",complete,False,weld_or_static,open_mesh,
7e2ac0ab60d1eb757e125b4907ddadae7b184647,sink stand,complete,False,bbox_inertia,open_mesh,
7e2b44ac51373ebf5a63d06f4a05501acd565aeb,table lamp,complete,False,bbox_inertia,open_mesh,
7e354b64f947a85d73b2d1ce69817986c69d7375,wall mirror,complete,False,weld_or_static,open_mesh,
7e3a88d6a20fa319b06da4573e0de01dd1370ef8,balcony,complete,False,bbox_inertia,open_mesh,
7e4ad8ed943b48e6f5af221467312a79056008d1,"stairway.n.01,stairs",complete,False,bbox_inertia,open_mesh,
7e4c58a1bb39c142c2d5afd1bb703f32dd0dc5a5,wall lamp,complete,False,weld_or_static,open_mesh,
7e54244342d7a8716e723311313adf7d5ba1620e,desk,complete,False,bbox_inertia,open_mesh,
7e57a242010a32e204c54c66a816aaae43e8db04,"toilet brush.n.01,toilet brush holder",complete,False,bbox_inertia,open_mesh,
7e5935dc3b2286c0dbfe461c6ee7d6e3826664ac,throw pillow,complete,False,bbox_inertia,open_mesh,
7e767256aedd522af2c89e56e63ce9e8be7ac447,wall art,complete,False,weld_or_static,open_mesh,
7e7d4081032a219390bc671fc4a88f2ef0a466ff,armoire,complete,False,bbox_inertia,open_mesh,
7e7e86473e298d61237b44f72ad0f362f3787454,wall art,complete,False,weld_or_static,open_mesh,
7e9324504cfeeb3f274b1fa923bc0c8d7c6fcdff,glass,complete,False,bbox_inertia,open_mesh,
7e9ae82058f7719b0e8b0e83a055ed7341afe69d,chest of drawers,complete,False,bbox_inertia,open_mesh,
7e9b5239c98b9273e1c9865a69d3788292d47328,chair,complete,False,bbox_inertia,open_mesh,
7e9e1ea776892f4c427cfb2ba93ca21d12cf3927,throw pillow,complete,False,bbox_inertia,open_mesh,
7ea43998fe8699480d2362f23524086d0346e9ec,wall art,complete,False,weld_or_static,open_mesh,
7ea8cf3577b6be995849734b877dc5a51510998e,bookcase,complete,False,bbox_inertia,open_mesh,
7ebbcee61f6f7b26bf9b346ac960fd0248fc2bdd,armchair,complete,False,bbox_inertia,open_mesh,
7ebc7102e393afd998a6007c004357e787a74b88,wall art,complete,False,weld_or_static,open_mesh,
7ec8e9feb1d56ad9e0f6a7647d249c652b987031,tv stand,complete,False,bbox_inertia,open_mesh,
7ecec7264a07a6c8759f7f23f1b875079b473b89,floor lamp,complete,False,bbox_inertia,open_mesh,
7ed25854a0888a1aef6e7ed6a421576688778c3d,swing bench,complete,False,bbox_inertia,open_mesh,
7ed48ee48050b080a2e214f06eeb79d6ee9c17be,hanging cabinet,complete,False,bbox_inertia,open_mesh|center_of_mass_out_of_bounds|inertia_not_positive_definite,
7ed53b441a08176c88286ccfffac81f66ec7bfed,wall clock,complete,False,weld_or_static,open_mesh,
7eddd26296313bc11e3548c24e6381bf6adef5c3,rug,complete,False,bbox_inertia,open_mesh,
7ee697a79383d0f515bfd72329bd959c44b2b054,drying rack,complete,False,bbox_inertia,open_mesh,
7eeffaeef1bc0f7b6e08691e30c7638787e5d372,railing,complete,False,bbox_inertia,open_mesh,
7ef0d819a193b395f60d35131c6f8a400036f045,throw pillow,complete,False,bbox_inertia,open_mesh,
7f01e803b4926a5dbeb5e9573009228f762cebfc,armchair,complete,False,bbox_inertia,open_mesh,
7f07a78dd7eb1fe2fed4aa01a7b470213f2cf5f8,chair,complete,False,bbox_inertia,open_mesh|degenerate_faces,
7f0c6bfd7f988b237d68a459c8084822942dc671,"candle.n.01,candlestick",complete,False,bbox_inertia,open_mesh,
7f1e32c589d0b72be4b2ed02a3f8e76dc9347266,floor lamp,complete,False,bbox_inertia,open_mesh,
7f1ffde09506f5fcb04ce049fd1ef6d1d33101c9,wardrobe,complete,False,bbox_inertia,open_mesh,
7f2928cf388fbcfecf717b8e8a22366a670c04c4,coffee table,complete,False,bbox_inertia,open_mesh,
7f2cac7a6b2c4df0e258f4b7a95f202338e2c872,bath mat,complete,False,bbox_inertia,open_mesh,
7f30c0812a7a5c37123a88056325ef7aae57150a,"drawer unit.n.01,file",complete,False,bbox_inertia,open_mesh,
7f320769e548eb6ddc0d2526af162732a13201f0,wall lamp,complete,False,weld_or_static,open_mesh,
7f4208d306cfb2f43162195c46f59058525d9933,glass,complete,False,bbox_inertia,open_mesh,
7f480b6bdcfe59cb35fa96ade8625c4921fbd84d,throw pillow,complete,False,bbox_inertia,open_mesh,
7f4c9de625a55773fe202a055ccf7754ad16138c,wall art,complete,False,weld_or_static,open_mesh,
7f4dbebcba5be27146af895ef301b0d70ad4fb7c,throw pillow,complete,False,bbox_inertia,open_mesh,
7f56c6561d82e0ccf1808a29ed58f66d9e8345a3,rug,complete,False,bbox_inertia,open_mesh,
7f5e4621caaeae9e3f4fbca6fc84779fa4b9c64f,plate,complete,False,bbox_inertia,open_mesh,
7f6422612e9e1178756b249f33b915328a238f74,dining table,complete,False,bbox_inertia,open_mesh,
7f64a4e1dfd66556b5b4dafb9bd47878768ccc69,stool,complete,False,bbox_inertia,open_mesh,
7f6d3535c00f581e667c60efb286f95bfab74962,"toilet brush.n.01,toilet brush holder",complete,False,bbox_inertia,open_mesh,
7f7537cfd23845cf4962b0b96a88e5c34561c177,vase,complete,False,bbox_inertia,open_mesh,
7f7f15076cd8f3528048a0a2d55e7645f1cd9822,flower in vase,complete,False,bbox_inertia,open_mesh|invalid_volume|center_of_mass_out_of_bounds,
7f7ff035afca3430dddd75936e75073404e883fd,picture frame,complete,False,weld_or_static,open_mesh,
7f820df39ee7a17ee021966c55cee2b8fb796709,wall art,complete,False,weld_or_static,open_mesh,
7f86d51f8a5f1e9c32ad7096cdfe205ea4ae9677,throw pillow,complete,False,bbox_inertia,open_mesh,
7f8a0cd7af3f9752389a3615b62da6d803ef7d67,trunk,complete,False,bbox_inertia,open_mesh,
7f8ff330c7452a1fb0f58dbe072213f67f8f4895,wall art,complete,False,weld_or_static,open_mesh,
7f9030c3279fb077a57c4f7120c52a3c2d57d992,bar stool,complete,False,bbox_inertia,open_mesh,
7f92af827dd05bba14d036d56916ee140f439bf6,sofa,complete,False,bbox_inertia,open_mesh,
7f98d7f8b92972a8f65e3584626ac02b2c731931,coffee table,complete,False,bbox_inertia,open_mesh,
7f99b0422e4d6967cb20ea2b6ab3441d7c1ee774,safe,complete,False,bbox_inertia,open_mesh,
7f9a126716bf989df5ae42cd85cacc10c81b0841,wall art,complete,False,weld_or_static,open_mesh,
7f9a205dc3b6a9040f5343de66b404696dee8f57,picture frame,complete,False,weld_or_static,open_mesh,
7f9c9547564278f28dca90b071861fc8f91a7126,sculpture,complete,False,bbox_inertia,open_mesh,
7fa72b4f4c10bafd5f5d42dea50ac16b68dd3cce,ashcan,complete,False,bbox_inertia,open_mesh,
7fc417dcf920698b51e2a54cef42464ca1fb3686,table lamp,complete,False,bbox_inertia,open_mesh,
7fd65b493b880e6b99411be10d2f9ba109973442,armchair,complete,False,bbox_inertia,open_mesh,
7fd967188e97f9f2efaaf932d4eeaaa0d9ef8545,clothing rack,complete,False,bbox_inertia,open_mesh|center_of_mass_out_of_bounds|inertia_not_positive_definite,
7ff8c2d48e8d49e2f1504bc83d16ef933cd7163b,toilet,complete,False,bbox_inertia,open_mesh,
800bc6017c7b3623c4dbc6903d902f53c6eefc6c,end table,complete,False,bbox_inertia,open_mesh,
800fbd95ebed65c8c6f5496b1298af6135a4dfe6,storage box,complete,False,bbox_inertia,open_mesh,
8012eb8bd0dcd7b743bf3a7519268a36735e37a5,wall art,complete,False,weld_or_static,open_mesh,
8015208bba01eeaf745f18bd63a70cd3e43fe81d,fireplace,complete,False,bbox_inertia,open_mesh,
801966d54947b343ea01c1677b9b8d17b71cd5e1,table lamp,complete,False,bbox_inertia,open_mesh|center_of_mass_out_of_bounds|inertia_not_positive_definite,
801ba807a72e0b826d2686614e01353d2ef43e2c,console table,complete,False,bbox_inertia,open_mesh,
80340997b1e28c558883900f5e23282602745f0a,coffee table,complete,False,bbox_inertia,open_mesh,
803ac565bad745f9121d9e77592c453ec1272069,wall art,complete,False,weld_or_static,open_mesh,
8046302022acf275219190875598a69e44b43aa1,serving cart,complete,False,bbox_inertia,open_mesh,
8046bdb393aa1e9257f1e0611c91f89f28f37355,kitchen scale,complete,False,bbox_inertia,open_mesh,
804b9e64c6f485d7275e7b230dbf310e4c5787c3,bench,complete,False,bbox_inertia,open_mesh,
804fd70d5910652b056d53f1fe444cbbd8eaef69,potted plant,complete,False,bbox_inertia,open_mesh|center_of_mass_out_of_bounds|inertia_not_positive_definite,
805312753bd0f60a3fb987823de4408e71b8b2b7,rug,complete,False,bbox_inertia,open_mesh,
806186d3b65190797e716ededa9983b7139a9c5f,wall art,complete,False,weld_or_static,open_mesh,
806fa7097244cd9142f15f6f16e7d1f112378925,wall lamp,complete,False,weld_or_static,open_mesh,
80711e20cd501dd7551f9c0a5cab5f3029358b9b,"shoe rack.n.01,cabinet",complete,False,bbox_inertia,open_mesh,
80782bc8f09060dc576bfb8e8319bc9abf9c7fb1,armchair,complete,False,bbox_inertia,open_mesh,
80794dc5fde2b3276714ff40107bce7b909e45c7,vase,complete,False,bbox_inertia,open_mesh,
807955fd4dcb59b67789b24f2e7bc167027c870a,chest of drawers,complete,False,bbox_inertia,open_mesh,
807b4b90e8db3613e508a745cd0b821b780bd8cb,bookcase,complete,False,bbox_inertia,open_mesh,
807f25ee14bafb74bb4c4977935a9f33c4eaa247,wall art,complete,False,weld_or_static,open_mesh,
80806f6db5840211f0aa6c4ed93a3180a70ffb4a,umbrella stand,complete,False,bbox_inertia,open_mesh,
8083346ccbdd2b001e8e6e1c6e5c2a37e4774792,wall mirror,complete,False,weld_or_static,open_mesh,
808823eb21d271a86ce60c0770b58fc4cb9e0d75,bench,complete,False,bbox_inertia,open_mesh,
8088521c5cbf546ce2c19f9363d16f5b9cadf774,chair,complete,False,bbox_inertia,open_mesh,
8089c1d95432ef73cb9ab3ed9320d99ef694e7de,swivel chair,complete,False,bbox_inertia,open_mesh,
8090916af54ef2700b78f6a3ed489b4ab21f54a3,"drawer unit.n.01,file",complete,False,bbox_inertia,open_mesh,
8091ae243ecf3291e7cc492a99c1135cee83b813,gate,complete,False,bbox_inertia,open_mesh,
80925c5eb4abb851b8a5277c0b94d62e0a8a8489,wall mirror,complete,False,weld_or_static,open_mesh,
809a0686f3e27db6b40bd48d504d3753c8988759,ashcan,complete,False,bbox_inertia,open_mesh,
809c9bd772bacedc526bb43254274431f384eaf9,footstool,complete,False,bbox_inertia,open_mesh,
809e9da46ffd8cd74556cb0f1030625979cdf61f,ottoman,complete,False,bbox_inertia,open_mesh,
80a18bc1dd7175d0f7eead9207736a4801d80557,weight,complete,False,bbox_inertia,open_mesh,
80ad9df596d5055ada2068fec839042939bb958b,console table,complete,False,bbox_inertia,open_mesh,
80b1ffbe7ec9e1a52084d11a4ed6881f0a6c45bb,wineglass,complete,False,bbox_inertia,open_mesh,
80b406034521b238f33cfae12bc32825566882a2,showerhead,complete,False,bbox_inertia,open_mesh,
80bed40f27559dcfb81dfd705687463e79110de9,wall mirror,complete,False,weld_or_static,open_mesh,
80bfb59e9d68cc3b03a1b04e626640e5d4e4396d,china cabinet,complete,False,bbox_inertia,open_mesh,
80c37ef1455ea5093e5f070d100f9ea7f145ff35,desk,complete,False,bbox_inertia,open_mesh,
80c50919de67aa8605d128b9f233dba0c43692f9,basket,complete,False,bbox_inertia,open_mesh,
80c54c405990fa27ee1bc763d4c73e80435712ca,tray,complete,False,bbox_inertia,open_mesh,
80cc694002271fe18b4cb2726af4bab6eaf4ad14,nightstand,complete,False,bbox_inertia,open_mesh,
80cd6ce3ae3d2426b8f63a91c780d91869c261b1,wall clock,complete,False,weld_or_static,open_mesh,
80dea841d023ea7ebc15065709eb0cf6b2636b5c,china cabinet,complete,False,bbox_inertia,open_mesh,
80e02f3ee0672344e8ff7f7efb154ecc95489444,kitchen cabinet,complete,False,bbox_inertia,open_mesh,
80e63b8b5c9ddd9084d6d5655814f49a2c2cd5bb,flower in vase,complete,False,bbox_inertia,open_mesh|degenerate_faces,
80e791f62ca228869b7ce952c0d5320eb345d1ca,wall clock,complete,False,weld_or_static,open_mesh,
80ef517d2de8c908bd54ebb06b9ea8cd95774d7d,blackboard,complete,False,bbox_inertia,open_mesh,
80f0e989a1c8fdaa6947e02db86405574fc5404a,wall art,complete,False,weld_or_static,open_mesh,
80fe723ff79b7e350b348fe6edfab5ced8a54e89,straight chair,complete,False,bbox_inertia,open_mesh,
81017a44e0b7694b93bcf6ca1f6a46bc8fc8077c,chest of drawers,complete,False,bbox_inertia,open_mesh,
810994aff9f9a43e3d80778c1a735c4bac4261b0,pendant lamp,complete,False,weld_or_static,open_mesh,
81187dd83ea97326b9711f82c3a698646b235aeb,kitchen cabinet,complete,False,bbox_inertia,open_mesh,
812f4e51eeca4441ed87c2296ff2757ccbd0ddd8,wall clock,complete,False,weld_or_static,open_mesh,
813b84c60ee07e3ea3caf43bc1404ad24af6108a,potted plant,complete,False,bbox_inertia,open_mesh|center_of_mass_out_of_bounds|inertia_not_positive_definite,
81470f1a7c579cf968f9ee232ea77ac3a63e927e,potted plant,complete,False,bbox_inertia,open_mesh,
814cea515cd72dd9e904accd4e69e29a3bba53d7,desk,complete,False,bbox_inertia,open_mesh|center_of_mass_out_of_bounds|inertia_not_positive_definite,
815826dc1baece188e803eee441670b1f671d8af,hamper,complete,False,bbox_inertia,open_mesh,
815d5aedcfbc8867d4e7f6c22eb2264274461e0e,bookcase,complete,False,bbox_inertia,open_mesh,
81630deb0f6186499573f0b63ba1e0b9aa01946e,throw pillow,complete,False,bbox_inertia,open_mesh,
8164155bf26ce3dd003dfba25a89d208189235b4,wall lamp,complete,False,weld_or_static,open_mesh,
8165c556da0db0469632ab42ea5b335b04bd53ea,wardrobe,complete,False,bbox_inertia,open_mesh,
8169deb3ff18e67ae87f3e5fc97a783668465cac,potted plant,complete,False,bbox_inertia,open_mesh|inertia_not_positive_definite,
816d505c402de508addb1994080ea5c661cb379a,table lamp,complete,False,bbox_inertia,open_mesh,
816e0f1c12330b98d26990c08c278d46d13111fe,mantel clock,complete,False,bbox_inertia,open_mesh,
816ee2379a92d8dd49a7926a139ebee773fca222,armchair,complete,False,bbox_inertia,open_mesh,
817661670eecf26fc9a1b273782f7d003c4d046d,"bar stool.n.01,chair",complete,False,bbox_inertia,open_mesh,
817c6cbce53c76fa465303855399f84a7253deb2,china cabinet,complete,False,bbox_inertia,open_mesh,
818656f937b0d3c4b2763196064ee6566d14254e,bed,complete,False,bbox_inertia,open_mesh,
8189f2042972756adbe9b71eb39a6f219e2c6329,chaise longue,complete,False,bbox_inertia,open_mesh,
8195c2991d03645f5a989b7aa0601161ad34241f,desk,complete,False,bbox_inertia,open_mesh,
819d680058215e4a35dfc4abe61b91ec5901d4ad,foosball table,complete,False,bbox_inertia,open_mesh,
81a42b9340e75eb05a3a4c094a68a2a034a57ce2,wall art,complete,False,weld_or_static,open_mesh,
81a63ea34a9e8e0fe800995454f9a0c2cdb05a5a,armchair,complete,False,bbox_inertia,open_mesh,
81a69cd1ce65fc9d525258027a6030bd777ce514,ashtray,complete,False,bbox_inertia,open_mesh,
81ad56baea5922cb91f466da624c11903d99d201,workbench,complete,False,bbox_inertia,open_mesh,
81b2357acafb7a83963a00be9c5f3cc5190bb1db,floor lamp,complete,False,bbox_inertia,open_mesh,
81b3aca83e3ff77e0bf6d0e6c461151acf3dff36,string lights,complete,False,bbox_inertia,open_mesh|degenerate_faces,
81b57bd4e7919cbc45157c95f776a9fb5244518e,cabinet,complete,False,bbox_inertia,open_mesh,
81c41dca86b76b968e8c6c8ae3ba4232cf48696d,rug,complete,False,bbox_inertia,open_mesh,
81c6dd3830a8df6644bd1f6b9a239615234e888f,book,complete,False,bbox_inertia,open_mesh,
81d0d47953778079c6cf43c917247b8be8d9a78a,ashcan,complete,False,bbox_inertia,open_mesh,
81d1cb44223b044e37cc72958b4edb0c8ed0dd09,crib,complete,False,bbox_inertia,open_mesh,
81d68793c0c79d92a8bf34866efd02cb1066a5cb,throw pillow,complete,False,bbox_inertia,open_mesh,
81da9279eae235c3faced51d516e970acdac5e84,microwave,complete,False,bbox_inertia,open_mesh,
81de9e28849824f10a82190933bdf2bed9284b7a,window curtain,complete,False,weld_or_static,open_mesh,
81edadb4fcaf4fa5fa0ba41c33802073ab5d92bc,wall decor,complete,False,weld_or_static,open_mesh,
81ef70dbef87705b4e0e5051197da71c5e1bd4b4,wall mounted screen,complete,False,bbox_inertia,open_mesh,
81f092c5722ae67b49104b660bcf3f0fec3c69f0,table,complete,False,bbox_inertia,open_mesh,
81fcb3a8a97c57d0b30d24069fed1f35c6fe5500,hammock,complete,False,bbox_inertia,open_mesh,
81fcc7b67ea879b2429c6f66a79c149e219a05a7,lantern,complete,False,bbox_inertia,open_mesh|inertia_not_positive_definite,
82053e087204f3dffbac4c9a47baebc685fc7b35,wall mirror,complete,False,weld_or_static,open_mesh,
820ea07804eb9ae17207aace1c6e0913d1282c8c,bookcase,complete,False,bbox_inertia,open_mesh,
821a2d741626ea190a2ed794c681a51dbcda48fa,refrigerator,complete,False,bbox_inertia,open_mesh,
823341ebc26f9f326b379a0d9500591cf85d68ff,wall lamp,complete,False,weld_or_static,open_mesh,
823948f298dbec640dd5f7e301427bf0857065db,rug,complete,False,bbox_inertia,open_mesh,
823e68a00d4aa37069b991bdf75f2d2cced124a3,tv stand,complete,False,bbox_inertia,open_mesh,
824c3103fb0090f0cdce8f2792eb2ca08f392205,wall art,complete,False,weld_or_static,open_mesh,
82506f481ca07d1ffd8339dbd5e43b7ee2dabd11,wall mirror,complete,False,weld_or_static,open_mesh,
825bce5ff93725dbd0ab11b82e6a2b13f96475cf,"stairway.n.01,stairs",complete,False,bbox_inertia,open_mesh|invalid_volume|inertia_not_positive_definite,
826d4c38300442629340bbff015870594a65234a,armchair,complete,False,bbox_inertia,open_mesh,
82728c060f48775287a921c7530606aebaac0448,chest of drawers,complete,False,bbox_inertia,open_mesh,
82739c6bec84bf7b9854284d74e62f4a01c4a93e,wall art,complete,False,weld_or_static,open_mesh,
827ab09e2f5097436bc0304266036bb62e4326a9,wine bucket,complete,False,bbox_inertia,open_mesh,
827df9acf75c5a4ab0384b7c32c230a61fbcc9f6,kitchen cabinet,complete,False,bbox_inertia,open_mesh,
827ea422557a263f198a98fbecd36ecb0f77b2b5,cookie sheet,complete,False,bbox_inertia,open_mesh,
827f02f1c0134907459fa6e15f1fbaf976e85196,l-shaped couch,complete,False,bbox_inertia,open_mesh,
82853146797ce9b1ec5fa02d085f6cf816c243f5,tv stand,complete,False,bbox_inertia,open_mesh,
8294404d9b703dc23342846112188a9001d4dbe0,bowl,complete,False,bbox_inertia,open_mesh,
8295040b3e0779981d918afd1eb00323802f8b26,wall art,complete,False,weld_or_static,open_mesh,
829bf87b541238bb7579a05d18d4f7f1d1f98af1,sink cabinet,complete,False,bbox_inertia,open_mesh|center_of_mass_out_of_bounds|inertia_not_positive_definite,
829f1041ce0005e37667f453df149b07a71bddf5,floor lamp,complete,False,bbox_inertia,open_mesh|inertia_not_positive_definite,
829fcda8d1d112598ecb6bbf89e75d19d9331ccc,wall clock,complete,False,weld_or_static,open_mesh,
82b8c87d7ed3b69754468b334f9e3927b499a2a9,wall clock,complete,False,weld_or_static,open_mesh,
82b93979d621a4b74e7778a25330fd4d1821d5be,wall art,complete,False,weld_or_static,open_mesh,
82ba9f9db1024978e3411c3dfd794a29ac3c98c8,cabinet,complete,False,bbox_inertia,open_mesh,
82be101c0f4b571e1873e9812598f5de1beca71a,ashcan,complete,False,bbox_inertia,open_mesh,
82c8de27d7894fd2aa7ec91fd3fb254332cfc82a,throw pillow,complete,False,bbox_inertia,open_mesh,
82d15c3827173ecdea41382f055a797dc9772e7b,console table,complete,False,bbox_inertia,open_mesh,
82e45a038d4661cde412e372a76816cb6c347d10,track lighting,complete,False,bbox_inertia,open_mesh|invalid_volume|center_of_mass_out_of_bounds,
82f13d6382a3da7ae33a69db81eccb5baec5ec2f,railing,complete,False,bbox_inertia,open_mesh,
82f93ef0997128d40a7dc69558502cd859c80f94,wall art,complete,False,weld_or_static,open_mesh,
830039aec86b9f09c892b9662eed641867661ccc,serving cart,complete,False,bbox_inertia,open_mesh,
830b30c96ce12bbd805008797466a3b853067195,wall art,complete,False,weld_or_static,open_mesh,
830e2ed47548d8372294609fe7eeca11fb384b29,nightstand,complete,False,bbox_inertia,open_mesh,
8310f85e58ed824ee1ad4b8e89fbb15967a36ddc,swivel chair,complete,False,bbox_inertia,open_mesh,
8312990d94806a278f96710e662f98a9791fb892,cafeteria tray,complete,False,bbox_inertia,open_mesh,
8314cc2c1d41be840006ce5018fc975f5dc64726,flower in vase,complete,False,bbox_inertia,open_mesh|invalid_volume|center_of_mass_out_of_bounds,
8314ebfdfe97929ea0b8367214042c7f0534d20e,easy chair,complete,False,bbox_inertia,open_mesh,
8317ff8315fd26cf04860b7cb6bea3d6ced69935,beanbag chair,complete,False,bbox_inertia,open_mesh,
831e2cff446337af8791038161c7d32d96726b20,chest of drawers,complete,False,bbox_inertia,open_mesh,
8321dbf7d07a301d1f3f12ff893cce05ca5ef8a2,console table,complete,False,bbox_inertia,open_mesh,
8325bb5d44d4c80264bf4534496a4b0b0add4438,wall art,complete,False,weld_or_static,open_mesh,
832fb8d94138023fe3ed7fbb790b38b2b9048d09,gift box,complete,False,bbox_inertia,open_mesh,
833b8cb5996b58ea3f7cbbeba20568ed7e8bc83d,table,complete,False,bbox_inertia,open_mesh,
834642e13c7008e90e7c9ac2d8b7868753658095,armchair,complete,False,bbox_inertia,open_mesh,
8348f0879e4f155c7534e7c428424995b6a99091,chandelier,complete,False,weld_or_static,open_mesh|inertia_not_positive_definite,
8349e0f89d78757c18840cba6413f1fff9995bba,"letter.n.02,wall decor",complete,False,weld_or_static,open_mesh,
834fba99f603d2fc2f3a54911bfaa5a2b94f710e,throw pillow,complete,False,bbox_inertia,open_mesh,
8355b2420aa1fc3b7d21273f6091519021d50e5f,candelabrum,complete,False,bbox_inertia,open_mesh,
8358e371f092d654f97dd20b5d41af5eb30d45fd,vase,complete,False,bbox_inertia,open_mesh,
835d1f051b145e7a7c0eed5163ec9939d7ef2244,chair,complete,False,bbox_inertia,open_mesh,
836285c214c426bbbdd0d5f1d8ebe955c4e87025,floor lamp,complete,False,bbox_inertia,open_mesh,
836a3d87a62dbfa117b375204a498ec1b4c9dcbf,coffee table,complete,False,bbox_inertia,open_mesh,
837a65ab0adb41dd5302c21ed249afd2d8454f26,sofa,complete,False,bbox_inertia,open_mesh,
837e3e20c4ad389dd54574235d59abb8907b336d,wall art,complete,False,weld_or_static,open_mesh,
837fd4e7406e4671f615a8bcf3a940c2c8fa76a1,flower in vase,complete,False,bbox_inertia,open_mesh,
8385c7f5c0d01e70cc46be156e80120806de1b5c,window curtain,complete,False,weld_or_static,open_mesh,
83af0c28b32652ec626f73be05cb03447fb74f46,potted plant,complete,False,bbox_inertia,open_mesh|center_of_mass_out_of_bounds|inertia_not_positive_definite,
83b8099aa1e0eea607d2f17237bdae262540aabd,picture frame,complete,False,weld_or_static,open_mesh|center_of_mass_out_of_bounds|inertia_not_positive_definite,
83b85b3d996b73ba1cc338a3bb904a4c792ce8b0,wall art,complete,False,weld_or_static,open_mesh,
83bb57e48dd67d7127a013763073bc0bc06cd57f,l-shaped couch,complete,False,bbox_inertia,open_mesh,
83bd369217da7c472b35abffbe2feb2e0a555985,wall art,complete,False,weld_or_static,open_mesh,
83c8856fd31ab9edc4f120a11bff606016f9349b,swivel chair,complete,False,bbox_inertia,open_mesh,
83cbb93b22e8d31534e828d693505acf3dc670fc,telephone,complete,False,bbox_inertia,open_mesh,
83cd74d8bcd5d49589f0d20fcb88bfe2d5972e26,"stairway.n.01,stairs",complete,False,bbox_inertia,open_mesh,
83d5a78a042210c917fd7d14d57ac69feb6988f0,armoire,complete,False,bbox_inertia,open_mesh,
83d6fa4edbd848662695e2166d31b787d48c872b,pendant lamp,complete,False,weld_or_static,open_mesh,
83db0ee69f6239d1f3856e07e087d1cb654301b5,rug,complete,False,bbox_inertia,open_mesh,
83e054994713af5edba3443389ec2c516cb4c26f,sink,complete,False,bbox_inertia,open_mesh,
83e118e066605f3ec25d5d62344a4b411cf24c1c,record player,complete,False,bbox_inertia,open_mesh|degenerate_faces,
83e1b4b5b8a22fc76ba8caeb74b9c11fbcf190e6,wall art,complete,False,weld_or_static,open_mesh,
83e37eb291c9ee6a180364c88f4c75f1842f0073,ball chair,complete,False,bbox_inertia,open_mesh,
83f43ff97d3b947794ba3580b2cea7129314d092,sink cabinet,complete,False,bbox_inertia,open_mesh,
83f4e46c232371f134fd0159b06e658c6641fc7d,picture frame,complete,False,weld_or_static,open_mesh,
83fb4040f44075db2a6efa562d612d8406a312f5,shelving,complete,False,bbox_inertia,open_mesh,
84092984ce8a7cd7ad7aec05eb95d2612d3cd209,soap dish,complete,False,bbox_inertia,open_mesh,
8414ac0c28045cb8feda0a7d197051f21916a7cc,potted plant,complete,False,bbox_inertia,open_mesh|center_of_mass_out_of_bounds|inertia_not_positive_definite,
8419bdf298e5dabef1b4856c4d79f4a59bdd53c8,table,complete,False,bbox_inertia,open_mesh|inertia_not_positive_definite,
842cb2bb81d90ef468ce3bc19c39ba3acae43e2c,wall art,complete,False,weld_or_static,open_mesh,
842f9ac1d2bfdfe46d47c078976e356b3c29d063,sofa,complete,False,bbox_inertia,open_mesh,
843558e67124f37f2666de50b9727e6fa4494232,crate,complete,False,bbox_inertia,open_mesh,
84365ae4e8622f10d9688a63cb9c083154015e40,buffet,complete,False,bbox_inertia,open_mesh,
8437e51d7a5d25e8d955f5edf98f4cbab811bce3,"candlestick.n.01,candle",complete,False,bbox_inertia,open_mesh,
843c70ec93a45b19af1fa6981ea23a6f1a66cad6,armchair,complete,False,bbox_inertia,open_mesh,
8443a7c24e519e0d6fb17db8a7462ccf4c88972c,plant,complete,False,bbox_inertia,open_mesh|invalid_volume|center_of_mass_out_of_bounds|inertia_not_positive_definite,
844510f08ce0cfae1b8e6079c03896aa649cbcc7,picture frame,complete,False,weld_or_static,open_mesh,
84483aa867f177fad5ab8bac3ff7fb95ac628674,"bar stool.n.01,chair",complete,False,bbox_inertia,open_mesh,
844be43b1c34647e153e9b1c4054bd59a8bb64ed,microwave,complete,False,bbox_inertia,open_mesh,
8460e8c3f335226582c960782debe2a71e8cba3f,table lamp,complete,False,bbox_inertia,open_mesh,
8466b0bcd50deb8ff1a03e8d90bef577a44b201e,bench,complete,False,bbox_inertia,open_mesh,
846829ae4d23f58758984387a8669ca0bb746271,sofa,complete,False,bbox_inertia,open_mesh,
846aba736b25b51bf2036986d36451a37cd7431e,refrigerator,complete,False,bbox_inertia,open_mesh,
847097a2cea50249956585df5510a4c03e6ad589,throw pillow,complete,False,bbox_inertia,open_mesh,
8471d215fec0284da3093b9c9a1efaf7a8ab3f42,table lamp,complete,False,bbox_inertia,open_mesh,
84743ba8e74e6e3e1ab7c4f44fe08a53c9fb8375,"bar stool.n.01,chair",complete,False,bbox_inertia,open_mesh,
84815c44d0b7569cd2c023b75d6f11d21bdb7505,nightstand,complete,False,bbox_inertia,open_mesh,
84863ba1a6fb360cdd30a75c1dec5ec2cf525361,ceiling fan,complete,False,weld_or_static,open_mesh,
8487297e92275655af39f07294832059a0bc0bca,swimming pool,complete,False,bbox_inertia,open_mesh,
84873aa31bb20a190645b60c5448c37f1f3eda6d,flower in vase,complete,False,bbox_inertia,open_mesh,
848c2cc9428329445b3de7dc982469c583b16c1d,chest of drawers,complete,False,bbox_inertia,open_mesh,
848ccd629f9890a53ed8eb980dc8ec3df592050e,mobile,complete,False,bbox_inertia,open_mesh,
848ce6094b2b063d7e2164f09177a7b8934c5e4b,throw,complete,False,bbox_inertia,open_mesh,
849694e27620319ae322504f27a1db2b46ec35cb,plant,complete,False,bbox_inertia,open_mesh,
84aa04a73ce6d41924c80ae06dee7761cc4308bf,armoire,complete,False,bbox_inertia,open_mesh,
84acb06380c27003b3d6538d66c825ea332f8173,wall mirror,complete,False,weld_or_static,open_mesh,
84affc1858745191a1d258858c1f30f45216c8a4,chest of drawers,complete,False,bbox_inertia,open_mesh,
84bfd7cb88bf36634f9e44941d0bbd48e610fe51,swivel chair,complete,False,bbox_inertia,open_mesh|center_of_mass_out_of_bounds|inertia_not_positive_definite,
84c6029b8ca960a5facde86de1bdb9f36a7901af,dining table,complete,False,bbox_inertia,open_mesh,
84c9b2e52e033c89040e0e0a281b934ae7bfe877,buffet,complete,False,bbox_inertia,open_mesh,
84ca107b3e5c5386ed4d676233a31322c3392d1e,showerhead,complete,False,bbox_inertia,open_mesh|degenerate_faces,
84ddcbce7a138ecac93fd669b603c11daf1e47ab,desk,complete,False,bbox_inertia,open_mesh,
84e0cbb4a9b491d4317707dd8cfff68afb397dce,kitchen cabinet,complete,False,bbox_inertia,open_mesh,
84ec73df1d73e318c129fe1e41f417f7376f9e78,wall art,complete,False,weld_or_static,open_mesh,
84f3e455116910537b312718620493db2c6c5149,"shoe rack.n.01,cabinet",complete,False,bbox_inertia,open_mesh,
84f587619a6415604ef4b4c02da6bec3e96a25b0,throw pillow,complete,False,bbox_inertia,open_mesh,
84f9c27d36b878fb19042c0c9d4c3fa072689d7e,cafeteria tray,complete,False,bbox_inertia,open_mesh,
84fac755ba6ebb543c8cad61d54a96ca73d52099,pinball machine,complete,False,bbox_inertia,open_mesh,
850d74af895fdbf98dc1de651faf73a5e80263c2,club chair,complete,False,bbox_inertia,open_mesh,
8523b0c0c4a17a845cc33d92c7b3705f48db1efd,chandelier,complete,False,weld_or_static,open_mesh,
852f2364cdc28fde3b302da61a8d2e09d3d18a15,sculpture,complete,False,bbox_inertia,open_mesh,
8530a14a94ee59d720685f316b0274abe4969522,table lamp,complete,False,bbox_inertia,open_mesh,
853e4e301305a0884e64b17efb9ada196bbfcf87,wall mirror,complete,False,weld_or_static,open_mesh,
85528feea1b9ca452ca8edcd8bea107fab6f2cfb,wall decor,complete,False,weld_or_static,open_mesh,
8555d250dc4fd1f2b71df48cfab2a614fdf68444,pathway light,complete,False,bbox_inertia,open_mesh,
85575c26c7604b811bc959a4e3c5ec991765a589,rug,complete,False,bbox_inertia,open_mesh,
855f8925c25345b252efd508bd110a036a1d7268,wall art,complete,False,weld_or_static,open_mesh,
856317b238f6a70ae6f0afffed1f6d5e3ab7b80c,washer,complete,False,bbox_inertia,open_mesh,
856341afcb9b81ac03c8b0807bf7e912c63dd532,l-shaped couch,complete,False,bbox_inertia,open_mesh,
8583032839f5dee78fc19a4d1775eeb7aa380bab,makeup mirror,complete,False,bbox_inertia,open_mesh,
85881968a3f30f2537891029d0a257cf65482c5e,pendant lamp,complete,False,weld_or_static,open_mesh,
859585671b1dcaa32f61f063f989c3e01260c220,plant,complete,False,bbox_inertia,open_mesh|invalid_volume|center_of_mass_out_of_bounds|inertia_not_positive_definite,
859e59d95cf7d15023e25c9ac5c93931553caed3,seat cushion,complete,False,bbox_inertia,open_mesh,
859fce00e8f962182f2703ab30a4ca8357537cbb,coffee table,complete,False,bbox_inertia,open_mesh,
85a26b27d39fe3c8317df4342d0ae32203739b8e,vase,complete,False,bbox_inertia,open_mesh,
85a85b8d95fa810baeaebaf0d04d6c931d23ed3b,shoe rack,complete,False,bbox_inertia,open_mesh,
85ba156832a3c03c731b50a54b8a724d837cb099,coffee maker,complete,False,bbox_inertia,open_mesh,
85c1214255c4e2a01a4c16e8fba03842d28f8edb,chair,complete,False,bbox_inertia,open_mesh|center_of_mass_out_of_bounds|inertia_not_positive_definite,
85c43579643af7546ed770383b31c5fae243aeb4,swivel chair,complete,False,bbox_inertia,open_mesh,
85cf63fbeabbc2f6f7309020d03aac18730d2f24,shoe,complete,False,bbox_inertia,open_mesh,
85da1e480297b2221aa8a9b6c78462fb120340c9,armchair,complete,False,bbox_inertia,open_mesh,
85db43627ef7f84fafa3c19c9257a2497abd38df,wall art,complete,False,weld_or_static,open_mesh,
85e57bc57bc1929784b066eab7ced82d5f44a6a1,chest of drawers,complete,False,bbox_inertia,open_mesh,
85f584652592dafca11dbe4f19f1af0b7033ce2a,gift box,complete,False,bbox_inertia,open_mesh,
85fa82aa1eb80313fb5b07f2660d8be0994312e4,window blind,complete,False,weld_or_static,open_mesh,
85fb75b609c3846a3aa2a452783a9cb8e743b2d7,table mirror,complete,False,bbox_inertia,open_mesh,
8601dbccc02409e1a1d37ec2dc4a1f072df4dc75,ceiling lamp,complete,False,weld_or_static,open_mesh,
8602fe9baa73501aca16c4b7ac0c64859682d661,wall art,complete,False,weld_or_static,open_mesh,
8614bb6b771e098ed3d9d9a9a9fd2c144af79496,bed,complete,False,bbox_inertia,open_mesh,
861c65d4bc566b241e3adccf78942a485ad81445,"wall art.n.01,sign",complete,False,bbox_inertia,open_mesh,
86275a65ca62f6e046ed9ce1080dd150d3bbc76a,china cabinet,complete,False,bbox_inertia,open_mesh,
8627edd68dd8f756bfb199d20e85a73ff49fa33a,hook,complete,False,bbox_inertia,open_mesh,
863567e899f99138f3e199ce0b9e08765ba0643d,seat cushion,complete,False,bbox_inertia,open_mesh,
8637547dcbdad6644369329ff84cbb4209cfa254,basket,complete,False,bbox_inertia,open_mesh,
8644867d68c8a439cb61d3940a0682ccf2b484e3,candle,complete,False,bbox_inertia,open_mesh,
864ba1e0f45af1dcf795852705cbd26f1f9dc9ff,chandelier,complete,False,weld_or_static,open_mesh,
8650ff74693b72daece785b1f38642b38afffdca,potted plant,complete,False,bbox_inertia,open_mesh|center_of_mass_out_of_bounds|inertia_not_positive_definite,
8651e8d0018be9844a2471273d17157e5684fd80,medicine chest,complete,False,bbox_inertia,open_mesh,
865388074c52ccd06c7b665e6fa3c334a7058899,potted plant,complete,False,bbox_inertia,open_mesh,
8657cdb1c58bc0e36b5ae0f301e511ea17392974,wall art,complete,False,weld_or_static,open_mesh,
865da0881974291c56a1a12c9acb0a95f664f741,chest of drawers,complete,False,bbox_inertia,open_mesh,
866b15a5849b5fa280d8130033062720684aa283,armoire,complete,False,bbox_inertia,open_mesh,
867cf3a6f88aa00b97aee772c2349bff732fbac5,cruet,complete,False,bbox_inertia,open_mesh,
8685af17fa7d4d5f899912196b9bd71d3c56dcba,wardrobe,complete,False,bbox_inertia,open_mesh,
869024339bb6856f8a919079ede00407de42c5b7,wall art,complete,False,weld_or_static,open_mesh,
86a9949d804e73fa59f4fd8537be725cb8e9c2c2,chandelier,complete,False,weld_or_static,open_mesh|inertia_not_positive_definite,
86b128efdbc740ff486abc56bd3557e0f3f4a3d9,coffee table,complete,False,bbox_inertia,open_mesh,
86b43eb3f22b6766fc1561bd986356c709b260b2,bookcase,complete,False,bbox_inertia,open_mesh,
86b4750a00e6d22fbcdb1923811346b822c73c15,kitchen island,complete,False,bbox_inertia,open_mesh,
86ba3ebb6fb713854f79c5b90d2f3bbca2a92b44,chandelier,complete,False,weld_or_static,open_mesh|center_of_mass_out_of_bounds|inertia_not_positive_definite,
86bbad4346b095a0efbef6fa03fcb5fd146ae8e9,potted plant,complete,False,bbox_inertia,open_mesh|center_of_mass_out_of_bounds|inertia_not_positive_definite,
86c21b2c318a7da7ca8aa3ff8f0583370eba4232,chaise longue,complete,False,bbox_inertia,open_mesh,
86c594b95727a2f743e07669e7c99d5da6343be2,wall mirror,complete,False,weld_or_static,open_mesh|degenerate_faces,
86d3381c6bc8822276adfd12268a66b62d74e931,china cabinet,complete,False,bbox_inertia,open_mesh|center_of_mass_out_of_bounds|inertia_not_positive_definite,
86d71aeb5d17baa1980b5b836c1939da80b74b83,wall clock,complete,False,weld_or_static,open_mesh,
86e2f11ddd34c888494ef6c0c506d7528c8fc23a,easy chair,complete,False,bbox_inertia,open_mesh,
86fa9920d508dff1e1019cbaf93c6b78c1da2032,bench,complete,False,bbox_inertia,open_mesh,
87001939e6cf1938ad83249e697db73ae66a96e9,tv stand,complete,False,bbox_inertia,open_mesh,
8703b6343efd1b00f37c102d7fa76fb08db66d7a,bowl,complete,False,bbox_inertia,open_mesh,
870e78829dc9ec364f56172160fb5a2e2ada1bdb,potted plant,complete,False,bbox_inertia,open_mesh|center_of_mass_out_of_bounds|inertia_not_positive_definite,
8718b96e8acda5e530bc0eb72a0d3660778ff59a,pendant lamp,complete,False,weld_or_static,open_mesh,
87190cf4ed9ab12f298f824c1b8904e5e4455507,fireplace,complete,False,bbox_inertia,open_mesh,
8735071b2a1ca57f774cd43d3ed0a2751c528884,throw pillow,complete,False,bbox_inertia,open_mesh,
873bbd97ddf742d82433693327d4e68ee264d7a5,wall art,complete,False,weld_or_static,open_mesh,
873cb9cbd593430260383250bec8743ca059bccd,wall art,complete,False,weld_or_static,open_mesh,
8749a9bc494dbd22f77e8b848bce656f8eec2947,hanging cabinet,complete,False,bbox_inertia,open_mesh|center_of_mass_out_of_bounds|inertia_not_positive_definite,
8750ca4725e0059dfa5d57740e3aafd69911ba12,floor lamp,complete,False,bbox_inertia,open_mesh,
8750f4f527b72ea5d1cb4b4ca9fb92ab2b9b8df4,wall mirror,complete,False,weld_or_static,open_mesh,
8752a6a4a4f5458a1b2febb2a1ea03c1cbd0d8f2,play area,complete,False,bbox_inertia,open_mesh,
8760d571a7b8be3666d29b5568c7d458465f80e4,dollhouse,complete,False,bbox_inertia,open_mesh,
877256603ad3822ee3f5ecd9c55ad2dfe9899ba3,chest of drawers,complete,False,bbox_inertia,open_mesh,
877384ee8dc4577ccc2dc5b37ee505d2d4af3d0e,vase,complete,False,bbox_inertia,open_mesh,
878245f4289e87f35c46137ef7cf0ac43f5758c0,wall art,complete,False,weld_or_static,open_mesh|invalid_volume|center_of_mass_out_of_bounds|inertia_not_positive_definite,
878671796abff4e429bc3b4f6b304a7a8c85a8c7,wall art,complete,False,weld_or_static,open_mesh,
878fded4b4bc0dcec55d68a662a89ab81c8f0cd5,monitor,complete,False,bbox_inertia,open_mesh,
8791195b0cbe6a78f2a649b23f1e97c89add69f3,throw pillow,complete,False,bbox_inertia,open_mesh,
879fa14064107eeb7fa6eaea45b7cf7aef94eda2,sofa,complete,False,bbox_inertia,open_mesh,
87a34af23efddf90b6267768647fbedcbf846827,cup,complete,False,bbox_inertia,open_mesh,
87a73a8981cf9fdf334c8f80e6b3c727431c5939,footstool,complete,False,bbox_inertia,open_mesh,
87a960c4f9d1d8f90fa3cf8216018a508eecae82,potted plant,complete,False,bbox_inertia,open_mesh|invalid_volume|center_of_mass_out_of_bounds,
87ab3c5200545e39362f7b0b14bb5192933654fe,clothes tree,complete,False,bbox_inertia,open_mesh,
87ac831ae9463acf6ee6a876de63ed07561aef03,christmas tree,complete,False,bbox_inertia,open_mesh|inertia_not_positive_definite,
87ad8f378945dee3b52d159095f2fac61f4cf640,chair,complete,False,bbox_inertia,open_mesh,
87b0dabec11bf59f872c53148ddd45372d0e0d6d,rug,complete,False,bbox_inertia,open_mesh,
87b334f6e7eab81ec0424ce77bda910fa375bc48,wall mirror,complete,False,weld_or_static,open_mesh,
87b5d5a0d698193ec223c47bc7ad3da16daf414e,wall art,complete,False,weld_or_static,open_mesh,
87c28d7392dfdba70d73e65a23a104278464910a,"toilet brush.n.01,toilet brush holder",complete,False,bbox_inertia,open_mesh,
87ca77c7b1df134009304a189d8b2cce5f036133,daybed,complete,False,bbox_inertia,open_mesh,
87d95877ab352f73ebe9870982d29a5b53a22dae,cabinet,complete,False,bbox_inertia,open_mesh,
87d9a892513415eeb39266b867e6f9583e1ed0ab,wall art,complete,False,weld_or_static,open_mesh,
87db238f87116521121b0487189975598ab42ae1,swivel chair,complete,False,bbox_inertia,open_mesh,
87dd12c63ee2fdf759c479bf6e7d653809aef2d9,sink,complete,False,bbox_inertia,open_mesh,
87deed31d09e09208015351d1a2eb54964f21893,floor lamp,complete,False,bbox_inertia,open_mesh,
87e4099b8eda4854ffc57fb2128b69a29a56ea85,end table,complete,False,bbox_inertia,open_mesh,
87ec2d5fefc4493289c251c6eb84f1c02371addc,pool table,complete,False,bbox_inertia,open_mesh,
87ed6d0c785b3245207bb217eb3ee3fc079f8633,cafeteria tray,complete,False,bbox_inertia,open_mesh,
87ef4b11251281db9f644a5adbe6c56be8d5b43e,kitchen cabinet,complete,False,bbox_inertia,open_mesh|inertia_not_positive_definite,
881321812e706f8187904724015e01eaa60c6d67,wall art,complete,False,weld_or_static,open_mesh,
8815be2cfcc3eb519941b97afdea2352b9d48e49,wall art,complete,False,weld_or_static,open_mesh,
881b4930f7df83a2fe6d7278a67c81d4f1f727c3,kitchen cabinet,complete,False,bbox_inertia,open_mesh,
88228361dca94dc02e640c3ee16d008d918fb635,wall art,complete,False,weld_or_static,open_mesh,
882802e4ffc1f87c16e16d1322c651a849f7743d,vase,complete,False,bbox_inertia,open_mesh,
8828634ed1408e3f5c4105457732eedb4a89b57a,coffee table,complete,False,bbox_inertia,open_mesh,
88296cdf6fcbde410b567ce4f4d3896a6a0390c5,wall clock,complete,False,weld_or_static,open_mesh,
882cb986ea0c0559d606858cf01c8282016ca3b4,kitchen island,complete,False,bbox_inertia,open_mesh,
8830afcbb0fd7442c0dd7a27c05129c65e0be283,ceiling lamp,complete,False,weld_or_static,open_mesh,
88385377c5cb12d12e9dfbd70c2c28d6a05ed587,towel rack,complete,False,bbox_inertia,open_mesh,
884106247b520205b75c6aa595766cb231977dcc,bookcase,complete,False,bbox_inertia,open_mesh,
8859dead706a83af80c93778223a41deeb2bc2d6,picture frame,complete,False,weld_or_static,open_mesh,
885bf5232852d8ee0c738b1d590ad1958186d1dd,wall art,complete,False,weld_or_static,open_mesh,
885d97c88e694a000e524faaa2bfcd8cc5bbfb48,throw pillow,complete,False,bbox_inertia,open_mesh,
886f1c20554af9cbb60c3bfdbcc0c9b6b069ef20,wall art,complete,False,weld_or_static,open_mesh,
8870a950a73c7791ab6ca03f72cf2609f4e44a3e,wardrobe,complete,False,bbox_inertia,open_mesh,
8879706acbcc49d188193ce9820eefd75068141f,wall art,complete,False,weld_or_static,open_mesh,
888b8bc2df65291d72cfd4ae91279cc5b5c3f331,potted plant,complete,False,bbox_inertia,open_mesh|center_of_mass_out_of_bounds|inertia_not_positive_definite,
8890ae19cd93f602e839fb62c931797cb46ec595,clothes tree,complete,False,bbox_inertia,open_mesh,
8891ab09f161d9274aaf1f9e4d06889b550350cb,sofa,complete,False,bbox_inertia,open_mesh,
8893a556eb3912f7dbb753fcad9d42f66be1fcb2,camera,complete,False,bbox_inertia,open_mesh,
889a7354f2f7c62c94cf5aec83df7fddea639872,desk,complete,False,bbox_inertia,open_mesh,
889b6072481bd9ba383df361e3d3d2e41079dd41,wall art,complete,False,weld_or_static,open_mesh,
889ffbb4c8d12790d2e2e1f0d525577f0e525d7d,flower in vase,complete,False,bbox_inertia,open_mesh|inertia_not_positive_definite,
88a0619f8b859804fc169a9c8e7cc419edd78e99,ceiling lamp,complete,False,weld_or_static,open_mesh,
88a3efad0856410f9cd133f785599ec56abb8a6f,makeup mirror,complete,False,bbox_inertia,open_mesh,
88ab72c1d0a2bfe5a6fff9770425c5d4921214b2,barbecue,complete,False,bbox_inertia,open_mesh,
88abb02d43f582b874ca358e829db279c0d20071,flat bench,complete,False,bbox_inertia,open_mesh,
88ae51a1d1324f4407e256ef20d47bfc2159d963,serving cart,complete,False,bbox_inertia,open_mesh,
88b3681c5cf5bde9e9dfd799dae9e242813b04fc,printer,complete,False,bbox_inertia,open_mesh|center_of_mass_out_of_bounds|inertia_not_positive_definite,
88b560a947f6bfdf005e377019c4c4933d6a6daf,easy chair,complete,False,bbox_inertia,open_mesh,
88c1415f7a7e0e4797fee3c66ce64d4e89dd3d23,l-shaped couch,complete,False,bbox_inertia,open_mesh,
88c184b452fd6a7ef052b4c15cb6a8ab68546e79,sculpture,complete,False,bbox_inertia,open_mesh,
88c69eb16145fa25df00eb158f7490af690c9442,l-shaped couch,complete,False,bbox_inertia,open_mesh|degenerate_faces,
88c87a19b5e883787b5707d90545e25360594822,kitchen cabinet,complete,False,bbox_inertia,open_mesh,
88cb3a5e8bf8e4e1b93fbb797d6b3ecd6fbb0682,sofa,complete,False,bbox_inertia,open_mesh,
88cc870eaace923c89c47a1c3ffd3e48afdea16f,coffee table,complete,False,bbox_inertia,open_mesh,
88e0939fb3cf5e618321fa878151c8339544cfeb,floor lamp,complete,False,bbox_inertia,open_mesh,
88e330051d42588cce96aba4dec5a35d5336217c,sofa,complete,False,bbox_inertia,open_mesh,
88f17f14d41716a561128bc435aa18bf0c37bca2,rocking chair,complete,False,bbox_inertia,open_mesh,
890b5d7fbec4561d997508cbdd55aa6329638cf3,hamper,complete,False,bbox_inertia,open_mesh,
89181c03caf21d1d90ee760ed5ab3986f462f698,dining table,complete,False,bbox_inertia,open_mesh,
891d92d36d8ce186ab73959ad164b5fa8d3b3227,"shoe rack.n.01,cabinet",complete,False,bbox_inertia,open_mesh,
891f93778cdee4e6fc7133e344bff9f5ccdd1d48,chest of drawers,complete,False,bbox_inertia,open_mesh,
893ba41a83b60ced06bbfcf7e36b69d51a4e4a44,ceiling lamp,complete,False,weld_or_static,open_mesh,
8943b22a9d097cfb937008801d0af4a8a3b8ea3e,kitchen cabinet,complete,False,bbox_inertia,open_mesh,
89483e1a550ee39bbdc5220c11dcd0766a17ea13,swivel chair,complete,False,bbox_inertia,open_mesh,
89531d91bcd98331a21173acff79c7062056932d,armchair,complete,False,bbox_inertia,open_mesh,
895b31bd802788b8ab0ad08b55caf352a2de7e9e,potted plant,complete,False,bbox_inertia,open_mesh|invalid_volume|center_of_mass_out_of_bounds,
895c58c1fd54229d711a593e5441ec0700c05f6c,shower stall,complete,False,bbox_inertia,open_mesh,
896399bc6bbb4bacd844b3dc204609bc0e6f43d3,wall art,complete,False,weld_or_static,open_mesh,
8978e63573291620fec877248d9acf105894c2e0,ceiling lamp,complete,False,weld_or_static,open_mesh,
897e2694262ced54051ee948dd318d15ecffafc3,picture frame,complete,False,weld_or_static,open_mesh,
897e7615d4488fca5aeb35c34e037b6615388b44,bookcase,complete,False,bbox_inertia,open_mesh,
898425f757413ad90945f12cbf6877031d3f89b9,flower,complete,False,bbox_inertia,open_mesh|inertia_not_positive_definite,
8987a2ae133fb8daa9656a4300009f37fb104aab,sculpture,complete,False,bbox_inertia,open_mesh,
8989ca39b1b2660f7a776e437513d33360ff3b2a,wall art,complete,False,weld_or_static,open_mesh,
898f2c044e0db9027b73df25702b624881b0b330,telephone,complete,False,bbox_inertia,open_mesh,
89934a7354b8a59b3fe2bbe22ffe7964a0b8db4b,hanging cabinet,complete,False,bbox_inertia,open_mesh|center_of_mass_out_of_bounds|inertia_not_positive_definite,
8994a2078b60a17205a34a19f8851ad81980aa97,chest of drawers,complete,False,bbox_inertia,open_mesh,
899a0ab821d281a0223ea92ae9101306cdd59d46,potted plant,complete,False,bbox_inertia,open_mesh|center_of_mass_out_of_bounds|inertia_not_positive_definite,
899d1ee0aa4e83064598294a1a2e5012ea305240,rug,complete,False,bbox_inertia,open_mesh,
899e88f11da4a0aff204df49c9968920a60380b1,swing chair,complete,False,bbox_inertia,open_mesh,
899eebd2e800dead618d9df13704e2c94c2f453f,chest of drawers,complete,False,bbox_inertia,open_mesh,
89b3d072312fb85c8deaeb75e626f368f8fb4dc8,ashcan,complete,False,bbox_inertia,open_mesh,
89b54bb9d4bac30e06521f4d5ad23da90e576ffa,wall mirror,complete,False,weld_or_static,open_mesh,
89ba3ca85be9fdeec04468df9a4f75c17d91b01b,chest of drawers,complete,False,bbox_inertia,open_mesh,
89c794c1d6a59847f69d9343f1d592758ea1da1f,wall mirror,complete,False,weld_or_static,open_mesh,
89d45bdb1c849e676cb44c766037d86bc246c5c6,wall art,complete,False,weld_or_static,open_mesh,
89e6af2d0ed33ade1cd590aabf73574c41a55202,bathtub,complete,False,bbox_inertia,open_mesh,
89eaca87721cdfa10adc98400eaa0927bb8abdaa,ceiling lamp,complete,False,weld_or_static,open_mesh,
8a0afac55af01ffc286c5f6fc9728bfa746ac918,overnighter,complete,False,bbox_inertia,open_mesh,
8a18de630c95c6c383d18740334b7a2942ef4e33,ceiling lamp,complete,False,weld_or_static,open_mesh,
8a199393aa14b1487354e6fcc8df37de1b6a8b51,bench,complete,False,bbox_inertia,open_mesh|inertia_not_positive_definite,
8a22c7d7dd4418efd89c6585210dbe818f0b2dbf,chair,complete,False,bbox_inertia,open_mesh|inertia_not_positive_definite,
8a23d4dba7ca9708fabac4a582ceeebc06bcf103,television receiver,complete,False,bbox_inertia,open_mesh,
8a2440fd268adf3842f55c58abaa35c474934171,desk,complete,False,bbox_inertia,open_mesh,
8a2467f42dc962b5a3bcc7868f6faf9ea31397dd,chest of drawers,complete,False,bbox_inertia,open_mesh,
8a2d6c76deccf5964e793c0e591b985590bb916a,stool,complete,False,bbox_inertia,open_mesh,
8a2eb28a38e38f7d32902648e88c2a2a92a4b4bd,pendant lamp,complete,False,weld_or_static,open_mesh|degenerate_faces,
8a34fffadbbe6e5dadc6c72de473096c123a92e0,hamper,complete,False,bbox_inertia,open_mesh,
8a426c6129449e93c784fc0c57b48fc31c765cbb,picture frame,complete,False,weld_or_static,open_mesh,
8a44f5e764ca2a131f50709d1253d341a61282d4,wardrobe,complete,False,bbox_inertia,open_mesh,
8a4690491901ad1301c4b2acf0d79150ff49319d,wall art,complete,False,weld_or_static,open_mesh,
8a53e7870b8d8db886ef029d90384653c165b517,sofa,complete,False,bbox_inertia,open_mesh,
8a643866e25ff2687ae34a7285e1927fed1205d3,wall mounted screen,complete,False,bbox_inertia,open_mesh,
8a6af29923fe09ec8a7a3f487db904c530b990c9,sauna,complete,False,bbox_inertia,open_mesh,
8a6d4da5fe54288ffdebffb09bce0005cbc2c0eb,easy chair,complete,False,bbox_inertia,open_mesh,
8a75b901c9375d1647b9a7d51e6a6838a9751a86,chest of drawers,complete,False,bbox_inertia,open_mesh,
8a7a88309033e6b4b77680185e9b9ed37d57f81c,string lights,complete,False,bbox_inertia,open_mesh,
8a7d9a1ebc4fc819388875c9d7eb948469b2ce60,candlestick,complete,False,bbox_inertia,open_mesh,
8a87da4e6f20989ade61e37c43f8c306c6353ef4,throw pillow,complete,False,bbox_inertia,open_mesh,
8a8bdffe852ba41130c874823fdab652d34bb970,clothes tree,complete,False,bbox_inertia,open_mesh,
8a95d8b56329acf8153705fda06b007240747b03,chest of drawers,complete,False,bbox_inertia,open_mesh,
8a9b42699484afce422f9a8584a9106c47c83eb5,coffee table,complete,False,bbox_inertia,open_mesh,
8aa26e2781417fa9cb7d3a6ffeb82121a8de4e15,kitchen island,complete,False,bbox_inertia,open_mesh,
8abac94c4a656d0de2cbef4e3289fc264534338f,tv stand,complete,False,bbox_inertia,open_mesh,
8ac01e82aa142a08f3ef809b73a185a528041f40,"candlestick.n.01,candle",complete,False,bbox_inertia,open_mesh,
8ac08422ca27a442ec61177d7419e94e36809719,potted plant,complete,False,bbox_inertia,open_mesh|inertia_not_positive_definite,
8ac276c04d8b3822597a517e0b2b32a676f6fe2f,ceiling lamp,complete,False,weld_or_static,open_mesh|degenerate_faces,
8ac90153bd7b1702bcbe6adf335d02847766270b,l-shaped couch,complete,False,bbox_inertia,open_mesh,
8ac91b6ad5752dad67510290feb21c95d3aa96b4,shelving,complete,False,bbox_inertia,open_mesh|degenerate_faces,
8ac94abca805988db3ebfb9a4afc143e2257e545,wall art,complete,False,weld_or_static,open_mesh,
8ac96eb402322c6b39bec9b6907827ee808f2450,wall art,complete,False,weld_or_static,open_mesh,
8ad3eae836fed059c1b6979c96903573bf37e1e2,nightstand,complete,False,bbox_inertia,open_mesh,
8adc3b058f1684f4de9e4f6d1ca718f4f2e1df4f,desk,complete,False,bbox_inertia,open_mesh,
8ade057f6f57ec16e1a8e17932d92518ddb27c84,table lamp,complete,False,bbox_inertia,open_mesh,
8adff54532c5b497625e63c05997fa166786f5f3,armoire,complete,False,bbox_inertia,open_mesh,
8ae8c09d6a2293f578abe129f16114d6b877fc11,nightstand,complete,False,bbox_inertia,open_mesh,
8afd350c5cc0029c3604c697947d1e1399403955,candle,complete,False,bbox_inertia,open_mesh,
8afdf38fba5cf0157a1ed6d4b977829aabfc0777,ashcan,complete,False,bbox_inertia,open_mesh,
8b0722bd02e26bf71c7218d68a29d545d90e8746,kitchen cabinet,complete,False,bbox_inertia,open_mesh,
8b077d33cef990dc960c432a63273f7bed76d6ac,swivel chair,complete,False,bbox_inertia,open_mesh,
8b104dd4a34117cf2b1815a59ee7ca179f803156,table lamp,complete,False,bbox_inertia,open_mesh,
8b2aff996b7da9f805dce93e35018819ed8e7ff1,bench,complete,False,bbox_inertia,open_mesh,
8b3ad7f96cefa754be3171921c4c970be2d20b02,bookcase,complete,False,bbox_inertia,open_mesh,
8b3fdfd70bee036c1a43240e51c8aa783bb5bdfc,clothes tree,complete,False,bbox_inertia,open_mesh,
8b4ab911a83740c0a43d8a836a22a2f26fe0f2c6,table,complete,False,bbox_inertia,open_mesh,
8b50f6388f968348545e5df221de7011c0abec15,throw pillow,complete,False,bbox_inertia,open_mesh,
8b52232d6b92eb351c4043df56af806a4dfcfc03,wall art,complete,False,weld_or_static,open_mesh,
8b5ae9acc15bc4d159f983229078ba432c2159f4,storage bench,complete,False,bbox_inertia,open_mesh,
8b60e366d6b6925d0abe8cd716b80d9d9485cdeb,end table,complete,False,bbox_inertia,open_mesh,
8b616fce67ec2e28bd0af3ca981d0e6bfb3e9fca,table,complete,False,bbox_inertia,open_mesh,
8b63648f4bdf1484b373ee705ebb0e22af222383,refrigerator,complete,False,bbox_inertia,open_mesh,
8b66076f69caaf4573c1a4b94f99ba8c9008fa7c,dining table,complete,False,bbox_inertia,open_mesh,
8b6b51a58869080e3cbadbb2b9dad90c5f2369ae,ceiling fan,complete,False,weld_or_static,open_mesh|inertia_not_positive_definite,
8b6e2cb3c632af9951808faead46d03f80b6e81b,bulletin board,complete,False,bbox_inertia,open_mesh,
8b70adf4eba1e30834d817b0f1aab4c4863aa85f,wall sticker,complete,False,bbox_inertia,open_mesh,
8b7aac5df263b90edd81ade4953949a83a3ac1e6,end table,complete,False,bbox_inertia,open_mesh,
8b85ea233d898502894d435a7c9eedb4513a7736,wall clock,complete,False,weld_or_static,open_mesh,
8bb3d39af67f313abaa79d58300eccb5ab119578,wall clock,complete,False,weld_or_static,open_mesh,
8bb9a26d2c65387f862a383b7806a123aadc7538,table lamp,complete,False,bbox_inertia,open_mesh|center_of_mass_out_of_bounds|inertia_not_positive_definite,
8bbcede057a84e1a50845d4ea7ddf7f188dca31d,sink,complete,False,bbox_inertia,open_mesh,
8bc5ee12830da7c2d880f0d07100f4b5f9c22d77,chair,complete,False,bbox_inertia,open_mesh,
8bcfaffa5c38da25eb6575908fe19effb10d5b3b,trunk,complete,False,bbox_inertia,open_mesh,
8bd6244b79b8d6d0a8c274afb54de8ded88d0c70,sculpture,complete,False,bbox_inertia,open_mesh,
8bd816e8f2685adab98c93fb5cf436091da64008,sink stand,complete,False,bbox_inertia,open_mesh,
8bd96b5b891ae44992d4e6dc3528f3737795e2f3,pendant lamp,complete,False,weld_or_static,open_mesh|center_of_mass_out_of_bounds|inertia_not_positive_definite,
8be12bde64c1540adeb4237219dff8a004c442ff,nightstand,complete,False,bbox_inertia,open_mesh,
8be148a8bdce9f433ba3bb30e7c6a970c294f60c,weight,complete,False,bbox_inertia,open_mesh,
8be6fe3fcb9e5ea493000734520c37013baf242f,wall hook rack,complete,False,weld_or_static,open_mesh,
8be974a24717e214eede244a635af9b5d8ca20c1,mat,complete,False,bbox_inertia,open_mesh,
8bf603bc0582781cb6a94d8ce05f601171e523c1,pendant lamp,complete,False,weld_or_static,open_mesh|center_of_mass_out_of_bounds|inertia_not_positive_definite,
8c00e2bfbf9e6136a4d344b0409f806913a73de0,end table,complete,False,bbox_inertia,open_mesh,
8c08a9e07fb6e8ba259626f114b9cb710a611142,cake stand,complete,False,bbox_inertia,open_mesh,
8c0b06714c35a28d3095700863670f14c89e6759,"letter.n.02,wall decor",complete,False,weld_or_static,open_mesh,
8c1198862a638855bd91e984954fb30a5f5598a8,hammock,complete,False,bbox_inertia,open_mesh,
8c11aa8ab97bd0807bc0144c2c2c95ec2a45dd29,bench,complete,False,bbox_inertia,open_mesh,
8c14fade032205abee0a1ffb662aec4fc70ebbb2,chest of drawers,complete,False,bbox_inertia,open_mesh,
8c1fec70021d97e96c8dd13c7aeb788ba91f7426,sofa,complete,False,bbox_inertia,open_mesh,
8c297387b65b2ab225740383572f1dba79859791,armchair,complete,False,bbox_inertia,open_mesh,
8c3467fa914e8ec851f51faf39d9dcded4864eab,hanging cabinet,complete,False,bbox_inertia,open_mesh,
8c377ba7665e7801bbc2147ebb5a2749149d7639,wall art,complete,False,weld_or_static,open_mesh,
8c3ae4ae678dab4649af6fbae1588966a38bed7f,throw pillow,complete,False,bbox_inertia,open_mesh,
8c3c2d10c8fbf3a1e29030dad0366ca29feaa697,medicine chest,complete,False,bbox_inertia,open_mesh,
8c3dd1d7ba7a3fd4b6864febab9cc409969a4ce3,faucet,complete,False,bbox_inertia,open_mesh|inertia_not_positive_definite,
8c41ee07eec1c7ca5321978ce5372fc5c504c5c8,throw pillow,complete,False,bbox_inertia,open_mesh,
8c4309607997206ebdc9612db54b2ad42393df9e,wall art,complete,False,weld_or_static,open_mesh,
8c4b0396525dfedeaabd64fafcde66ae1e87863a,bottle,complete,False,bbox_inertia,open_mesh,
8c5266145942e091cb28561b65a02042e309c31f,hanging cabinet,complete,False,bbox_inertia,open_mesh,
8c5e34addd948e47b6a0ac28c837c5c418c38ac1,kitchen island,complete,False,bbox_inertia,open_mesh,
8c6411e06f17477320b687b36a247e4ebc86dc3d,book,complete,False,bbox_inertia,open_mesh,
8c690b1d32e8356cdb8aa66f6de06ebf804d3c8a,ceiling lamp,complete,False,weld_or_static,open_mesh,
8c73109a6020fbf91d2491766b22e7167f13ae21,wall art,complete,False,weld_or_static,open_mesh,
8c8df98aa3b25617201f5c40ae09bd20648ee8d7,bread-bin,complete,False,bbox_inertia,open_mesh,
8c8e27533c02bc457a1d65420c9ac04b4ff75193,end table,complete,False,bbox_inertia,open_mesh,
8c8e3efa817206e3928d344a8ea068f81eddfc8f,wall art,complete,False,weld_or_static,open_mesh,
8c954243c13de92fa04541108e5aa295812b808d,sofa,complete,False,bbox_inertia,open_mesh,
8c9bb422431cf6647e6984d9fbe503f08cfbd6e7,rug,complete,False,bbox_inertia,open_mesh,
8c9ef1df06e8d53d2cc834e8cc654b91f39b2bd5,sofa,complete,False,bbox_inertia,open_mesh,
8ca039904ce0e41fde9ed56d33af9fdcec75dc15,wall art,complete,False,weld_or_static,open_mesh,
8ca311f2d9dfe726d268e0386285d1a6ac466848,chair,complete,False,bbox_inertia,open_mesh,
8caa5fdba25388cc5e3c86cfc74caaad61b9ad05,wall mirror,complete,False,weld_or_static,open_mesh,
8cad457393cf850f77738f647a8c5e445176d881,laptop,complete,False,bbox_inertia,open_mesh,
8caffe144a35441f4adc2854db3e8d32ac990881,place mat,complete,False,bbox_inertia,open_mesh,
8cb34b126bb99e5a3a50970963f6953e7b7683a5,range hood,complete,False,bbox_inertia,open_mesh,
8cb3fabb9c1c84c35b72c4205d0957f561cbc57f,wall art,complete,False,weld_or_static,open_mesh,
8cbd4ea7f6834e2a37ba461dee1139634de71ff6,chest of drawers,complete,False,bbox_inertia,open_mesh,
8cc37528ee8ce07d8603fb320e9f591d4771c9ea,pedestal sink,complete,False,bbox_inertia,open_mesh,
8cc4297c248a4e5735f39a57ab0a48b103437379,throw pillow,complete,False,bbox_inertia,open_mesh,
8cc4c52e3a2f013cddc4a620f41a7cef0f0cea84,mirror,complete,False,weld_or_static,open_mesh,
8cc8e86db380d223278d7d87e7a790af6a455e69,wall art,complete,False,weld_or_static,open_mesh,
8cc92b364022b6cb01df9da28876a414e9cbd666,wall art,complete,False,weld_or_static,open_mesh,
8ccf94189d5c50b5f985f014155647ebcc71c3a0,picture frame,complete,False,weld_or_static,open_mesh,
8cd14e13fd60ee9ffa1577f9edb15c0f9947da99,chaise longue,complete,False,bbox_inertia,open_mesh,
8cd14f2af0f08be07cbf31b881d66f64e1533bf0,pendant lamp,complete,False,weld_or_static,open_mesh,
8cd4a4f9d5f26bf40c8341678385782b1331f87b,toiletry,complete,False,bbox_inertia,open_mesh|center_of_mass_out_of_bounds|inertia_not_positive_definite,
8cd9b448815a904b8b3b5817c742620729fe4a7c,plate,complete,False,bbox_inertia,open_mesh,
8cdf233e568d5b73db3255010cb6b350c9ef1215,soap dispenser,complete,False,bbox_inertia,open_mesh,
8cfd798fe41e5266c999eac780946d4d6015c6b6,wall art,complete,False,weld_or_static,open_mesh,
8cfda36421727b0685a690f6448ff60395e6f20c,headboard,complete,False,bbox_inertia,open_mesh,
8d00216ecc92ee246a1ec393722bc7373c12f26f,flower,complete,False,bbox_inertia,open_mesh|center_of_mass_out_of_bounds|inertia_not_positive_definite,
8d017fc7709614540587256fc11b809c9d7dc570,potted plant,complete,False,bbox_inertia,open_mesh|center_of_mass_out_of_bounds|inertia_not_positive_definite,
8d032a049ed3127e0b52a51f244c1d3151bb7f9f,wall mirror,complete,False,weld_or_static,open_mesh,
8d05088e19ee677c0e12018771bf4aae3edefac1,pendant lamp,complete,False,weld_or_static,open_mesh,
8d099f0c81aeb33b406b0e7ef3007378b7f19363,end table,complete,False,bbox_inertia,open_mesh,
8d0a5a5d529b1dc36187ca8360a4c122476bf027,rug,complete,False,bbox_inertia,open_mesh|degenerate_faces,
8d168114bfc57dff0d1db191da098f7b913d83f7,wall art,complete,False,weld_or_static,open_mesh,
8d208da9ff8646dee10b962a699774f621e541d7,sofa,complete,False,bbox_inertia,open_mesh,
8d2129328be8d6181987f21da5219348abeccef2,swivel chair,complete,False,bbox_inertia,open_mesh,
8d24e4f808b534d4122efdfad13c5ad6fda198c6,rug,complete,False,bbox_inertia,open_mesh,
8d2d65e076f99151d8aef9133f9ee23636be9288,potted plant,complete,False,bbox_inertia,open_mesh,
8d309875b56c6f581e5062658b262f629cc3a315,rug,complete,False,bbox_inertia,open_mesh,
8d480153ed7d87e2c81c8e1a24a9e15b4d50959b,sofa,complete,False,bbox_inertia,open_mesh,
8d544de4c4616591ddd7e27aec53d6b0cd92ec31,pendant lamp,complete,False,weld_or_static,open_mesh|center_of_mass_out_of_bounds|inertia_not_positive_definite,
8d570e6107cc9797e86fb3b432c0ee93e040b78e,fence,complete,False,bbox_inertia,open_mesh,
8d5bb48091eb674ed2e72177175d7a80e7196f31,coffee table,complete,False,bbox_inertia,open_mesh,
8d66efd0c3b8736032a09ab217ac38aebcae4641,bookcase,complete,False,bbox_inertia,open_mesh,
8d72e773ea4e0520488762a6368350b5227733d8,wall organizer,complete,False,bbox_inertia,open_mesh,
8d78b5c7c28f8e3ef3153af331d9812f675fcb64,throw pillow,complete,False,bbox_inertia,open_mesh,
8d87621828942d05495d1bfcb19b37efff88264f,wall art,complete,False,weld_or_static,open_mesh,
8d930bbd5956a804458c5051c392c990dcd93e50,coffee maker,complete,False,bbox_inertia,open_mesh,
8d93f544cfe25a26822760f949756b2fde2f775c,table lamp,complete,False,bbox_inertia,open_mesh,
8d94d6f4782e78916fe4795e2a339a7cfbafe892,wall lamp,complete,False,weld_or_static,open_mesh,
8d97968066d74649237e6afe846f1f33a4c67571,console table,complete,False,bbox_inertia,open_mesh,
8d99807b186f30ef7a4af7b51cb20a82f42aa7f1,wall lamp,complete,False,weld_or_static,open_mesh,
8dac1f00616af512e70e9c4073f1500d50925a91,end table,complete,False,bbox_inertia,open_mesh,
8dae8e1f930bcac0990caf62556dcd400fdd62f3,throw pillow,complete,False,bbox_inertia,open_mesh,
8db69f66237737084ddc1865082d1b378fdbd6ba,wall art,complete,False,weld_or_static,open_mesh,
8db837a85a24fbb6e51e4bba33cd3253d0ebfa92,book,complete,False,bbox_inertia,open_mesh,
8dba4cb9fe62d4f420d087fa9c358a3a7801e404,chest of drawers,complete,False,bbox_inertia,open_mesh,
8dbcdfb6bade81562880496b0eef73f0a2d26834,potted plant,complete,False,bbox_inertia,open_mesh|invalid_volume|center_of_mass_out_of_bounds|inertia_not_positive_definite,
8dbfcb7243f0298c7febd54dfc0eea1ed2d7d87f,chandelier,complete,False,weld_or_static,open_mesh,
8dc88b0c496534df6764eda2fcf1e14ca78b05d6,table lamp,complete,False,bbox_inertia,open_mesh,
8dd44e218461f0f0953741339d6ae9830ace52e7,end table,complete,False,bbox_inertia,open_mesh,
8dd71afd361b2518e475589f315563da158685aa,nightstand,complete,False,bbox_inertia,open_mesh,
8ddc3d044fc22331b0cfdff50db2ca48a023ffe7,throw pillow,complete,False,bbox_inertia,open_mesh,
8de00cb6da49e08454889923fa95c29f58c31dde,floor mirror,complete,False,bbox_inertia,open_mesh,
8de7f263d3b3d32707957c1f0c0727d82cc6f0f8,sofa,complete,False,bbox_inertia,open_mesh,
8def8a8bc0b3e024c288eaa3c13b614af01eb4a0,console table,complete,False,bbox_inertia,open_mesh,
8df45b4963699bb2f2340149b79a7229d3048184,kitchen island,complete,False,bbox_inertia,open_mesh,
8df77158e63abeb5705a184d351b7c752fb5545d,television receiver,complete,False,bbox_inertia,open_mesh,
8df9760c5c3609e6005791ceb66020fdb91e4758,clothing rack,complete,False,bbox_inertia,open_mesh,
8dfa69dd3068b77f18581d2f0d133c2f0967021e,armchair,complete,False,bbox_inertia,open_mesh,
8dff80177a2511cfa270510938bc79ac2d842076,potted plant,complete,False,bbox_inertia,open_mesh|degenerate_faces,
8e01e19e06020626cd22f82afb3440d56fc5f2db,wall art,complete,True,weld_or_static,,
8e0b83b82b3c2a885292d55cf002b8a5530197f4,mirror,complete,False,weld_or_static,open_mesh,
8e0b9a2ce5f3af2c280e23ba63cbfbde78867207,throw pillow,complete,False,bbox_inertia,open_mesh,
8e0ed91a99dfa774e8e3b49d699bbc8135575dd3,cabinet,complete,False,bbox_inertia,open_mesh,
8e103679ae34938fc7bd106032eee0f87e0d5415,wall sign,complete,False,bbox_inertia,open_mesh,
8e211df77ce701b47ef83dc1f8841266e12b8942,socket,complete,False,bbox_inertia,open_mesh,
8e3475560ee256b292f00b50fea28fd9248988ad,throw pillow,complete,False,bbox_inertia,open_mesh,
8e3736c46fba7b3509a800f32002123abfa979ea,umbrella,complete,False,bbox_inertia,open_mesh|center_of_mass_out_of_bounds|inertia_not_positive_definite,
8e37f5aec35bbac7aafa160df0aa6cded71af9b0,wall art,complete,False,weld_or_static,open_mesh,
8e4b28d08d37e10584bc8840a105da5ac271a330,wall art,complete,False,weld_or_static,open_mesh,
8e4f48a4e84882aaca192f6b48ed15a9aed7621f,chair,complete,False,bbox_inertia,open_mesh,
8e507631cfe2defc4bcf7c8b67282c9e99935f7b,chest of drawers,complete,False,bbox_inertia,open_mesh,
8e5194ea2c796c09de74b07a3b02569a9ed8b003,wall art,complete,False,weld_or_static,open_mesh,
8e527f9bd4cefb3ab848c0292353cb50f3a7b458,swivel chair,complete,False,bbox_inertia,open_mesh,
8e52c6119a32b771878844bb894f63b92a579a9c,footstool,complete,False,bbox_inertia,open_mesh,
8e531698474c72b7231f116d2ab062b6d4eb680d,chandelier,complete,False,weld_or_static,open_mesh,
8e5629324a727721c5f3d874ef8a05047092ef06,wall art,complete,False,weld_or_static,open_mesh,
8e611b08a3668b99472a1bfd2413b3dcf0dca8e7,toaster,complete,False,bbox_inertia,open_mesh,
8e646eb3771e8ac5c30d41f802e87069df3bb505,water scooter,complete,False,bbox_inertia,open_mesh|degenerate_faces,
8e74580748306fe474b7582243c094b886ad9ea8,chair,complete,False,bbox_inertia,open_mesh,
8e792021f82f67d9662c15328a28063d06dc3623,cabinet,complete,False,bbox_inertia,open_mesh,
8e800737f35b9af45ec9f3d8eb215ce7f7969e80,plush toy,complete,False,bbox_inertia,open_mesh,
8e8089c948738f725830da4294a3c8a1ca40ab4b,watering can,complete,False,bbox_inertia,open_mesh,
8e8ee0dd9685dbe4ca546f8ed3f4a2219fd8dfd2,printer,complete,False,bbox_inertia,open_mesh,
8e8f64aba99752d5f817d7878141c1cb5e03f041,chair,complete,False,bbox_inertia,open_mesh,
8e8fe6014f634b38f80c6bdc63becba90c76635c,paper organizer,complete,False,bbox_inertia,open_mesh,
8e92add4e92d62f3ba081781873b0b3fb3de021d,floor lamp,complete,False,bbox_inertia,open_mesh,
8e95dd6c18e858ae96747ba6a907bb80fc39f765,table lamp,complete,False,bbox_inertia,open_mesh,
8ea0ad87616678def96223618c3236bafb903389,wall sign,complete,False,bbox_inertia,open_mesh,
8ea1b6b2e278493d262074ecfed9c8588079ddb1,swing chair,complete,False,bbox_inertia,open_mesh,
8ea608f69fb0b19fce262296de88fa932eba9cf5,table,complete,False,bbox_inertia,open_mesh,
8ea9880f252c1294b33f3685c7dc784b30b57033,window curtain,complete,False,weld_or_static,open_mesh|invalid_volume|center_of_mass_out_of_bounds|inertia_not_positive_definite,
8ead2614ed88bb808e684234eec0f9120f41c089,chest of drawers,complete,False,bbox_inertia,open_mesh,
8eaec2fbedf0db5f291e5df1be33068fb932f6dd,swivel chair,complete,False,bbox_inertia,open_mesh,
8eb4855fb62b8bb0a91b8189786c795945925808,wall art,complete,False,weld_or_static,open_mesh,
8ebd1dbf3470d9dff250184873e2e54b5f35bd2c,cabinet,complete,False,bbox_inertia,open_mesh,
8ec05f1901e4bcc813a16185fe3b7bd9343d2dc1,table,complete,False,bbox_inertia,open_mesh,
8ecacd660777c8780afad3e1d2244164a9ffc15c,cabinet,complete,False,bbox_inertia,open_mesh,
8ed2b4fe575e0f888a0ebf7676b4a53be492e89a,kitchen cabinet,complete,False,bbox_inertia,open_mesh,
8eebae0e37aec963e3ae2eb3acb99880f4ecf1f9,wall lamp,complete,False,weld_or_static,open_mesh,
8ef198585e210a09ad76c8d8ba1d0b2a9d7cd005,cabinet,complete,False,bbox_inertia,open_mesh,
8ef5facc37a8478ea9999f70fe85e70370ceb0cb,sofa,complete,False,bbox_inertia,open_mesh,
8ef6e7dc033fd6815358b7471b5954da31fdc65e,sofa,complete,False,bbox_inertia,open_mesh,
8f20e048ed6d9a806ecea50c716a4a8847eb302d,nightstand,complete,False,bbox_inertia,open_mesh,
8f252d23fb93153387dce603f08db5aeda3768b3,"candle.n.01,candlestick",complete,False,bbox_inertia,open_mesh,
8f283ccafa339aeb40685056f8308f913c43fc8d,throw pillow,complete,False,bbox_inertia,open_mesh,
8f2898b7a87221b1689078fedc133b3aea95a38c,book,complete,False,bbox_inertia,open_mesh,
8f2c3dd9164ab0380cf772dc954776ee67c4c3d2,floor lamp,complete,False,bbox_inertia,open_mesh|center_of_mass_out_of_bounds|inertia_not_positive_definite|degenerate_faces,
8f2ec764854efb2f7ee55108ef7407491d9606f8,wall art,complete,False,weld_or_static,open_mesh,
8f2f96781868db5dedb1fcd54d035823318275cc,swivel chair,complete,False,bbox_inertia,open_mesh|degenerate_faces,
8f39565d1b59c5d7a87c91cfa1e6081703aa8f30,bathtub,complete,False,bbox_inertia,open_mesh,
8f3a6d7c5803dbcfaab0e4acb7c2ae17e49dcffb,buffet,complete,False,bbox_inertia,open_mesh|inertia_not_positive_definite,
8f3f60f198fe6f43a7002a6f079be46c0d640931,bench,complete,False,bbox_inertia,open_mesh,
8f41150a9853c617282da079341cdbb9aa457b50,wall art,complete,False,weld_or_static,open_mesh,
8f476ba6eedd10ee2dd754ad9a32f4664499716b,wall art,complete,False,weld_or_static,open_mesh,
8f5198f1847bed28274f00169388bb28bf1ee433,toaster,complete,False,bbox_inertia,open_mesh,
8f5f8e9cd41ace1dfa1071429ed9600a36662fa1,ottoman,complete,False,bbox_inertia,open_mesh,
8f6c86259a312fc38d66ad1fa0f9da08832444ef,rug,complete,False,bbox_inertia,open_mesh,
8f750118461b9beaa001055b5957ff6bf476d54c,chandelier,complete,False,weld_or_static,open_mesh,
8f75a5a5837733b9a5beebf031f4cdc13a240782,chest of drawers,complete,False,bbox_inertia,open_mesh,
8f7b2cf82b0ea1dbeaae7dadbec5dfe688fb4d5b,table,complete,False,bbox_inertia,open_mesh,
8f8f39f1d8eff3bdc862b32ba4f9ea9683baf311,bar stool,complete,False,bbox_inertia,open_mesh|center_of_mass_out_of_bounds|inertia_not_positive_definite|degenerate_faces,
8f9440cad20bac4f3a17cef6a3b34879c75c26d5,flower in vase,complete,False,bbox_inertia,open_mesh|center_of_mass_out_of_bounds|inertia_not_positive_definite,
8fa8b26d36a0065d9436ed28a58fa4942c81c1a5,pendant lamp,complete,False,weld_or_static,open_mesh,
8faf6b42f5f61b5ca26154b9caf053969502ec17,vase,complete,False,bbox_inertia,open_mesh,
8fba7557cf88cc31a6b44a28459b874dc494fe55,throw pillow,complete,False,bbox_inertia,open_mesh,
8fbf3308a956bcaf0e8a195d39d534838ca6fd11,pendant lamp,complete,False,weld_or_static,open_mesh,
8fc2a740b6a86a48de587333080e086ce61c8f9f,planter,complete,False,bbox_inertia,open_mesh|invalid_volume|inertia_not_positive_definite,
8fc7ad77c1a82632653a68ff2dcb86537b72c90f,window curtain,complete,False,weld_or_static,open_mesh,
8fe75cde9bd1e5ca60f330164e30d2f4f18fc97b,armchair,complete,False,bbox_inertia,open_mesh,
8fe7ae275ff333a58467a2ef22aaa0034f38cc5e,wall art,complete,False,weld_or_static,open_mesh,
8ff062207aeb5ad419680dc234de171c46fb1b8e,wall art,complete,False,weld_or_static,open_mesh,
8ff1977bc0c68f2b436c7938494e65f8b427b5ed,gift box,complete,False,bbox_inertia,open_mesh,
8ff4739998890dbecd91b577c6de4fa639d73171,chaise longue,complete,False,bbox_inertia,open_mesh,
8ff9eb946e7c85ede0985cd237571dfd10a3f788,wall art,complete,False,weld_or_static,open_mesh,
8ffc1468a4c10a3badb8b36062d58f5553c02d21,vase,complete,False,bbox_inertia,open_mesh,
9014bad63afdf027b0fd358bdf2ab6178c0a9f8b,throw pillow,complete,False,bbox_inertia,open_mesh,
9015745ebfb906fafe1afb086bd059a94cb7fd34,rug,complete,False,bbox_inertia,open_mesh,
901e11bf21998a7e7f6fb53b111960ed87cee3f2,desk,complete,False,bbox_inertia,open_mesh,
902c39dcbd7bf935224f50acc4b8e2f38ae6ddb0,wall art,complete,False,weld_or_static,open_mesh,
9033b3472cffe9a8f72ae05f695d54173c8b02b4,wall art,complete,False,weld_or_static,open_mesh,
903b88d52706eb30a6a3eb1273e3fd077e3abc86,shoe,complete,False,bbox_inertia,open_mesh,
903c47ff263e0802e0c380e47f26348d192c665c,throw pillow,complete,False,bbox_inertia,open_mesh,
90490b30a3bd57a95fd8b8ea46f3a88e7be4d624,throw pillow,complete,False,bbox_inertia,open_mesh,
905a132ed17ea71e9b3fec58d426590e2ff851fb,coffee table,complete,False,bbox_inertia,open_mesh,
9060fa31725f1a51b4b7714a8c9578860d9e1d7d,throw pillow,complete,False,bbox_inertia,open_mesh,
90703c2fcd04fd85a9bbcf916cf8949716df35c5,picture frame,complete,False,weld_or_static,open_mesh,
907396ecbf690ddb58c065191b124a1890b731d9,seat cushion,complete,False,bbox_inertia,open_mesh,
9074d79340ff79a56ec2e1cdcc3aec203ace5e87,cruet,complete,False,bbox_inertia,open_mesh,
9075601c959cd86f76e5fcc27516fd45a727a57a,ashcan,complete,False,bbox_inertia,open_mesh,
907e3c949de93eef3c772b2178ba364b6549f013,wall art,complete,False,weld_or_static,open_mesh,
908fe1b1b343b929d90740eff4369a505d06b72e,pendant lamp,complete,False,weld_or_static,open_mesh,
90985e208bb85b15efb2bbab8a171e283cf95e39,throw pillow,complete,False,bbox_inertia,open_mesh,
909bc98ed54a5e24fe5e60c73580424f660faa05,wall art,complete,False,weld_or_static,open_mesh,
90a02b042575c099b81e4f0372a893f78031e355,throw pillow,complete,False,bbox_inertia,open_mesh,
90ac99fc0e69075e1bab451400fe65288904f97f,lantern,complete,False,bbox_inertia,open_mesh,
90b0edd458dba867c8048273d2ae3348b1303ac2,wall mirror,complete,False,weld_or_static,open_mesh,
90bb99385fc88484cb62280e60b6ac330d801f62,nightstand,complete,False,bbox_inertia,open_mesh,
90bc63fa89c2db5fbaafad4dcc1614e801fcc4b6,kitchen cabinet,complete,False,bbox_inertia,open_mesh,
90c107849e7f5f4ff5af16a19af5cf781f069e3a,vase,complete,False,bbox_inertia,open_mesh,
90cc68efe43711ff25d327c05c5d2abfaa3c9def,stool,complete,False,bbox_inertia,open_mesh,
90d44ca3776cd145d8d3b464a5697816cf37a137,table,complete,False,bbox_inertia,open_mesh,
90d52340f8ff587224ebf21e60345ea69be72bf3,espresso maker,complete,False,bbox_inertia,open_mesh,
90db902c647ca7376bff6b853d7e5d45337eac21,coffee table,complete,False,bbox_inertia,open_mesh,
90df5aa0839eec708038d380c816126fa0073180,ceiling lamp,complete,False,weld_or_static,open_mesh,
90eb1251bd42a5978ab12c7cffd686048aa4f394,table lamp,complete,False,bbox_inertia,open_mesh,
90f97a90b423c0fc10a8446cef49cf5fa1e1d4f4,wall decor,complete,False,weld_or_static,open_mesh,
90fb388959832dd71fdcad95215f28b077fe4a3d,kitchen cabinet,complete,False,bbox_inertia,open_mesh,
90fb5508ae70a0a4525e80c382ec79637a02494a,bathtub,complete,False,bbox_inertia,open_mesh,
90fba4ca44d021ce01dca965471972c77d58e52f,wall art,complete,False,weld_or_static,open_mesh,
9108c4dc1b6df8d8e92ad046ebdeca26d9faac0a,wall art,complete,False,weld_or_static,open_mesh,
910e6c3558380ddcf15758a06a7b5b21da9d8310,jar,complete,False,bbox_inertia,open_mesh,
912037e0b7a5d5a8d895cb22d8f15347eb1c699b,"candlestick.n.01,candle",complete,False,bbox_inertia,open_mesh,
91238b52cec5f006f7dd6a0c7ae462ec065b93a6,potted plant,complete,False,bbox_inertia,open_mesh|invalid_volume|center_of_mass_out_of_bounds,
912447108f21083d877aab6653742fceccc6ce7d,washer,complete,False,bbox_inertia,open_mesh,
9127e0f95c95802be0e0ca3f15e733331ddb39ca,wall clock,complete,False,weld_or_static,open_mesh,
91295afb8547ff1e36430144e78f212e308c4085,footstool,complete,False,bbox_inertia,open_mesh,
912a6053b976943ea273aa6a38fcbde860604456,bicycle rack,complete,False,bbox_inertia,open_mesh|center_of_mass_out_of_bounds|inertia_not_positive_definite,
91320c80e8a70318c10fb7333c50a299407591f2,chair,complete,False,bbox_inertia,open_mesh,
91346b12e40a10b8585f52af7c5e157147a354cb,armchair,complete,False,bbox_inertia,open_mesh,
9136365f52477150321d3cad6ea6a58cc68aa0dc,wall lamp,complete,False,weld_or_static,open_mesh,
9136a47d954c458ddaaf524fe00d921e4f544be1,mobile,complete,False,bbox_inertia,open_mesh,
913ac0149280daa29b0a4fa73a4def8280f4578e,ceiling lamp,complete,False,weld_or_static,open_mesh,
913da0c02b383101f2ee385f7c7f59cc5093ba31,net,complete,False,bbox_inertia,open_mesh,
914a08282b8f53b88fd09b97bf300f4882aee13e,ashcan,complete,False,bbox_inertia,open_mesh,
914d14d01cad2300facaf386852f55261976dd75,wall art,complete,False,weld_or_static,open_mesh,
9150be2ad622edb189333575dd7ecf229f28c490,vase,complete,False,bbox_inertia,open_mesh,
9168da05731273619f39ff845e930fc3d7a83635,coffee table,complete,False,bbox_inertia,open_mesh,
917402c0f2b14bf4fb2e2f3db5faf395ce3bc8d1,refrigerator,complete,False,bbox_inertia,open_mesh,
91762e71879d66596716bfa58beca60624e95773,dining table,complete,False,bbox_inertia,open_mesh,
917651b88d2d95bdb9d186328a36a94b1a1f3222,notebook,complete,False,bbox_inertia,open_mesh,
917b764eeecca7c6224ed9dc3cf5ed13034b42f7,end table,complete,False,bbox_inertia,open_mesh,
917eb4faafe8d1c12b815376f9742eefbe5b8f75,armoire,complete,False,bbox_inertia,open_mesh,
91823e0e885c9696b29a6092bec9f972cc6410e9,rocking chair,complete,False,bbox_inertia,open_mesh,
91835876589333dd5c4fd6b83cbfac255d3922b9,wall art,complete,False,weld_or_static,open_mesh,
9184b61f915b5f985b67251ebbf0a155e87bd48c,sink cabinet,complete,False,bbox_inertia,open_mesh,
91933e7299ab7b02ee58295f5195bb6ea6b3b46e,end table,complete,False,bbox_inertia,open_mesh,
9195c52970c032c7fe5536c0348260cb2ae2fb56,cabinet,complete,False,bbox_inertia,open_mesh,
9197228d46e07207619b73715357a5c0675103d9,armchair,complete,False,bbox_inertia,open_mesh,
91984a71a898620ee603f9178932dd2659e2972d,wall mirror,complete,False,weld_or_static,open_mesh,
91999bead15b71802e7a306d174b69a924619756,armchair,complete,False,bbox_inertia,open_mesh,
919db0c26332570f2f98d9252c750ea7388f5e46,table lamp,complete,False,bbox_inertia,open_mesh,
91b7726ce732e831cec23ac51c506fa07bc91d04,throw pillow,complete,False,bbox_inertia,open_mesh,
91c6ebbd0c93f1c84d1afa9a86093258f91198a1,wall art,complete,False,weld_or_static,open_mesh,
91cb2a92d739d4d71c46a12cb744415b90b17047,vase,complete,False,bbox_inertia,open_mesh,
91cc6516c824c4b89831693083b3a94fb57aeaf4,lantern,complete,False,bbox_inertia,open_mesh,
91e2ed8e1f5bdbb58f6ac245c4bed2c0c17c4cb7,floor lamp,complete,False,bbox_inertia,open_mesh,
91f859009c5c9efcdef338612e3de321fca16845,rug,complete,False,bbox_inertia,open_mesh,
91f92fefbe97410eccb515b84c8640ad42d6f2e2,throw,complete,False,bbox_inertia,open_mesh,
92027d990295846bf36ced54ab3fdd9728158874,table lamp,complete,False,bbox_inertia,open_mesh,
920a0a85eb1341c24b47b0a24f94bc6e5daa2385,pendant lamp,complete,False,weld_or_static,open_mesh|center_of_mass_out_of_bounds|inertia_not_positive_definite,
920a88649c59e1e7ee3f6210a7e0907d214f6442,footstool,complete,False,bbox_inertia,open_mesh,
920e3797a52036dd338a603e25d46725ec257956,wall art,complete,False,weld_or_static,open_mesh,
92114ed40c2083341a9687b14a1f147302c4cc22,sculpture,complete,False,bbox_inertia,open_mesh,
9211ca61c3faa233e8ae1257c8edb1a85f26a35a,"letter.n.02,wall decor",complete,False,weld_or_static,open_mesh,
92161d5f84ac50e33bd35612ca59a4a2bef72f52,wall art,complete,False,weld_or_static,open_mesh,
9217adecf2924d759f38708b72d3bc1eb711406b,bathtub,complete,False,bbox_inertia,open_mesh,
921bd83d9f8512671944dc77d933c4bf50177c44,floor lamp,complete,False,bbox_inertia,open_mesh,
92277a413e484a80225352147b3147fed6428b16,chaise longue,complete,False,bbox_inertia,open_mesh,
92290b0f356a3ce3c14b4d4d645c838929454e71,toilet paper holder,complete,False,bbox_inertia,open_mesh,
92346151d18ede8c615e68552121f2b378df59c4,floor lamp,complete,False,bbox_inertia,open_mesh,
924b83062e9b39f8be9f5fc14e887c5c39e21bd8,wall art,complete,False,weld_or_static,open_mesh,
924c97c4257c0bc594577391d0c32aa36adfff2f,potted plant,complete,False,bbox_inertia,open_mesh|center_of_mass_out_of_bounds|inertia_not_positive_definite,
9256ce47ffbb24adee1ce48072c500bda5a15161,wall art,complete,False,weld_or_static,open_mesh,
925bd301c7ce126b52f40ec28f4a199c9ead71f5,wall mirror,complete,False,weld_or_static,open_mesh,
9260cff954cf7a01a0b9b9fdaebe877d9664cafb,ladder bookcase,complete,False,bbox_inertia,open_mesh,
92641f7855afa6e764c2da1475c7ed23781f00b8,sofa,complete,False,bbox_inertia,open_mesh,
9267a60171a5eac802ab37b443aef369fd258c8d,stool,complete,False,bbox_inertia,open_mesh,
92723b19763cea6a231724885e9ce8a6c6be7040,chandelier,complete,False,weld_or_static,open_mesh,
92750cdfd136c4d8df3ce25248407a234b7ac9da,desk,complete,False,bbox_inertia,open_mesh,
9289f39b65ef0acb1f7413ecc73d83a63ac8e974,plant stand,complete,False,bbox_inertia,open_mesh,
928c586669ee2cbaf5498301a5dd202baea259d0,electric frying pan,complete,False,bbox_inertia,open_mesh|center_of_mass_out_of_bounds|inertia_not_positive_definite,
9299cfd1e7aeef0965bf186bc9d48c8d6435f75d,end table,complete,False,bbox_inertia,open_mesh,
929b01c5bca6f8ca73e30da0c30b2930d095dcf6,swivel chair,complete,False,bbox_inertia,open_mesh,
929d9cedf59c08362431e1ce80a363a4eb107e78,wall art,complete,False,weld_or_static,open_mesh,
92a32d02becfd1d5954dffc3c6018e9a8542ff94,armchair,complete,False,bbox_inertia,open_mesh,
92aaa716f4cf4af7b39ed32107b801377ff2d965,bench,complete,False,bbox_inertia,open_mesh,
92b687ab9a6419d2690355f62091f75818f6a3e0,pendant lamp,complete,False,weld_or_static,open_mesh,
92b6e7fee6aad73449e8f6b2b75b2b87e6ffa513,table lamp,complete,False,bbox_inertia,open_mesh,
92d51e5e04296d92b4e4c1284e3fa021de657c48,window curtain,complete,False,weld_or_static,open_mesh|invalid_volume|center_of_mass_out_of_bounds,
92dc5048b31ac0a0d246ecf2f55e6d07fba8b8fa,toilet paper holder,complete,False,bbox_inertia,open_mesh,
92df8390dba1d3f10f598a07a15387d95136cb12,sofa,complete,False,bbox_inertia,open_mesh,
92e4eeee3c491ad681583464546266b4274c6777,storage box,complete,False,bbox_inertia,open_mesh,
92e818d1866db50d30acc6463e5307ff6883186c,bench,complete,False,bbox_inertia,open_mesh,
92f242c2329324655cc23bae53c45b74f104b310,wall art,complete,False,weld_or_static,open_mesh,
930f9f876550120eecd103b2a92e143c49dc2c5b,sofa,complete,False,bbox_inertia,open_mesh,
93107d702eede74e64d4778192f1fce0a8ee2f43,plate,complete,False,bbox_inertia,open_mesh,
93163be08e0b9dcd6b3cf1ca911ab11d14602aaa,swimming pool,complete,False,bbox_inertia,open_mesh,
9316ccc1c31fea6507c2ccabb484bf999c576daa,nightstand,complete,False,bbox_inertia,open_mesh,
931caed624d2d84984f253ad919863099a277334,armchair,complete,False,bbox_inertia,open_mesh,
931d3dce23627f66e6050810cb910e331c2dd02e,bath mat,complete,False,bbox_inertia,open_mesh,
932fb68e3b76fe8e1f1b501f0aa22e1b3df92741,chair,complete,False,bbox_inertia,open_mesh,
9337b4a78dbaaecc4fb24c020d43749bbf1a710b,pendant lamp,complete,False,weld_or_static,open_mesh,
934614e3babfad4f06c72c363135efbde22f9a5c,radiator,complete,False,bbox_inertia,open_mesh,
93468f8bc4db22f93333a8e8977797273e7fc832,"towel rack.n.01,radiator",complete,False,bbox_inertia,open_mesh,
935742ca205b66319ab0dd394517ecd10c28b3a1,table lamp,complete,False,bbox_inertia,open_mesh,
936087761b2c6a24ac53590faf77e731eac56285,wall art,complete,False,weld_or_static,open_mesh,
9360a750734fa4597cd593f3309ccc261aafc929,buffet,complete,False,bbox_inertia,open_mesh,
936d4505073b63882579cd153489fe9cf5ffe57b,chair,complete,False,bbox_inertia,open_mesh|center_of_mass_out_of_bounds|inertia_not_positive_definite,
93767fc355a1afbfff79d54a25204069e0543d2b,chest of drawers,complete,False,bbox_inertia,open_mesh,
93845075e1c4e220eea68160d6028072985ccce8,chest of drawers,complete,False,bbox_inertia,open_mesh,
9384cf4170fc9d251d191e5caaa514da89c38772,desk,complete,False,bbox_inertia,open_mesh,
938cdcfc33168cd3ebafc93057f329a0f55bc1f3,table lamp,complete,False,bbox_inertia,open_mesh,
93951e48e6f29a5592dd6e8e2c426427707d6496,microwave,complete,False,bbox_inertia,open_mesh,
9395d2c4688f795c91c7c1554e1e72020b2d8191,window curtain,complete,False,weld_or_static,open_mesh|invalid_volume|center_of_mass_out_of_bounds|inertia_not_positive_definite,
9399f6a31195d4f0eb112ca2fb696cb4375861b0,armchair,complete,False,bbox_inertia,open_mesh,
939f79476cf9939e376a648c4796bcb9d79a22a4,bowl,complete,False,bbox_inertia,open_mesh,
93a0ac4d25ba43e97e422cbdac722c12c5140f93,table lamp,complete,False,bbox_inertia,open_mesh,
93ac5cd93ed2f688a70789d456e10a57372bdd4c,wall art,complete,False,weld_or_static,open_mesh,
93c10ba373ff210aeba00354658252bf8cd53983,swivel chair,complete,False,bbox_inertia,open_mesh,
93c69372708aca0d01ac13f43b030f9cb85e42c7,smoke detector,complete,False,bbox_inertia,open_mesh,
93c8237df7452468c91f85e1caf3334fb9a739d2,window blind,complete,False,weld_or_static,open_mesh,
93c9fbe7c9aba71343022e816dc5cfe1ce9edf7d,flower in vase,complete,False,bbox_inertia,open_mesh|invalid_volume|center_of_mass_out_of_bounds,
93ca3ca5a4d3284bb1e870b571e7ff3b6358232d,bookcase,complete,False,bbox_inertia,open_mesh,
93cd9c7be7c1d605b437fc532b52fc7d6843be35,basket,complete,False,bbox_inertia,open_mesh,
93d0b8c6013eb3c3bc342556bfd721d4111f3fbe,pendant lamp,complete,False,weld_or_static,open_mesh|inertia_not_positive_definite,
93d275dc13cbd29a8f7a9b4d8089e512edb2f45b,floor lamp,complete,False,bbox_inertia,open_mesh,
93d32bc381b9439e342494d9f33b6059e6757c8e,wall mirror,complete,False,weld_or_static,open_mesh,
93d9ec667b0cc2476b3e21c1da6c9a618bd00d33,seat cushion,complete,False,bbox_inertia,open_mesh,
93e258bf137542e809e461c612dc358bcfc7df76,nightstand,complete,False,bbox_inertia,open_mesh,
93ecb08a04a5bfd07faf30edf670664a00b55be2,cabinet,complete,False,bbox_inertia,open_mesh,
93ed3f069296f4e518625f001dbcc4e451674ba7,chest of drawers,complete,False,bbox_inertia,open_mesh,
93eed6b507b49957a13f02fbd57338bc7c281422,chandelier,complete,False,weld_or_static,open_mesh,
93f75b708ee955f966c9494a82cab08592246f67,"toiletry.n.01,perfume.n.02,bottle",complete,False,bbox_inertia,open_mesh,
93f8f546ac172ebba92d25b28c863fde9c474033,console table,complete,False,bbox_inertia,open_mesh,
93fba93a976baad0d55a020178c2284fa8378696,bench,complete,False,bbox_inertia,open_mesh,
94037135727a19e496e29bccc0e971a105b87ed3,beanbag chair,complete,False,bbox_inertia,open_mesh,
940566b7ca5ae78af383d69f0962780bae37609f,wall art,complete,False,weld_or_static,open_mesh,
9406d991d4c026e8ca08e5583634bed76b4cd9f0,room divider,complete,False,bbox_inertia,open_mesh,
940d228dddb059ea9fd551bfc7d8ca67e02f20a3,kitchen cabinet,complete,False,bbox_inertia,open_mesh,
940fa67db970db98fa7eaf36766cff66e69e2f47,table lamp,complete,False,bbox_inertia,open_mesh,
9418cb5d4e1b7ff0ebd469e28dfdbaa99bc61f4d,bookcase,complete,False,bbox_inertia,open_mesh,
9434ebf4ba8489f4ba751d2b67688d120f822d0c,book,complete,False,bbox_inertia,open_mesh,
94418cde965ee9471b3e3f415e07ed74e04fd0fd,armchair,complete,False,bbox_inertia,open_mesh,
9444fd4deeb56fac5538938168e6171d034e0ede,kitchen cabinet,complete,False,bbox_inertia,open_mesh,
94484eab6ac4350a3d4e3a782ff7246bed3e7d93,shopping bag,complete,False,bbox_inertia,open_mesh,
9449ef7831c43bc0db23aac79ea442aa71d0db11,refrigerator,complete,False,bbox_inertia,open_mesh,
944c5be068b0c409cb9d95ab77c580b265024d54,cake stand,complete,False,bbox_inertia,open_mesh,
94551b307867c4780e5f811f82a9bd3b708767b0,chest of drawers,complete,False,bbox_inertia,open_mesh,
94551bfba51ec9012ba276d4cea9a117f24796da,pendant lamp,complete,False,weld_or_static,open_mesh|degenerate_faces,
945613b10884a19f97ed28a565055f1fce21da1e,potted plant,complete,False,bbox_inertia,open_mesh|center_of_mass_out_of_bounds|inertia_not_positive_definite|degenerate_faces,
94569c1d1577562e4d75dc325925e7f2f51484f1,storage box,complete,False,bbox_inertia,open_mesh,
945e94bc3e7d1261d98d0ca0c172a9aa25f3179e,footstool,complete,False,bbox_inertia,open_mesh,
9462891a19028a5009ef85647251300c58d8d312,rug,complete,False,bbox_inertia,open_mesh,
94650dc831988688ef0c5cdd67c0cd734e831f56,bridge,complete,False,bbox_inertia,open_mesh,
9467d14752048597c85b56027d7714ec9808e3b3,ashcan,complete,False,bbox_inertia,open_mesh|invalid_volume|inertia_not_positive_definite,
9468fd5397281258bd0f87c9a646f74181b96131,buffet,complete,False,bbox_inertia,open_mesh,
946913c8a3a1656edbd532cbd5c90015c41f8c3d,bookcase,complete,False,bbox_inertia,open_mesh,
946f3abd0ece9f9664534a7fe0f7a80726b9bc49,hammock,complete,False,bbox_inertia,open_mesh,
94717f0a8507b5cbd74a55be5db42f5235601ed9,pendant lamp,complete,False,weld_or_static,open_mesh,
9475586d9db640875150dc2a3beb7e0234d815d4,cup,complete,False,bbox_inertia,open_mesh,
9485aa33c40a6000111a0cef7f2903539ae989f0,wall mirror,complete,False,weld_or_static,open_mesh,
948721064fa7d3c6f939386c806229e2109e6ea3,bench,complete,False,bbox_inertia,open_mesh,
948d2d0ada8b9333b158630219723c623aceca29,ashcan,complete,False,bbox_inertia,open_mesh,
948e5085232e643a2d1db6e242e33cb504939353,wall art,complete,False,weld_or_static,open_mesh,
948eae8060fbc344f932fc92668629d5298eb12b,picture frame,complete,False,weld_or_static,open_mesh,
949163af00d4cfe9f1dda1ed7ecb1125cc802348,sofa,complete,False,bbox_inertia,open_mesh,
94927768e27e3edbde222e2fd59f2664ffcfa866,armchair,complete,False,bbox_inertia,open_mesh,
949851e617feda8ab8270e6bb748fdbae4f79ac0,hamper,complete,False,bbox_inertia,open_mesh,
94a5de038faeea77c286fbe0af7469d2a2f7792b,carafe,complete,False,bbox_inertia,open_mesh,
94b5907c972413405cad95cdce15fa6502e56e29,bench,complete,False,bbox_inertia,open_mesh,
94b884c1f9e01a971c45d12c1bc1d74014e4f811,wall mirror,complete,False,weld_or_static,open_mesh,
94bcdbab5bdbd66a83152fb67b620ebbca789fc7,chest of drawers,complete,False,bbox_inertia,open_mesh,
94c6851aa1e47a9c4775c11ca04dac8b8741d6c1,folding chair,complete,False,bbox_inertia,open_mesh,
94caa134a7e999d3a8df744064177f2350593df1,throw pillow,complete,False,bbox_inertia,open_mesh,
94cd283fd6984240af55f387837410eaa91d87ec,wall art,complete,False,weld_or_static,open_mesh,
94d7b58d9311cfb9bd38ee55a22905382f580f12,wall art,complete,False,weld_or_static,open_mesh,
94d86c2ff8f8a55e9b2cd3b39b5aadca7816fd49,shelving,complete,False,bbox_inertia,open_mesh,
94d8ae0dda48f9ae33262ee0cc39c3c60c70f217,wall mirror,complete,False,weld_or_static,open_mesh,
94dd3ff30f220474f37c0f22589347cd5e4bc693,throw pillow,complete,False,bbox_inertia,open_mesh,
94e9452eacebd36e606d120b8358e1faf987f8d8,armchair,complete,False,bbox_inertia,open_mesh,
94ef696e652dcb61e81d20447784246aa7ef74b3,console table,complete,False,bbox_inertia,open_mesh,
94f6526468adbb3b59c2c7435dbd73195a215328,espresso maker,complete,False,bbox_inertia,open_mesh,
94f82d1154b9db0d56038b183832b0dfceff8819,bathtub,complete,False,bbox_inertia,open_mesh,
94f8cc0fc0894bf830f343f98419e5fa2b6fc25d,storage bench,complete,False,bbox_inertia,open_mesh,
95018213f74395cc11e155577e94a32755eb1302,table lamp,complete,False,bbox_inertia,open_mesh,
950c82d2ac17a015cc5e063b664f78c965247743,wall art,complete,False,weld_or_static,open_mesh,
950e64b1bffeaedccca676f61957aff3e83ebb9c,wall art,complete,False,weld_or_static,open_mesh,
951066357cfa1737d330d826c616e17dc98c668a,wall mirror,complete,False,weld_or_static,open_mesh,
9511c8f5a4a1972fc7d691f6d7a42c87b56a41c5,china cabinet,complete,False,bbox_inertia,open_mesh,
9512738c384a61d36c30e53cfafc54372fbbc270,shower stall,complete,False,bbox_inertia,open_mesh|degenerate_faces,
95140f6b87f888957493821a188f6b1469756f00,sink,complete,False,bbox_inertia,open_mesh,
951c5c4e24a0ffb145a3d99e45792648e1ce589a,sink stand,complete,False,bbox_inertia,open_mesh|center_of_mass_out_of_bounds|inertia_not_positive_definite,
95216827569a8530f751258c52efe5599a70fa71,wall decor,complete,False,weld_or_static,open_mesh,
952241a7698b5a772d32e8a6a65b742f1d0499f1,armchair,complete,False,bbox_inertia,open_mesh,
9523913c4c8438a9c184e378e101a8ac7ff067fe,ashcan,complete,False,bbox_inertia,open_mesh,
952c411334e4431ed23f69873605b702dc6b1c62,easy chair,complete,False,bbox_inertia,open_mesh|center_of_mass_out_of_bounds|inertia_not_positive_definite,
952ee2c654a116614574c4407d8182a3d2af656a,tumbler,complete,False,bbox_inertia,open_mesh,
953e934baed9dd759e1624584a12365581cd6812,curtain,complete,False,weld_or_static,open_mesh,
95543bd03e2b8191f78edffcba8e372d02d0d10c,place mat,complete,False,bbox_inertia,open_mesh,
955a8985ac24815296052263395940eeb9fb6081,wall lamp,complete,False,weld_or_static,open_mesh,
955f02d84252b62dbdccdc1102aa83d8c666444d,wall shelf,complete,False,weld_or_static,open_mesh,
95603e700e54fdebbae7c3228ecd0f9a849424d3,potted plant,complete,False,bbox_inertia,open_mesh,
956838c23fc7f521eefe09235d59b9fbbec7c0b1,wok,complete,False,bbox_inertia,open_mesh,
956d2f2dca8dff1c11d0819016b49769d2bbbcc7,camera,complete,False,bbox_inertia,open_mesh,
9579bcb2634795d7cd256d9c9a7819513f7727e6,console table,complete,False,bbox_inertia,open_mesh,
9580b18977c3e32906b6802b9b267ec297e8d0fb,window blind,complete,False,weld_or_static,open_mesh,
958447c95af387c6ba73d0b8e30d315d0f4169ff,surfboard,complete,False,bbox_inertia,open_mesh,
9584d78d0ec11971a16ecf651abc60a537d456e5,basket,complete,False,bbox_inertia,open_mesh,
958945057f1e5b7012b81538348695ac7cc03172,fireplace,complete,False,bbox_inertia,open_mesh,
95a115ea85acde3b558b0fa25bfd5965dec18280,hall tree,complete,False,bbox_inertia,open_mesh,
95a48bf28948f4bb669c5858fbdd4fded8da2315,barbecue,complete,False,bbox_inertia,open_mesh,
95a5411ce571edd1c6551b5f5bf0496f967b8668,console table,complete,False,bbox_inertia,open_mesh,
95a92e219abfc712bd565657b59d595a2012f5ee,window shade,complete,False,bbox_inertia,open_mesh,
95ad29cccf624874e83a01342483e0198569c20e,picture frame,complete,False,weld_or_static,open_mesh,
95b16ed9f169c4ae4f5ccbd53b4bd0161a5cc648,picture frame,complete,False,weld_or_static,open_mesh,
95b219c15459210b521302a909ba7f1a46a70caa,table lamp,complete,False,bbox_inertia,open_mesh,
95b2d19f6905ef77770360ea05c5cebe646c68fe,toilet,complete,False,bbox_inertia,open_mesh,
95b46c0eefaf6adb2272ca0f6e93dd63de1f0d72,lantern,complete,False,bbox_inertia,open_mesh,
95b8150d24f5b594a700fa80fa7ced0c21dadc51,floor mirror,complete,False,bbox_inertia,open_mesh,
95c48a9ba1e1531fe26ca7068d11f3e3ebdf178c,armoire,complete,False,bbox_inertia,open_mesh,
95c60720df5c0b8d3b59de6ac852f4d1b2d06a3f,desk,complete,False,bbox_inertia,open_mesh,
95c68d8838c86a3f597fac1a72dcad7951f044fe,candle,complete,False,bbox_inertia,open_mesh,
95d1e189e93694bb8eee73a64b0d84a8be5a5057,potted plant,complete,False,bbox_inertia,open_mesh|center_of_mass_out_of_bounds|inertia_not_positive_definite,
95d1ff40679d32465cce3c1c1bb2ac92d2b9d987,toaster,complete,False,bbox_inertia,open_mesh,
95dc4f94470d5dcc72487c6a934649b120c84ed3,table lamp,complete,False,bbox_inertia,open_mesh,
95e25885545856fcd5dad5989967f44186d74df8,throw pillow,complete,False,bbox_inertia,open_mesh,
95e382d31b12e57aab88caeff004bf8a003baee8,wall mirror,complete,False,weld_or_static,open_mesh,
95ec520a184d4ce5396b1d1c0bb64a4f92446cd1,pendant lamp,complete,False,weld_or_static,open_mesh,
95ecb8436c547896a7d222d29d2a354c03837950,desk,complete,False,bbox_inertia,open_mesh,
95eebb59a0118bc955310006181781b67de0303b,chest of drawers,complete,False,bbox_inertia,open_mesh,
95f32e237a0cef4dfc3eae6d00a587504f9fa2ca,dining table,complete,False,bbox_inertia,open_mesh,
95f6846bf5633c78444d43164a805eee15de3fee,dish rack,complete,False,bbox_inertia,open_mesh,
95fc2bf689e51391f895096142410bf76c7cd430,hamper,complete,False,bbox_inertia,open_mesh,
960b4f4d8511ffd0daba1219c9f4af1a04cfb950,cabinet,complete,False,bbox_inertia,open_mesh,
960f17cd785bff68da23adbb59d11e4fc221674e,shoe rack,complete,False,bbox_inertia,open_mesh,
960ffff978a6c096d2cb191770eca2c8f8597cfb,soap dispenser,complete,False,bbox_inertia,open_mesh,
96160d32939e3ef146bb30d72d232fc6ac0d1493,kitchen cabinet,complete,False,bbox_inertia,open_mesh,
9618c00ef1c715361c0477e0b2c0a2f03b33eb5e,wall art,complete,False,weld_or_static,open_mesh,
961e06e30cc024d53d442d4d1a9818eb36abbd46,window shade,complete,False,bbox_inertia,open_mesh,
96235a628c875afb8ec67de2c462a4c2b451723c,throw pillow,complete,False,bbox_inertia,open_mesh,
9627223e88719a72addefff06a2851e2486a8f68,storage box,complete,False,bbox_inertia,open_mesh|degenerate_faces,
962c8e355adf204032a9c724483ee0a2d388dbf5,bench,complete,False,bbox_inertia,open_mesh,
962e4fab646d4be6b68c1df9094a74911cb290d3,armchair,complete,False,bbox_inertia,open_mesh,
9632613e4d36e2ff4f077317f732bdf0fd0ce876,armoire,complete,False,bbox_inertia,open_mesh,
963622558db560a1f236b9ee2927d003c3024d17,wall mirror,complete,False,weld_or_static,open_mesh,
96375f1df64b0be85a8fd289963c5c6309b9cab7,sofa,complete,False,bbox_inertia,open_mesh,
963d58e321de1039c6404fd25b9fe470b7217979,plush toy,complete,False,bbox_inertia,open_mesh,
964474dac59d3aad438fdebb1caf99d26d66aab3,hook,complete,False,bbox_inertia,open_mesh,
9646b894f20ea930bdeb9f2fc7d721ce68a74fb9,wall art,complete,False,weld_or_static,open_mesh,
96514432f6535ef1c09a66d0c1773ab0bc386f98,wall art,complete,False,weld_or_static,open_mesh,
9651794a7c9b88f4b40e2a29f966e77a2f5bdd33,footstool,complete,False,bbox_inertia,open_mesh,
965366f3b0f54c504b434fa829ceaec397a6f553,nightstand,complete,False,bbox_inertia,open_mesh,
96596a76b9e57e70cea59d44a816cf75369f0dec,wall art,complete,False,weld_or_static,open_mesh,
96599a8adea6b10fc9f075fc582e0cdda73a5a90,wall art,complete,False,weld_or_static,open_mesh,
965a839eb784130f7f7a5b811ed10300c86c4a4f,ceiling lamp,complete,False,weld_or_static,open_mesh|center_of_mass_out_of_bounds|inertia_not_positive_definite,
965c3f732d32a074c7f21614ca9c425cd2f02fc5,rocking chair,complete,False,bbox_inertia,open_mesh,
965de8645e9c6c650942fccc7e2d04cf86e61a7a,wall art,complete,False,weld_or_static,open_mesh,
965e9ac9fb8c99b1bc86ded43de902f856a3cd7c,easy chair,complete,False,bbox_inertia,open_mesh,
9660650ff625837bd38b203699a0189296ad6b32,wall lamp,complete,False,weld_or_static,open_mesh,
9660ea4405f304d30c4610f676185305d0e03c8b,refrigerator,complete,False,bbox_inertia,open_mesh,
9668a59d28c02a6787beeefb7770f0414a1a83de,footstool,complete,False,bbox_inertia,open_mesh,
967ad12ca41b821caa61cabebe7606dfb993f774,bathrobe,complete,False,bbox_inertia,open_mesh,
968030c5b01ba94e22c1050318891e86db7446e2,basket,complete,False,bbox_inertia,open_mesh,
9693ffb819d1315a7cd10e38c0a1e5a2a4b7716c,wall art,complete,False,weld_or_static,open_mesh,
96a128b250de4be8a907b602ab2ac6a635fd0797,wall lamp,complete,False,weld_or_static,open_mesh,
96a324899117e87637271e74d9bb8d4870380333,wall art,complete,False,weld_or_static,open_mesh,
96aa481c97443d17b9946bc68e188bfd877c2ebf,bar,complete,False,bbox_inertia,open_mesh,
96b0f0d268674e5adf81f972badf9e15e539726e,table,complete,False,bbox_inertia,open_mesh,
96b5a511bc2e698b3a598afa83b756897af1bd05,plant,complete,False,bbox_inertia,open_mesh|center_of_mass_out_of_bounds|inertia_not_positive_definite,
96ba916d576ea72cad9f317a3013d4bea661e74d,chest of drawers,complete,False,bbox_inertia,open_mesh,
96c173202f74fb1ca1f9c1983abcbd2b25e39e7e,wall lamp,complete,False,weld_or_static,open_mesh,
96d346744cb7732374850a0feded94e944d0dc9f,wall art,complete,False,weld_or_static,open_mesh,
96db5eb0e7224668340616b68979e577dc819954,rug,complete,False,bbox_inertia,open_mesh,
96dec181c78bf169dbe3bb8c0215c383ce30bd3e,vase,complete,False,bbox_inertia,open_mesh,
96e10274b2d1c6c76568386a781b1d74a226856a,chest of drawers,complete,False,bbox_inertia,open_mesh,
96e63528ffbf1377490a5c3d016e65320a287808,"candle.n.01,candlestick",complete,False,bbox_inertia,open_mesh,
96ec6a8e24cb51c624a414039dec6fabc8bab35c,chair,complete,False,bbox_inertia,open_mesh,
96f3fc98a639e75896182ac92a87a6594edd3d09,table lamp,complete,False,bbox_inertia,open_mesh,
96f84bdd96caa3cb6dcc17cc384aa2b1e64b3a85,nightstand,complete,False,bbox_inertia,open_mesh,
96fa554a977e5792df52f65f91c39d6b58963688,cabinet,complete,False,bbox_inertia,open_mesh,
9705ae5590c7fe837ff93a0115aab908c33b56ef,wall art,complete,False,weld_or_static,open_mesh,
97063fdc0df9cb9ac72bcb4f42e4866afb626d44,wall art,complete,False,weld_or_static,open_mesh,
97084f49c2d3c95c2beae295e3cfeb6913512d3d,coffee table,complete,False,bbox_inertia,open_mesh,
970959aaf829480f960e79ec9c5fbeab32a5ac05,sink,complete,False,bbox_inertia,open_mesh|invalid_volume|center_of_mass_out_of_bounds|inertia_not_positive_definite,
970a374f67fe1f4fd0c3a3eceaa8bfdd08a4b118,table lamp,complete,False,bbox_inertia,open_mesh,
9712705f3d7a4517a03891a212de1a74ef0c2b65,wall mirror,complete,False,weld_or_static,open_mesh,
97162e912362bae3a0ca0d385f9dab8e43360108,cabinet,complete,False,bbox_inertia,open_mesh,
9719e519854cc32c984ea337ecfc88e2dfd5a7a6,headboard,complete,False,bbox_inertia,open_mesh,
971bbfb3d7669679af893639f97ff157e0b343c0,table lamp,complete,False,bbox_inertia,open_mesh,
9722ca71ca7decbcaa44d5476d13b701d6370c3f,motorcycle,complete,False,bbox_inertia,open_mesh|inertia_not_positive_definite,
9734f01dbc4a982296e4007ab1d3b2a5049e7dcf,wall art,complete,False,weld_or_static,open_mesh,
973bae970692efdc92de18a558512f929f768dfa,wall art,complete,False,weld_or_static,open_mesh,
973c8db16abb188caa2868a16141b643684e3881,bathrobe,complete,False,bbox_inertia,open_mesh,
973fedfacd435e90909e96d0877b1013a0a02710,storage bench,complete,False,bbox_inertia,open_mesh,
974521d9a0c492bafbd4bf2277aee239cc4e5b7a,wall art,complete,False,weld_or_static,open_mesh,
975e49af1aa9c80f301a02493fc6643f6897154f,hanging cabinet,complete,False,bbox_inertia,open_mesh|center_of_mass_out_of_bounds|inertia_not_positive_definite,
978c3b5a427a3e93c9449abee78f1fbf9d09f13f,chair,complete,False,bbox_inertia,open_mesh,
979ae06f639a0a37dd07202282f5d65c3cba8425,bookcase,complete,False,bbox_inertia,open_mesh|degenerate_faces,
979c49104318fdfe2e09758ae7a3f53825a7eb94,pendant lamp,complete,False,weld_or_static,open_mesh,
97a4f2492e6b3f3a4ef4563b1d98add89f3c76e4,telescope,complete,False,bbox_inertia,open_mesh,
97a80eceeef626cc6d768b0fd523f2477a4efbb7,"bar stool.n.01,chair",complete,False,bbox_inertia,open_mesh,
97b06b56729e3457c5786f2a4a4c1fcde04b9cde,"poster.n.01,wall art",complete,False,bbox_inertia,open_mesh,
97b432fdeec22db68b6eb60a4032c9ada97b88ad,hamper,complete,False,bbox_inertia,open_mesh,
97b54d82ec3e18ffa460e23aa2fd005cc0027179,kitchen cabinet,complete,False,bbox_inertia,open_mesh,
97bee005b2ebdf8387f87787f1ada5d836da1cb3,wall mirror,complete,False,weld_or_static,open_mesh,
97c1d8a31bfa1073ec8ebecec6d2b2c65f659338,sofa,complete,False,bbox_inertia,open_mesh,
97c1e35ddbb0d2cdb89e96f689292a83b8fb4344,wall art,complete,False,weld_or_static,open_mesh,
97cb7bbf846dff0e8036fb99ce1c8f8772b18a93,curtain,complete,False,weld_or_static,open_mesh,
97dd980dc57010e46ac2967f014942e5a167d795,sculpture,complete,False,bbox_inertia,open_mesh,
97e2497662dccaa2d8bb3445ea20cd9ebd8368a3,piano,complete,False,bbox_inertia,open_mesh,
97e329072a4d58b3700e268718b04e897876ecea,floor lamp,complete,False,bbox_inertia,open_mesh,
97ecfc292e18fec96827a874c5d09d95ed7c86c5,range hood,complete,False,bbox_inertia,open_mesh,
98032ca888810125fa72abf734ca2e5710f22150,flower,complete,False,bbox_inertia,open_mesh,
98057c0538b2e36a61c9dccaf8bd59568f57e9af,rug,complete,False,bbox_inertia,open_mesh,
98082ffefeda96e60df9cd906920ef6918a9e874,desk,complete,False,bbox_inertia,open_mesh,
98084b64acc48f75a49974245f0158bcd1e338fd,armchair,complete,False,bbox_inertia,open_mesh,
98087523238f271012465102f1841fcabb304738,curtain,complete,False,weld_or_static,open_mesh,
980e44e19e56b67f0237d2976660fff6461f8a65,mantel clock,complete,False,bbox_inertia,open_mesh,
980f777fb6df794f7fab3e644e85c91e879a0758,desk,complete,False,bbox_inertia,open_mesh,
9812cf1f7ced3de9596d88244068b628e346069c,console table,complete,False,bbox_inertia,open_mesh,
981b9ab0b33dc8a06105ddb18018a0deb5fb3023,armchair,complete,False,bbox_inertia,open_mesh,
982c745b2ba22ebb22da0d6a4b3cffea896c0d3a,end table,complete,False,bbox_inertia,open_mesh,
9836ac7d9490fda882620e053d3c4e7b70c7aae6,"toilet brush.n.01,toilet brush holder",complete,False,bbox_inertia,open_mesh,
983e167916e12d920189d565ee5a3efb8419dd3b,console table,complete,False,bbox_inertia,open_mesh,
983e239785b276c0a88add59742371176f441392,kitchen cabinet,complete,False,bbox_inertia,open_mesh,
983ef4ef38a08850204a31986545f0e01a8dc0af,kitchen cabinet,complete,False,bbox_inertia,open_mesh,
984665d3445bda636ec38444167785ad3d6d586a,dining table,complete,False,bbox_inertia,open_mesh,
9849af0395972ff84e40f5c1a51db8a25e3ef6f7,plaything,complete,False,bbox_inertia,open_mesh|inertia_not_positive_definite,
986242c6d56de1358ffca6b0662399a48d302a72,potted plant,complete,False,bbox_inertia,open_mesh,
987116b32ad17cbc956aeac134e3da29ca0f6fac,potted plant,complete,False,bbox_inertia,open_mesh,
9874af0abd9049eaae384bb10215f8f45d2e71b8,end table,complete,False,bbox_inertia,open_mesh,
987d5b94a7e368a2ae470f6eae9512286e40ecdf,tent,complete,False,bbox_inertia,open_mesh,
987d84727feff13887b7bbe92c08ed07ad50dbeb,tissue box,complete,False,bbox_inertia,open_mesh,
988c8f3bedac15261ab3007ec6ffacb65573aa5a,wall clock,complete,False,weld_or_static,open_mesh,
988e19a926492231c05b5d9b542f6d6cc0c1d3ca,pool table,complete,False,bbox_inertia,open_mesh,
989e521318f7bafa684406aa3038d4ca9157b854,sofa,complete,False,bbox_inertia,open_mesh,
98a97b97fd55df6f6dfef44eef86b6b863df5517,range hood,complete,False,bbox_inertia,open_mesh,
98ac2600c6a19a9adc54fc95dee4653fb0ea7e12,window shade,complete,False,bbox_inertia,open_mesh|center_of_mass_out_of_bounds|inertia_not_positive_definite,
98b1673ce85ee3b9fceda4a1e3724b64b9e2a6bf,stool,complete,False,bbox_inertia,open_mesh,
98b60421f341d68b7093d1eef350716f514a25b8,throw,complete,False,bbox_inertia,open_mesh,
98bda20462843fb446a678c0cfca18f2736f7060,casserole,complete,False,bbox_inertia,open_mesh,
98c263a67520ec8d77361981b66c9624fca43ebd,wall decor,complete,False,weld_or_static,open_mesh,
98c50670f655333d93b50ec984a60363f5998fdb,armchair,complete,False,bbox_inertia,open_mesh,
98c9f836f480292409eba3cc56d2d7de01624bdf,cup,complete,False,bbox_inertia,open_mesh,
98cf18b68d785371521ffea65e19dd290813c2eb,wall art,complete,False,weld_or_static,open_mesh,
98dac55bdc009c7efdb01e38c61637edd069b181,chest of drawers,complete,False,bbox_inertia,open_mesh,
98dbf856f3251188b0317bdb86c223aaf626bb49,cabinet,complete,False,bbox_inertia,open_mesh,
98eb241f6120de27b331e1437320d3a0fa751d83,kitchen cabinet,complete,False,bbox_inertia,open_mesh,
99056b66130fe437116555b096c479bbe1f16436,ceiling lamp,complete,False,weld_or_static,open_mesh,
9910108aa7ecd01f6c059c2ee2b5c58c1143c242,armchair,complete,False,bbox_inertia,open_mesh,
991a6870411fab1fabc680a306b19bae617b65af,wardrobe,complete,False,bbox_inertia,open_mesh,
991b508c1cae8da52b72efa54a986c060f41c52f,kitchen island,complete,False,bbox_inertia,open_mesh,
991bae3b8af2a9a110e32138d6a63ae1f038c0bc,tumbler,complete,False,bbox_inertia,open_mesh,
991df8651a4f5a22ca8d6fbf0ff5026d87d44a9a,wall shelf,complete,False,weld_or_static,open_mesh,
9920700d47a347da126ec240fc8e32703a3a7429,armchair,complete,False,bbox_inertia,open_mesh,
992637a7135d91bea899e5be026efceb67971aa1,dining table,complete,False,bbox_inertia,open_mesh|center_of_mass_out_of_bounds|inertia_not_positive_definite,
9929e9ecbc0aee77d8493fa03752b8376ccb54d9,throw pillow,complete,False,bbox_inertia,open_mesh,
99335851c11899eb6d7576dfeffdc4f3452a6571,sofa,complete,False,bbox_inertia,open_mesh,
993735da98fe548b3dcb8c879b4fafc6dc0b6c12,"letter.n.02,wall decor",complete,False,weld_or_static,open_mesh,
99390306328a44c0e69e0d2fe6d313d183e59521,buffet,complete,False,bbox_inertia,open_mesh,
993d61c574b074c22000399acc1545a318009ba2,floor lamp,complete,False,bbox_inertia,open_mesh,
993d78f3ab7c7cc8de5f2491d5d04d6720535749,sink cabinet,complete,False,bbox_inertia,open_mesh|inertia_not_positive_definite,
993ff1199d078cae6b4da93bd2247b3a3fa72b89,throw pillow,complete,False,bbox_inertia,open_mesh,
99665804218804022bc87b9e8edf35221a0bb8ee,"toilet paper holder.n.01,toilet tissue",complete,False,bbox_inertia,open_mesh,
9970b3797375dbcd1213c631aaece54c9144671e,wall art,complete,False,weld_or_static,open_mesh,
99714c9a305551cf4493ab7087c60fd6e7cba4ea,table lamp,complete,False,bbox_inertia,open_mesh,
9975a02f2e7126a6df355330da72a9b8ac01525d,flower in vase,complete,False,bbox_inertia,open_mesh|center_of_mass_out_of_bounds|inertia_not_positive_definite,
997ce68fa0cfdb85d563ae16162ae96ccd99b29f,flower in vase,complete,False,bbox_inertia,open_mesh,
997cff30d7278e734d17f9b5fe8033782dbcaa76,kitchen cabinet,complete,False,bbox_inertia,open_mesh,
997fbea849da8787d3831c83d614ca2570479c04,nightstand,complete,False,bbox_inertia,open_mesh,
9983a471c895f122479d80104b5c73f6f7c8f7e5,flower in vase,complete,False,bbox_inertia,open_mesh|invalid_volume|center_of_mass_out_of_bounds|inertia_not_positive_definite,
99843575975c6fcf087647c77f56bce970b7902a,book,complete,False,bbox_inertia,open_mesh,
99848a840ac51111eac2d76d69ebe6c72e4d8514,chaise longue,complete,False,bbox_inertia,open_mesh,
998e7352f22fabdea026de1663d1c850b4716ec1,vase,complete,False,bbox_inertia,open_mesh,
999ce14924d99d6da8b84000c6e16b1fb6ce1a08,stool,complete,False,bbox_inertia,open_mesh|center_of_mass_out_of_bounds|inertia_not_positive_definite,
99a5f505af290fb896dbb6407665336df9fce83a,television receiver,complete,False,bbox_inertia,open_mesh,
99a839c70408dfe466fa94e8dd62ff8946ad8b94,"wall art.n.01,sign",complete,False,bbox_inertia,open_mesh,
99aff5399a26bd00e6221eb488bac18fa706bcb8,sink cabinet,complete,False,bbox_inertia,open_mesh|center_of_mass_out_of_bounds|inertia_not_positive_definite,
99b09f428104a9599acc57c91982fc2a421c0d4d,table,complete,False,bbox_inertia,open_mesh,
99b33c13db8a0bbdba04271be251e85cb1bbd114,plant,complete,False,bbox_inertia,open_mesh|invalid_volume|center_of_mass_out_of_bounds|inertia_not_positive_definite,
99b5dc41e33d0cb77fe95521339d2773666feae6,ottoman,complete,False,bbox_inertia,open_mesh,
99b7c128257eadd642381f9d74317f8e37ae18a6,"toilet brush.n.01,toilet brush holder",complete,False,bbox_inertia,open_mesh,
99bd91cc63ed4b0a36a06a82d31aaa794451c868,window,complete,False,bbox_inertia,open_mesh,
99c1832511c8703634b467fa82a70442eb3040c0,foosball table,complete,False,bbox_inertia,open_mesh,
99c7b3d9c3c006d2e02e60e3c539c0008af90493,sink,complete,False,bbox_inertia,open_mesh|invalid_volume|center_of_mass_out_of_bounds|inertia_not_positive_definite,
99cd589fd208bd497adbbb5f79c424953b474097,soap dish,complete,False,bbox_inertia,open_mesh,
99d0a1c6e583b80a14b30f2c88a7d1a9cb8d9ebc,exercise bike,complete,False,bbox_inertia,open_mesh,
99d3742a0352603d913a1c09147648683c086aa6,chair,complete,False,bbox_inertia,open_mesh,
99d6de9f50f4b1eec8a3ef0e22d42a7e1a0abf75,armchair,complete,False,bbox_inertia,open_mesh,
99d7270987bccc5133d52f97f185821b7bee789a,sink cabinet,complete,False,bbox_inertia,open_mesh,
99dd187aec261a2904876ab4905999006561d91b,table lamp,complete,False,bbox_inertia,open_mesh,
99de5eb0d3e87db48cc5c2c558880d7aa1ec2c2d,vase,complete,False,bbox_inertia,open_mesh,
99e2a3e301a597ed93bf3dc57b36fec3b37b8846,desk,complete,False,bbox_inertia,open_mesh,
99e4f09a61635ce9107c1be7c7b039a4b333b70a,"toilet brush.n.01,toilet brush holder",complete,False,bbox_inertia,open_mesh,
99e7fe1527c0c9bcba3a56542adfc3164947c368,tv stand,complete,False,bbox_inertia,open_mesh,
9a04ee4ca6bda43314b1cb9408394e54d607d76f,plaything,complete,False,bbox_inertia,open_mesh,
9a0e617b83c901d346ce9fb020b49bf91442273c,sofa,complete,False,bbox_inertia,open_mesh,
9a1565251171e586b26e66e387e80a106141d129,kitchen cabinet,complete,False,bbox_inertia,open_mesh,
9a18d9af1bf49f705d94ba6a39d1e1066051c027,wall lamp,complete,False,weld_or_static,open_mesh,
9a19c0122b1a67a7fb2b9f26bb17cc8cc003447c,end table,complete,False,bbox_inertia,open_mesh,
9a20517925af4659b86e742e3ac5a14ef15965c3,mirror,complete,False,weld_or_static,open_mesh,
9a2b70dcc3e51aac58a2ed970ce2d2318ce138de,window shade,complete,False,bbox_inertia,open_mesh,
9a325f469457d8e90c395c0f0ea87fe92654e9b5,dining table,complete,False,bbox_inertia,open_mesh,
9a33b9011f40b5d464b03836bda13a98cd488ca6,wall mirror,complete,False,weld_or_static,open_mesh,
9a42cf68aff647f5ee128699b407f14d2a61c6e3,wall art,complete,False,weld_or_static,open_mesh,
9a4e9d27e3aa56daadc737f57afe48467566e0c6,dining table,complete,False,bbox_inertia,open_mesh,
9a5048c7a880859b13bfeaa9e5e1d2fab15dc592,beanbag chair,complete,False,bbox_inertia,open_mesh,
9a55304ee67be33f5d35d355c01dbc367c2085a3,table lamp,complete,False,bbox_inertia,open_mesh,
9a5a9e0fbb8c1f17f8488fbd602695bc85635816,footstool,complete,False,bbox_inertia,open_mesh,
9a67dd93b7dfaad21b26057d9b35f7e4447cbe4e,wall art,complete,False,weld_or_static,open_mesh,
9a70eb0ab6e43cccf8b8fa5c2ace3cc8268549df,window shade,complete,False,bbox_inertia,open_mesh,
9a76ce3409cc8e02440a7c6be594bb2448c4dbdb,flower in vase,complete,False,bbox_inertia,open_mesh|inertia_not_positive_definite,
9a7911e5accdc8ade2d4b12e9954d2b74a1fe231,kitchen cabinet,complete,False,bbox_inertia,open_mesh,
9a8003217479610288571c6d50f445b0ad449068,pendant lamp,complete,False,weld_or_static,open_mesh,
9a81f950096d16b4191160c09a140e42010d473b,fireplace,complete,False,bbox_inertia,open_mesh,
9a8a0cf3ed5717a23d6b38e2503f94c16425e606,rug,complete,False,bbox_inertia,open_mesh,
9a8ae3d04c11b451d815d3794987d12c31632ce8,window curtain,complete,False,weld_or_static,open_mesh,
9a8afdac2da85b781e7e2cf35e663009b27d4ffe,wall clock,complete,False,weld_or_static,open_mesh,
9a95f67666e918a7398535ae4082ce1a574a6cf5,easy chair,complete,False,bbox_inertia,open_mesh,
9aa228c3c51c73bed74f4cef9280c12eb1f0f3bf,wall art,complete,False,weld_or_static,open_mesh,
9aa961137b4a6103e242a6e515aefcb7aa434161,chest of drawers,complete,False,bbox_inertia,open_mesh,
9aac76b9ec1d1b8b9131c915082aae60627abdca,end table,complete,False,bbox_inertia,open_mesh,
9aadc5abe53ec720a8a05e312e3b68f86c5c6d09,throw pillow,complete,False,bbox_inertia,open_mesh,
9ab41388593cd03a6390bf96e8434edc67ae600f,wall clock,complete,False,weld_or_static,open_mesh,
9ab4e1cc5c94a3f6ba151818f0c4b91b15b115ce,club chair,complete,False,bbox_inertia,open_mesh,
9ab4ec64a812dbdb0848ab5c0267c97edb99a7c8,railing,complete,False,bbox_inertia,open_mesh,
9abcfae90b1c809c786607b192800b395830fd36,throw pillow,complete,False,bbox_inertia,open_mesh,
9abd8759d66aa8e8bb0de742c0865cc70c057603,bookcase,complete,False,bbox_inertia,open_mesh,
9ac0eb402191a31f1d3b215094b22c48eaa66742,rug,complete,False,bbox_inertia,open_mesh,
9acbf43bc62407819841f589f3dfb75fc431b14b,rocking chair,complete,False,bbox_inertia,open_mesh,
9acd3162df46349241176301f20a6e542ba622f8,wall art,complete,False,weld_or_static,open_mesh,
9ad203f8b978af549108a2e91b692aacfaa351db,throw pillow,complete,False,bbox_inertia,open_mesh,
9ad2d027a8a9576dceacf71cf0f529dd5b5db5f7,table lamp,complete,False,bbox_inertia,open_mesh,
9adb235d4841962c4ed5729d151cfe3ae39609e9,desk,complete,False,bbox_inertia,open_mesh,
9adb92678a5b8be3709220751c77dfecc7b5aa02,wall art,complete,False,weld_or_static,open_mesh,
9adc11afde6b82707a265cbfa3556675b99c6698,wall art,complete,False,weld_or_static,open_mesh,
9ae6f4e89c56f0255d44da4cfb3ad414eaad2559,wall art,complete,False,weld_or_static,open_mesh,
9ae7a2c2307b4d67841a4ed0e2aae7fc8de870ea,plant stand,complete,False,bbox_inertia,open_mesh,
9af67fefff8dc555e6e1d5484564ed8802681155,coffee table,complete,False,bbox_inertia,open_mesh,
9b066fcb30627fbb376391921486ff2589b9ae27,wall lamp,complete,False,weld_or_static,open_mesh,
9b0a96db7158b9278fa8fd15c165ec0d2475d1b7,console table,complete,False,bbox_inertia,open_mesh,
9b178a92887b9a23e8bb5d6dbbb158794b57c39b,chair,complete,False,bbox_inertia,open_mesh,
9b2021bf0281af7a1a319faba45f57f6c4e5a0f2,console table,complete,False,bbox_inertia,open_mesh,
9b2df1dd916113d3c8b091002bd7f4c3f10c91f0,coffee table,complete,False,bbox_inertia,open_mesh,
9b2f527215b5f508680ff582ad412a68407c07bd,console table,complete,False,bbox_inertia,open_mesh,
9b2f88ab0127e9d43de3408543e56ac8da635211,window blind,complete,False,weld_or_static,open_mesh,
9b339e0722140e978cf76932923dd69cb41faf0d,wall mirror,complete,False,weld_or_static,open_mesh,
9b34edb22079c93180e57192ed0c919435f8fabc,chest of drawers,complete,False,bbox_inertia,open_mesh,
9b373e8e1489e66e543dda1386855ff7c8eed50f,wall lamp,complete,False,weld_or_static,open_mesh,
9b3b1dd57b887fb075ae1764b5f3925daaaabe2a,teapot,complete,False,bbox_inertia,open_mesh|center_of_mass_out_of_bounds|inertia_not_positive_definite,
9b3cf84c3691252c08c767cf67085f9247905202,potted plant,complete,False,bbox_inertia,open_mesh|center_of_mass_out_of_bounds|inertia_not_positive_definite,
9b43869f7b217e5d522addeed81dab3b0c63d6b7,rug,complete,False,bbox_inertia,open_mesh,
9b47bed7a70bfc498622105cef0b64f760be2670,wall art,complete,False,weld_or_static,open_mesh,
9b578304805dd2e8dc433d5f7275c4164f9aa1e7,rack,complete,False,bbox_inertia,open_mesh,
9b59a7e47a2a942240a993c70d6e4e65d0d0c5d5,flower in vase,complete,False,bbox_inertia,open_mesh|center_of_mass_out_of_bounds|inertia_not_positive_definite,
9b5abcc360cae5e0b5ca75ff9bae3241ddbbe3ea,sewing machine,complete,False,bbox_inertia,open_mesh,
9b5d46e297b8bff8b3d47658d35e1e80578ff381,beanbag chair,complete,False,bbox_inertia,open_mesh,
9b64cef587a9b4069ee8e6504715e3ce1a9b1d67,sink cabinet,complete,False,bbox_inertia,open_mesh,
9b6dca7b332efae3c2e3939ed628578874e1cb7d,wall mirror,complete,False,weld_or_static,open_mesh,
9b6e6d7ac4b37260e95096b8409f19acd5792ebf,range hood,complete,False,bbox_inertia,open_mesh|center_of_mass_out_of_bounds|inertia_not_positive_definite,
9b70f76883decc09096c6fec4e9a265fe036bc43,wall art,complete,False,weld_or_static,open_mesh,
9b7a1c626add3bfb70494be24d68eff19c8b8fdf,power saw,complete,False,bbox_inertia,open_mesh,
9b80b17824555cccc84b3a528015253eda338bf1,vacuum,complete,False,bbox_inertia,open_mesh,
9b80b2c525e351351cd90d75e63c57d502c130b8,wall art,complete,False,weld_or_static,open_mesh,
9b95939158b68ebfe853071c6befdc1497e753ae,wall mirror,complete,False,weld_or_static,open_mesh,
9b97ef746dc88a084b304f23ce1f95fc2bbb6539,swivel chair,complete,False,bbox_inertia,open_mesh,
9b9c305e0a4ebec1b5a61151c4b00fc1f8dd936a,barbecue,complete,False,bbox_inertia,open_mesh|inertia_not_positive_definite,
9ba404814ba1c98960f3ea4ea50af8b1d3f01003,bench,complete,False,bbox_inertia,open_mesh,
9bae6e88bde9e921284b14e22699733109ca0358,toilet flush plate,complete,False,bbox_inertia,open_mesh,
9bb35fc8b2b7c1983d60882948c9f834bdb9faf3,bathroom scale,complete,False,bbox_inertia,open_mesh,
9bb636b990db93bd65e3b05842bbf256653d3970,plate,complete,False,bbox_inertia,open_mesh,
9bbe665ffd8ae57251265df4b5ecc078f98afec6,wall art,complete,False,weld_or_static,open_mesh,
9bc019d4d9b1041bb10f625cfb6d45214f1e7122,sink cabinet,complete,False,bbox_inertia,open_mesh,
9bc478e89faa7bd84e3a3e34f963d46d6fddaffe,wall art,complete,False,weld_or_static,open_mesh,
9bc5df943ee50b4e1aa3a2c3493d59e9d1a82d28,picture frame,complete,False,weld_or_static,open_mesh,
9bc71e33a2c9b986e10b922bff8ce66f564ff222,wall art,complete,False,weld_or_static,open_mesh,
9bcb3a4e8a948f4c10a89385aa13e5ccb3830685,ceiling lamp,complete,False,weld_or_static,open_mesh,
9bcdc59d9733fe74cbdce4058d33a16933e2d41f,wall lamp,complete,False,weld_or_static,open_mesh,
9bcdfcb26014ac40c84cd277a6c465ace61528c1,coffee table,complete,False,bbox_inertia,open_mesh,
9bd11eeefe34bff5d91ae928bc6b124e6d29a8db,clothing rack,complete,False,bbox_inertia,open_mesh|center_of_mass_out_of_bounds|inertia_not_positive_definite,
9bd90b6863b2d2f58e3833ef0d992b81f9b14c82,chair,complete,False,bbox_inertia,open_mesh,
9bda45a23fb5502a5bb3825586d4e95a87a8eca4,stool,complete,False,bbox_inertia,open_mesh,
9bf6552ba4cba1cdb6819e60bc3f416807a4eeec,end table,complete,False,bbox_inertia,open_mesh,
9bf69592a7fa2d577c5e73efcdd2019789da0f08,pendant lamp,complete,False,weld_or_static,open_mesh,
9bf7b6ba00b86f66a0d415c0ce8a77d1b77b764a,console table,complete,False,bbox_inertia,open_mesh,
9bfd01b7a7f4fb8e1388551d237763778d4b3862,desk,complete,False,bbox_inertia,open_mesh,
9bffa4820132a4933b3296739b9f1437857ddb7e,bottle,complete,False,bbox_inertia,open_mesh,
9c02c6496d1e3c5cc62b01afc47de32ac9818ed0,cup,complete,False,bbox_inertia,open_mesh,
9c09a8ddc8047cdecc332f1368332a2e62a6c784,vase,complete,False,bbox_inertia,open_mesh,
9c1eb27dc26b8fa8a45445bbd05e6d3a8998fa84,kitchen island,complete,False,bbox_inertia,open_mesh,
9c2594f4917e8d2eb0bfc84c72ce43d27fc8ec31,pendant lamp,complete,False,weld_or_static,open_mesh,
9c259c582f080d7932c2fd5c0482be549d64e455,"letter.n.02,wall decor",complete,False,weld_or_static,open_mesh,
9c264d2097be9231cb5daf17024ce84c3c8358a0,trampoline,complete,False,bbox_inertia,open_mesh|center_of_mass_out_of_bounds|inertia_not_positive_definite,
9c28e18dca1937b93d0ece82fa5954bfecd04d7e,coffee table,complete,False,bbox_inertia,open_mesh,
9c2902376cd3ea71544701d6dfa949102c2c5161,wall art,complete,False,weld_or_static,open_mesh,
9c304b5f856ed062cbbb620219f62b6d4e4e25e4,wall art,complete,False,weld_or_static,open_mesh,
9c32308e03439f052d4069337f78fe056111194f,wall lamp,complete,False,weld_or_static,open_mesh,
9c33efb7aa025248c90e8da0b1586b700610c503,table lamp,complete,False,bbox_inertia,open_mesh,
9c395719a9c79bc2333db882a9370a913c0e3471,book,complete,False,bbox_inertia,open_mesh,
9c3f0936e883d4862f7f0a70e83cf6bad2fe23bd,toiletry,complete,False,bbox_inertia,open_mesh,
9c403fc76f1ff83787ae5cfce605d64cf8fad195,kitchen island,complete,False,bbox_inertia,open_mesh,
9c437d74557d8653a9728228ac3b313527ae3be0,"shoe rack.n.01,cabinet",complete,False,bbox_inertia,open_mesh,
9c4912480452a050bf49648066dec4b073ee71cf,railing,complete,False,bbox_inertia,open_mesh,
9c4a2899547a09f196bf87e368cc7835e035462d,dining table,complete,False,bbox_inertia,open_mesh,
9c5db6e77b1207d689e035d957bff9216d1615e5,toaster,complete,False,bbox_inertia,open_mesh,
9c61e7e98634fda17cd2276857cea3c03ad1024d,bookcase,complete,False,bbox_inertia,open_mesh,
9c736b82840fea07135e848469e80e60e0f10fdd,kitchen cabinet,complete,False,bbox_inertia,open_mesh,
9c762323bc8e1c45b31ee978e21749a1cb218446,candle,complete,False,bbox_inertia,open_mesh,
9c7761918e97dae817965df5ca88789082278573,umbrella stand,complete,False,bbox_inertia,open_mesh,
9c7abc8f1dd55d90d9369189c74c058636bd05fc,hanging cabinet,complete,False,bbox_inertia,open_mesh|center_of_mass_out_of_bounds|inertia_not_positive_definite,
9c7b272f14314dd28cea748e68eb3e1d10e257d3,wind chime,complete,False,bbox_inertia,open_mesh|degenerate_faces,
9c88ec4c032a38bfa6c6df7c69a82d3daf694326,cabinet,complete,False,bbox_inertia,open_mesh,
9c8e314ca0d9e2fb49bdb41f77d45c71e6288876,table lamp,complete,False,bbox_inertia,open_mesh,
9c9f247345d354b16c65805e73d6a239ddbc28dd,floor lamp,complete,False,bbox_inertia,open_mesh,
9ca2f0d06e506af080cb7bf4f27b0b2144ad20e4,bookcase,complete,False,bbox_inertia,open_mesh,
9ca48c060a1ad1b72a8cb6a7d1d0073985b22461,console table,complete,False,bbox_inertia,open_mesh,
9caaf8921fd03abd49017a106a0d14b5ede53102,chair,complete,False,bbox_inertia,open_mesh,
9caeb820d7c3db1172a820e63dbd3896b4913099,storage bench,complete,False,bbox_inertia,open_mesh,
9cb86951879a7047e11cdcde6eff3abe3cb766c6,wall art,complete,False,weld_or_static,open_mesh,
9cbee54a4e7bc24a5b6a9764a92c1fee1fe7381b,"candlestick.n.01,candle",complete,False,bbox_inertia,open_mesh,
9cd466c13a6655013c4302ba1882fe48e37bb4e6,armchair,complete,False,bbox_inertia,open_mesh,
9cd6d68ae82653b388711aef9440a22fbc795bd3,cocktail shaker,complete,False,bbox_inertia,open_mesh,
9cd9c6bf2c27d0b89a78256661b4bddf22362979,floor lamp,complete,False,bbox_inertia,open_mesh|center_of_mass_out_of_bounds|inertia_not_positive_definite,
9ce521b91cc415fd21594aa3c509f3eb48552f86,china cabinet,complete,False,bbox_inertia,open_mesh|inertia_not_positive_definite,
9ce5f3413b1bc19928e4446db49fb80a9909244e,armchair,complete,False,bbox_inertia,open_mesh,
9cecc465b663027d4a59020833d33d85af8f0c37,base cabinet,complete,False,bbox_inertia,open_mesh,
9cf26aebe52607c0c19770b1dd92c7f612e6addf,wall art,complete,False,weld_or_static,open_mesh,
9d027ac8635b202c4ba4d2e39708d98a918677af,espresso maker,complete,False,bbox_inertia,open_mesh|degenerate_faces,
9d050744ed02b40dfe4c3f9814c5c2e684d13b81,flower in vase,complete,False,bbox_inertia,open_mesh,
9d0a7c6b380f48cc4cc5112f346a4d65af4e4533,wall mirror,complete,False,weld_or_static,open_mesh,
9d0b75962ab317e1bce7197823cbff9f101cee77,wall lamp,complete,False,weld_or_static,open_mesh,
9d155c6b36b6d0fb3d5bc82910d6f2d23284a6d1,window curtain,complete,False,weld_or_static,open_mesh|center_of_mass_out_of_bounds|inertia_not_positive_definite,
9d164dcd1f474b013528db833c0459bda7271fd1,potted plant,complete,False,bbox_inertia,open_mesh|center_of_mass_out_of_bounds|inertia_not_positive_definite,
9d1a125a6188c7009effc529afd62b15bc84ee0a,cafeteria tray,complete,False,bbox_inertia,open_mesh,
9d1c3738265bc1334e78c402f36619f136e8c15f,chair,complete,False,bbox_inertia,open_mesh,
9d1d4b1b39a1dcb794c323ff45aa2dfda1701539,chair,complete,False,bbox_inertia,open_mesh,
9d38d85639970e69362b50831da8aab74d6e6f11,"letter.n.02,wall decor",complete,False,weld_or_static,open_mesh,
9d38ee2834c392ebd96c5f49876272f0aa97900c,wall lamp,complete,False,weld_or_static,open_mesh,
9d4274d541f071fdb87ee8647620365b4b3b6673,l-shaped couch,complete,False,bbox_inertia,open_mesh,
9d4ee7bef7a67c864be3e966624ddb76bea54391,bar stool,complete,False,bbox_inertia,open_mesh,
9d5c4c5e897817e769610d84c3fa695b4f4fee0b,end table,complete,False,bbox_inertia,open_mesh,
9d61131fedcfc6282b42f5e831574d0813eb67f6,rug,complete,False,bbox_inertia,open_mesh,
9d6618cb72507fc3e2e656836a32c9960393f522,china cabinet,complete,False,bbox_inertia,open_mesh,
9d698f28231c5674548da3fc925d48c57bf3af4e,sofa,complete,False,bbox_inertia,open_mesh,
9d6f7ffc13419fcf23d54f272a6ef3f87684e53b,potted plant,complete,False,bbox_inertia,open_mesh|center_of_mass_out_of_bounds|inertia_not_positive_definite,
9d72958d1e7b90b9982cb55856a7886af1425021,potted plant,complete,False,bbox_inertia,open_mesh,
9d779e66654b86437db3c94234434c75f8fede03,table,complete,False,bbox_inertia,open_mesh,
9d7920d6be534f15a3472515d64eac3240dc91c6,chest of drawers,complete,False,bbox_inertia,open_mesh,
9d7a74b3d536925b898281b6fdac176e1041b780,toilet brush,complete,False,bbox_inertia,open_mesh,
9d7c240d414768f45a984a4de25e48f9b0a22862,roof,complete,False,bbox_inertia,open_mesh,
9d809de6424e746f09d2cc40255f635fc264eed8,pendant lamp,complete,False,weld_or_static,open_mesh,
9d84c5ecd745ca16ad1dc509b643d6309924bda8,table lamp,complete,False,bbox_inertia,open_mesh,
9d8cc5b25b4442b998ed2f009d5e3171d99a2d5b,buffet,complete,False,bbox_inertia,open_mesh|center_of_mass_out_of_bounds|inertia_not_positive_definite,
9d92ff97f7e4f94a202f2c05d8528e37f22a43b0,table,complete,False,bbox_inertia,open_mesh,
9d9a19b01354070a47f74af208c317a089d7713e,table lamp,complete,False,bbox_inertia,open_mesh,
9da6467fe6b505d2f31db913e9ac7c67a8e0d95c,table lamp,complete,False,bbox_inertia,open_mesh,
9da8bbd27b90b21dca1beaa505b34d4426881df4,dressing table,complete,False,bbox_inertia,open_mesh,
9dadffc779c58ed360391365f6f9d8dcc59be2f3,wall art,complete,False,weld_or_static,open_mesh,
9dafbaa075585d1a841f489e1e24d6bea287353c,wall art,complete,False,weld_or_static,open_mesh,
9db21998c823fe0f57702c27e946c248114e075f,kitchen cabinet,complete,False,bbox_inertia,open_mesh,
9db90d4e2e0fe554a949484540bd06a231860ebd,wall art,complete,False,weld_or_static,open_mesh,
9dc5cc0291a241c4d5ea37bf8f03d7ed883a25de,wall lamp,complete,False,weld_or_static,open_mesh,
9dc91eefa1a574dbbe744ee33a1b412f2f85f9bb,sink cabinet,complete,False,bbox_inertia,open_mesh|inertia_not_positive_definite,
9dd37f9d2772c3a2146ba82a92073cca7e1fddbd,table,complete,False,bbox_inertia,open_mesh,
9de168a6d84e59b0c923936578ffe4cf8c7baedc,lantern,complete,False,bbox_inertia,open_mesh,
9de56cff7403949a4c1d94c8cfae74f05f59278b,mailbox,complete,False,bbox_inertia,open_mesh,
9deb9fc5a73baeaeb6058c695c96b71d76629f92,pendant lamp,complete,False,weld_or_static,open_mesh|center_of_mass_out_of_bounds|inertia_not_positive_definite,
9decf8fa3f788bd605928cc91128d11eabd5674d,ashcan,complete,False,bbox_inertia,open_mesh,
9df21e4c08680b11af0501f324499f493365b61e,towel ring,complete,False,bbox_inertia,open_mesh,
9dfbc1df2349093e0444dfabb8789296c83561cf,candle,complete,False,bbox_inertia,open_mesh,
9e00df6aa4c75911a5494637b3fa3e09a46ab78b,flower in vase,complete,False,bbox_inertia,open_mesh,
9e040bd2a3693d9a6d71f614b1c3599a7022a63a,pendant lamp,complete,False,weld_or_static,open_mesh,
9e068412c7ca15a5d23c5813614150ff138d9bb6,showerhead,complete,False,bbox_inertia,open_mesh|inertia_not_positive_definite,
9e18dccb5a9e30aa2bf62ecd1b05705eb27bd6c3,table,complete,False,bbox_inertia,open_mesh,
9e2908f9671288df72bca9e66d46be8a807e6061,fireplace,complete,False,bbox_inertia,open_mesh,
9e291008f9ce02a1d73c644ac6534c9747179a20,wall clock,complete,False,weld_or_static,open_mesh,
9e2b2559015dbc36eb323998201baf709c22e1d2,throw pillow,complete,False,bbox_inertia,open_mesh,
9e2dc2a39745fc9e834a329d18c18f63db0ac0c9,bench,complete,False,bbox_inertia,open_mesh,
9e2dd35132dcab7880eb41813f12f9bc133fff11,floor lamp,complete,False,bbox_inertia,open_mesh,
9e36306b23f0d17e86af758264cf52353a82a7e9,nightstand,complete,False,bbox_inertia,open_mesh,
9e4c0f3a3d82c27fc2bf9c3da72698d9a13873d0,bar stool,complete,False,bbox_inertia,open_mesh,
9e57af1b16c23e2acc7aa8aeb56bf4542f083bea,throw pillow,complete,False,bbox_inertia,open_mesh,
9e5a036b93eb71c356db374dfc0d2f94e002d659,end table,complete,False,bbox_inertia,open_mesh,
9e5ba850086f939c461aafac2f8eddc7edb3b1e7,tv stand,complete,False,bbox_inertia,open_mesh,
9e644adad704ea8bfa75c422b9e6e0144d6ccd04,socket,complete,False,bbox_inertia,open_mesh,
9e69d274ddc94a7076c43b4a8353015e7a374369,jar,complete,False,bbox_inertia,open_mesh,
9e6c6b60a5cf944dec9a25affb6c129e8f9eb226,sofa,complete,False,bbox_inertia,open_mesh,
9e738f6b2ba6fe3bace3de086e55370ecb4c1a79,armoire,complete,False,bbox_inertia,open_mesh,
9e8eae25932a50d88902a8c95858d04efd9aa24d,potted plant,complete,False,bbox_inertia,open_mesh|center_of_mass_out_of_bounds|inertia_not_positive_definite,
9e94bcd5f087018a11366b769a6fc6ec05a7f1b3,bench,complete,False,bbox_inertia,open_mesh,
9e9c524a5a0e48b10ac64db3205ba7e282b3890d,glass,complete,False,bbox_inertia,open_mesh,
9e9ffa4a9f606d32f39561333dc21f5070decd5d,wall lamp,complete,False,weld_or_static,open_mesh,
9ea18076afd8d4be52fff10dd72b732f1e3dedc0,window,complete,False,bbox_inertia,open_mesh,
9ea1a714899a28c475a0a4fe509a7e4c27b13b10,wall art,complete,False,weld_or_static,open_mesh,
9ea4b9ce2409ed96da592b29cb23c04376cb15df,wall sign,complete,False,bbox_inertia,open_mesh,
9ea4bd481aad181dc67e26e04d97561848ae0615,cabinet,complete,False,bbox_inertia,open_mesh,
9eb29f8df2d6130cdc5d4028a93ba460688b8042,chest of drawers,complete,False,bbox_inertia,open_mesh,
9eb65cf35b028599dad3e1a8569237279cb7868c,wall art,complete,False,weld_or_static,open_mesh,
9eba15a770f961fad0eeac7526ebe0cb3717853e,armchair,complete,False,bbox_inertia,open_mesh,
9ec20a6a8bff09c75c671a69b1fc3adf28f3fcce,swivel chair,complete,False,bbox_inertia,open_mesh,
9ec28866f43e42093f181e656ef1c89923945808,vase,complete,False,bbox_inertia,open_mesh,
9eccc1dea9b821181517b1bbea57d70c6fad51af,potted plant,complete,False,bbox_inertia,open_mesh,
9ecd2c07aa50e8e2040b51cf20b517eb70462fb7,ashcan,complete,False,bbox_inertia,open_mesh,
9ed2bbc333bd130f0c167e66fc32f3aeaa3c13f1,"bar stool.n.01,chair",complete,False,bbox_inertia,open_mesh,
9ed82344417bea93340203fc997cfaf9a417e1eb,armchair,complete,False,bbox_inertia,open_mesh,
9edb7d1186f4e6d45c2821e69ebfd51854da5b92,window shade,complete,False,bbox_inertia,open_mesh,
9edbeab0758f8629488b4ecac9719693e169952d,wall lamp,complete,False,weld_or_static,open_mesh,
9ee89450489cb76c93be0bf2dca0050cc9dbbd34,"candlestick.n.01,candle",complete,False,bbox_inertia,open_mesh,
9eed1f0f783dc4214060c2e8ae4e3aaf50198006,sculpture,complete,False,bbox_inertia,open_mesh,
9ef599840e5961db1b3b603d12b5a345aaaca3fe,potted plant,complete,False,bbox_inertia,open_mesh|center_of_mass_out_of_bounds|inertia_not_positive_definite,
9f0427019d5a329e5410547e4291b2c4b8b20195,bookcase,complete,False,bbox_inertia,open_mesh,
9f11666e11ee2381f2c11088b4547356d351b38d,basket,complete,False,bbox_inertia,open_mesh,
9f1a56c0a7218c5fa6202cc4f068645525259c30,wall mirror,complete,False,weld_or_static,open_mesh,
9f1f37526bb2c1928b07d283c08a796c64bfe00d,"letter.n.02,wall decor",complete,False,weld_or_static,open_mesh|invalid_volume|center_of_mass_out_of_bounds|inertia_not_positive_definite,
9f1fc2d5cd6c3ae0e8072b88398ad5f69b22aa6c,basket,complete,False,bbox_inertia,open_mesh,
9f2e21ccd7fde1289591abb78633b6698402d158,"bar stool.n.01,chair",complete,False,bbox_inertia,open_mesh,
9f2ea93fc2fa33ddc209724b32c9be160a11b81b,"bar stool.n.01,chair",complete,False,bbox_inertia,open_mesh,
9f329d378c839e9f7fa1ec7c9076c92bcb873f7d,buffet,complete,False,bbox_inertia,open_mesh,
9f339c2a8910c56e5f0ebd0f0b2b7f4bf6bcf7b8,rug,complete,False,bbox_inertia,open_mesh,
9f33bdd7dfb65d863d8d9025fb780598ee68d4ec,wall art,complete,False,weld_or_static,open_mesh,
9f3a1c20d3efa14cca4563bd9b5c53d8e96d4b28,sofa,complete,False,bbox_inertia,open_mesh|degenerate_faces,
9f408cf05900baf2f79ce287b5e8ec10709e468f,throw pillow,complete,False,bbox_inertia,open_mesh,
9f4304ba9f35ca96c16427bbe90a5ae9f53ea985,sink cabinet,complete,False,bbox_inertia,open_mesh,
9f43112d6f35621565da3c1232ea940d7d9c555e,dining table,complete,False,bbox_inertia,open_mesh,
9f4546b19bfbdc08893ba96b507f84939b147105,bench,complete,False,bbox_inertia,open_mesh,
9f4ddfa2353e1db1588938fbc3dc0a66cb898da7,dishwasher,complete,False,bbox_inertia,open_mesh|degenerate_faces,
9f559c8774174844b1f80baea34be63b156ac6bd,bench,complete,False,bbox_inertia,open_mesh,
9f70723b07106533cd8edf7986b0ac79072eaf98,chair,complete,False,bbox_inertia,open_mesh,
9f71a3f4dbdfbddea90df19ef9208f5e99adb1e8,bar stool,complete,False,bbox_inertia,open_mesh,
9f75b4ae592c14caf711574f5127e964f6bb5f8e,throw pillow,complete,False,bbox_inertia,open_mesh,
9f760d35bc37926ed620c4bcc9051e1cc6d1f0d4,ceiling lamp,complete,False,weld_or_static,open_mesh,
9f77377e6f1a17c97ba7d3e4581e4aec8274e9ac,chandelier,complete,False,weld_or_static,open_mesh|center_of_mass_out_of_bounds|inertia_not_positive_definite,
9f786eb85421551fe81553b5db94402b84983589,table,complete,False,bbox_inertia,open_mesh,
9f8134ad0b504552b884198464ac2b4a3dbe3eb2,clothing rack,complete,False,bbox_inertia,open_mesh|degenerate_faces,
9f89ceca7ee5515295eeb0974b7ea7ba853c350b,nightstand,complete,False,bbox_inertia,open_mesh,
9f8bfcc77960334b6d26798f8f35e60c48f28461,bench,complete,False,bbox_inertia,open_mesh,
9f90af0b3547e8495cddac8cfc17811b6bed118e,hanging cabinet,complete,False,bbox_inertia,open_mesh,
9f931fb564b83de5f6a263778970136f1695f43e,potted plant,complete,False,bbox_inertia,open_mesh|center_of_mass_out_of_bounds|inertia_not_positive_definite,
9fabba5db21e2aa71b41ca30c03e6dd1fada44d5,potted plant,complete,False,bbox_inertia,open_mesh|center_of_mass_out_of_bounds|inertia_not_positive_definite,
9fb05971077bc23ed1b0da26fe44cc86ce562858,wall mirror,complete,False,weld_or_static,open_mesh,
9fbbbfc58e5cafbc27a31069808cf168cf2d7a78,refrigerator,complete,False,bbox_inertia,open_mesh,
9fbe07e1ed81938eddbf0e4e965b520a6aaf0a36,table,complete,False,bbox_inertia,open_mesh|center_of_mass_out_of_bounds,
9fcb30634c175f79674c254a8fd0a48e6c292f86,floor lamp,complete,False,bbox_inertia,open_mesh,
9fccd8b434e613208c1e63c34f1c1c72872b67c3,wall art,complete,False,weld_or_static,open_mesh,
9fd41e31ab27141315fba3cc5e332cc0d2bcda9b,wall art,complete,False,weld_or_static,open_mesh|invalid_volume|center_of_mass_out_of_bounds|inertia_not_positive_definite,
9fd477eebc74ec4087a2463596e26fefd54c4504,ceiling fan,complete,False,weld_or_static,open_mesh|degenerate_faces,
9fe0225b96c0d1d79860e41b42153f054de3e0f1,wall art,complete,False,weld_or_static,open_mesh,
9fe37df37619e347a07df0b75bfde822aac8526b,wall hook rack,complete,False,weld_or_static,open_mesh,
9fe427f0199ef6414c5e8fe65da17bdc7f058795,desk,complete,False,bbox_inertia,open_mesh,
9fee5e7b92edf3026fc491b252701dfb06ed46cf,cabinet,complete,False,bbox_inertia,open_mesh,
9ff0e2c2b2d7081e92f2ee4fb21a48a483b5f1d9,refrigerator,complete,False,bbox_inertia,open_mesh,
9ff8e088c27cea8024049f43cc99ab0a5358bfde,wall lamp,complete,False,weld_or_static,open_mesh,
9ffcc75cde85264c4e3ea8244f0a1d14c744c091,potted plant,complete,False,bbox_inertia,open_mesh|invalid_volume|center_of_mass_out_of_bounds|inertia_not_positive_definite,
a00b268db0101cb85fce76f00a6b8e3f79ec263e,wall art,complete,False,weld_or_static,open_mesh,
a00e967032039917564448e356da345ac5a9e8ab,mantel clock,complete,False,bbox_inertia,open_mesh,
a0171ed3f8b3852a86f49fcb85ce0f6a6901bc60,wall clock,complete,False,weld_or_static,open_mesh,
a01b0bf94c12425aa537eb467300a5125132e425,hanging cabinet,complete,False,bbox_inertia,open_mesh,
a01fa73a0ee6a3886c5945355e115b8c54d370e8,shopping bag,complete,False,bbox_inertia,open_mesh,
a022594bf4eb6f8255be8f789015d1af7c93682a,canister,complete,False,bbox_inertia,open_mesh,
a03950b825727e90b3d5708ad1b67aff723d3a2e,rug,complete,False,bbox_inertia,open_mesh,
a03f0b998f495518bf930f3176841500a87c7cc9,wall art,complete,False,weld_or_static,open_mesh,
a043589070ad2a710483ac68aeb242f00ae1e994,vase,complete,False,bbox_inertia,open_mesh,
a04368de48fd18397997e3ab1f88500abf1733c6,chest of drawers,complete,False,bbox_inertia,open_mesh,
a0458521df58e57cf0f1592d1281804256353885,wall art,complete,False,weld_or_static,open_mesh,
a04b30d9712b0f70c6dfb71561dab74d13d3bb41,crate,complete,False,bbox_inertia,open_mesh,
a04f6e29d8f8094dc8189eb5a89d177c04dc1748,bench,complete,False,bbox_inertia,open_mesh,
a0572493a81702f6c6ed5debb127b2e3a0b06df9,end table,complete,False,bbox_inertia,open_mesh,
a05ad569ead60424aba54ec48fb8942f67bb017b,flower in vase,complete,False,bbox_inertia,open_mesh,
a05e849b1e9578645f9d1fbded44644f55128101,throw pillow,complete,False,bbox_inertia,open_mesh,
a05ea4457ab8cb61197cbc8fb69a05437db684e8,end table,complete,False,bbox_inertia,open_mesh,
a073de0f4784410a00fbb9061f858829a11bbdfd,watering can,complete,False,bbox_inertia,open_mesh,
a0800bdac932b41d0e661a1dff7b03fa44b0a4b7,chest of drawers,complete,False,bbox_inertia,open_mesh,
a093a5341f0930a9fe1f4e56f337f21e40dbdc21,chest of drawers,complete,False,bbox_inertia,open_mesh,
a093c11a53871a9dbe3c1b2247844c16979c2e2f,throw pillow,complete,False,bbox_inertia,open_mesh,
a0ab0f0d7974fcdc0eafd46ab094a5ed9351d26c,hanging cabinet,complete,False,bbox_inertia,open_mesh,
a0aee66ebcbeac2e2937109356c7463b1252b668,kitchen cabinet,complete,False,bbox_inertia,open_mesh,
a0b6c565a79004f1b0d5d883a8986c10dabe132a,wall sticker,complete,False,bbox_inertia,open_mesh,
a0b75f9b3291d0f6ece7b341eb23d20685a169ff,towel rack,complete,False,bbox_inertia,open_mesh,
a0b9f0012b24d213c66acbdc7d0998e37f2bfcd5,toilet,complete,False,bbox_inertia,open_mesh,
a0ba49202e76e8f528d1b3472c1832a86e0874c9,"pestle.n.03,mortar",complete,False,bbox_inertia,open_mesh,
a0bad6a087548a5aea7e65985803de2fb4328509,soap dispenser,complete,False,bbox_inertia,open_mesh,
a0c910cab385f41b73598329734b47e6d3373466,floor lamp,complete,False,bbox_inertia,open_mesh,
a0d811d7dd36c776a25d80a4d3b74fdf8e7dffb1,wall sign,complete,False,bbox_inertia,open_mesh,
a0f01ff926fe404204e9a7914ba299df5e807694,chest of drawers,complete,False,bbox_inertia,open_mesh,
a0f13226d725a4f897f4756a552b96edda2e8c6b,window curtain,complete,False,weld_or_static,open_mesh|invalid_volume|center_of_mass_out_of_bounds,
a110fe07e23ef68fdac3763765c7909edae75759,wall clock,complete,False,weld_or_static,open_mesh,
a11aaa7a13d113a8c1a2671fd83160b90bde04a0,sofa,complete,False,bbox_inertia,open_mesh,
a11ca43c77d2df1282d72fa1831298c544d6f82b,refrigerator,complete,False,bbox_inertia,open_mesh,
a11d0d99b96c93560b423f7149c1655ee97f848f,wall mirror,complete,False,weld_or_static,open_mesh,
a11e6d0578b9fa33ec154c78b9fdf75f19526b73,bookcase,complete,False,bbox_inertia,open_mesh,
a12c38ab09b33b900974763ce25f5d49208e646b,table,complete,False,bbox_inertia,open_mesh,
a12f2ff787933be2e58fc5f9de19705a427ca717,fireplace,complete,False,bbox_inertia,open_mesh,
a1315ddb1cd4a3478ed4498ae8fe893c1e8c4a3c,wall art,complete,False,weld_or_static,open_mesh,
a13475d927ae8e04cd3bbfa6e384ee0330d8e6a3,throw pillow,complete,False,bbox_inertia,open_mesh,
a140e5e86d68d824993d577473ae0f64b8326118,chair,complete,False,bbox_inertia,open_mesh,
a149eb75978abe43e1c968676d3d52b1759b9b5a,wall art,complete,False,weld_or_static,open_mesh,
a151996c35822c46bd179bff460d721599d38ccd,sofa,complete,False,bbox_inertia,open_mesh,
a154cfba5371d13db69006e7206d5aef663f85e1,hanging cabinet,complete,False,bbox_inertia,open_mesh,
a15e6605df62bf836f4e068e15781e1188bcf901,pendant lamp,complete,False,weld_or_static,open_mesh,
a162b54f72a015f8066899145788fcfc278e5bf1,gift box,complete,False,bbox_inertia,open_mesh,
a1698dad046f8b4c4b83ecb6864e296ecb292534,"clothes dryer.n.01,drying rack",complete,False,bbox_inertia,open_mesh,
a16b76ec97fd1410ec3011d3605504af0a595677,table lamp,complete,False,bbox_inertia,open_mesh,
a16c7d8add298028fa1554535bf961808df56c26,club chair,complete,False,bbox_inertia,open_mesh,
a170b4fd59df0917b5a8e27011a7f8db0891f490,chair,complete,False,bbox_inertia,open_mesh,
a17474ee5c21671b30a73d9203a763d901de6352,wall art,complete,False,weld_or_static,open_mesh,
a17f03892b9f71801e057be9db2de908464d1fba,vase,complete,False,bbox_inertia,open_mesh,
a18e10b5a631db2083bdc36b2dc4126745e6b46c,armchair,complete,False,bbox_inertia,open_mesh,
a1913613aa834ca47cbde3fde16797e565593a87,mantel clock,complete,False,bbox_inertia,open_mesh,
a194a188dfcd8e3796529c0263448ba047ce632f,bookcase,complete,False,bbox_inertia,open_mesh,
a19b47699883e5841599452274d671a1bb2c775e,base cabinet,complete,False,bbox_inertia,open_mesh,
a19e842593852d0614648a3acb3f1fcc117f7407,wall art,complete,False,weld_or_static,open_mesh,
a1a955a6d0706fa3634c9baea186632791ade20c,vase,complete,False,bbox_inertia,open_mesh,
a1bcb3b7e2a89db0b438a339719fb643312278a2,"stairway.n.01,stairs",complete,False,bbox_inertia,open_mesh,
a1c1cb6fa8cc64eaffdc79b2eac143e0588927b0,weight,complete,False,bbox_inertia,open_mesh,
a1cb00c89a44aca868e5ab139a6697cc1050d1d2,ashcan,complete,False,bbox_inertia,open_mesh,
a1cc64ecea06ed0606be2095d842d48911159e37,coffee table,complete,False,bbox_inertia,open_mesh,
a1df429dfce559731be5c2dbcae1b8073cdd8e1f,swivel chair,complete,False,bbox_inertia,open_mesh|center_of_mass_out_of_bounds,
a1df437d263e5758c23e6653d365e0fdcc81ad31,wall art,complete,False,weld_or_static,open_mesh,
a1df488a41d87d4561c429349bc2097e21e8c978,wall art,complete,False,weld_or_static,open_mesh,
a1ef5b93eaf029da57b49fb31ed5e05c01003749,bath mat,complete,False,bbox_inertia,open_mesh|degenerate_faces,
a1fb09d44c5303fe450f75238d5a299e426af38e,wall mirror,complete,False,weld_or_static,open_mesh,
a1ffe13b3963ad146f3e0c34a272f83e913252a2,pendant lamp,complete,False,weld_or_static,open_mesh,
a2019b85453656ac64d641ff7098bc79598089e8,armchair,complete,False,bbox_inertia,open_mesh,
a20af6e98d04cc5775fe03fe3b34ee98ee750255,sofa,complete,False,bbox_inertia,open_mesh,
a20d514ebef2dc925a877c28685387dc0f2ef248,sofa,complete,False,bbox_inertia,open_mesh,
a2103db2fd5152b906bed540af641b879673bbf1,dining table,complete,False,bbox_inertia,open_mesh,
a2135a6cf11a93b6b74d5607a2aff7bd0244f866,table,complete,False,bbox_inertia,open_mesh,
a21c50790cb175560daecd7e9bdecbb84214d0f2,rocking chair,complete,False,bbox_inertia,open_mesh,
a21e9f611718d1fdce4a55069dc8430afd882885,headboard,complete,False,bbox_inertia,open_mesh,
a21f46139ac72eca15b4240cf8055b984d593af1,vase,complete,False,bbox_inertia,open_mesh,
a21f673cca3cf12131c1553986f30132cd97e259,sofa,complete,False,bbox_inertia,open_mesh,
a23298780f77e9beb0eac381979639482a6b547b,pendant lamp,complete,False,weld_or_static,open_mesh,
a23c0acfc3cca5c709dccdf65564628e76ab4498,chest of drawers,complete,False,bbox_inertia,open_mesh,
a24392b88f510d8c7abf8f5a20ccfaa794ed2e81,end table,complete,False,bbox_inertia,open_mesh,
a2546f59391df58427404b45a53dbfbdc70f77bd,armoire,complete,False,bbox_inertia,open_mesh,
a25bd54073d8c44c5f6a9009ed167888848b5014,picture frame,complete,False,weld_or_static,open_mesh,
a263af6c0b172782f05372c2d5a613cee759a100,hanging cabinet,complete,False,bbox_inertia,open_mesh|center_of_mass_out_of_bounds|inertia_not_positive_definite,
a26ad9d764d13be91517133a65d5df9a3e4ee081,window blind,complete,False,weld_or_static,open_mesh,
a273e452eb4b0a43999b2ec7bfefe4b412d5aa06,shopping bag,complete,False,bbox_inertia,open_mesh,
a279753d53f40ac43e222bf0cc86b08ce0911d50,armoire,complete,False,bbox_inertia,open_mesh,
a27bf8a110637546a4ff8636486a55218e2f5755,coffee table,complete,False,bbox_inertia,open_mesh,
a27d085c47cf5d7781071ab32515854b2b8c9d7f,table,complete,False,bbox_inertia,open_mesh,
a2864c57f9ac3e98bfdc0bc4f0b37c3560330f2e,picture frame,complete,False,weld_or_static,open_mesh|inertia_not_positive_definite,
a28a9bcf366b8708e9b363fbb7ddd6202ba458cc,weight,complete,False,bbox_inertia,open_mesh,
a28e9005a5d4a65ab5428fca8f92456843b01bc9,hamper,complete,False,bbox_inertia,open_mesh|center_of_mass_out_of_bounds,
a2983a4841eca51a82414d55af18b9dc348627d3,pendant lamp,complete,False,weld_or_static,open_mesh,
a2a1c69875cef52c41479441264c4fe77b0aaa7b,pendant lamp,complete,False,weld_or_static,open_mesh|center_of_mass_out_of_bounds|inertia_not_positive_definite,
a2a1ec31ab47a0a637616de59901ec2eb4163855,wall art,complete,False,weld_or_static,open_mesh,
a2b12254f941598804f18e07dfa02b9a173997c8,table,complete,False,bbox_inertia,open_mesh,
a2b5c83d8ed4b9acc659b4c27cb258d7ffa9d2b7,crate,complete,False,bbox_inertia,open_mesh,
a2b84191ba83ccf6ba269ce696d89d84211b9971,hanging cabinet,complete,False,bbox_inertia,open_mesh,
a2c21425dd3d3b71c57fbbf8ba3aa01d0efc2f5d,window shade,complete,False,bbox_inertia,open_mesh,
a2c231af0597eb9afcae36a6c7fe16efeeb0a554,loudspeaker,complete,False,bbox_inertia,open_mesh,
a2c6c904c56e2efbc932a1a3c1a0613f7a39994b,wall mirror,complete,False,weld_or_static,open_mesh,
a2ca7cc2bcbc16e9503401a895fdd393a7e9396d,camcorder,complete,False,bbox_inertia,open_mesh,
a2ced0f9ca1c9c567a1a27bedd7804900e89aae4,showerhead,complete,False,bbox_inertia,open_mesh,
a2d18114421991200bb43645a15359859ee9f95d,kitchen cabinet,complete,False,bbox_inertia,open_mesh,
a3037f0f7fbe458c01e019a5db8c4d9914ed0f10,wall art,complete,False,weld_or_static,open_mesh,
a3044ff89c23c967ba9837c4f56007675575dbd0,cabinet,complete,False,bbox_inertia,open_mesh,
a30a539c3f7a251cc7fae365a24ec4228df336a0,sink,complete,False,bbox_inertia,open_mesh,
a30ced9afa9ea08d4bcd968dd77a802900d1065f,ceiling lamp,complete,False,weld_or_static,open_mesh,
a312bac46b28ef8b1e4c71c0e9702529a27de8a7,ceiling lamp,complete,False,weld_or_static,open_mesh,
a313ddf08c74c50c76b0a2f5d62ab9ae41c5ac66,flower in vase,complete,False,bbox_inertia,open_mesh|invalid_volume|center_of_mass_out_of_bounds|inertia_not_positive_definite|degenerate_faces,
a325d8b913b7df4a34c1068286532923be31295e,hanging cabinet,complete,False,bbox_inertia,open_mesh|center_of_mass_out_of_bounds|inertia_not_positive_definite,
a32a1cdbe4ecde9bdd9591b538abc15645c9cd9a,end table,complete,False,bbox_inertia,open_mesh,
a32b295d3151d42cb5809d7ae24f5b7eaad800f2,doorbell,complete,False,bbox_inertia,open_mesh,
a32b93f33cc3fe878420109402d59027bda7c8f2,wall lamp,complete,False,weld_or_static,open_mesh,
a32ed32cc5693cb1ccd4792b7c3f0340cc8eda91,desk,complete,False,bbox_inertia,open_mesh,
a33b4d0b2cf35e7f24e07b0a1dc3b8a2b52593fa,plush toy,complete,False,bbox_inertia,open_mesh,
a33c7a26061ee7a70728ed78e953688931d28f55,mantel clock,complete,False,bbox_inertia,open_mesh|inertia_not_positive_definite,
a34eb58d8e8c6c14548c4d3b915eed8b124dbd63,"stove.n.01,oven",complete,False,bbox_inertia,open_mesh,
a354917b5d42080e88db3b5efb56a817071190af,"stairway.n.01,stairs",complete,False,bbox_inertia,open_mesh,
a354f2a1205878521964e4eb5fc968981549c6fe,"stove.n.01,oven",complete,False,bbox_inertia,open_mesh,
a357ff5954739db5c345f16e89a102597d765728,coffeepot,complete,False,bbox_inertia,open_mesh,
a35f943f68faf2b032307f6b336be2d948b400a6,refrigerator,complete,False,bbox_inertia,open_mesh,
a362cd09714a88e499a8b0b4bed607d233de5ffc,toiletry,complete,False,bbox_inertia,open_mesh|inertia_not_positive_definite,
a36c8e8bf138260959aec51b5fa11d11c7bf8997,table lamp,complete,False,bbox_inertia,open_mesh,
a371e0f1b268f791c3fd4c27e07bae8a4b59cf9e,wall mirror,complete,False,weld_or_static,open_mesh,
a37269f636786fca68f9ed9a32e4c9a6b6e7df40,washbasin,complete,False,bbox_inertia,open_mesh,
a37be0f5a6aef38695d28dd895d4ddada3474ad1,weight,complete,False,bbox_inertia,open_mesh,
a385fc134ef880ca0773e705e0b399da83a950b6,kitchen cabinet,complete,False,bbox_inertia,open_mesh,
a38bec9bf4308ab5499ef7ff795b4f7b82c9b95d,railing,complete,False,bbox_inertia,open_mesh,
a39374cea34aea3a858c0da32455933a642125a6,bar,complete,False,bbox_inertia,open_mesh,
a396dd2cc5c9597ede9ff2f6c6310cb65e9f53d0,tv stand,complete,False,bbox_inertia,open_mesh,
a3aa7554c42e688abc9ad7def329df5891c3cd74,footstool,complete,False,bbox_inertia,open_mesh,
a3adcc07e1656ec5f67c332587ad30ce080a3e89,bookcase,complete,False,bbox_inertia,open_mesh,
a3b325ff5e4d15c184fdc8494e17f5414849fa8d,wall art,complete,False,weld_or_static,open_mesh,
a3b413191de85ee9040e8eee653f9af5738ffab2,coffee table,complete,False,bbox_inertia,open_mesh,
a3b8a2003e4036f7ea2086dbdd0f381d2b4c8315,toiletry,complete,False,bbox_inertia,open_mesh,
a3bb04e10a43d9fc0ec65d0505852cf64d1701b4,potted plant,complete,False,bbox_inertia,open_mesh|center_of_mass_out_of_bounds|inertia_not_positive_definite,
a3c360ebc850cc5b1bc9cc8b2636d7f2eda848b5,wall art,complete,False,weld_or_static,open_mesh,
a3c694de5896e9d6fc1fce2498b5541481bdd008,"candle.n.01,candlestick",complete,False,bbox_inertia,open_mesh,
a3c7913636db84951ec7c51d6ef059a954d16d0b,wall art,complete,False,weld_or_static,open_mesh,
a3e00bd6988f75faadbc9865302e24caa9202421,kitchen cabinet,complete,False,bbox_inertia,open_mesh,
a3e35efa170d8d4f312116cf6a52c618ddd2af16,kitchen cabinet,complete,False,bbox_inertia,open_mesh,
a3e7ee889942ea04526f0c0bab67f0b255d6a17f,wall art,complete,False,weld_or_static,open_mesh,
a3f468d8b4060830a47c22bb733121ef13bbb3a5,chandelier,complete,False,weld_or_static,open_mesh|center_of_mass_out_of_bounds|inertia_not_positive_definite,
a3f85bd1e89b7ea773ff757758b757f59752767a,wall hook rack,complete,False,weld_or_static,open_mesh,
a3fce687e16c92cce0a801e92c7705a20ac74525,plush toy,complete,False,bbox_inertia,open_mesh,
a40d0cd6ddff219f78c56b6a79bbde1e3ef7cd03,sofa,complete,False,bbox_inertia,open_mesh,
a40ffdaaed7add28c59d737695930d8ff43fd93c,ottoman,complete,False,bbox_inertia,open_mesh,
a4162d863d9da0ae83f31a9de7802dd1a15e1cf2,"stairway.n.01,stairs",complete,False,bbox_inertia,open_mesh,
a41b5efb29d61217e91973e11de42bdc2c001598,mat,complete,False,bbox_inertia,open_mesh,
a41e6f9b40a0e4d57a462c4e8d9d6ab48ab332ec,table,complete,False,bbox_inertia,open_mesh,
a4255059fac75c9d30c4b771a24c0570f9fd8dce,potted plant,complete,False,bbox_inertia,open_mesh,
a426ac95d8aec9ce6c6721e8bee4f290bc144db5,shower stall,complete,False,bbox_inertia,open_mesh,
a42e2ef37ca205ecb1927bde89c6b618ddcda71b,desk,complete,False,bbox_inertia,open_mesh,
a42fa5c6860d9d8e43df42fda817479ab0b31951,sink cabinet,complete,False,bbox_inertia,open_mesh,
a43a998d9d4cfd0f96fd72a16b3bee286ba89569,coffee table,complete,False,bbox_inertia,open_mesh,
a443254659cf685e65190747772d47086f49d81a,chest of drawers,complete,False,bbox_inertia,open_mesh,
a4475bb134727ef64a59da3cb5e0599091ddca78,console table,complete,False,bbox_inertia,open_mesh,
a46ed979bc467c63532515b763cb72495931c8a3,nightstand,complete,False,bbox_inertia,open_mesh,
a4741ecf28563f787f020fa83d22b55a78e98344,towel rack,complete,False,bbox_inertia,open_mesh,
a47828a435aca537d149eff6bbf22e4b7d454f63,chaise longue,complete,False,bbox_inertia,open_mesh,
a47dfc4c45cb05934f2913e1d7887f13000bdf14,pendant lamp,complete,False,weld_or_static,open_mesh|center_of_mass_out_of_bounds|inertia_not_positive_definite,
a48aee1d7e951ba820b3b281488a23b30abd1913,chandelier,complete,False,weld_or_static,open_mesh,
a48b10aac6bccf006991e59f7b91f87ce157512b,end table,complete,False,bbox_inertia,open_mesh,
a48ea3b073b996c10701e1e2e6ef9e119f8edff4,string lights,complete,False,bbox_inertia,open_mesh,
a4975d8630a2c7b17c07cce4c759d49a206bc838,window blind,complete,False,weld_or_static,open_mesh,
a4990cf91bd66fe1fda09a1d5df0d6131180939c,nightstand,complete,False,bbox_inertia,open_mesh,
a4b8d2170a65622aec4cc922103990b1c7783a46,buffet,complete,False,bbox_inertia,open_mesh,
a4bcf63cbca10accb6cd4950ea3b2a541fd834c8,coffee table,complete,False,bbox_inertia,open_mesh,
a4bd43180769b197321a7667af49ebc37d2cfc55,greenhouse,complete,False,bbox_inertia,open_mesh|center_of_mass_out_of_bounds|inertia_not_positive_definite,
a4c07cdfd91b7c628db7ffbf9a48ca58c27113f4,armchair,complete,False,bbox_inertia,open_mesh,
a4c2f9534ee75d24aba6a915459455d03d087f96,rug,complete,False,bbox_inertia,open_mesh,
a4c56755139387b86eb678f60245a440394444ed,chair,complete,False,bbox_inertia,open_mesh,
a4ce98147b16d501516e15e56dce76be9f46124f,wall art,complete,False,weld_or_static,open_mesh,
a4d3cd6af07096126cb54583f13c1b06a631c7d6,wall art,complete,False,weld_or_static,open_mesh,
a4d5f40495323c3bd9def72797e5079c68483fe2,bookcase,complete,False,bbox_inertia,open_mesh,
a4d8c0459288b97012538a979e88b0fe2f75f345,track lighting,complete,False,bbox_inertia,open_mesh,
a4eb380b5fad3422e901e3f864db70ec153f07f0,hanging cabinet,complete,False,bbox_inertia,open_mesh,
a4f1e3aedb9415eaaba4a699ebd333a1833c1b2e,washer,complete,False,bbox_inertia,open_mesh,
a4f48e0319d4ef03b303c2ebc1876172582baa6f,coffee table,complete,False,bbox_inertia,open_mesh,
a4fe17ac1cceb3d8c6cf020b14522c345f526d8a,nightstand,complete,False,bbox_inertia,open_mesh,
a50113c91dbd26014e5b4d2aa0fac9f386fa1760,bar stool,complete,False,bbox_inertia,open_mesh,
a503e7a923fc2e9a4793c2039a0b1534cd31501d,sofa,complete,False,bbox_inertia,open_mesh,
a504a3a71dd9ce9b659dc72122a26314776681c7,basket,complete,False,bbox_inertia,open_mesh,
a50665eb9bf6c57860330bc8f492760001163607,mantel clock,complete,False,bbox_inertia,open_mesh,
a506c15b7a7f4d0fc633a073e7c483c961b3cbf8,throw pillow,complete,False,bbox_inertia,open_mesh,
a50d0d8aec6fc3625305e4ef078ab19a6f76237c,sofa,complete,False,bbox_inertia,open_mesh,
a5143ce70e95c7ccfb8f4061b09b6f731ca37e0b,swivel chair,complete,False,bbox_inertia,open_mesh,
a514f35e0b6d2e8e04b33ad7cf8102575837cd7d,end table,complete,False,bbox_inertia,open_mesh,
a51a17854474074b191d615f9cf6ec1f6f387101,pendant lamp,complete,False,weld_or_static,open_mesh,
a51fa63c7ab141e2d87f868600e388c4102272f4,stool,complete,False,bbox_inertia,open_mesh,
a520be7d8a52777002429df7f7a0e405ab4de80c,"poster.n.01,wall art",complete,False,bbox_inertia,open_mesh,
a52b590f3d162eb7d6d332255d7515238d42e307,potted plant,complete,False,bbox_inertia,open_mesh|inertia_not_positive_definite,
a52e492b90e6f003df6c9ff329e5362a19ff4a58,showerhead,complete,False,bbox_inertia,open_mesh,
a536e8f30b7941256dfd8a5b8d93903011987572,hamper,complete,False,bbox_inertia,open_mesh,
a53f95dc79580503ac12763c3ae42ebca93270c4,wall lamp,complete,False,weld_or_static,open_mesh,
a54b0be05b0158c98ba1e3cd3a10eeba2669695f,railing,complete,False,bbox_inertia,open_mesh,
a54cc37f30d048e84683e732174c45c0d37f938b,crib,complete,False,bbox_inertia,open_mesh,
a54cf3794f633c60b8a5d21917622530f5a04435,coffee table,complete,False,bbox_inertia,open_mesh,
a5554f1d7f6d6778f3ffa7513f080afbf8cea47f,"toiletry.n.01,perfume.n.02,bottle",complete,False,bbox_inertia,open_mesh,
a55da36088048698a1bebfd9aa7aaa5c17422961,drying rack,complete,False,bbox_inertia,open_mesh,
a560c09a4fab5daa58b4f8860a580bc171053f90,floor lamp,complete,False,bbox_inertia,open_mesh,
a57ca3b4a7a80c697f6c0e9ca85229b2dbcc52ad,"letter.n.02,wall decor",complete,False,weld_or_static,open_mesh,
a58017bdd5c63666442746ea9baeca7d0a57185b,throw pillow,complete,False,bbox_inertia,open_mesh,
a585d0a9569d7d2fe6f20661e63937614b5fef9e,wall art,complete,False,weld_or_static,open_mesh,
a58885b138c463870ae858aae6acd55ca46574c8,footstool,complete,False,bbox_inertia,open_mesh,
a58d0c1e9cc61d4f9aa0be8379f2bcd2d3511e74,potted plant,complete,False,bbox_inertia,open_mesh|center_of_mass_out_of_bounds|inertia_not_positive_definite,
a591c8e8c81793f40850c7a9957dd8347e6c3a14,throw pillow,complete,False,bbox_inertia,open_mesh,
a59205db06e99925d8fdf6c9c15b4ea223d0ad50,wall art,complete,False,weld_or_static,open_mesh,
a59b928aa3c41bdf8eb83d1442ceb97ced4b85a0,flower in vase,complete,False,bbox_inertia,open_mesh|inertia_not_positive_definite,
a59e535e966404d987d27df200bcc1ddd3756003,ceiling lamp,complete,False,weld_or_static,open_mesh,
a5a5c0c628c77aa02d76c0b5eadeaab0af25be56,toilet flush plate,complete,False,bbox_inertia,open_mesh,
a5a7a8a11f25451c9826d789d6c400f71d9349d5,ceiling lamp,complete,False,weld_or_static,open_mesh,
a5ad2b8123b11b0b0a119849c142cd10c0ab070d,throw pillow,complete,False,bbox_inertia,open_mesh,
a5ba8d612de3070ed6345dc44886ec05a7345b1c,potted plant,complete,False,bbox_inertia,open_mesh|center_of_mass_out_of_bounds|inertia_not_positive_definite,
a5bfc72e8a5ac244cab3158a1f805bb20cf896d3,lantern,complete,False,bbox_inertia,open_mesh,
a5c567f1f68280d29402e3b14a873fc1b0b76910,rug,complete,False,bbox_inertia,open_mesh,
a5ccc986741b9b86236860af8f05cec6e450f721,chandelier,complete,False,weld_or_static,open_mesh|inertia_not_positive_definite,
a5ceb39dcca171665cdf5b5afe8791c6298eb9e7,bookcase,complete,False,bbox_inertia,open_mesh,
a5d07135990748c420de602e6dbf489b30face08,table lamp,complete,False,bbox_inertia,open_mesh,
a5d12b6c09273e095ecb0edda640bc4bfde3832d,wall art,complete,False,weld_or_static,open_mesh,
a5d4b9f023a6a7686c5f973a53cb554e8d108d84,bookcase,complete,False,bbox_inertia,open_mesh,
a5e0ba04cea56351fe5dc700a43d3949436d7fd9,beanbag chair,complete,False,bbox_inertia,open_mesh,
a5e7d10d32aedfdd4b8118801a537f00807a3b4a,nightstand,complete,False,bbox_inertia,open_mesh,
a5ed8abe60e8461fe8ae82dfbd7765d5c08c7f6d,wall art,complete,False,weld_or_static,open_mesh,
a5f9a4e0b89f85a3f8e117c3662541608f938b38,swivel chair,complete,False,bbox_inertia,open_mesh,
a5f9bb1a1d0549240b4f7d7ab0caafbc693299f7,sofa,complete,False,bbox_inertia,open_mesh,
a5faa788a66067bdb536364b705735ba7c5547af,storage bench,complete,False,bbox_inertia,open_mesh,
a5fd4c64bf0d72530a68902e5b07d79e2877ce0d,basket,complete,False,bbox_inertia,open_mesh,
a6046375aa5eff90d6dc62e424f3c688d8059855,rug,complete,False,bbox_inertia,open_mesh|center_of_mass_out_of_bounds|inertia_not_positive_definite,
a605f9b69231c0dbb78dc7c86a78c8a47fb3c644,picture frame,complete,False,weld_or_static,open_mesh,
a6066a050dcb136cd10e029fec88a32fda0b72b5,hobby,complete,False,bbox_inertia,open_mesh,
a6198e12068626dc1618978d3a9e40640e156383,coffee table,complete,False,bbox_inertia,open_mesh,
a622b0ad916c7703b9acc23584174a43137f3efb,canister,complete,False,bbox_inertia,open_mesh,
a62409c9dad2a4e7612ef932db2d03a192b56332,wall lamp,complete,False,weld_or_static,open_mesh,
a62abcfbffa56d49cbf6588367a8ca3bfc36e526,floor lamp,complete,False,bbox_inertia,open_mesh,
a630fbac79cdc164c9344a588f72d207b6d25e33,microwave,complete,False,bbox_inertia,open_mesh,
a632498169966d7fb799ac049da4ac322248012e,nightstand,complete,False,bbox_inertia,open_mesh,
a63cb49060e3a034ebc86fea841e5e1521a85629,bottle,complete,False,bbox_inertia,open_mesh,
a640ae6134ab74e2e2d8b7da6cc1dffdc8eaa76d,throw pillow,complete,False,bbox_inertia,open_mesh,
a65297dccfaad2014cb1dfeee9e07ebc3dab25db,chest of drawers,complete,False,bbox_inertia,open_mesh,
a655b5bd1b38850ccbda730b900e9ce041419f98,buffet,complete,False,bbox_inertia,open_mesh,
a65db99f3ed2a6d70939f5f00b73a7abab4c7d07,chandelier,complete,False,weld_or_static,open_mesh,
a65ea750697c79718cf35df657863ed04f873ea9,sofa,complete,False,bbox_inertia,open_mesh,
a671149b6bb4fc4d7a004b7b41e0e5186a45924c,pendant lamp,complete,False,weld_or_static,open_mesh,
a67b6d7ab7b6a46e1c347a818dcd19663577fee8,tureen,complete,False,bbox_inertia,open_mesh|center_of_mass_out_of_bounds|inertia_not_positive_definite,
a67db9c143b91ab12fa3ac0851470e4ef177ecc3,shower stall,complete,False,bbox_inertia,open_mesh,
a67e5e909d4229ddfbfed42896ba79f9a61750fb,wall art,complete,False,weld_or_static,open_mesh,
a68c1f5acfcdc00c4b3d832572cc6e2621685ee3,sculpture,complete,False,bbox_inertia,open_mesh,
a68d1a2e598b342e3b06d6532c4a9814586d7fba,footstool,complete,False,bbox_inertia,open_mesh,
a68ed12c6ad62a575cc8e4be225e14ab80ae7959,wall art,complete,False,weld_or_static,open_mesh,
a6a7ccf24336ed52468d49ca3abc4a0329b55b77,window curtain,complete,False,weld_or_static,open_mesh|invalid_volume|center_of_mass_out_of_bounds|inertia_not_positive_definite,
a6abf3f05e6692cddc81c54d687a17afdc0b992a,shower stall,complete,False,bbox_inertia,open_mesh,
a6bccdd5282990590a2e092803458c3964b4aeca,shelving,complete,False,bbox_inertia,open_mesh,
a6bcdd198fe443ffdb43fdd899b87aa13a2512ee,lantern,complete,False,bbox_inertia,open_mesh,
a6be616224f4dce468b234d0717a4e95def9ca4a,range hood,complete,False,bbox_inertia,open_mesh,
a6c35def60f0048ba629f074dabd4feb505d50e9,firepit,complete,False,bbox_inertia,open_mesh,
a6c4565ee1b941efb249ece3af4a3e882fb88964,console table,complete,False,bbox_inertia,open_mesh,
a6c7c25fda32c77d416f8fe73a262a9fa73e5a86,wall art,complete,False,weld_or_static,open_mesh,
a6cc1a28962e4e21a94f8238bb816cf14c0c5e12,gift box,complete,False,bbox_inertia,open_mesh,
a6d4ca2a63e1bd0bff603d1fd57e3e321d16587f,chest of drawers,complete,False,bbox_inertia,open_mesh,
a6e3768bbc5b6e8816724feb66dd37c11c073553,barrow,complete,False,bbox_inertia,open_mesh,
a701cd337013bc6e8e6d9e209a66bae70f9a56b8,water scooter,complete,False,bbox_inertia,open_mesh|degenerate_faces,
a7083dbe58df81fdaf42d9483d2f6a4a80d56df0,armchair,complete,False,bbox_inertia,open_mesh,
a70fb3e4fb65cac24249dd2ef1f3db031e81d7b8,stool,complete,False,bbox_inertia,open_mesh,
a711469ae87945b914c78d955b0919a033603d24,end table,complete,False,bbox_inertia,open_mesh,
a7120619c5758076fc2dc999cf8840390b7135a4,wall art,complete,False,weld_or_static,open_mesh,
a71d37ab4c16096cf589ac630166c50ad4b208e1,vase,complete,False,bbox_inertia,open_mesh,
a7251200a39772ea39e1fbfc74cd67c09b69ebb8,wall art,complete,False,weld_or_static,open_mesh,
a72d7403a0ea8133a89bff0bfc266d443613420a,armoire,complete,False,bbox_inertia,open_mesh,
a73ab435a592f804b7caa9c3a79f03122c536476,bookcase,complete,False,bbox_inertia,open_mesh,
a73ee286689e2976024da0b13fc734cfb29d7596,range hood,complete,False,bbox_inertia,open_mesh,
a73f237dbb361f9a72c384c2023d1d7257e8dcb3,wall art,complete,False,weld_or_static,open_mesh,
a741ae95ad2a109ef6f6f8781870def429815c12,wall art,complete,False,weld_or_static,open_mesh,
a75050f4cd0be4c5fd658429b90c1cf342730d09,chair,complete,False,bbox_inertia,open_mesh|degenerate_faces,
a756e51292c1fa19b9c35b83a0d19f1320bf2b34,wall decor,complete,False,weld_or_static,open_mesh,
a75ab1ee47de5ae0a21713f2cf1965b0c8dc8cd3,throw pillow,complete,False,bbox_inertia,open_mesh,
a7758bcdaa3b0b75b12df89dd6ea59378e0c3fe3,chair,complete,False,bbox_inertia,open_mesh,
a77e6006efcacc637e1c2a49e72232ee0f435e35,tv stand,complete,False,bbox_inertia,open_mesh,
a78f4c764f89f8d62969bb1af66013dca32dab5f,wall art,complete,False,weld_or_static,open_mesh,
a7931cc380b0cb2b5d31a212280182a458701032,dining table,complete,False,bbox_inertia,open_mesh,
a79bc2b7cd4730aacc1661af28864bc1ec1cc162,table,complete,False,bbox_inertia,open_mesh,
a79be8bdd3c173b2419d6e0806ff86a7a8888e6d,crib,complete,False,bbox_inertia,open_mesh,
a79d5081e6bb0131639f8cf79e4d4578c1d51723,sofa,complete,False,bbox_inertia,open_mesh,
a79e2b7ac764b53e47583465d84a61d8d99dba18,table lamp,complete,False,bbox_inertia,open_mesh,
a7a0d68a04ca83618e899c167b20d007ab00cb11,potted plant,complete,False,bbox_inertia,open_mesh,
a7a156058dab3cb8727e075a010473640b3a7155,kitchen cabinet,complete,False,bbox_inertia,open_mesh,
a7a9b8d2ae756986014a94885ed86da2ba797214,buffet,complete,False,bbox_inertia,open_mesh|degenerate_faces,
a7bf4ed6d6dfd080abd115fc98fabbe56b08a4b6,"poster.n.01,wall art",complete,False,bbox_inertia,open_mesh,
a7c2a006fbc020eceae0be06a3d5f3423926423e,wall art,complete,False,weld_or_static,open_mesh,
a7ddd8294508f641b22c3bfeba6328a77cd4a74a,ceiling lamp,complete,False,weld_or_static,open_mesh|center_of_mass_out_of_bounds|inertia_not_positive_definite,
a7e08fe5e4e9c52ddbc3f0d6d34c514e7b310581,table,complete,False,bbox_inertia,open_mesh,
a7ea5f486922ebe96a5dc95bcc070ac6c22daa00,wall art,complete,False,weld_or_static,open_mesh,
a7f27777d1632bc247b7d52e5d811663f4d87a2a,wall clock,complete,False,weld_or_static,open_mesh,
a7f6ef013ea0beecca1af4344b2547fd367e90d6,wall lamp,complete,False,weld_or_static,open_mesh,
a80f4fd3aba250b90ab16faaa067a694808653ab,wall art,complete,False,weld_or_static,open_mesh,
a8101c2391c361128ad2e6d14104b464e0a9d480,rug,complete,False,bbox_inertia,open_mesh,
a82034ab419a404283dee141a91414904109f3db,wall mirror,complete,False,weld_or_static,open_mesh,
a8292b780623daf11fa459a857bd52c8738f6a99,wall lamp,complete,False,weld_or_static,open_mesh,
a8394a6023096f067ba41b272ca50cc450efdcbb,sofa,complete,False,bbox_inertia,open_mesh,
a848b8bc407025e092d7a0372067ff42a7fe79eb,armchair,complete,False,bbox_inertia,open_mesh,
a853b09e177cc93f481ff79beb9b701898a468a4,rug,complete,False,bbox_inertia,open_mesh,
a858cba39573583f6aff0a31d237bcebabaaf503,desk,complete,False,bbox_inertia,open_mesh,
a858cdf5b8cb7e6317133eac88be532e0615c04c,sculpture,complete,False,bbox_inertia,open_mesh,
a861c4b89d1e0c526804337da092a105afbf3523,ceiling lamp,complete,False,weld_or_static,open_mesh,
a869085dfecd965de206aaa78a2ae60b45bf1cee,range hood,complete,False,bbox_inertia,open_mesh,
a8795bf6e6d4508dab2b1d9c8cdad19dddacb2be,storage box,complete,False,bbox_inertia,open_mesh,
a87ae8e3bd9b8c3c45d3330cbac583baa957c3bb,"stove.n.01,oven",complete,False,bbox_inertia,open_mesh,
a88713bc360c1f4fd6babaa601e20397f2c12c91,ceiling fan,complete,False,weld_or_static,open_mesh,
a88e245c756134b932339ce1e927d4687b7289e9,potted plant,complete,False,bbox_inertia,open_mesh|degenerate_faces,
a88ed421b2865aaabf6eedd612aabf3a7ecdd55b,sofa,complete,False,bbox_inertia,open_mesh,
a88edd11e8996c7e09faa02c72afd5a613006a18,blender,complete,False,bbox_inertia,open_mesh|center_of_mass_out_of_bounds|inertia_not_positive_definite,
a8a1c5e989b0688db3c07e471dba7c5c247af321,dining table,complete,False,bbox_inertia,open_mesh,
a8a7e45ba7280d452bc9503eb7a05e583dcc21e0,coffee table,complete,False,bbox_inertia,open_mesh,
a8a92bc066a2719ceb9985e7e5996097ed339561,kitchen island,complete,False,bbox_inertia,open_mesh,
a8aaf5f04458e7126749a23f5dfd3653cc056a36,table lamp,complete,False,bbox_inertia,open_mesh|degenerate_faces,
a8af696279072e1de8f93d3afad7a975936a7829,wall mounted screen,complete,False,bbox_inertia,open_mesh,
a8b06d7ea19200dffe40cdcb9365a5e866a3f7c1,armchair,complete,False,bbox_inertia,open_mesh,
a8b7d5b8711b510f744ea07a9fcc3063e98b11a2,hanging cabinet,complete,False,bbox_inertia,open_mesh|center_of_mass_out_of_bounds|inertia_not_positive_definite,
a8cd3c120e23815d0b96348683cf895137dd5ae6,sofa,complete,False,bbox_inertia,open_mesh,
a8d5c2a789290c41ec2d7f939d616ecdd685c367,ceiling lamp,complete,False,weld_or_static,open_mesh,
a8e2f442d0f6e5d86d27aa23aac71392f332addf,plush toy,complete,False,bbox_inertia,open_mesh,
a8e5b9b84b920d67d17d51c5d40d797f0c07ae4d,trunk,complete,False,bbox_inertia,open_mesh,
a8eaa27dc44ec7346c9a32f1ad6773d7a80abc83,ashcan,complete,False,bbox_inertia,open_mesh|inertia_not_positive_definite,
a8fe5f34c49c3e11bd9f5ef3380b5e7efef943e2,blackboard,complete,False,bbox_inertia,open_mesh,
a919a3e6b458e57f566b18142d568e213911d825,china cabinet,complete,False,bbox_inertia,open_mesh|degenerate_faces,
a91ad65c10c4b1f8e408e52ab9f480b181f00aba,coffee table,complete,False,bbox_inertia,open_mesh,
a939c1e3dfea1f19b83a8af64b980371f3f86e72,potholder,complete,False,bbox_inertia,open_mesh,
a93e63769a22a4458ac2801e5a2bca98912fe2c5,bar stool,complete,False,bbox_inertia,open_mesh,
a94ad5bf090f46893207101007c3527da0c45a20,wall art,complete,False,weld_or_static,open_mesh,
a964c4d71e0119c73560715b0c3e4b27d81bb595,bread-bin,complete,False,bbox_inertia,open_mesh|inertia_not_positive_definite,
a966028d93d049a688dd870763af6e1f833472a2,table lamp,complete,False,bbox_inertia,open_mesh,
a970452b24bb12f850799e2ccc1e4080f7965073,desk,complete,False,bbox_inertia,open_mesh,
a980ba02a55b4f8bd67d9e1c6dc2231679bc82c9,table lamp,complete,False,bbox_inertia,open_mesh,
a988bc50b88f4e627a0860ff647e1c9f62ea66a2,desk,complete,False,bbox_inertia,open_mesh,
a99053b5ac310305bc5205d96afcb5759638dc5b,faucet,complete,False,bbox_inertia,open_mesh,
a990b5e87e092c6dad88d6d85dd62488dbf992e6,wall art,complete,False,weld_or_static,open_mesh,
a99599b49e9cac70023e2061effb70b8500fe138,door,complete,False,bbox_inertia,open_mesh,
a9967a984dbe294a7b789d969c5f1ed6a9dbca5c,wardrobe,complete,False,bbox_inertia,open_mesh,
a99726b1fb773a189df763d7588d4c5a34726f35,nightstand,complete,False,bbox_inertia,open_mesh,
a99a3743bda401265c136a3e42367c58d175cd51,potted plant,complete,False,bbox_inertia,open_mesh,
a9a76fab18205fcfe2daf953f3fec031af2cbf0a,picture frame,complete,False,weld_or_static,open_mesh,
a9b6fe8bba412e58780758d98c9e60bb434021dc,kitchen island,complete,False,bbox_inertia,open_mesh,
a9ba700ec5455dc24caa22e3bcd7bb60763dc755,bathtub,complete,False,bbox_inertia,open_mesh,
a9bb6d17d217ac5aee1841bece52a245bac958cb,gazebo,complete,False,bbox_inertia,open_mesh,
a9bbdf30c010dc048bb6752a2ee0ecfb8ec81fbf,flower in vase,complete,False,bbox_inertia,open_mesh|inertia_not_positive_definite,
a9be04a84ab7ec9e041c9eb767281ec87b7096a4,refrigerator,complete,False,bbox_inertia,open_mesh,
a9c23e2a70d19ca93aefc0b7530ed62d23d5df4a,buffet,complete,False,bbox_inertia,open_mesh,
a9d2476068900af1b82186b478d88310aa80c4ad,potted plant,complete,False,bbox_inertia,open_mesh,
a9e73eb4266cde5b9e1e25ca18be5829001817dd,throw pillow,complete,False,bbox_inertia,open_mesh,
a9e80f831a6f835f76d197999c2bfde8370bea6c,chandelier,complete,False,weld_or_static,open_mesh|degenerate_faces,
a9e9ef0acdd9dfa01bc2500ce32d1895069c41ce,armchair,complete,False,bbox_inertia,open_mesh,
a9ed384f6a3ef0898de566492ca72d8a1800cbf4,chandelier,complete,False,weld_or_static,open_mesh,
a9f241205d5f66e51cc7e86b70a0f803c5478593,floor lamp,complete,False,bbox_inertia,open_mesh,
a9f5b28a6f5ef96ba2a49c8fec2458c8f7ced7e1,wall mirror,complete,False,weld_or_static,open_mesh,
a9f65b788dac75a7f26fd2b4e271906d64614d95,ceiling lamp,complete,False,weld_or_static,open_mesh,
a9f9c25845997bb64dac9e552c2fe900d86bb5cb,potted plant,complete,False,bbox_inertia,open_mesh|invalid_volume|center_of_mass_out_of_bounds,
aa06ad39494f2b5f4c07753c64432b6191823717,wall art,complete,False,weld_or_static,open_mesh,
aa09f32e2b308c8d2f6c6aad44da8ca72184dab8,broom,complete,False,bbox_inertia,open_mesh,
aa0b04216de754d8cde67390bb6c2ba28cd27f3d,wall art,complete,False,weld_or_static,open_mesh,
aa120b01575651032fde11b1a73edbd14fc1e134,"stairway.n.01,stairs",complete,False,bbox_inertia,open_mesh,
aa14d1167d776efc3e1433a6ae5a7fe6d3c7f368,flower,complete,False,bbox_inertia,open_mesh,
aa17675255863323a3f9c21a0adc7a6d8c56e489,table,complete,False,bbox_inertia,open_mesh,
aa2229b31ff42c69cfdd3b70cd70da9c140ba1c6,coffee table,complete,False,bbox_inertia,open_mesh,
aa2543288922e010654baa6f953b52f3c4d5b4a3,shelving,complete,False,bbox_inertia,open_mesh,
aa2b2a2a6f377ff82c551d21f177eef2ff7a48af,wall clock,complete,False,weld_or_static,open_mesh,
aa2ee75eac3ca075446378dd8862429620bcc08a,"candle.n.01,candlestick",complete,False,bbox_inertia,open_mesh,
aa3980e5647496394070f4591cff9cd143a067c0,footstool,complete,False,bbox_inertia,open_mesh,
aa42123bfdd0b454a44037a302439cdc87a80f13,wall sign,complete,False,bbox_inertia,open_mesh,
aa48e0adc7ea84c3c8dbb9530d5a56be5c22c13f,cabinet,complete,False,bbox_inertia,open_mesh,
aa4cd1721e991880feae8c8aaf188ab5030e9539,window curtain,complete,False,weld_or_static,open_mesh,
aa51ceaa41dd7e7dd446cffa5efd9aff0ac50026,rug,complete,False,bbox_inertia,open_mesh,
aa554f7be876c98a2c021a1d17ebf7819aeaf002,armchair,complete,False,bbox_inertia,open_mesh,
aa5c19f84c4cf98b8f02b44c9efbaad76a7c3974,wall art,complete,False,weld_or_static,open_mesh,
aa69ad95160221cb20a99652a2d8b905bcefdac4,cabinet,complete,False,bbox_inertia,open_mesh,
aa76b652c5b86da7598e98dab48bd8e8bd9c307f,candlestick,complete,False,bbox_inertia,open_mesh,
aa7c060f55bbf7193d9f557f9deb46ccb515efae,radio receiver,complete,False,bbox_inertia,open_mesh|degenerate_faces,
aa85073bb8fbfc43763bd0a117f6f6a03dca7bb9,sofa,complete,False,bbox_inertia,open_mesh,
aa8dabd9718968050271258aba1fa3fec7bc8134,stool,complete,False,bbox_inertia,open_mesh,
aa8e358ae6d9333c37c9ceecd41bd047d2a058d3,wall art,complete,False,weld_or_static,open_mesh,
aa951162cead11237af31bef20d7b2239c121f56,bathtub,complete,False,bbox_inertia,open_mesh,
aa961b2b3cc22fa4798a3078bd41bbd3b4914588,toaster,complete,False,bbox_inertia,open_mesh|inertia_not_positive_definite,
aa9f2c686d690912a117f12ca4928f759bbcccf3,end table,complete,False,bbox_inertia,open_mesh,
aaa389ae6c9465fe510a26cfa3e65b8fdc1fcfda,"bar stool.n.01,chair",complete,False,bbox_inertia,open_mesh,
aaa7d9e60617aa53e918da84c3b15e887dcf548a,wall art,complete,False,weld_or_static,open_mesh,
aab07767515778e98d5ad8e379d6aa35b9b31a15,"toilet brush.n.01,toilet brush holder",complete,False,bbox_inertia,open_mesh,
aac76408ad9b74b1e1aff59fd6221a5e49bab963,wall art,complete,False,weld_or_static,open_mesh,
aac9ddbfb7a26260f0fedcf12110b61fa0d042de,flower,complete,False,bbox_inertia,open_mesh|inertia_not_positive_definite,
aad01c69d7a27a1740e422f5f64b781816bd86fa,dishwasher,complete,False,bbox_inertia,open_mesh,
aadd558c7aa574b485e07396219055de8c994e2c,range hood,complete,False,bbox_inertia,open_mesh,
aadfa2e05d0c631a482bf15f3db20f6da58d14e2,end table,complete,False,bbox_inertia,open_mesh,
aae6190f0c23e2170f40c4736c0841feaf397356,wall art,complete,False,weld_or_static,open_mesh,
aaecdb19e67392d21115834f481a4c7a2660e90b,desk,complete,False,bbox_inertia,open_mesh,
aaed45509d7a9b5f46ab80cfa60402a220b77ee9,pendant lamp,complete,False,weld_or_static,open_mesh,
aaf1ba3e91ae781751ab5eba22ec2bbd30e05365,thermos,complete,False,bbox_inertia,open_mesh,
aafd05065e99fd2fe12570bbb9f2e24c4c0d1e13,coffee table,complete,False,bbox_inertia,open_mesh,
ab05e0ea6aa3801d378abbbc54a269212303822a,wall art,complete,False,weld_or_static,open_mesh,
ab0b13222d38e8a42a2cb9964312589c3cde536c,wall art,complete,False,weld_or_static,open_mesh,
ab0b3cb143dd3f2921abee437c9cc629bd35887e,globe,complete,False,bbox_inertia,open_mesh,
ab0e61c699e14e1d9f691c93a1ad0fd2cd7f931d,cabinet,complete,False,bbox_inertia,open_mesh,
ab147892f0d3e77a2ff2cf511c8cd62cafb2b973,chest of drawers,complete,False,bbox_inertia,open_mesh,
ab165e78654b42d5568945a3405e69c86010fd17,armchair,complete,False,bbox_inertia,open_mesh,
ab1e3d23b0236ea6d1268efffcf8e8af2f121b23,console table,complete,False,bbox_inertia,open_mesh,
ab2c0b0f83e55076e8f5e511b34a5bd8c1f1be54,balcony,complete,False,bbox_inertia,open_mesh,
ab303194565753b8420cdcb724b9c6ea3139780c,flower,complete,False,bbox_inertia,open_mesh|center_of_mass_out_of_bounds|inertia_not_positive_definite,
ab3ba837dfdae2fec09cd2aacb84839c86a945c0,wall art,complete,False,weld_or_static,open_mesh,
ab49a2b99b6b30f079b9fc852f8938bef646276d,wall art,complete,False,weld_or_static,open_mesh,
ab4d4cec0a502c7fab16b6a7536e638c9ac0cb6a,kitchen cabinet,complete,False,bbox_inertia,open_mesh,
ab4e5b9aedf70569604915eabfe308bf44008b90,coffee table,complete,False,bbox_inertia,open_mesh|center_of_mass_out_of_bounds|inertia_not_positive_definite,
ab56aaa7f6e5e1baf9382b507d105db411484a50,armoire,complete,False,bbox_inertia,open_mesh,
ab5983b4d6d793236b3190269dc6d5eb2a77af1e,sofa,complete,False,bbox_inertia,open_mesh,
ab5cc06132178806df33a34efc46dfeb62724ef1,pendant lamp,complete,False,weld_or_static,open_mesh,
ab60738f5c906987fe6b0611155d455f4d983ee5,chandelier,complete,False,weld_or_static,open_mesh,
ab617ebc61f799779ad52ee80db6fb12bf5d0463,pendant lamp,complete,False,weld_or_static,open_mesh,
ab69e2f34692335d3b782d82bc5ab0c77b411d3c,cocktail shaker,complete,False,bbox_inertia,open_mesh,
ab759332abb691a9f439f4d85a862073effc0179,gym equipment,complete,False,bbox_inertia,open_mesh|inertia_not_positive_definite,
ab8938657b4250e5ee9adf6eb764fa30d4313383,swivel chair,complete,False,bbox_inertia,open_mesh,
ab8b3eb571842581b2ce2542bc0c0e146470caac,wall art,complete,False,weld_or_static,open_mesh,
ab8d86ced366bc30fc1b0733419a8a6f6b3c69ea,wall lamp,complete,False,weld_or_static,open_mesh,
ab92d57704e8ee6b5017e16292b4733f069715fe,soap dispenser,complete,False,bbox_inertia,open_mesh,
ab9a673cff9b0510562d523be9d9371389d5382a,ottoman,complete,False,bbox_inertia,open_mesh,
ab9ca298eb045d3a2fa543fcd3c5436273d146b2,sink cabinet,complete,False,bbox_inertia,open_mesh,
ab9cfa493bdee58a1b3af3894507354badfdb6cb,picture frame,complete,False,weld_or_static,open_mesh|center_of_mass_out_of_bounds|inertia_not_positive_definite,
ab9e7948fa591932fcf4813a2eed1d4269b5498e,basket,complete,False,bbox_inertia,open_mesh,
aba04d58e5af5100adf9e23725029f4effd4aeff,armchair,complete,False,bbox_inertia,open_mesh,
aba98212477cb1453cd75ad521af4131cd1922d6,swivel chair,complete,False,bbox_inertia,open_mesh,
abb152ebe13369be7fce06f2d2a60d1241e8b84c,table lamp,complete,False,bbox_inertia,open_mesh,
abbf8a4b081a056da7258544be89aabb37fd7a10,desk,complete,False,bbox_inertia,open_mesh,
abc7a39eddc4d0f42b087dd8c0f815fbd95f3171,mantel clock,complete,False,bbox_inertia,open_mesh|degenerate_faces,
abca63d29607cf638a6ccaad05bc3ae4ab6d986f,storage box,complete,False,bbox_inertia,open_mesh,
abd34aacf398e2d12913c0051c3e26ecb01afdb7,table,complete,False,bbox_inertia,open_mesh,
abd42f5c99ed0895672b9d1f4806a8a66af25046,bench,complete,False,bbox_inertia,open_mesh,
abd4ffa985c6a97751cfe720e55c49daea217762,playhouse,complete,False,bbox_inertia,open_mesh,
abdf90f16fff277e4860994d84c5fa859d3936c1,toaster,complete,False,bbox_inertia,open_mesh|center_of_mass_out_of_bounds|inertia_not_positive_definite,
abfe6b503ca50f702989ec29e758d6c92b65bb5e,tv stand,complete,False,bbox_inertia,open_mesh,
ac05a558895d021774f34ed90ddbd9398d54ef57,wall art,complete,False,weld_or_static,open_mesh,
ac0817d0fe557345c16534a7c1f25ae6e2972393,chest of drawers,complete,False,bbox_inertia,open_mesh,
ac114540d559a727d248ae6c7f252c1daf9d2223,wall art,complete,False,weld_or_static,open_mesh,
ac24977d9a7a61bc136eb3708abc9bbd36e4bde3,weight,complete,False,bbox_inertia,open_mesh,
ac2a3b9311cbe311edfeeed429f101cf7a6e3ac4,footstool,complete,False,bbox_inertia,open_mesh,
ac2b117a76e842cf7e2af1dd16d0a88d01e78c41,gym equipment,complete,False,bbox_inertia,open_mesh|degenerate_faces,
ac30678cb861a4f539d73803cef3c7a1658323fa,chair,complete,False,bbox_inertia,open_mesh,
ac31059a714fa7c890746f8ceb3822328971b78e,serving cart,complete,False,bbox_inertia,open_mesh,
ac3f9029091c16dc5350fecc9a887c36646abdd5,wall art,complete,False,weld_or_static,open_mesh,
ac49fcf122c3a29fdce60f17e669ae23605561c5,cabinet,complete,False,bbox_inertia,open_mesh,
ac515d1bc69ebaa1319ab1fa9f26a94b67827fc2,bolster,complete,False,bbox_inertia,open_mesh,
ac52643f7db6c4cff086f44c81abb4dcce21797e,guitar,complete,False,bbox_inertia,open_mesh|degenerate_faces,
ac5f091d789aa866473708b4070158d6c09a2904,wall art,complete,False,weld_or_static,open_mesh,
ac5f78e5a9d057ec76e544c6e74ffa00ec82ae13,range hood,complete,False,bbox_inertia,open_mesh,
ac699faed7efa37f5b22c3dde720756e71dbf3b1,shoe rack,complete,False,bbox_inertia,open_mesh,
ac791fc96e000a72e5161c3fd04af3a4779b1cbc,"bar stool.n.01,chair",complete,False,bbox_inertia,open_mesh,
ac79ee94568d0c4d75ab52c40160ca4cfb8d479c,wall art,complete,False,weld_or_static,open_mesh,
ac7f0aeb74c301dbb6a871f8c1020ff97fc170c0,throw pillow,complete,False,bbox_inertia,open_mesh,
ac88278d1e7c67f5b7496da19e3256bcadd59eb9,floor lamp,complete,False,bbox_inertia,open_mesh,
ac92c090320c6273da3073b81639ae33b30a0fe0,chair,complete,False,bbox_inertia,open_mesh,
aca089073861dd70c7db5e99f294ed311d6f3ec4,wall mirror,complete,False,weld_or_static,open_mesh,
aca5d18c00c3b4f402d46ca23421545514e606da,ashcan,complete,False,bbox_inertia,open_mesh,
acce2a11f70af73275e053fe644a8f608089893c,vase,complete,False,bbox_inertia,open_mesh,
accf2e18058047f89e4113486b40cfca3e7cb261,rug,complete,False,bbox_inertia,open_mesh,
acd230a8bd3a0b40a2ce070562934bea57fcf956,sofa,complete,False,bbox_inertia,open_mesh,
acd4be0d167ad8bd8ee4cede8264950870fc7337,makeup mirror,complete,False,bbox_inertia,open_mesh,
ace03d490cb4d773daa89576ea1c7f3ef42c2d54,wall art,complete,False,weld_or_static,open_mesh,
acea4d7039744a7f453aa6b6c653f26d9762c189,cushion,complete,False,bbox_inertia,open_mesh,
aceb0b3f725577a54343d4c2a7386881e1c8f9bf,pendant lamp,complete,False,weld_or_static,open_mesh|center_of_mass_out_of_bounds|degenerate_faces,
acf22253e1046a2ea9abe28d2dcb37816851334f,wall art,complete,False,weld_or_static,open_mesh,
acf548e4c65d6e6b6a855a446b17d33e2e2c498d,wall art,complete,False,weld_or_static,open_mesh,
acfe3955254d50d2134fa4ff31493b7d3f83cb0e,buffet,complete,False,bbox_inertia,open_mesh,
ad044d1b203e3994ab794b2aa8316d57913d4411,television receiver,complete,False,bbox_inertia,open_mesh,
ad12072ab6efb3a5f81bb9ebba29b580bd552220,showerhead,complete,False,bbox_inertia,open_mesh,
ad1394eaa677299b1af4f1062fafa24372d9d8d0,window curtain,complete,False,weld_or_static,open_mesh,
ad1c7575fa2367a9087858da0624554d0b6e7ba8,bath mat,complete,False,bbox_inertia,open_mesh,
ad39ea25c157c4b62ac41e8a5dcea04b78f487ee,shoe,complete,False,bbox_inertia,open_mesh,
ad3ddbccec314088915271db02d4c51e471992be,fence,complete,False,bbox_inertia,open_mesh,
ad5387354cfc817d0731b12e2c354ab6e578be53,desk,complete,False,bbox_inertia,open_mesh,
ad5d977baca487584cd1e79e6289039bfb019fb2,buffet,complete,False,bbox_inertia,open_mesh,
ad6001acaa3ca96be8da06552f771690a85c102a,coffee table,complete,False,bbox_inertia,open_mesh,
ad635dc49d8e6113fffb33d691c948159b71fc56,sink,complete,False,bbox_inertia,open_mesh|inertia_not_positive_definite,
ad69d384732f027940cfbced6b4a9dded7e483a0,wall art,complete,False,weld_or_static,open_mesh,
ad6a719fb46f8308b467b8d269f5ffa6dbeafec5,radiator,complete,False,bbox_inertia,open_mesh,
ad6b4d6a0dfaeea407cbf353b99789bfd5ab0cdc,fireplace,complete,False,bbox_inertia,open_mesh,
ad73c003961c17419152d3cd6029afafeda5916b,ashcan,complete,False,bbox_inertia,open_mesh,
ad7c79a7874289eb70b59fd3e362a657a712d529,"toiletry.n.01,bottle",complete,False,bbox_inertia,open_mesh|center_of_mass_out_of_bounds|inertia_not_positive_definite,
ad811aa2475dd7263ab824210e8d3bf1a31d8566,window curtain,complete,False,weld_or_static,open_mesh|invalid_volume|center_of_mass_out_of_bounds|inertia_not_positive_definite,
ad82a663a4c7b88462fb45d96ed8be31966e97bf,sugar bowl,complete,False,bbox_inertia,open_mesh,
ad87281ca93b236560306a08f0953ba340e85c3c,jug,complete,False,bbox_inertia,open_mesh,
ad8a6ac19ea02c75c38105671d67f4f93686a49b,throw pillow,complete,False,bbox_inertia,open_mesh,
ad8d273db79dfd442b2bf8902da4dc0b4d60054b,mantel clock,complete,False,bbox_inertia,open_mesh,
ad9fc592f9942a7e3feaa19a697329bd65bb7ed3,monitor,complete,False,bbox_inertia,open_mesh,
ada2b6f4342263e90ee35b41ef4d46c0c6fef719,wall art,complete,False,weld_or_static,open_mesh,
ada34426e17dfdc354b71d6a407b9029989cf4d7,armchair,complete,False,bbox_inertia,open_mesh,
adaf50303f95c9ff0a069041673f80cd72469bfb,ceiling lamp,complete,False,weld_or_static,open_mesh,
adb436deed01523e37d79e9278599bb2f67854f3,pendant lamp,complete,False,weld_or_static,open_mesh,
adc2744061c0483d98c1a5121309cb600dd1efd0,blanket chest,complete,False,bbox_inertia,open_mesh,
adc3aaea6b4bf09f853a3844655b98af8c6af2a6,potted plant,complete,False,bbox_inertia,open_mesh|invalid_volume|center_of_mass_out_of_bounds,
add272846c1867361182a25b1c6387f95a5e9ab9,wall art,complete,False,weld_or_static,open_mesh,
add6ba89a44ace58e20a36248fb932b20205a5f1,surfboard,complete,False,bbox_inertia,open_mesh,
add7f768d4a25d0a0df3ad8d7d59d417f56d3938,wall decor,complete,False,weld_or_static,open_mesh,
add80d6154469a9aa2ca93188570bebd0de86dc0,pendant lamp,complete,False,weld_or_static,open_mesh,
addd7be1f5fca37bc1261f75dc73d7ade283d4ff,headboard,complete,False,bbox_inertia,open_mesh,
adedadfe55bc64acd002257edc522c8ffd9a5c98,tv stand,complete,False,bbox_inertia,open_mesh,
adf1a6430989bad369414f30e27f74084f3d2cae,tv stand,complete,False,bbox_inertia,open_mesh,
adfb6777efeee8c2347c24c4d5f6bfdd7767dcb6,"toilet brush.n.01,toilet brush holder",complete,False,bbox_inertia,open_mesh,
adfbfaf6195a62742aef69b0ad5ad01121d2d52a,rug,complete,False,bbox_inertia,open_mesh|center_of_mass_out_of_bounds|inertia_not_positive_definite,
adfca3eb2c102d1c2f2c87372bb4059c249d5ec8,chair,complete,False,bbox_inertia,open_mesh,
ae0417b3fb6309da3b91a6200936a8cf53197c49,railing,complete,False,bbox_inertia,open_mesh,
ae0781cd26c84564875fe4a045ececf2420df52c,shoe,complete,False,bbox_inertia,open_mesh,
ae0c378302f7fe60bae22dfd25ad9f2713a08505,chest of drawers,complete,False,bbox_inertia,open_mesh,
ae10a12665064ecbd059a846007d7a261257745b,hook,complete,False,bbox_inertia,open_mesh,
ae1286a6a9927d2641b0dc02d30082cc35ac7b3c,bar stool,complete,False,bbox_inertia,open_mesh,
ae1b21cc80ed30ab9fdfbd2571b1a6eafc4c067b,sofa,complete,False,bbox_inertia,open_mesh,
ae1c751cb7d5e7977718e3814b1e008f36b382c6,sofa,complete,False,bbox_inertia,open_mesh,
ae1ede393b5fac3b22489f612d3927dbdf066ba1,picture frame,complete,False,weld_or_static,open_mesh,
ae2c7bce156a488d4868a8f494f6050fad5582c1,hanging cabinet,complete,False,bbox_inertia,open_mesh|center_of_mass_out_of_bounds|inertia_not_positive_definite,
ae3113759afa44e43d5afa119c5771b10e5bdf56,wall art,complete,False,weld_or_static,open_mesh,
ae3852aa10b4aadad657d580a33f11025d54d6fd,end table,complete,False,bbox_inertia,open_mesh,
ae38ddc60f4a42deca22f714b069a8879544ce64,stool,complete,False,bbox_inertia,open_mesh,
ae3918fcf73f5a401a283bed2ee90cc8b9192b42,bathtub,complete,False,bbox_inertia,open_mesh,
ae3b308de645f08302063392c6585858cbedc6f7,trampoline,complete,False,bbox_inertia,open_mesh,
ae47916821dd29ad4f5e8e048d92a3f5088767f3,floor lamp,complete,False,bbox_inertia,open_mesh,
ae4815db8753a9603d5ff76780625fe334bbfa07,toilet brush,complete,False,bbox_inertia,open_mesh|inertia_not_positive_definite,
ae4aa77cfe3367a996657d9c917599adf000df7f,flower in vase,complete,False,bbox_inertia,open_mesh|center_of_mass_out_of_bounds|inertia_not_positive_definite,
ae5035f88f88328d04c9093ed15cda8a235fb885,clothing rack,complete,False,bbox_inertia,open_mesh,
ae556cf9509ae72d95a6ffd0bdb3864bf5fcea6c,bathtub,complete,False,bbox_inertia,open_mesh,
ae5831d637c88d01238d0cfafd0f49d2787076b4,straight chair,complete,False,bbox_inertia,open_mesh,
ae5bbeab569aed333ee50e683afdbd4d96ec93a6,sink cabinet,complete,False,bbox_inertia,open_mesh|inertia_not_positive_definite,
ae6b6ed1a3860ad3cecd07676acd2f03f2602144,wall organizer,complete,False,bbox_inertia,open_mesh,
ae6cc79fd4da164cbd2336b08e7b90a6a6bd6b6d,toilet,complete,False,bbox_inertia,open_mesh,
ae76a7493b769bd7cae75043bbcc25afdb2de437,wall clock,complete,False,weld_or_static,open_mesh,
ae8c5d556602da4345b2db888081903a3b689b00,wall art,complete,False,weld_or_static,open_mesh,
ae8d6d659e5b918671bd99d7f6351dfdc8fb7ae4,wall mirror,complete,False,weld_or_static,open_mesh,
ae8e11df60b0db683e1dd7dafc4f17600ec81cc5,gazebo,complete,False,bbox_inertia,open_mesh|center_of_mass_out_of_bounds|inertia_not_positive_definite,
ae9ac13b579222d6f9a3459151e4562892b1aae8,cabinet,complete,False,bbox_inertia,open_mesh,
ae9e45ded60845b515192681e5ab774c76e4c9eb,dining table,complete,False,bbox_inertia,open_mesh,
aea04043b00db219d0de105ec1cbd21354e63fdd,toilet,complete,False,bbox_inertia,open_mesh,
aea09725b176eae21cb59fa852a55174189c11ee,vase,complete,False,bbox_inertia,open_mesh,
aea47d36a557e6ab61bcd8cf861c2a4393ed7de1,guitar,complete,False,bbox_inertia,open_mesh,
aea7950e68f500cd36ccfa35a6f34f395e677d96,wall mirror,complete,False,weld_or_static,open_mesh,
aeae32d8bdeefca3ed46e3f0e6b69106e226fe22,hamper,complete,False,bbox_inertia,open_mesh,
aeb2e9a5c81221e82f0418913d419afea1c05f69,wall clock,complete,False,weld_or_static,open_mesh,
aeb92a7bb38ba0d89115175a7bb170f83b84e97b,lantern,complete,False,bbox_inertia,open_mesh,
aebd4cd68f3d073d927f5d3e66e5285fd0fd8954,wall art,complete,False,weld_or_static,open_mesh,
aec527eef8ce07f9b14aa36e43f173d3c0369f6f,wall art,complete,False,weld_or_static,open_mesh,
aec9ab12b9fed5f9d8fe18ae46e543a849a4b05d,buffet,complete,False,bbox_inertia,open_mesh,
aee5b09c6ec3331b898f991b11b84e451199251e,ceiling lamp,complete,False,weld_or_static,open_mesh,
aee7c3bde9e56a5b7207d7e19f8ad06580e80962,conference table,complete,False,bbox_inertia,open_mesh,
aee86f6cb8551b9601a11062038936fdb927860d,thermos,complete,False,bbox_inertia,open_mesh,
aee87f94b8fe693757b14827b969fbbfe03eb12e,desk,complete,False,bbox_inertia,open_mesh,
aeebbe82b3781a41a9e0227feae371ff8497e72b,chest of drawers,complete,False,bbox_inertia,open_mesh,
aeed66167e7b425a01bcc7a18334583e86be9e1d,wall mirror,complete,False,weld_or_static,open_mesh,
aeeec9884524ab8598dd97d5312a4ebc93148bc1,wall lamp,complete,False,weld_or_static,open_mesh|degenerate_faces,
aef17eb901a2e590865bef12532558e05834a963,wall art,complete,False,weld_or_static,open_mesh,
aef368c5d5013fdcb6f09a4b200aabb90ff3a51d,throw pillow,complete,False,bbox_inertia,open_mesh,
aef50100348d5a15b6caea0cfbb5184997d5ef0d,wall art,complete,False,weld_or_static,open_mesh,
aefe38e12b52119d1fb87ee3fa51f1f5facb63ed,wall art,complete,False,weld_or_static,open_mesh,
af08885f6ce657eff10dd899244cd628a73da63e,flower in vase,complete,False,bbox_inertia,open_mesh,
af0b9aef8292ff2e8c4407b8ba6a5be89ba341eb,"letter.n.02,wall decor",complete,False,weld_or_static,open_mesh,
af102d5ce3df9cc58b991eb618a86f66c5901efe,kitchen island,complete,False,bbox_inertia,open_mesh,
af168ce1c4e779ff70e86e4b06caf8ab34d795cd,picture frame,complete,False,weld_or_static,open_mesh,
af1f4e3160e9cc4a10a17b6cb5596ebd3ef69fca,rug,complete,False,bbox_inertia,open_mesh,
af322da11e1961aab69a9b513966fb2ba4d3d360,throw pillow,complete,False,bbox_inertia,open_mesh,
af33957adc33b637978cd196b793bbac5ef1a933,rug,complete,False,bbox_inertia,open_mesh|degenerate_faces,
af357e69163c47f0d376340314809ae12ee0c609,vase,complete,False,bbox_inertia,open_mesh,
af3a929bc505b1f6592c4f0dad73cdab191fb20c,nightstand,complete,False,bbox_inertia,open_mesh,
af455ac558fac895f778ea1a1fec4ec99e0b4d06,wreath,complete,False,bbox_inertia,open_mesh,
af45703d9d6e1e327161f253cb6bde9dd479c232,armoire,complete,False,bbox_inertia,open_mesh,
af4838430fb5f2c214a137581b98d1601d5584ed,bookcase,complete,False,bbox_inertia,open_mesh,
af524a220a43adb2e7c5bf8a7f2511508742edf2,sofa,complete,False,bbox_inertia,open_mesh,
af58f8524168dbb36acdfd66ef3d4f4c9d0906c0,plush toy,complete,False,bbox_inertia,open_mesh,
af5f3591007b35ad2057014aa1109f56a96bb14c,rug,complete,False,bbox_inertia,open_mesh,
af613c4bd2d226308a30f211b834618a8359b776,"letter.n.02,wall decor",complete,False,weld_or_static,open_mesh,
af67d56adeeaeccd37ed377aa564fa44b236d73d,basket,complete,False,bbox_inertia,open_mesh,
af682e4476cc11ea9ae59186c27ca271edd5e221,throw pillow,complete,False,bbox_inertia,open_mesh,
af6886ba991dd80f63054ba20f06de107fa59784,armchair,complete,False,bbox_inertia,open_mesh,
af69e5fc28473e0fb23ba972e074112051fad449,wall art,complete,False,weld_or_static,open_mesh|center_of_mass_out_of_bounds,
af6ba002ca336c58af252b6de53b36aa1387ca79,bar stool,complete,False,bbox_inertia,open_mesh,
af6bf1d25299d899f80291e989339a14a6f3a6d3,chair,complete,False,bbox_inertia,open_mesh|degenerate_faces,
af753234600031dd1619673de2827b3fb2ae5b72,vase,complete,False,bbox_inertia,open_mesh,
af785dc858bd1d25bc44e8e6ee0191324247212f,window curtain,complete,False,weld_or_static,open_mesh,
af798a55c59fa38c9af351508875571ae19c15ef,showerhead,complete,False,bbox_inertia,open_mesh,
af79f72fc0d7bbcbd25694e3dfcdde3410a88276,seat cushion,complete,False,bbox_inertia,open_mesh,
af835363ff62084830174fd49afc617b1e07c101,potted plant,complete,False,bbox_inertia,open_mesh,
af99ea223925d36ee1da3bab84d524633036ca0a,wall shelf,complete,True,weld_or_static,,
af9a2a4b3e0633a3c6ee7a3caf0525713369636f,table lamp,complete,False,bbox_inertia,open_mesh|center_of_mass_out_of_bounds|inertia_not_positive_definite,
afa04171fbf30e2a5e5cf439d4ae70cdb7a88c62,chest of drawers,complete,False,bbox_inertia,open_mesh,
afac556a45574d445236962a9e625298aea43f47,bookcase,complete,False,bbox_inertia,open_mesh,
afb0f7959a1c990b2e785e8edd1f58e4b53d2433,pendant lamp,complete,False,weld_or_static,open_mesh,
afbb5651607106d810c719265eaf83a472f56551,wall art,complete,False,weld_or_static,open_mesh,
afbe5bf0c84434cd80351009cc16cc741d9900e2,fireplace,complete,False,bbox_inertia,open_mesh,
afc34f614d37dd15c323fbdb9df5e67023c5bc84,chest of drawers,complete,False,bbox_inertia,open_mesh,
afc9c328e06b8166c2ecde48fccb46009df1c9a8,table lamp,complete,False,bbox_inertia,open_mesh,
afd7cffaa5baedd0684fed9c0a70309fa711739b,shelving,complete,False,bbox_inertia,open_mesh,
afdd4e983c37b1582ff757e2f20c7257cfdb7d01,wall art,complete,False,weld_or_static,open_mesh,
afe2a47842d4d89337398f1412c5330aad6ce9dd,cup,complete,False,bbox_inertia,open_mesh,
afe773ff0423115a55e49defb4c62bf5e20cf172,wall mirror,complete,False,weld_or_static,open_mesh,
afef4cb922bf825b5b1a8761aaa201f4b4ff0960,straight chair,complete,False,bbox_inertia,open_mesh,
affb3a7fe6864768a34b3eb9298b0aa142c34e81,ashtray,complete,False,bbox_inertia,open_mesh,
affd27314d1becb79a62dece175068670b27bd4f,fireplace,complete,False,bbox_inertia,open_mesh,
b001731293631a442f32144e36d8829ce175705c,chair,complete,False,bbox_inertia,open_mesh|center_of_mass_out_of_bounds|inertia_not_positive_definite,
b0056e4a91e64dfe27f0439a296902447602f81b,floor lamp,complete,False,bbox_inertia,open_mesh,
b00a45d53ade31ca46d432f98426b88b0ac552c8,sink cabinet,complete,False,bbox_inertia,open_mesh|inertia_not_positive_definite,
b012e7b6b46475fdee5e0d64dfbb5b359e1c7e5b,candle,complete,False,bbox_inertia,open_mesh,
b01a8162a0e1c79c0c38b9d501b2c9589d572a86,plant,complete,False,bbox_inertia,open_mesh|inertia_not_positive_definite,
b0213d09b3be62d76aafbabc3ccb67431ac11727,ceiling lamp,complete,False,weld_or_static,open_mesh,
b02c891d8e86bc914852753f1ce1c318b2499f42,cabinet,complete,False,bbox_inertia,open_mesh,
b02f7becf6dd309a2452a1b96cf8b8243042949c,sofa,complete,False,bbox_inertia,open_mesh,
b033c9e6d7b22928943277cb35ce135cc3d54685,armchair,complete,False,bbox_inertia,open_mesh,
b0455337bd2ea887aef88a629c96c7010d20a6f9,nightstand,complete,False,bbox_inertia,open_mesh,
b04c289889696c7f1940681de877c1eb9d5b9edf,bar,complete,False,bbox_inertia,open_mesh,
b04c3fbc617f2d0ba7c0eee4408e689349ee3d79,dining table,complete,False,bbox_inertia,open_mesh,
b062761ff33783f076efeca6b7c0bcab9564d46e,table lamp,complete,False,bbox_inertia,open_mesh,
b0653bf54cea7fcfb1cde2dd0a34da92729c3a2e,cabinet,complete,False,bbox_inertia,open_mesh,
b06b267984dec630bb9f0a0481b798955059fca7,throw pillow,complete,False,bbox_inertia,open_mesh,
b06c300a066ab6c3b1078b735ff9111cc0f0ec0a,wall mirror,complete,False,weld_or_static,open_mesh,
b06cd810dd6d049475090d786575f1655332afcc,storage box,complete,False,bbox_inertia,open_mesh,
b06dba0564bd4873f39aae3c2baaee28f2d12599,footstool,complete,False,bbox_inertia,open_mesh,
b06dd25b1652319126548b913ad21df7aea30de0,fireplace,complete,False,bbox_inertia,open_mesh,
b077a75a04149e4bd369c92c2be97f101414fd14,treadmill,complete,False,bbox_inertia,open_mesh,
b084a1e5e80ece7227672011515ee3b5b33a01d9,vase,complete,False,bbox_inertia,open_mesh,
b08ab647aabce4c528d7c1a9e8cfff8b0332f6b8,workbench,complete,False,bbox_inertia,open_mesh,
b08ff9ef963290143022654176782c384a0062ad,pendant lamp,complete,False,weld_or_static,open_mesh,
b09008488fdb3dc94b0be198e64f8577a32af1c6,cup,complete,False,bbox_inertia,open_mesh,
b0929827deff77bee9b5a1120d31b29ecc26ae1f,tv stand,complete,False,bbox_inertia,open_mesh,
b0a324b59d4e885ac850353b422bb78ad404a14e,casserole,complete,False,bbox_inertia,open_mesh|center_of_mass_out_of_bounds|inertia_not_positive_definite,
b0a69f0c93a7ce4e17c90f88a75f8db51a178692,stool,complete,False,bbox_inertia,open_mesh,
b0a6e1e1f6e8c6603caba52bfa8e3e06469e9eb7,blanket chest,complete,False,bbox_inertia,open_mesh,
b0aa26f57a12913ac13a7dd07a31e4458881839f,blackboard,complete,False,bbox_inertia,open_mesh,
b0b486e247fdb3468e93cf64af4db346566ed80b,wall art,complete,False,weld_or_static,open_mesh,
b0bcc664f68c5cbf6074a2034df55db048488387,floor lamp,complete,False,bbox_inertia,open_mesh,
b0c0193881ab6e75e9d16e983d21e7c925178d2d,sink cabinet,complete,False,bbox_inertia,open_mesh,
b0cd3d53ad12385bfc59247a57292addc4daad1f,wall lamp,complete,False,weld_or_static,open_mesh,
b0d49e8407aa9c5cb22c78fdf0be679761cfaf1a,wall art,complete,False,weld_or_static,open_mesh,
b0dac93072ce252e3cfbc1ee7bdf4670478ac76b,desk,complete,False,bbox_inertia,open_mesh,
b0e85675655f936f71c6b47f6bf0bcd09e4e09cb,spicemill,complete,False,bbox_inertia,open_mesh,
b0e9b703ff916647e932671971535efbfddc1bee,picture frame,complete,False,weld_or_static,open_mesh|inertia_not_positive_definite,
b0f13a31349346dd4ce358d56a504a860877c327,wall art,complete,False,weld_or_static,open_mesh,
b0f4774afd8a4392ec83f91d2d9bba115e927ce9,throw pillow,complete,False,bbox_inertia,open_mesh,
b0f50906dd617f0ab2303eb8055a5b1402f2180f,bench,complete,False,bbox_inertia,open_mesh,
b10620e794a96839cce5f37974578229667b89b7,wall art,complete,False,weld_or_static,open_mesh,
b10cf89f96b42242113af28de2f6bc2ce7492a10,picture frame,complete,False,weld_or_static,open_mesh,
b117ef7f67b26099b97b30a01f78b297990b569b,wall art,complete,False,weld_or_static,open_mesh,
b11af4142176ca22da20219cecdbf63bff9db8ce,china cabinet,complete,False,bbox_inertia,open_mesh,
b121eaec72f819fa6b4f64e2098f30dfa41863e3,table lamp,complete,False,bbox_inertia,open_mesh,
b12f303d46330bde137a1f82991deaea68d59e68,wall art,complete,False,weld_or_static,open_mesh,
b13253a6054a680cba603ed5d4c12f081d38b098,kitchen cabinet,complete,False,bbox_inertia,open_mesh,
b13552c14f0b9d99862fd089cd14e2cd403e123c,wall mirror,complete,False,weld_or_static,open_mesh,
b136d105af1f63f9caaae98c3942a9415123fd0c,bookcase,complete,False,bbox_inertia,open_mesh,
b14671863c23f04164ce1f4545fd0fe64ff5181c,wall art,complete,False,weld_or_static,open_mesh|invalid_volume|inertia_not_positive_definite,
b14707bf586b55c44c65eaba8da9f6ccc2773e25,throw pillow,complete,False,bbox_inertia,open_mesh,
b1512215bb6f7a6dd58347b8c1f4779bcd725e07,picture frame,complete,False,weld_or_static,open_mesh,
b15e1d3e55fa2b36c327471ac84c3b42b562aa1e,armoire,complete,False,bbox_inertia,open_mesh,
b15fac0004781e1257261e5a7cefa01036a149a9,wall sign,complete,False,bbox_inertia,open_mesh,
b16142c1f913731acf684391604959b2989ff917,desk,complete,False,bbox_inertia,open_mesh,
b16e1cc9c69bef43c81087e0c7d4ae7cee2acec4,gym equipment,complete,False,bbox_inertia,open_mesh,
b186ad426b7ce27fe74d2b8b733e4d7b8e4534f9,rug,complete,False,bbox_inertia,open_mesh,
b18c302b0a9df06a45d89262350eea548a7a1ff5,railing,complete,False,bbox_inertia,open_mesh,
b18f04462a9dfcaed4f878888c089e6c8c156764,coffee table,complete,False,bbox_inertia,open_mesh,
b197329530721482bd16661dff686e879cd3da27,picture frame,complete,False,weld_or_static,open_mesh|inertia_not_positive_definite,
b19a38b2b4b21abff5e0c41d247c79779bf02333,wall clock,complete,False,weld_or_static,open_mesh,
b1a13367818e6353acc5dda9c3489e08e4feaa11,wall lamp,complete,False,weld_or_static,open_mesh,
b1a388d0e7cfefee509ad5b8a34aa63aa610c50e,wall art,complete,False,weld_or_static,open_mesh,
b1a6d2e88e4140c31fd5e419065c47571582b53f,wall art,complete,False,weld_or_static,open_mesh,
b1abf7722a2b5ddf82c254397a60d4869b60b180,bar stool,complete,False,bbox_inertia,open_mesh,
b1b004185adb7eccdefa0577e4c2b9af73158a14,kitchen appliance,complete,False,bbox_inertia,open_mesh,
b1b236b2de1db421b4aa8aaf016710a289d99cc0,throw pillow,complete,False,bbox_inertia,open_mesh,
b1b383a38b8f74f677cabb81886e84a9c6bc8196,table lamp,complete,False,bbox_inertia,open_mesh,
b1b3d0674a74eacaddf0beea66e5679eba96e9d3,swivel chair,complete,False,bbox_inertia,open_mesh,
b1c0fc607c063010c4b9300c955a0e3e5f7001fc,desk,complete,False,bbox_inertia,open_mesh,
b1c39383d02326b7b347361b49b7e70a1401a257,shelving,complete,False,bbox_inertia,open_mesh,
b1c964b529d36176ec5a13f5b325262dfdd7f217,pendant lamp,complete,False,weld_or_static,open_mesh,
b1c9d7321512686e02f2d0be978056456479e14c,bar,complete,False,bbox_inertia,open_mesh,
b1d3e9a9e7d3ee1816993d21100540ac96b786b0,bar stool,complete,False,bbox_inertia,open_mesh,
b1d8f04a74bc6fe1a303593f1acf0c1c5efb19e7,chair,complete,False,bbox_inertia,open_mesh,
b1dcdbb81c2105bee0eadfbaf2e485c23689f843,table lamp,complete,False,bbox_inertia,open_mesh,
b1e34ce1da7d702c1d3d7db979b463637b2148b0,jar,complete,False,bbox_inertia,open_mesh,
b1f493b30dcf305b4ca0a651eb6820f2abcd7777,soap dish,complete,False,bbox_inertia,open_mesh,
b1fa106541c328b43460dbce62396b06183d8e68,wall mirror,complete,False,weld_or_static,open_mesh,
b2097790adbb240c19a5bd5e8c3ae39b25690ff6,chaise longue,complete,False,bbox_inertia,open_mesh,
b2099deab71a16f9622be006d1cc07d561754050,swivel chair,complete,False,bbox_inertia,open_mesh,
b216e895d25ec2120859c1fd5d87cdcfd070ff34,ashcan,complete,False,bbox_inertia,open_mesh,
b21f6587e294f0975c5ed7d0947fa9c95e9b8537,bench,complete,False,bbox_inertia,open_mesh,
b22e386790fbc049bfc554f8eeab943ea228587f,wall art,complete,False,weld_or_static,open_mesh,
b23344ca2cd68c5c078df7d87d5caa7fef2c6024,"cooker.n.01,steamer",complete,False,bbox_inertia,open_mesh,
b23e528013a3892d372731a5dd2f13da2e44bc97,cabinet,complete,False,bbox_inertia,open_mesh,
b2414f3ff69c153c9c9b0095108c7277fd1eadb5,chest of drawers,complete,False,bbox_inertia,open_mesh,
b24b092de7adb8251ce9417f4c923cd0482c8855,potted plant,complete,False,bbox_inertia,open_mesh,
b24e4d2b6565b4e5bcf337ecf2196d24c0d5bdf7,tray,complete,False,bbox_inertia,open_mesh,
b251df69148e02cb9ad8a9118e19b36eca89a06d,desk,complete,False,bbox_inertia,open_mesh,
b254cb1d632c14a3fd27cc9b05b32716bc79c3f7,stool,complete,False,bbox_inertia,open_mesh,
b2625691eadc913dbb1c8be0b17ed6104d75758d,mantel clock,complete,False,bbox_inertia,open_mesh,
b26510bada2b60b037ab8f78f6f8442df8f98a3c,dining table,complete,False,bbox_inertia,open_mesh,
b2658c3d883d6c04665838f75e42a7f739e5f871,wall art,complete,False,weld_or_static,open_mesh,
b26e0381d97a3786488156e7d0b717c457417a55,armchair,complete,False,bbox_inertia,open_mesh,
b270094d150af2094f7333e5594481b42e6a1302,wall art,complete,False,weld_or_static,open_mesh,
b2732ef497c4e06c0cdc2b15b85564008c2bb9ca,trunk,complete,False,bbox_inertia,open_mesh,
b274bfd325fbb81cd00043f7d6164776f68de85f,fence,complete,False,bbox_inertia,open_mesh,
b28d0b8cc2287b94b9d850a2466a107514270c22,wall art,complete,False,weld_or_static,open_mesh,
b294990174311cd86f54a70cae38175c9f9309c6,wall art,complete,False,weld_or_static,open_mesh,
b29dc41dae06d64a3a406c75f4379dfcf56be556,wall art,complete,False,weld_or_static,open_mesh,
b29f18c61b925bf549c484a58bd2e7515d11eef8,dining table,complete,False,bbox_inertia,open_mesh|degenerate_faces,
b2a15fbf1be55416b27bc7ef9a10d2b22af24376,desk,complete,False,bbox_inertia,open_mesh,
b2a384772966d2ece10f4744ec989455bb67c6de,pet bed,complete,False,bbox_inertia,open_mesh,
b2a8a367e54ebed0c0afacca857aafd5175043d6,potted plant,complete,False,bbox_inertia,open_mesh,
b2b0e3b797bb3175caef3c32f61796aeab414201,kettle,complete,False,bbox_inertia,open_mesh,
b2d0a0f6b78260888d894f023c316a69870f314d,pendant lamp,complete,False,weld_or_static,open_mesh|inertia_not_positive_definite,
b2d2f9ca104169f9f8b874be2a35b40c77642439,desk,complete,False,bbox_inertia,open_mesh,
b2d43c076e6d9faac8c38c145b3908aa7ddd6eb0,hedge,complete,False,bbox_inertia,open_mesh,
b2d51f1320af764bee2bb2712ba0484c219370cf,vase,complete,False,bbox_inertia,open_mesh|center_of_mass_out_of_bounds|inertia_not_positive_definite,
b2e04eb723a364eb03bdd4a3d12cdb7d1ea1f6c6,nightstand,complete,False,bbox_inertia,open_mesh,
b2fb0a346cfc3ab75a791f2434ff6baf22a6e74b,coffee table,complete,False,bbox_inertia,open_mesh,
b2ff19db6719e57bae84f00b7b7d45556c2c3498,wall art,complete,False,weld_or_static,open_mesh,
b3029ca8ae0ad5baab76e7b8fce76c09279871ab,wall art,complete,False,weld_or_static,open_mesh,
b3077223fb8b31b7b672c88ce26dca5fbfe2e70b,ashcan,complete,False,bbox_inertia,open_mesh,
b30e6297b98aba4d59324fc88a4f2e74a863261e,candle,complete,False,bbox_inertia,open_mesh,
b30e6b7c1e7918d95f1fed23cd1947de83b768b3,armchair,complete,False,bbox_inertia,open_mesh,
b30f991f98a31fceda0ec97cfff46e6a214948d6,table lamp,complete,False,bbox_inertia,open_mesh|center_of_mass_out_of_bounds|inertia_not_positive_definite,
b30fa7b4dd4c48829a2c3ec014cb013d4db361ee,wall art,complete,False,weld_or_static,open_mesh,
b314e028c0b084d9d3982a8b6ea4027b6d623be8,floor lamp,complete,False,bbox_inertia,open_mesh,
b31522495cac46922d2095d813e1118213a1a06b,curtain,complete,False,weld_or_static,open_mesh,
b327a81554761221992e56b367cc58fcebd3386b,bookcase,complete,False,bbox_inertia,open_mesh,
b32923d978a957c79b4633d07fdebf258ad52051,dining table,complete,False,bbox_inertia,open_mesh,
b330a92c57559393999eb85d633550ee3035d919,dining table,complete,False,bbox_inertia,open_mesh,
b3364d5b34808c61c2a82863eaea9d183e0e4285,wall art,complete,False,weld_or_static,open_mesh,
b35a7b24cc984d6e9d6a15dd55bb64f2359eb845,wall mirror,complete,False,weld_or_static,open_mesh,
b35b2853a988906394635d4823057439ae304daa,wall art,complete,False,weld_or_static,open_mesh,
b35de9aa0e89e76d3c48360327e778fd6a85f65d,umbrella,complete,False,bbox_inertia,open_mesh,
b35edd9663c76d8dce5189ca04cb4b44d9d009de,cabinet,complete,False,bbox_inertia,open_mesh,
b35efb81e807cfb1101481659e41e64d16832124,wall art,complete,False,weld_or_static,open_mesh,
b36034af5a6b020dc06eb28c0fde6e215e151b0e,wall art,complete,False,weld_or_static,open_mesh,
b36f892a0b4421b9c77273b859da50d85e101214,basket,complete,False,bbox_inertia,open_mesh,
b371f5b7a81a330a48c8529beee3c655fa6e03d9,throw pillow,complete,False,bbox_inertia,open_mesh,
b37b0eb5d85c2b2639233e5ddf9f544a1079234c,piano,complete,False,bbox_inertia,open_mesh,
b3839ea63c12168f51635e0f01f431fa4de910b4,cabinet,complete,False,bbox_inertia,open_mesh,
b3879123202b611e2287fb8ef66089bcb13e9d69,plate,complete,False,bbox_inertia,open_mesh,
b38d9c64c47cea5b7b4eeb58164062ad4f0ae3a0,gate,complete,False,bbox_inertia,open_mesh,
b390eeb432f47514ec154d044bede2b7fc1c946a,throw pillow,complete,False,bbox_inertia,open_mesh,
b395c0b27f34bbdf7bfac33bdcb1946daeb2609b,hall tree,complete,False,bbox_inertia,open_mesh,
b397f2eaef6293142be8b6c8abca16ec4dd51bd9,tv stand,complete,False,bbox_inertia,open_mesh,
b39d5fdf03917dbc9ef22c8b7d310e2f3675c4c6,console table,complete,False,bbox_inertia,open_mesh,
b3a62cc9414f106e645b033ceff4660267e30653,basket,complete,False,bbox_inertia,open_mesh,
b3aae4e5b95084cae7923d8bad48947e91e5cf72,swivel chair,complete,False,bbox_inertia,open_mesh,
b3adda8d7adf703010245af9780b9f57ec5f0fe7,wall hook rack,complete,False,weld_or_static,open_mesh|inertia_not_positive_definite,
b3b7780480e764c4178da48937126a9e4c001627,cabinet,complete,False,bbox_inertia,open_mesh,
b3b882593188d528baa0bc45970ba87d82d06109,rug,complete,False,bbox_inertia,open_mesh,
b3d3f291a43128ab155a497b8fa4d61381941305,umbrella,complete,False,bbox_inertia,open_mesh,
b3d4752bce3f27d455d3744e87d3df6b192bbba0,storage bench,complete,False,bbox_inertia,open_mesh,
b3d8fc0343fdfef83b7651a47801cf72128a6270,throw pillow,complete,False,bbox_inertia,open_mesh,
b3e28fca61643805be778c215a6078a3ead0e657,sculpture,complete,False,bbox_inertia,open_mesh,
b3e8be210978ec373be6eb5fcffec36c6a9712e6,plush toy,complete,False,bbox_inertia,open_mesh,
b3ef9e90aaafb14f946e6c716f36eba419fa76a7,exercise bike,complete,False,bbox_inertia,open_mesh|inertia_not_positive_definite,
b3f12cda4072de3c85993fdffd574ab2a9902bc5,ceiling lamp,complete,False,weld_or_static,open_mesh,
b3fc7f7ab089c946e89d6a11b4b8392b8bba9949,sculpture,complete,False,bbox_inertia,open_mesh,
b4032bbb481f0cd94f81688416fa313f63df1928,window curtain,complete,False,weld_or_static,open_mesh,
b403849fe16897c7d53d2578edaa859c46164e71,bathtub,complete,False,bbox_inertia,open_mesh,
b40c4c013467c8c6db3c5d2ecfbcc63577beecd9,armchair,complete,False,bbox_inertia,open_mesh|degenerate_faces,
b4197540cbbe2787185cd37ab9f1524b883cbdbe,desk,complete,False,bbox_inertia,open_mesh,
b41ca78ad7cd44960b9e0b1d3d8695881d54a62d,end table,complete,False,bbox_inertia,open_mesh,
b41e633bea9a1ea9aea95fa6102170157ffe54ca,magazine rack,complete,False,bbox_inertia,open_mesh,
b41fea77f4c3efb03b642eabd6ea095ac97d9735,wall art,complete,False,weld_or_static,open_mesh,
b427d6dfbae7fa3c1db7dc4c4af7d72223c9c18e,wall art,complete,False,weld_or_static,open_mesh,
b42c22f3523f5f99a962e313aa2290dd6d5f9053,wall art,complete,False,weld_or_static,open_mesh,
b42ca21f552e5ff52fbb7bd7de2955c78bc592a7,air conditioner,complete,False,bbox_inertia,open_mesh,
b431e9b61c0556c8306c776201b92b34889a7eb2,coffee maker,complete,False,bbox_inertia,open_mesh,
b435a4ea1bc12314de4f66f9fcd385c4ddab0a51,wall sign,complete,False,bbox_inertia,open_mesh,
b43af01a2578f09af4017a27d285c642536acb99,stove,complete,False,bbox_inertia,open_mesh,
b44b3601e32d9c2501796de2481bb9f4d8490b7e,storage box,complete,False,bbox_inertia,open_mesh,
b44c06472d2fe3d331c58b085367272add4170c8,place mat,complete,False,bbox_inertia,open_mesh,
b44e765fe335b64c2e47662f7ba878e26c909110,ceiling lamp,complete,False,weld_or_static,open_mesh|center_of_mass_out_of_bounds|inertia_not_positive_definite,
b4564eba61b2f62cd803d50c06b62f1bd3692e8d,wall clock,complete,False,weld_or_static,open_mesh,
b45f25fae96795e8a7917f5041dc9edf7741d1be,wall art,complete,False,weld_or_static,open_mesh|center_of_mass_out_of_bounds|inertia_not_positive_definite,
b4620bef8669bf0af1b791f42e477c35d4f9ce31,curtain,complete,False,weld_or_static,open_mesh,
b46437ac19972f7c42291bbdc7a45a549297fce6,gym equipment,complete,False,bbox_inertia,open_mesh,
b469cdabd74ce7e2a4cfb787504e17a8e71f172d,plush toy,complete,False,bbox_inertia,open_mesh,
b47b3235d63821402db20a678799f442dee97eac,window curtain,complete,False,weld_or_static,open_mesh,
b48729416ed78da505af25fd953a52babdaa421b,desk,complete,False,bbox_inertia,open_mesh|inertia_not_positive_definite,
b48a65d43e6baea7be8be089d5e0936d0db3b2b1,ceiling lamp,complete,False,weld_or_static,open_mesh,
b48e86b9315f28d3f5ad9d0d5e16e87b9075b4f6,shoe rack,complete,False,bbox_inertia,open_mesh,
b48fa26645629f0f9039407eee9917da942cb858,sofa,complete,False,bbox_inertia,open_mesh|degenerate_faces,
b4934a67247a1d1dfc53320eeb47b62ecb560dba,coffee maker,complete,False,bbox_inertia,open_mesh,
b49c6f0f86bae4490cfd22c89f11257544cafa63,wall art,complete,False,weld_or_static,open_mesh,
b4a994007887fe2cdec191bc4550e511440c51a5,potted plant,complete,False,bbox_inertia,open_mesh,
b4ba58ab622b84b76b98a8d4f907116425d68f3b,plush toy,complete,False,bbox_inertia,open_mesh,
b4c970f1a8fa29e0934f4e8ccd1cb67ad92b0d51,vase,complete,False,bbox_inertia,open_mesh,
b4cf4408a37cdbc3429dbad7f890f168b71dacbc,shoe,complete,False,bbox_inertia,open_mesh,
b4d2dc4541ca7302ab8356fcd7a623e022df7888,hanging cabinet,complete,False,bbox_inertia,open_mesh,
b4d64a725d7cf16445f2b6f32692de41872492ad,beam,complete,False,bbox_inertia,open_mesh,
b4f97fd0667dfc3977aede1dcfb2d20fad37864b,rug,complete,False,bbox_inertia,open_mesh,
b4fadcb8743b75c01e4bfa64e54bd5a86209f3ba,throw pillow,complete,False,bbox_inertia,open_mesh,
b4fba7b2900fd8a92e351521469db8fddcd616c8,bench,complete,False,bbox_inertia,open_mesh,
b4fe943e7f321b95bcaf0e1c3adca781ba1cace3,pendant lamp,complete,False,weld_or_static,open_mesh|degenerate_faces,
b503a5f23de867b8ab9bfec11718492a3f4f4ed9,wall hook rack,complete,False,weld_or_static,open_mesh,
b503df1dc71ee39c6b8d7641f310e54565f32825,table lamp,complete,False,bbox_inertia,open_mesh|inertia_not_positive_definite,
b504e204b275fb75b42ea44c69ab16722639d3b3,reamer,complete,False,bbox_inertia,open_mesh,
b5061af764b94e966a35149eb419152f4a3687d1,cup,complete,False,bbox_inertia,open_mesh,
b50e97bf89cfe67571b1cbf673cd95b0de807c39,chandelier,complete,False,weld_or_static,open_mesh,
b510bed6efb14de310a6ff2851ccfc6d6702c3e0,wall mirror,complete,False,weld_or_static,open_mesh,
b521edba01053a1c2d28d20b35d5ce535cfd0303,throw pillow,complete,False,bbox_inertia,open_mesh,
b5254863b004150dfa4cc86ea45edf8cbe8fa672,armchair,complete,False,bbox_inertia,open_mesh,
b5268817ebe89aad2c751acf1be3996a2baf15cf,throw,complete,False,bbox_inertia,open_mesh,
b5281b81131311b05c3707d977da166addba8661,desk,complete,False,bbox_inertia,open_mesh,
b52a045d6d0dc10cdc872ffc4a932a3d16f4e6e2,tv stand,complete,False,bbox_inertia,open_mesh,
b5347d7d95c69d4968d5bc3dbeed89d8d60fb9c5,chaise longue,complete,False,bbox_inertia,open_mesh,
b53552d486acbaf1e3d0d2b2132c84e16d2a64f9,rug,complete,False,bbox_inertia,open_mesh,
b53be132d39838c42455ace3136bc1d07114a2ed,potted plant,complete,False,bbox_inertia,open_mesh|inertia_not_positive_definite,
b54ae06e8f2bc06bc62a16b48c91f0c9fd284212,coffee table,complete,False,bbox_inertia,open_mesh,
b556eeb736ae52a83f4b36a03fd6a03c9f941bc2,kitchen cabinet,complete,False,bbox_inertia,open_mesh,
b5584830e4e95104f1308d070ea772d6377f5e74,swivel chair,complete,False,bbox_inertia,open_mesh,
b55c8d88c901d81190fabb3fa891781f7aad8d5e,showerhead,complete,False,bbox_inertia,open_mesh,
b5721b76419b4315313005ce0e2b66d8aa714346,cabinet,complete,False,bbox_inertia,open_mesh,
b5729920dcc9568aa10fa3034e37566ae8944203,chest of drawers,complete,False,bbox_inertia,open_mesh,
b572c59f8e82fb0abeae6ae5f488c231a31215a9,"toilet brush.n.01,toilet brush holder",complete,False,bbox_inertia,open_mesh,
b579dad917d549c04323882cc1c55f888b0253d2,cabinet,complete,False,bbox_inertia,open_mesh,
b5818ca4cd4a3fa1884ecca7995af62149da13a3,throw pillow,complete,False,bbox_inertia,open_mesh,
b58217777a96a5d511fe155b92c66a7d01d9dfbc,wall lamp,complete,False,weld_or_static,open_mesh,
b58557af915835c3a4e98fa4a7fc8aba234145bf,valve,complete,False,bbox_inertia,open_mesh,
b58902aef3ee58e8c2a608f4cbb639f428e0bb35,chair,complete,False,bbox_inertia,open_mesh,
b58bd584d69cc895ff6ff4cd7220e747369ae8dd,"bar stool.n.01,chair",complete,False,bbox_inertia,open_mesh,
b5a23e82cd0af7f35dac26da79ff5e34d4efdd2b,desk,complete,False,bbox_inertia,open_mesh,
b5a2e303c9a5cfa54fb5b257cd82926b194e1e26,vase,complete,False,bbox_inertia,open_mesh,
b5a3ca25f823c7b8528f41ba0fd4aaa97ac8a2c8,potted plant,complete,False,bbox_inertia,open_mesh|invalid_volume|center_of_mass_out_of_bounds,
b5aa30bae5f5606d9a33f07ee777be2996c41412,storage box,complete,False,bbox_inertia,open_mesh,
b5ac5dd1dc346152f1a07d3e40e665de05095852,chest of drawers,complete,False,bbox_inertia,open_mesh,
b5b1fb23310c9d9bed26ad02cf783477950037bf,end table,complete,False,bbox_inertia,open_mesh,
b5b29465833cd37f1b2c33b6853787e0cb72ff3c,nightstand,complete,False,bbox_inertia,open_mesh,
b5c374fb79fcba53183287a9350abd61d6bcacbc,picture frame,complete,False,weld_or_static,open_mesh,
b5cd29d5a8c63e815aa3ce9f8ff2e3539733574e,television receiver,complete,False,bbox_inertia,open_mesh,
b5d2e5d498366a08ce602f05bc60f9d61555b6b9,chair,complete,False,bbox_inertia,open_mesh,
b5d5f688a226b182e406b595b49fe7a53842621c,cup,complete,False,bbox_inertia,open_mesh,
b5d82a59f497f2d8f8df845c8d0da0997541ff3b,table lamp,complete,False,bbox_inertia,open_mesh,
b5e518e3fea5db109669295a3b91d6e2654c9ae6,chest of drawers,complete,False,bbox_inertia,open_mesh,
b5e6c0882a9ecd6af938e2b712d5b5b78d9d75ca,bookcase,complete,False,bbox_inertia,open_mesh,
b5e73e1ce878420fc4d9d62bf845cf02b0659af4,bench,complete,False,bbox_inertia,open_mesh,
b5ea405e05e6c0dd3c21284ab06f76f00433b318,console table,complete,False,bbox_inertia,open_mesh,
b5ec692e548ea162e75d7d4aa9ac3e573a910cb1,window shade,complete,False,bbox_inertia,open_mesh,
b5f83cc8375ece0b24d1cd2f3e85f29e9138b49a,wall art,complete,False,weld_or_static,open_mesh,
b5fed744f1f238fd8b3a8191563a788d9e4ebf6c,bath mat,complete,False,bbox_inertia,open_mesh,
b60059cc4c6fac5d74326d0fdfcf0f0799ae6f77,wall art,complete,False,weld_or_static,open_mesh,
b602f7696cc15a6a613bf57550c21e966a8f60ba,planter,complete,False,bbox_inertia,open_mesh|center_of_mass_out_of_bounds|inertia_not_positive_definite,
b603d314f93de8bf2a5aaf7821bdafbce1a2c8c1,console table,complete,False,bbox_inertia,open_mesh,
b606a93dbcd018b15152202d0c33e593fc6b9ee8,wall art,complete,False,weld_or_static,open_mesh,
b607e59fc74502871a3a89f1b81f5a58c8a381fc,sofa,complete,False,bbox_inertia,open_mesh,
b608cbec187e221e8879b52da785691c34ba9ed8,coffee table,complete,False,bbox_inertia,open_mesh,
b60b0de640d430993d675c53d1fd2b30b796ee3c,wall art,complete,False,weld_or_static,open_mesh,
b60fc3219412e1cc863ca51ea4599e38a0864c76,wall art,complete,False,weld_or_static,open_mesh,
b61323e2055df12c209be8dfe342b0a5c85aa364,sofa,complete,False,bbox_inertia,open_mesh,
b6291e5525fc67c989bdbbba31db223c64a096a6,headboard,complete,False,bbox_inertia,open_mesh,
b62c5ddb19c5b227e441b839b060e039b646fece,table,complete,False,bbox_inertia,open_mesh,
b63342d90580e1719522fa6313f73af190f4baf9,throw pillow,complete,False,bbox_inertia,open_mesh,
b641256fca2bc0560890b7012a342af39ba41916,storage box,complete,False,bbox_inertia,open_mesh|degenerate_faces,
b6439d60ffdbd1c1a71ba76e706dcbfc87f2c6df,vase,complete,False,bbox_inertia,open_mesh,
b645ac0b787d641c9a28d4edee3fd99704d63654,wall art,complete,False,weld_or_static,open_mesh,
b648b7528ebfa7c8fa6713cede0275e691c9568a,table lamp,complete,False,bbox_inertia,open_mesh,
b648eaebdef1bdeb4df32ff43a0dc45d8c0099c0,wall art,complete,False,weld_or_static,open_mesh,
b64b71522fa2377ad1d3b109ea195d4d881fb1c7,weight,complete,False,bbox_inertia,open_mesh,
b64c2aaba72b1a136a438d59937f18f36beea98a,coffee table,complete,False,bbox_inertia,open_mesh,
b65913674020b45fe49ded4553cedffa086fba94,television receiver,complete,False,bbox_inertia,open_mesh,
b6645423faac4d8a1bfeff2d5106285dba2a8a00,chest of drawers,complete,False,bbox_inertia,open_mesh,
b667e8e435b0f2454a967892ede4ea2693d4fc98,armchair,complete,False,bbox_inertia,open_mesh,
b66dd75ad997c3e2fb1095ecae793e9a68d3e3b4,wall art,complete,False,weld_or_static,open_mesh,
b6702f1ede249b45a791de9bbb4719ac6063bae9,serving cart,complete,False,bbox_inertia,open_mesh,
b6715f332ae6641b430ceacb9a4804708a3204cc,shoe,complete,False,bbox_inertia,open_mesh,
b672c86af96ff069503760f15485f4f6f7174eb2,sink cabinet,complete,False,bbox_inertia,open_mesh,
b6807fa0030f1222fc9af08c2e0685ff0e44990b,wall mirror,complete,False,weld_or_static,open_mesh,
b6841ebeda34eddf68c66baa380583ffd6bf83fe,wall mirror,complete,False,weld_or_static,open_mesh,
b68bb96dedc93ca729047016a9ada03835474b1e,showerhead,complete,False,bbox_inertia,open_mesh,
b693bfe86169b1509b62bcb8b9a85f922bdb752c,sculpture,complete,False,bbox_inertia,open_mesh,
b695338d64fbf943ad64f49d510d8399245708d0,ceiling lamp,complete,False,weld_or_static,open_mesh,
b69b9a52e74ddf36212e2277ac871f87fd90b61d,shower faucet,complete,False,bbox_inertia,open_mesh,
b6a0484d9b83d76075fe2b07aa7fe23856a0bba4,rug,complete,False,bbox_inertia,open_mesh,
b6ad934813a44803102bccb2170461e3ffb316f9,cookie sheet,complete,False,bbox_inertia,open_mesh,
b6adef6df83aee1043abc57cd78657ff8ba6a7ec,hanging cabinet,complete,False,bbox_inertia,open_mesh,
b6ae03c10468ab6e02f325647d53581c3e523eaa,window blind,complete,False,weld_or_static,open_mesh,
b6b8be444422c4eb84654d787c342f6f29f28842,barbecue,complete,False,bbox_inertia,open_mesh,
b6b95492f92d8ac159df347bc372a644f9cb21f4,bench,complete,False,bbox_inertia,open_mesh,
b6bc2fe5ca3bfb2a389e771f6cca1dbba6a17c8d,pendant lamp,complete,False,weld_or_static,open_mesh,
b6c900cdbac774338ec3fb43bb18a736a1baa7b4,sofa,complete,False,bbox_inertia,open_mesh,
b6d2d770c0bc4752c89c6f1405c9986d81c3009c,throw pillow,complete,False,bbox_inertia,open_mesh,
b6e22b867069fc1a559eeade866de21ad233fb8c,book,complete,False,bbox_inertia,open_mesh,
b6ec8163e66414fbb84f09c7b77af934581ab089,window curtain,complete,False,weld_or_static,open_mesh,
b6ec8f40a7e189e29dab623aeb9efac53de71809,stool,complete,False,bbox_inertia,open_mesh,
b6ee2f38d1feebf5bcdcb5622cae1d2c5f333668,pendant lamp,complete,False,weld_or_static,open_mesh|inertia_not_positive_definite,
b6f112fb9a8e6397ba718ea19aa5cca40ca8cab9,table lamp,complete,False,bbox_inertia,open_mesh,
b703bf2baffa8526881b4682e279cf2d2d9a4db9,window curtain,complete,False,weld_or_static,open_mesh,
b70b4d470f558618ba94bbbbb0be8d87e5632bcb,swivel chair,complete,False,bbox_inertia,open_mesh,
b728919209b8c5814a281fa82aba7bdaa9a9f298,table lamp,complete,False,bbox_inertia,open_mesh,
b728cc955a2446b78b59de9f4ca49a986dc6528f,bulletin board,complete,False,bbox_inertia,open_mesh,
b728f6c0506deaea1e8231b629d1e20b0a5fa0f8,vase,complete,False,bbox_inertia,open_mesh,
b7373e45d04526e89b811f317014aaff9857efed,wall calendar,complete,False,bbox_inertia,open_mesh,
b74967461e941d7ccdfeab47a97c63071ddfe02c,"letter.n.02,wall decor",complete,False,weld_or_static,open_mesh,
b752a35d7bd02b5d35fef7d25e9b18f8158e67d0,dining table,complete,False,bbox_inertia,open_mesh,
b755ad1405c31ad5bec2a7b515103f8a68cf7761,window curtain,complete,False,weld_or_static,open_mesh,
b757eead6a70f933af11bc064cfa0c35d8cae4b8,wall sign,complete,False,bbox_inertia,open_mesh,
b759f0cf80e62d9701b18edb6791d2172cf11c36,nightstand,complete,False,bbox_inertia,open_mesh,
b762b7055f8713eca80e9e65e236cc0e3d8778a9,ceiling lamp,complete,False,weld_or_static,open_mesh,
b765f0390491047bef2379f71c779c9ca59850fc,chandelier,complete,False,weld_or_static,open_mesh,
b76d876b98698ce71729972aa2a079f62e4f3997,table lamp,complete,False,bbox_inertia,open_mesh,
b77055fb68783c24bec2c9abf5f839e88b26e8ff,cafeteria tray,complete,False,bbox_inertia,open_mesh,
b7738096b6f521ab41896fcfe032329ca0c7d0d5,clothing rack,complete,False,bbox_inertia,open_mesh,
b7748ff1d0bd2f795b6857d1302798ee98a3819d,rocking chair,complete,False,bbox_inertia,open_mesh,
b77c4ef36bc4add9267447571929f16fd80926ed,picture frame,complete,False,weld_or_static,open_mesh|center_of_mass_out_of_bounds|inertia_not_positive_definite,
b77f5895a941e7f07cf6c8bcd01b742038b93742,potted plant,complete,False,bbox_inertia,open_mesh|center_of_mass_out_of_bounds|inertia_not_positive_definite,
b785b0fada85f3b40bf8bb126dce2b03c82d86cf,potted plant,complete,False,bbox_inertia,open_mesh|center_of_mass_out_of_bounds|inertia_not_positive_definite,
b79121538512576ec56d645e67e30fc5ebefd858,potted plant,complete,False,bbox_inertia,open_mesh|center_of_mass_out_of_bounds|inertia_not_positive_definite,
b79a75a300a0f05fc7cba6870c5e354a7f46c2cc,floor lamp,complete,False,bbox_inertia,open_mesh,
b79bfb91ba19bd310aa1fade9121d1611e738b48,wall lamp,complete,False,weld_or_static,open_mesh|invalid_volume|inertia_not_positive_definite,
b79cbfbea68ef0394ffc9b8a7e87d6e9ceb6a05a,wall art,complete,False,weld_or_static,open_mesh,
b7a42fa1186b118636fc4d52a46a8d315e91c005,vase,complete,False,bbox_inertia,open_mesh,
b7be6ad871800511e7a320626aac37272eb919c4,coffee table,complete,False,bbox_inertia,open_mesh|center_of_mass_out_of_bounds|inertia_not_positive_definite|degenerate_faces,
b7be6e4a6318ffa6ca0f8cd69022994f9a4f9384,easy chair,complete,False,bbox_inertia,open_mesh,
b7c9f99127f947841bc68a9a3ad2b9488dbd0578,dining table,complete,False,bbox_inertia,open_mesh|center_of_mass_out_of_bounds|inertia_not_positive_definite,
b7ca0c99be0f4383ae8d81870d549798cb08f9ab,mantel clock,complete,False,bbox_inertia,open_mesh,
b7cb814bf208d769ae2e1143b630ed80288c9e38,picture frame,complete,False,weld_or_static,open_mesh,
b7cbd0dfb550c5c53d1fd17401018d8b0aa4a216,wardrobe,complete,False,bbox_inertia,open_mesh,
b7cdc363ac4a1beaa2872daa374e24013ca15338,kitchen cabinet,complete,False,bbox_inertia,open_mesh,
b7db901caa2b9fdc6d5740a1ed416f919dbba2f3,table,complete,False,bbox_inertia,open_mesh,
b7dfb556eece02997b62d5e59d18abb0069b42a7,floor lamp,complete,False,bbox_inertia,open_mesh,
b7f71c0774e2e420a155ccb2732d108cb49442e7,sculpture,complete,False,bbox_inertia,open_mesh|inertia_not_positive_definite,
b7fba6fb6d534237e3b37e47cdaae8dc018c4c29,sofa,complete,False,bbox_inertia,open_mesh,
b7fcaf9b0e97c16c5db7a507f9929ef8599a2113,hanging cabinet,complete,False,bbox_inertia,open_mesh,
b80601f04166d0bebad60fb90a3003108176abe7,potted plant,complete,False,bbox_inertia,open_mesh|inertia_not_positive_definite,
b80a4807ea9379394aea80347e76afe0c4bb0a21,sofa,complete,False,bbox_inertia,open_mesh,
b814d9a5edd6c262cd42215a923092a60ad5d532,bookcase,complete,False,bbox_inertia,open_mesh,
b815e2dbb3b8d7d1c38db7efbf406b717c6e182f,railing,complete,False,bbox_inertia,open_mesh,
b81bee4e4ef1682295bc9179f392cb68bc15f736,telephone,complete,False,bbox_inertia,open_mesh,
b81dcd700c8c00192b1907ed3bacd8d0ece4788f,flower in vase,complete,False,bbox_inertia,open_mesh,
b8246076ff45245e6d2a453692daf992ba82ef52,wall art,complete,False,weld_or_static,open_mesh,
b8283d9b0c6adfc1ccdb43184675653b5bdc96c6,wall clock,complete,False,weld_or_static,open_mesh,
b828e8675c96ea2880998900a5aa4b7ee384a259,floor lamp,complete,False,bbox_inertia,open_mesh|inertia_not_positive_definite,
b82b789f20f789411bda89064544d7f3a0cc2b79,flower,complete,False,bbox_inertia,open_mesh|center_of_mass_out_of_bounds|inertia_not_positive_definite,
b834e3edd04787b5c8ac1e85816e9544c84bf7a4,exercise bike,complete,False,bbox_inertia,open_mesh,
b835bfc799493093b94fa8966d9f22d6f513acfa,wall mirror,complete,False,weld_or_static,open_mesh,
b83ed34420fefdf8063b9b33d4c1305aa534e75a,chest of drawers,complete,False,bbox_inertia,open_mesh,
b83f8f62af4fb4916c7e0c1123dc3b739f98f159,flower in vase,complete,False,bbox_inertia,open_mesh|inertia_not_positive_definite,
b8432a9781e64709d163a875a14fe3f1350540cf,picture frame,complete,False,weld_or_static,open_mesh|inertia_not_positive_definite,
b84c239ee6edb0bda2e3057fc352518368083c7b,wall art,complete,False,weld_or_static,open_mesh,
b84e69736f5d32f60aa2332bbe8cd32008e510f0,wall hook rack,complete,False,weld_or_static,open_mesh,
b857009ea91e30939629303a90af8f9b50a1ffe8,tent,complete,False,bbox_inertia,open_mesh,
b86e921637f9a3b1c54b994fa1ec023222c79995,stool,complete,False,bbox_inertia,open_mesh,
b875ecb880fc97f65f6f770c4820dc8b6e4022e9,wall art,complete,False,weld_or_static,open_mesh,
b8782df23b8459ca6fe269eb38ec096a6e54a47e,wall art,complete,False,weld_or_static,open_mesh,
b87936a4a52e2a0b805369a0763a536c719ca7d6,cabinet,complete,False,bbox_inertia,open_mesh,
b87c691a43f5d0f5d35bf759a8ea7cc0a2252af2,wall art,complete,False,weld_or_static,open_mesh,
b883b58bdd53fccec7153d88a98dea8e31158c64,wall art,complete,False,weld_or_static,open_mesh,
b88a1abf821f1b54050d30e82c03ecb461a51918,wall art,complete,False,weld_or_static,open_mesh,
b88a4e35040589965ae4f1de16ea517cf251f557,window shade,complete,False,bbox_inertia,open_mesh,
b89676c68f7f6513c6b3fe07d46350e427acd54b,armoire,complete,False,bbox_inertia,open_mesh,
b896a61466a9e8fcbadfbe1cc102050160aadd48,shoe rack,complete,False,bbox_inertia,open_mesh,
b898df357bb5f96788326a7837415857eeeff348,chair,complete,False,bbox_inertia,open_mesh,
b8af904ac858f2431a89ec7b1d3a44c25b444259,record player,complete,False,bbox_inertia,open_mesh,
b8bdd9cbc1ca695a206583afdc26f1a4c3987303,nightstand,complete,False,bbox_inertia,open_mesh,
b8cdbe7e9b70f256be8cbdd80f0c4bda1185a0fe,footstool,complete,False,bbox_inertia,open_mesh,
b8dd488ebf1dc78c595b9462f42792ee815b04d3,throw pillow,complete,False,bbox_inertia,open_mesh,
b8dec2c0a5f261f0d1828cad68a605e54d635c50,picture frame,complete,False,weld_or_static,open_mesh,
b8e0a03abc828fdd7f55889d0218cca38a8aafb7,bookcase,complete,False,bbox_inertia,open_mesh,
b8e358f78ada8bc52942ae23f7dbfbb40c754f74,glass,complete,False,bbox_inertia,open_mesh,
b8e36ac6fc006b0b7aaa4dabcbce9fa3108abcc2,bookcase,complete,False,bbox_inertia,open_mesh,
b8f477e9db53d310845296a0f9cf113dd0d70898,storage box,complete,False,bbox_inertia,open_mesh,
b8fbc479fa7f044b67ebbe29bc7ab12e6745c910,kitchen island,complete,False,bbox_inertia,open_mesh,
b90db13497b5b84599e9bac16913b5e57492dc3a,crate,complete,False,bbox_inertia,open_mesh,
b90ec083667e82b541010a09146637f9f7da3698,buffet,complete,False,bbox_inertia,open_mesh,
b92106c5a43cba1b38c5d5367627cc9eb00487fc,butter dish,complete,False,bbox_inertia,open_mesh,
b92a7150ac2630a728ef9926bab51ba9f9142566,wall art,complete,False,weld_or_static,open_mesh,
b92f2f86df03634e5bd05f78b7e45e3fb27165d5,shower stall,complete,False,bbox_inertia,open_mesh,
b93304c78146fa3a7ed3afbd99c7a2ce7f8962a8,wall decor,complete,False,weld_or_static,open_mesh,
b943e3f7bc9f3810098ee792248c579c52458194,storage box,complete,False,bbox_inertia,open_mesh,
b945c573e2b59beb71c405ab2ea0c7d9f5767011,pendant lamp,complete,False,weld_or_static,open_mesh,
b9491afc9c0cbe43b31f6f9b3791c98c88a6ae3b,wall art,complete,False,weld_or_static,open_mesh,
b950350c1ebc4bba8ced205fd0c920fa0328156b,board game,complete,False,bbox_inertia,open_mesh,
b95f47e16d8ad6b2f06ae879c1f34087f539bc81,flower in vase,complete,False,bbox_inertia,open_mesh,
b96c6f86f7bedaa223209216b6d0900ceeceea66,wall art,complete,False,weld_or_static,open_mesh,
b96d5994f7f9274841d86a0ea98269443b4113b9,rug,complete,False,bbox_inertia,open_mesh,
b97baaca3cef8348a6d7c057c8c0753bb95425ec,sculpture,complete,False,bbox_inertia,open_mesh,
b98286cc0fed6b814d3b5cf4afc825514ed51b54,straight chair,complete,False,bbox_inertia,open_mesh,
b982eff4cd03cf58f9dfbcb86c30298481eb9b19,wall hook rack,complete,False,weld_or_static,open_mesh,
b98b86e3d373233c18f0f9c2b00119d220db8059,punching bag,complete,False,bbox_inertia,open_mesh,
b9911c942078e9441979248d1e6f19e8d2b14b4b,wreath,complete,False,bbox_inertia,open_mesh,
b993094e6a2356a77f29a6a74e88874463264ae8,buffet,complete,False,bbox_inertia,open_mesh,
b99a518001f82a39db9dcb1bac3a07944fd77359,table lamp,complete,False,bbox_inertia,open_mesh,
b9a5fdb2ed44f4444533882d2ab6154d1ddf95d1,window shade,complete,False,bbox_inertia,open_mesh,
b9ab4cf85f96a453ae2c668ed5b9e0cac8025827,"stove.n.01,oven",complete,False,bbox_inertia,open_mesh|degenerate_faces,
b9acee2dff54f19f51dd086dffb1db280cbc6b25,nightstand,complete,False,bbox_inertia,open_mesh,
b9b38f0bbde8fe7ad3bf2af8b0b8dc9a2db201a2,ceiling fan,complete,False,weld_or_static,open_mesh|degenerate_faces,
b9b736b89c0da8dfa3d739ff35db49087da04cdc,wall art,complete,False,weld_or_static,open_mesh,
b9be97e2da4e9abd6348004387fb4537112c8d15,rug,complete,False,bbox_inertia,open_mesh,
b9c02cd61394fc1a5c6f5a6c0e88c2c0ae403486,chair,complete,False,bbox_inertia,open_mesh,
b9c49bfce9696145e4328cd3e23b5b3e9eeb5b78,wall art,complete,False,weld_or_static,open_mesh,
b9d409dc9ea5660568acf09addbf1c259625c345,coffee maker,complete,False,bbox_inertia,open_mesh,
b9d4824319449022092df550cf42f5fcb79acf66,rug,complete,False,bbox_inertia,open_mesh,
b9df619438b3f159fe24dbd3100e99db32ab388f,wall art,complete,False,weld_or_static,open_mesh,
b9eb5d4630fa9fa112a80ecb0b780bce5fa93663,window curtain,complete,False,weld_or_static,open_mesh,
b9eeb2332833946d5678b0c4a8d9209c6add31a6,kettle,complete,False,bbox_inertia,open_mesh,
b9efd51aa3b5b4de7032ba71dde234907522cfe5,wall art,complete,False,weld_or_static,open_mesh,
b9f34fec251e217addccee9fc021905f76eaef13,throw pillow,complete,False,bbox_inertia,open_mesh,
b9f7f100ebccf261a60939c7884646503ff46c1a,"bar stool.n.01,chair",complete,False,bbox_inertia,open_mesh,
ba01530d043d906de59d3cebf910365e2d0f3b23,throw pillow,complete,False,bbox_inertia,open_mesh,
ba0176d25840bbe3c024c638f9bbf8fe71909c0e,wall art,complete,False,weld_or_static,open_mesh|center_of_mass_out_of_bounds|inertia_not_positive_definite,
ba0a81139c35662efbd01538a25dfa4b3ed05278,table lamp,complete,False,bbox_inertia,open_mesh,
ba0a85ecf536d064a00330d7bf4ac2d6a89dc11c,ashcan,complete,False,bbox_inertia,open_mesh,
ba0b27270f2d7b08495e8eff041013d96d5f905c,throw pillow,complete,False,bbox_inertia,open_mesh,
ba1874fedf87c84a4c5cad9324b8da998bbba8c5,wall art,complete,False,weld_or_static,open_mesh,
ba1f667e403eb3f81376ddb7c9f1f1349c68625c,floor lamp,complete,False,bbox_inertia,open_mesh,
ba23621e390fb7acea25384f7c39a79b52d7d293,wall shelf,complete,False,weld_or_static,open_mesh,
ba29460814ad1bd7bcc3543fa28c73ae96267ac9,picture frame,complete,False,weld_or_static,open_mesh,
ba2a46d3c25a6420a7c14aa5215f61a4c2af37df,christmas stocking,complete,False,bbox_inertia,open_mesh,
ba2cd83aaa1e042613df1bc3669b36a05aa63437,bar,complete,False,bbox_inertia,open_mesh,
ba2ef48a1d1b1b88f1a0c4a68bb2c1a4725f61e8,bench,complete,False,bbox_inertia,open_mesh,
ba30ebc7faca244cd9d74f6ccd1e77bf2787aff2,vase,complete,False,bbox_inertia,open_mesh,
ba333ed289c61c26505c64ecb49a00f130892956,sofa,complete,False,bbox_inertia,open_mesh,
ba408029932277e9a1ed574155c8b148c95a7fcc,wall art,complete,False,weld_or_static,open_mesh,
ba60f17733d17eb9265eca211da6aa742f6ebc81,footstool,complete,False,bbox_inertia,open_mesh,
ba726765d25fd53f9c3e2dab6d63802d3201e249,kitchen cabinet,complete,False,bbox_inertia,open_mesh,
ba765c4772e91ddf81250d6431f7233f01e2503b,throw pillow,complete,False,bbox_inertia,open_mesh,
ba9a177373f32c29375a4a8c8ffd2e21997a8374,ceiling lamp,complete,False,weld_or_static,open_mesh,
ba9ab59b8278c83a205b9282cf83b7b1a5270531,wall mirror,complete,False,weld_or_static,open_mesh,
ba9b22943a7967908955980f309420e15b3d10e2,chest of drawers,complete,False,bbox_inertia,open_mesh,
baa08bf771357318d6be4a210666c49c090981c0,sofa,complete,False,bbox_inertia,open_mesh,
baa2fcb64c8c07e7f12d3d1b57f893b232942509,cabinet,complete,False,bbox_inertia,open_mesh,
baaca368cdf107067f95900df9b48eac00a163f7,sofa,complete,False,bbox_inertia,open_mesh,
bab9e035b67578879e04c63a56a823e8f1e48d4d,"candlestick.n.01,candle",complete,False,bbox_inertia,open_mesh,
bac5419f620d39420df6d0a24840001c93c7ece1,wall art,complete,False,weld_or_static,open_mesh,
bac62beb214a2cee256edead8d57456a4f646921,swivel chair,complete,False,bbox_inertia,open_mesh,
bac8df79071b6a63a4e10ca36e88bd1ea89f3ecb,bench,complete,False,bbox_inertia,open_mesh,
bad00152494d534a08290713d53740f1cf67d77c,string lights,complete,False,bbox_inertia,open_mesh|degenerate_faces,
bae224fef524d206d0691a1f244393d0a127f6f8,wall mirror,complete,False,weld_or_static,open_mesh,
bae5f0cfa7da0c12f0ffe456946f5a92347f46a8,rug,complete,False,bbox_inertia,open_mesh,
baf4cda57ffd8489b5dee125eab8dae7d6b01530,sofa,complete,False,bbox_inertia,open_mesh,
baf5adfdb933cc6ea9a8e3dd24b64ff6691cd5a4,kitchen cabinet,complete,False,bbox_inertia,open_mesh,
bafaea86008574383806b3d5ec2bd5ff7a9ebe4b,kitchen island,complete,False,bbox_inertia,open_mesh,
bafb4e8bfee215574da2ba7a2f10c2116c8e346d,table lamp,complete,False,bbox_inertia,open_mesh,
bb034d375833247e8539a25b7075afb01e908507,desk,complete,False,bbox_inertia,open_mesh,
bb0d3899cc2471f0fa5b1dfc98621e26b15d1fba,wall art,complete,False,weld_or_static,open_mesh,
bb1a9b363feca7ac0367ae112a3a0211ce02804f,"letter.n.02,wall decor",complete,False,weld_or_static,open_mesh,
bb24f4991823d074316a525b35b8aeaa4409c689,coffee table,complete,False,bbox_inertia,open_mesh,
bb2b13ee4153749329236d5e94041e6acd1ba653,flower in vase,complete,False,bbox_inertia,open_mesh|center_of_mass_out_of_bounds|inertia_not_positive_definite,
bb3d4d2bb300b0ac4a99aa0b377123de497bea3f,buffet,complete,False,bbox_inertia,open_mesh,
bb3fe90bafdd46b77abcc1bfb5773d1cd110b8dc,tv stand,complete,False,bbox_inertia,open_mesh,
bb41e30df206117e3f800c8831d5cbae2fa068dd,wall art,complete,False,weld_or_static,open_mesh,
bb4a9531e0504b7b59b6649ac4d61b438112d3c2,club chair,complete,False,bbox_inertia,open_mesh,
bb4e778fe134356450a0cf27fd38057a49932c1b,storage box,complete,False,bbox_inertia,open_mesh,
bb4f08a3afc520f777cc6352efc60b30b629056c,towel rack,complete,False,bbox_inertia,open_mesh,
bb565846d18a47988d3f65ce57ab91b63617fd90,"toilet brush.n.01,toilet brush holder",complete,False,bbox_inertia,open_mesh,
bb6ec0a0ad619bd472c79ab8dbb464a479b95856,potted plant,complete,False,bbox_inertia,open_mesh|center_of_mass_out_of_bounds|inertia_not_positive_definite,
bb70aa6fc38b24127bbdf01f8b3b6ebda9a57016,window curtain,complete,False,weld_or_static,open_mesh,
bb730ede5c3c6ccaae4f652308fea653d91eeadb,dressing table,complete,False,bbox_inertia,open_mesh|inertia_not_positive_definite,
bb734fd1974058b9fb50ea62662b4fc8655e9778,ottoman,complete,False,bbox_inertia,open_mesh,
bb7b1a64ec2b883d616679dbd3e30e3fe0ef98e1,track lighting,complete,False,bbox_inertia,open_mesh|invalid_volume|center_of_mass_out_of_bounds,
bb8b7d7f2701684c7185dec7f64dab3594f5aa14,playpen,complete,False,bbox_inertia,open_mesh,
bbab821a01804c11220bb499da6aec0142a3e253,plush toy,complete,False,bbox_inertia,open_mesh,
bbbcd0ef30d81ac59e5998dd28e1904504caa7be,ashcan,complete,False,bbox_inertia,open_mesh,
bbbd1200db14a6d56f7e0ec9b761c4cd011794fc,armoire,complete,False,bbox_inertia,open_mesh,
bbc59bc49585798e7a16d692d5f44addd59e77fc,console table,complete,False,bbox_inertia,open_mesh,
bbc950db2c08736e330b75a10377180d5837dfa6,footstool,complete,False,bbox_inertia,open_mesh,
bbd4b62a75158a6042fdb867ff420f427ffabd2e,glass,complete,False,bbox_inertia,open_mesh,
bbe458f78e3686c63a219a0b9a6fcd785b55cf3d,chair,complete,False,bbox_inertia,open_mesh,
bbe510f23f2488ae618cd8c6601f1df4e4edacc8,vase,complete,False,bbox_inertia,open_mesh,
bbebc9bb04547add4f5fc38f885595451dadb09c,bowl,complete,False,bbox_inertia,open_mesh,
bbf4aa8262d369bc6b16a1669d7acf4c2a4d7b89,teapot,complete,False,bbox_inertia,open_mesh,
bbf50f98977c8191c5998f0d4e582f78b2111c67,toiletry,complete,False,bbox_inertia,open_mesh,
bbf950688bbeefa6b4515267f3faa6d05cbcf3c5,gift box,complete,False,bbox_inertia,open_mesh,
bc03a329fe43d8064b02991c58807515a1bb67e7,pendant lamp,complete,False,weld_or_static,open_mesh,
bc13da79c39ee5737de2f35ca776975b21a1e876,floor lamp,complete,False,bbox_inertia,open_mesh,
bc193ddaa3699aa2d6d68a7387e682f36a53bf17,shower curtain,complete,False,weld_or_static,open_mesh,
bc1b261c1b7bebaef7d57811e40d793652e0a808,floor lamp,complete,False,bbox_inertia,open_mesh,
bc1fe7873eb8f050a0ba3644da0e271e2fc3eed1,wall art,complete,False,weld_or_static,open_mesh,
bc273df69e9d7941f7124094ed0fae196305c41e,casserole,complete,False,bbox_inertia,open_mesh,
bc27c9c449e87e1581028d49d586cbe0bb3809c6,coffee table,complete,False,bbox_inertia,open_mesh,
bc2c81b1eff6939d41575b0819b9c67e4caf46fa,fireplace,complete,False,bbox_inertia,open_mesh,
bc2dadb5196221f95ee3080bce70d4426b1dbfeb,hamper,complete,False,bbox_inertia,open_mesh,
bc2efa5088d5b25f7aacaaf18ff555f187f3056a,wall mirror,complete,False,weld_or_static,open_mesh|center_of_mass_out_of_bounds|inertia_not_positive_definite,
bc3032773a5f6d7ac6044529f808f6652d7cd5e9,sink,complete,False,bbox_inertia,open_mesh|invalid_volume|center_of_mass_out_of_bounds,
bc3c5c45d5a9126bff85470c7c48d4e2b7ebfd0d,kitchen cabinet,complete,False,bbox_inertia,open_mesh,
bc4682f8504386093b9c89a7c2be2e637341fdee,dining table,complete,False,bbox_inertia,open_mesh,
bc4800b074aac000778593744c056e478196f68e,chandelier,complete,False,weld_or_static,open_mesh|degenerate_faces,
bc4f83ffe12ce0b34314e3fea983c360d2ebdd5e,console table,complete,False,bbox_inertia,open_mesh,
bc535374502a6afca25a3046379343f1f06e2da4,trampoline,complete,False,bbox_inertia,open_mesh|center_of_mass_out_of_bounds|inertia_not_positive_definite,
bc582e0654f3aa7243e11ee0fd76942a74940d5a,wall art,complete,False,weld_or_static,open_mesh,
bc59a49ebf99164d5ed88bd6eaff12ec4ed86d0a,chest of drawers,complete,False,bbox_inertia,open_mesh,
bc59d29d1dd89583b138da32dd3a25916c4dd684,wall art,complete,False,weld_or_static,open_mesh,
bc5ecd90070c482b5665c1eca0ef186aadcb15c8,table lamp,complete,False,bbox_inertia,open_mesh,
bc6976c14e87f32f65f4c8f34ee43d283e1fa55b,chair,complete,False,bbox_inertia,open_mesh,
bc6c12a06e7df418a448bcc7017bebb7bcdbe247,dining table,complete,False,bbox_inertia,open_mesh,
bc71f73e9f0f3ab3fee5f8a00085d8f6d51e29be,wall mirror,complete,False,weld_or_static,open_mesh,
bc7a345a9caebcc5068af441892819603f03d74e,chest of drawers,complete,False,bbox_inertia,open_mesh,
bc7b1b52ef7c9d5e3687db8f85a9c859c2f6403c,wall lamp,complete,False,weld_or_static,open_mesh,
bc7d5693a9e657f3127802a9632863853bd37497,cabinet,complete,False,bbox_inertia,open_mesh|center_of_mass_out_of_bounds|inertia_not_positive_definite,
bc7e026a843e07fc6dd703d3b52a6fd0959bc11d,easy chair,complete,False,bbox_inertia,open_mesh,
bc81ac07f2de8cc72e4e29e19f48f4b17896a9c5,wall mirror,complete,False,weld_or_static,open_mesh|center_of_mass_out_of_bounds,
bc8265f0731bea41d5f9c3fe60f8f89b32466f5f,bag,complete,False,bbox_inertia,open_mesh,
bc85d71f81c1c93be8d7892d877ffa9f8c1fb538,end table,complete,False,bbox_inertia,open_mesh,
bc8a43a430f2fa46b5a75f34d8b132a58371cef3,rug,complete,False,bbox_inertia,open_mesh,
bca05d502eecf7f29ecd33de75df3073086a2ca8,wall art,complete,False,weld_or_static,open_mesh,
bca128a21105c20e5ff382cdf20e6b1b29650ca4,table lamp,complete,False,bbox_inertia,open_mesh,
bcb3afdf6675c9c0de5e1dff03c05643dbc28506,rug,complete,False,bbox_inertia,open_mesh,
bcc142a238cd1c16134c6529cd081e47cce8d3ba,planter,complete,False,bbox_inertia,open_mesh|center_of_mass_out_of_bounds|inertia_not_positive_definite,
bcc2d2bda9532b1fd0f5a0501cdf5a8eab47862b,wall art,complete,False,weld_or_static,open_mesh,
bcd44dc7053b781c54868c45c8232d828bb8bf55,wall mirror,complete,False,weld_or_static,open_mesh|degenerate_faces,
bcd75fbd9feba0b9155f4504bfe6f3d8ed815db2,footstool,complete,False,bbox_inertia,open_mesh,
bce6612d2205a019c13b84bad201a4d1eec86fbf,dining table,complete,False,bbox_inertia,open_mesh,
bce7f890b108cbe3ed1b589b14996cd8a3697c08,wall art,complete,False,weld_or_static,open_mesh,
bcee910a410c048d291810ae73c9de6fb958399c,sofa,complete,False,bbox_inertia,open_mesh,
bcefd58cdfa0ff290c4eb1ed4b436dbf320d71e7,floor lamp,complete,False,bbox_inertia,open_mesh,
bcf61102b03eb2ae1204336c505a427b6e779486,"toilet brush.n.01,toilet brush holder",complete,False,bbox_inertia,open_mesh,
bcfaa06bbb63a5ea29d8e10beaba4e460383ca49,potted plant,complete,False,bbox_inertia,open_mesh,
bcfc424147f18ff87c8930c95e6bc27ba9cee550,lantern,complete,False,bbox_inertia,open_mesh,
bcffb4ec757c1814f37a0ef8a8f350a430aed2c9,bar stool,complete,False,bbox_inertia,open_mesh,
bd12f6fd478618cc550689cd9a050e61b1b5abe0,cup,complete,False,bbox_inertia,open_mesh,
bd13086962640db198039dbec6a38e6c52c38d43,faucet,complete,False,bbox_inertia,open_mesh,
bd1807eaa96b204d8f0aeb18a9cbc8caa9dbc137,cafeteria tray,complete,False,bbox_inertia,open_mesh,
bd1acc91b2bd475e72252462535820135f48607b,shoe,complete,False,bbox_inertia,open_mesh,
bd221a8019fb371e665eac82800d7a60eb0d40dc,fireplace,complete,False,bbox_inertia,open_mesh|inertia_not_positive_definite,
bd22df99485103a560c33fa828495c9041d6975f,pendant lamp,complete,False,weld_or_static,open_mesh,
bd24ecbb383d2fa40a7cab998802c7caac1bfa5b,sculpture,complete,False,bbox_inertia,open_mesh,
bd29ebd8934cde447c1c219e180cbf3c26831c7a,china cabinet,complete,False,bbox_inertia,open_mesh,
bd2d5d22bd5c018b79af86538625918fc14bd522,bench,complete,False,bbox_inertia,open_mesh,
bd36014ac46d2054a4e97c147f2ddc59e08fa840,wall clock,complete,False,weld_or_static,open_mesh,
bd369caff4c20d6a8a30da0b83a169c26e7cbb45,wall mirror,complete,False,weld_or_static,open_mesh,
bd3795307225b4279816c779b1b2bee0278f167d,sculpture,complete,False,bbox_inertia,open_mesh,
bd3b4be2f8e07b17bc87090468aca049b1e3d636,cabinet,complete,False,bbox_inertia,open_mesh|degenerate_faces,
bd3b9556d7aa4605b0445353958ccf21611638f0,wall art,complete,False,weld_or_static,open_mesh|invalid_volume|inertia_not_positive_definite,
bd3c7acbe2d2d704a6eff8bc13bf32ab43d5d265,dining table,complete,False,bbox_inertia,open_mesh,
bd45b64dbb0e0890497fbe516b6b53cb27f514a2,faucet,complete,False,bbox_inertia,open_mesh,
bd4d4877984d271dc122d924b4c733897095bfc8,desk,complete,False,bbox_inertia,open_mesh,
bd53d8e362a0b1c63854b3d97187ba2f46a36a57,book,complete,False,bbox_inertia,open_mesh,
bd56d4725e1b90d5a765627589542817e9e99280,end table,complete,False,bbox_inertia,open_mesh,
bd60660df8e8d48fa3f524a7536d1f78e6e0e21f,kitchen cabinet,complete,False,bbox_inertia,open_mesh,
bd64ce44a6968773329684c0de5d5cbcfcecde71,wall lamp,complete,False,weld_or_static,open_mesh,
bd66ae3b3a35cd718f3befa8d2dc74205d537c74,armoire,complete,False,bbox_inertia,open_mesh,
bd6868f7b7f9b7f671998a1d27d0555b0946e855,makeup mirror,complete,False,bbox_inertia,open_mesh,
bd7afc0af95def79ba0a85559ba1a35c9b32b83b,chest of drawers,complete,False,bbox_inertia,open_mesh,
bd7fd53f406b213a5f42dd5babaa9d6d1b65c192,toilet,complete,False,bbox_inertia,open_mesh,
bd899064a407f0e665e0b347807e8e07c92b193d,wall art,complete,False,weld_or_static,open_mesh,
bd8a1dc70062c8e7c8a33cb92ee86fbe6b015547,potted plant,complete,False,bbox_inertia,open_mesh|center_of_mass_out_of_bounds|inertia_not_positive_definite,
bd8f1a9eb25a71785663f03fd8e8770068ea49bb,chest of drawers,complete,False,bbox_inertia,open_mesh,
bdaaa7ed82a65769463bc7f939d06660988011b5,plant,complete,False,bbox_inertia,open_mesh,
bdab4ca579230f7652590bc19fa00a35701857ef,kitchen cabinet,complete,False,bbox_inertia,open_mesh,
bdafc134880c09c2f9415807dbf2a680683a6d06,kitchen cabinet,complete,False,bbox_inertia,open_mesh,
bdb2256bad0a16f3c4187629deed180c676a16a8,wall art,complete,False,weld_or_static,open_mesh,
bdbc554e98a2ae28fd4fb5e3cffce373c2d20628,console table,complete,False,bbox_inertia,open_mesh,
bdbd11232e5bf3b3ade39feb00b40fa66485126c,window shade,complete,False,bbox_inertia,open_mesh,
bdbd859becd48373e37e3b755cf117bc9304c822,table lamp,complete,False,bbox_inertia,open_mesh,
bdc40b31148223184de5bd92d30ebe1890e290c7,"candle.n.01,candlestick",complete,False,bbox_inertia,open_mesh,
bdcbe07a519e6dfa6362fa0e6dd916682251a5b8,wall organizer,complete,False,bbox_inertia,open_mesh,
bdd5e488098e1e64921b53aacfc8df260e2f898c,plate,complete,False,bbox_inertia,open_mesh,
bde8da056a43d2fc9470645a35c7111868be6c50,desk,complete,False,bbox_inertia,open_mesh|degenerate_faces,
bdee8bf0af5b4ce53fbb26bd56942509459269c8,globe,complete,False,bbox_inertia,open_mesh,
bdeec19773768ce7a3c47fb1cc37e03fc6c2ed14,chair,complete,False,bbox_inertia,open_mesh,
bdfb2c362461fe0bf3ef2a2a9825cd5cde388bae,wall mirror,complete,False,weld_or_static,open_mesh,
bdfbde6e190d9e7ed0299c2e9f14693d7bc62e85,hanging cabinet,complete,False,bbox_inertia,open_mesh,
bdfed6cba50ab8ff57cdba9b9c49313da4cf8931,sculpture,complete,False,bbox_inertia,open_mesh,
be022989c87bfdd16986c388daab10c6780181bd,cabinet,complete,False,bbox_inertia,open_mesh,
be0419a65f40f65929dbbc99c55cb8cfcf2c3e1b,"candle.n.01,candlestick",complete,False,bbox_inertia,open_mesh,
be0590360a2e781c7af44b45fbf9abb31060f362,wall art,complete,False,weld_or_static,open_mesh|invalid_volume|center_of_mass_out_of_bounds|inertia_not_positive_definite,
be0bfe20f81951d85da964edd6f484fa0134f56c,wall art,complete,False,weld_or_static,open_mesh,
be0ea104f86eedb2424627de3e52a32af8d19c02,china cabinet,complete,False,bbox_inertia,open_mesh,
be1129f24ec88d04fc8e003033efa3c97d40187b,ottoman,complete,False,bbox_inertia,open_mesh,
be1b0ef31886b4b2b42cf0bf1b7df548917c9943,hanging cabinet,complete,False,bbox_inertia,open_mesh,
be2676cebc67e106722cb9e8f6e0d662263e84e4,railing,complete,False,bbox_inertia,open_mesh,
be267f6fcec322c0a3b50e285bc7b3479b58c459,chandelier,complete,False,weld_or_static,open_mesh,
be29027141222beb3ac121e48c131189e1b8cd0f,table mirror,complete,False,bbox_inertia,open_mesh,
be2a5fedc11f3641a907a5ddca4553816dc52294,window curtain,complete,False,weld_or_static,open_mesh,
be354ca7f1b4e4ff79b3bf0097152a73605881b2,nightstand,complete,False,bbox_inertia,open_mesh,
be3742355992203757a1bd2c4b496e4ce7c17782,wall art,complete,False,weld_or_static,open_mesh,
be3ab4192446e0130e2a97ad857bfc5dc7de7ec1,bookcase,complete,False,bbox_inertia,open_mesh,
be3f2eea019eb0db989072f9172c048ee8c10734,wall art,complete,False,weld_or_static,open_mesh,
be41048d9f38c67fedaa15dc85a61d7ec6d39012,wall lamp,complete,False,weld_or_static,open_mesh,
be53339e3d6ac4df4fa64d9113aa55e22d97d862,chandelier,complete,False,weld_or_static,open_mesh,
be6c32a68d3e6a9c0ef9444982adab441b211c73,coffee table,complete,False,bbox_inertia,open_mesh,
be76e60c5b196c712dc958ae97874f28f4817fff,hanging cabinet,complete,False,bbox_inertia,open_mesh|center_of_mass_out_of_bounds|inertia_not_positive_definite,
be7f9d8b1df3049a4a1738f8ac837c50629241c1,stool,complete,False,bbox_inertia,open_mesh,
be8082601819e3c19171c957616b92569a392016,fireplace,complete,False,bbox_inertia,open_mesh,
be89a6142a6b107fb68d606249f1cf4e5545a9c8,dining table,complete,False,bbox_inertia,open_mesh,
be948ce6d040db95c6cfa9e333cd26c619e35da5,desk,complete,False,bbox_inertia,open_mesh,
bebf17de5d5e8fe4c4c9106c5de99043773f528a,window curtain,complete,False,weld_or_static,open_mesh|invalid_volume|center_of_mass_out_of_bounds,
bebf700a7cce12a95dc0aa77fb8444a37ae0dda9,table,complete,False,bbox_inertia,open_mesh,
bec570e38d0a9746659299893ee8fd12d44aed5f,wall art,complete,False,weld_or_static,open_mesh,
bec5d3ce13e3916c9a8dc0df40d60a35633f37bd,wall art,complete,False,weld_or_static,open_mesh,
bed53b9e1aa4270ab6a1239d230488ed5ab5f8ba,shelving,complete,False,bbox_inertia,open_mesh,
bedc4571ad5ec553c8938ca27da50b1bdcce2d93,mat,complete,False,bbox_inertia,open_mesh,
bee09ebd1954d24c3e8835f38e994027d469bd8c,potted plant,complete,False,bbox_inertia,open_mesh|center_of_mass_out_of_bounds|inertia_not_positive_definite,
bef0eae5fd2a7f91c1771cd77c7e895b39529653,wall decor,complete,False,weld_or_static,open_mesh,
befcc872791099a79d7b2a85723e2e2cea2d48cc,kitchen scale,complete,False,bbox_inertia,open_mesh|inertia_not_positive_definite|degenerate_faces,
bf02cf6cbdba130dffd8bd550a2bb2eed8573c62,chest of drawers,complete,False,bbox_inertia,open_mesh,
bf078a642ffc3f74e75977c33efa56fa6f77bb8b,bath mat,complete,False,bbox_inertia,open_mesh,
bf0c3a33b598c3a8a98c2e67aa1980d0d3298bf9,table lamp,complete,False,bbox_inertia,open_mesh,
bf0cde8fcc91c760392843c4fbb2e5955b665d9a,lantern,complete,False,bbox_inertia,open_mesh,
bf0d188b37ed02e5567e8651df3425c57fbff7bd,double bed,complete,False,bbox_inertia,open_mesh,
bf0ea53947cff924371c0ae4abf8b9891452e9c5,kitchen island,complete,False,bbox_inertia,open_mesh,
bf0fab68fcaf4142b983ae6f806b3820cfb042d3,sculpture,complete,False,bbox_inertia,open_mesh,
bf10c8dfedc7eec580f1529066c4a1a4caa442a6,cabinet,complete,False,bbox_inertia,open_mesh,
bf112cb3224ed0184b57c3b35aca759d18eb7eb3,dining table,complete,False,bbox_inertia,open_mesh,
bf14e4e75f349c85a31641f6208175debc95357b,ottoman,complete,False,bbox_inertia,open_mesh,
bf15ef2635550d8724a3e977a4f650a244f3a1c2,flower in vase,complete,False,bbox_inertia,open_mesh,
bf163feb5a58e8e6149c44c1446d7cef0da9e82f,desk,complete,False,bbox_inertia,open_mesh,
bf2cbd8f7ad73f1c21550bc99d2cd44ed145a1cb,barbecue,complete,False,bbox_inertia,open_mesh|inertia_not_positive_definite,
bf2dfa9d2106781b50ab85f7d875aaea367061f9,china cabinet,complete,False,bbox_inertia,open_mesh,
bf330e41e4f3bac3abcf00e44781b24d76b8ea13,barbecue,complete,False,bbox_inertia,open_mesh,
bf3986b3c25d09acce12b81d420c219a4990ca07,bottle,complete,False,bbox_inertia,open_mesh,
bf3c644c0686ef3f380f199a533d65d5d71e8bf0,table,complete,False,bbox_inertia,open_mesh,
bf4bab446a7cc6b0ea4c300a1e00599e6420a90b,sofa,complete,False,bbox_inertia,open_mesh,
bf5932d522ff9137fe1a85c0bd3e0be140c09da8,subwoofer,complete,False,bbox_inertia,open_mesh,
bf73abd017c591e5cbae7f0cc8d96b18945fefa4,armchair,complete,False,bbox_inertia,open_mesh,
bf796005b2234568661e5c595ef556a1fe472907,kitchen cabinet,complete,False,bbox_inertia,open_mesh,
bf7a2fdc9c345ac33db72429f5bad9b30852611f,potted plant,complete,False,bbox_inertia,open_mesh,
bf854d8470d3c7f268d2696ba20c6984225da690,wall mirror,complete,False,weld_or_static,open_mesh,
bf87bea088e8fa4b89eabcaa6b925094cfe910ab,chandelier,complete,False,weld_or_static,open_mesh|center_of_mass_out_of_bounds|inertia_not_positive_definite,
bf898898fd1d92bc217a8b8943d178589c2b316f,pendant lamp,complete,False,weld_or_static,open_mesh,
bf96d2cce0097d4eeb20de5e736103b626baf0ac,sofa,complete,False,bbox_inertia,open_mesh,
bfa4524ef59e91e72e09f4a88bc3a6d5743235fb,potted plant,complete,False,bbox_inertia,open_mesh|center_of_mass_out_of_bounds|inertia_not_positive_definite,
bfb4b2a7d105c96efa8bb813240a3361ad15bd69,hamper,complete,False,bbox_inertia,open_mesh,
bfbe7d7f053055dc9b348a5b8af34e2d30830047,sofa,complete,False,bbox_inertia,open_mesh,
bfca83a3cd2abd86a0aea511cdca0c536292c8c3,firepit,complete,False,bbox_inertia,open_mesh,
bfd492e124c22b692fad51d1a5080bc5389aa196,coffee table,complete,False,bbox_inertia,open_mesh,
bfd6cf98dd195c4c70cfa0510fd4eaed99efea6a,base cabinet,complete,False,bbox_inertia,open_mesh,
bfe04e96e993785f20979427194d364f5ca00510,end table,complete,False,bbox_inertia,open_mesh,
bfe9897b7a9f26a1b0b497094031d37497c86890,football,complete,False,bbox_inertia,open_mesh,
bfec5fe56eb18fcd84d3c5b400de000ee237555f,table lamp,complete,False,bbox_inertia,open_mesh,
bfed8af1880c5607428d0aa8c66d7373098b190b,swing bench,complete,False,bbox_inertia,open_mesh,
bfedb2c63e6852488accb790eb4a03943b411688,wall clock,complete,False,weld_or_static,open_mesh,
bffb79e903883371e0f7282a453f19c18717bce8,shoe,complete,False,bbox_inertia,open_mesh,
c012d44ff03113b5921064c84a95bcb99d433e35,elevator,complete,False,bbox_inertia,open_mesh,
c01fd35dcf7fe36ba94cc1633c264946f8d504aa,table lamp,complete,False,bbox_inertia,open_mesh,
c024e783b079d971d76882c162d87dee801df4fb,chandelier,complete,False,weld_or_static,open_mesh,
c02b2f65e90d191abfa3ed44ec9c05141b6462b2,television receiver,complete,False,bbox_inertia,open_mesh,
c03338f63524b422e6445dc7415b809f6232b267,picture frame,complete,False,weld_or_static,open_mesh,
c037f556753b66e786c130526e4b807a8636cf1b,chest of drawers,complete,False,bbox_inertia,open_mesh,
c03f04a67b9d698f19a0bec08b897b4ebb87ce75,wall clock,complete,False,weld_or_static,open_mesh|center_of_mass_out_of_bounds,
c04a89d784144d83da6a2861f8d7f0e0ef5b89a8,coffee table,complete,False,bbox_inertia,open_mesh,
c05e14677327cf580b3670db2ceeb9c9f0522b30,wall art,complete,False,weld_or_static,open_mesh,
c0603b828055afbdd18960844443db8da9386a7f,cafeteria tray,complete,False,bbox_inertia,open_mesh,
c06376da5d9f31aa1beab208fec234a438a9a05f,wall art,complete,False,weld_or_static,open_mesh,
c069cb898b610bcfee008c69703936b095c482c7,wall art,complete,False,weld_or_static,open_mesh,
c0708291eba7d5d0080df6a748a728930225be91,bottle,complete,False,bbox_inertia,open_mesh,
c072d770784b824c576201ad88a3c8c9e82773a4,desk,complete,False,bbox_inertia,open_mesh,
c07383091478a013cc6f7542f6b5fc8fbf520a6c,cabinet,complete,False,bbox_inertia,open_mesh,
c0747f3ff9801c4b8463b2c2db13206b71cdb110,ceiling lamp,complete,False,weld_or_static,open_mesh|degenerate_faces,
c075ced257f48c753d22d3bd3400186d6de319da,bookcase,complete,False,bbox_inertia,open_mesh,
c07d14d8277526628dd08d5e6ce557aaebe55492,magazine,complete,False,bbox_inertia,open_mesh,
c0805593686e539ebd31388d4b5d3a3c0d38c674,table,complete,False,bbox_inertia,open_mesh|degenerate_faces,
c081738fd50bd67e91cd3f9aa6368721985b9e40,wardrobe,complete,False,bbox_inertia,open_mesh,
c0aecff654672375ae7bc459e7eea6a724e5acc6,table lamp,complete,False,bbox_inertia,open_mesh,
c0b009146b4160b435bdb66263dd9e7e4c36ea62,floor lamp,complete,False,bbox_inertia,open_mesh,
c0b0c87dec3041ed21e55c1c636e0957e7bdf015,throw pillow,complete,False,bbox_inertia,open_mesh,
c0b318d034839e2277126f61e18e70f642c3c103,bench,complete,False,bbox_inertia,open_mesh,
c0b50a7f924f4738899cebd17412dc364bcfaf3e,bench,complete,False,bbox_inertia,open_mesh,
c0b5ba9dea3e25cc8faf3d501d28cda5f086a64b,rocking chair,complete,False,bbox_inertia,open_mesh,
c0d4b6fda3a91e9d180027c44a669e879511a6d6,"bar stool.n.01,chair",complete,False,bbox_inertia,open_mesh,
c0e4065c448a6df0930059352fbe65b342487abc,bench,complete,False,bbox_inertia,open_mesh,
c0ee4ef13d4cc4bc8f549cb9a1fd8b1f213e7d18,cabinet,complete,False,bbox_inertia,open_mesh,
c0ef7d81e97166e24dbcdf1c6892b73ba0922898,table lamp,complete,False,bbox_inertia,open_mesh,
c0fa43b54bd550bd1cdb93ef4d97b57ce585fc19,laptop,complete,False,bbox_inertia,open_mesh,
c0fb57a3192c8681c8103c04ec864535b597746c,vase,complete,False,bbox_inertia,open_mesh,
c1023577afa043a9017f38ade9ad7147ea7f0c37,bench,complete,False,bbox_inertia,open_mesh,
c1057b25a20b48ebdff5bac1bb3e91acb6cb8500,swivel chair,complete,False,bbox_inertia,open_mesh,
c1141602bbec5838900a52cf21c42599326b355e,"switch.n.01,dimmer",complete,False,bbox_inertia,open_mesh,
c1230b54c3b732617601d2413eeb180c5d29f2e2,buffet,complete,False,bbox_inertia,open_mesh,
c1234ab69d64785a570dfa67d8dfb636a5a1a738,pendant lamp,complete,False,weld_or_static,open_mesh,
c139234bf8464898e67b064e1726440a3e84b0b6,cafeteria tray,complete,False,bbox_inertia,open_mesh,
c13f05ee9b55274e4b8c8965631a9c6516c58c27,bathtub,complete,False,bbox_inertia,open_mesh|invalid_volume|center_of_mass_out_of_bounds|inertia_not_positive_definite,
c1404728c5278797ef093fa655411e1bf85aeed8,candlestick,complete,False,bbox_inertia,open_mesh,
c1409585a6a5630baf8e126a84b06bfc28e1071f,easy chair,complete,False,bbox_inertia,open_mesh,
c14551d1606e78d0f95a95562514de6add52a072,wall mirror,complete,False,weld_or_static,open_mesh,
c14b82593cc0c2d54a85f0216e92d4ae40df790e,clothes tree,complete,False,bbox_inertia,open_mesh,
c15b77b30e7c5436d7fa008fc0dbf3bd7c8ff11d,chandelier,complete,False,weld_or_static,open_mesh,
c166853333cf6802131eff5cadd0c908610c3480,throw pillow,complete,False,bbox_inertia,open_mesh,
c17be1c2c06a77201fb00f71669a2a4b7ee28a40,wall art,complete,False,weld_or_static,open_mesh,
c18e28fcfe4a3c7fbbb202b0ba50eaa611a0375d,bedclothes,complete,False,bbox_inertia,open_mesh,
c19302e707b69e15d5c0b8d1f1c88b1eb4ee27f5,table,complete,False,bbox_inertia,open_mesh,
c194cd9a1d57e52fdf4dfc1aa1c64dbf585e659e,christmas tree,complete,False,bbox_inertia,open_mesh,
c1965c146b48cddf434f6d5407dfc6ac43bde9b7,bathtub,complete,False,bbox_inertia,open_mesh,
c19b7ddf8c812047622fadd7be7700d8ab0808d3,armchair,complete,False,bbox_inertia,open_mesh,
c19b88319a5dd032f9617eb183159e79759c86bb,throw pillow,complete,False,bbox_inertia,open_mesh,
c1a07c25aef6562d3459a2d1bfbbc4e3265b0fab,alarm clock,complete,False,bbox_inertia,open_mesh,
c1ae5b90e3544de032a04e50f95ae8212bfa9fbb,wall lamp,complete,False,weld_or_static,open_mesh,
c1af88a8e45c99a987d56630d3197c29af1a4a66,broom,complete,False,bbox_inertia,open_mesh,
c1bd4ed24b1eab295513bd16896686129dff4f1a,bottle,complete,False,bbox_inertia,open_mesh,
c1bdae17057dfa88d5e3894433642030fd66c7d6,"stove.n.01,oven",complete,False,bbox_inertia,open_mesh|inertia_not_positive_definite,
c1bdd6cef00b9b3e3da93585e0bb64bdd5cd706d,toilet paper holder,complete,False,bbox_inertia,open_mesh,
c1c13a7e6edbac6d3a96b6ebc266cbe6637beca2,throw pillow,complete,False,bbox_inertia,open_mesh,
c1c5e1bcb153c71136155ed9103813b1d98cde5b,beam,complete,False,bbox_inertia,open_mesh,
c1cb1e6fead90420e4501a0e25c74e2a0dbb4397,pendant lamp,complete,False,weld_or_static,open_mesh,
c1d13a3bc6efe707c8fe3bbf5d7a8053774ac09c,table lamp,complete,False,bbox_inertia,open_mesh,
c1d2dc22b02045c8751a44c2b4abde1071e30910,wall art,complete,False,weld_or_static,open_mesh,
c1d4a6d6e808196f862b115b538d47379badcef5,chair,complete,False,bbox_inertia,open_mesh,
c1d835b9d5b47211a07b12427a02672debbecbe8,armchair,complete,False,bbox_inertia,open_mesh,
c1db590d05d06c53b47cd5d795f712f55557a5dd,table lamp,complete,False,bbox_inertia,open_mesh,
c1eb50298ff734470f53763d12f8bebde8d61764,kitchen island,complete,False,bbox_inertia,open_mesh,
c1ef6d7dc8b53ca1b3e96457ec62a5144074300f,"stove.n.01,oven",complete,False,bbox_inertia,open_mesh|degenerate_faces,
c1f260d17a70727d2f9716f5967e557d1d7e5705,"bar stool.n.01,chair",complete,False,bbox_inertia,open_mesh,
c1f6c57fa38f763b7921728ffff954bc26f7eec6,wall art,complete,False,weld_or_static,open_mesh,
c201642e4710b7d91e18a6742735ee8b5701939b,toilet,complete,False,bbox_inertia,open_mesh,
c201c0c2a779f7d701b692e136e57a16477b1526,wall art,complete,False,weld_or_static,open_mesh,
c204122db9b173abf43744c12923aefaf9434a9b,window blind,complete,False,weld_or_static,open_mesh,
c2044eaad4095cf537a013c9147d4b4f2e3c0738,footstool,complete,False,bbox_inertia,open_mesh,
c204d5b4284b03f3418de66c856e7c64ba74024d,sink cabinet,complete,False,bbox_inertia,open_mesh|inertia_not_positive_definite,
c20a0e84afd93a3008f0df44bb00a7fc65913557,nightstand,complete,False,bbox_inertia,open_mesh,
c20cb9997d8c8b456748a9dee8c0b9f7f4851303,desk,complete,False,bbox_inertia,open_mesh,
c20eb9d4aa05bb5422a6de82359ad08e9c1cbb08,umbrella,complete,False,bbox_inertia,open_mesh,
c212806e4ce9e2df02df2a3c67db2da44794954e,wall mirror,complete,False,weld_or_static,open_mesh,
c216a606cf8f829e40fa348550eee4bc66945ef5,throw pillow,complete,False,bbox_inertia,open_mesh,
c222e9038be7c4c332118578a97bb68f17d6c481,wall art,complete,False,weld_or_static,open_mesh,
c239a1de3dedf0865d3521d4a8189d6044386cf8,"candle.n.01,candlestick",complete,False,bbox_inertia,open_mesh,
c23caeb7f2dc3fe107f1382f8ebeaa08ee9cc6f1,floor lamp,complete,False,bbox_inertia,open_mesh,
c23e159071acb3f9bd03ed01576d9077cc30f1cf,hanging cabinet,complete,False,bbox_inertia,open_mesh|center_of_mass_out_of_bounds|inertia_not_positive_definite,
c23faef9bbd3bf3909d1b8ad9cee4c4b7e0c4061,storage box,complete,False,bbox_inertia,open_mesh,
c25844c70baa9237c4d1c28ad5ec1c7a658b4056,floor lamp,complete,False,bbox_inertia,open_mesh,
c25995b2c9398c74823c58e069285236f47f8f2a,garage door,complete,False,bbox_inertia,open_mesh|degenerate_faces,
c25b6b75e343e6f6e7ec2322c96455b9a419c9f8,wall art,complete,False,weld_or_static,open_mesh,
c25bfb8dc147411a4e56c502d40c87c138b80518,chaise longue,complete,False,bbox_inertia,open_mesh,
c265896268e1d697a6b561db6b709b445f5e60a2,kitchen timer,complete,False,bbox_inertia,open_mesh,
c26fd81a66b0c2903e18d34ac4979cbc1e6114c1,wall decor,complete,False,weld_or_static,open_mesh,
c270ad9d359d5990207416f83be6fb2154b543bc,sofa,complete,False,bbox_inertia,open_mesh,
c27179f707d3f7afa65dfe1daf842ab250997a5b,wall art,complete,False,weld_or_static,open_mesh,
c277ad9364e53b3c1bac1a74a7f5f770362f5634,faucet,complete,False,bbox_inertia,open_mesh|inertia_not_positive_definite,
c27ffe33c37fb0d58bd76b949f85b4896545e0ed,vase,complete,False,bbox_inertia,open_mesh,
c280ce8f98e45e745104c62a2200d4ceeb51ae9c,wall art,complete,False,weld_or_static,open_mesh,
c28aa62e0d287fa9b35fa7e64b4379f66004225c,book,complete,False,bbox_inertia,open_mesh,
c294ee4dd27985e94399a647c6431420ad3749d9,"stove.n.01,oven",complete,False,bbox_inertia,open_mesh|inertia_not_positive_definite,
c29a8d8fde857c6a5b83e1c9d6a9e922abb5b77d,floor lamp,complete,False,bbox_inertia,open_mesh,
c29c63c4902bab64defab8ff10fd1692a08d1340,table lamp,complete,False,bbox_inertia,open_mesh,
c29dc1d7b6cb991b553d8c9ef5c0c1a4b71d20c8,picture frame,complete,False,weld_or_static,open_mesh|inertia_not_positive_definite,
c2a02097a8366892be928f0485471d898002276b,buffet,complete,False,bbox_inertia,open_mesh,
c2a0d008087d33d3ddca9ba6af237c26a10bd3f5,floor lamp,complete,False,bbox_inertia,open_mesh,
c2a2376b3ffd55be86194e9be4a8d48c8f1ff46b,bookcase,complete,False,bbox_inertia,open_mesh,
c2ac43a89929751cab26f71f04dd1a84554d1476,rug,complete,False,bbox_inertia,open_mesh|degenerate_faces,
c2ac5a249ca5897894ae36b08376d35fde7914a3,sofa,complete,False,bbox_inertia,open_mesh,
c2ad39c5fadc51ab84f17820b783af71a3cf8f68,armoire,complete,False,bbox_inertia,open_mesh,
c2aeca9c208ba29df49ca2c17347a6289eaf1b02,stool,complete,False,bbox_inertia,open_mesh,
c2b963967c1e817256ce9f72f7e160a9632947bb,base cabinet,complete,False,bbox_inertia,open_mesh,
c2c17462cc5cba5908d12060aaa28efbff652888,dryer,complete,False,bbox_inertia,open_mesh,
c2cbb4677994a6d2fbd4796360fe7538d9189eda,chest of drawers,complete,False,bbox_inertia,open_mesh,
c2cea6aa38399f6dbab116808914ea6283ed2fd5,table lamp,complete,False,bbox_inertia,open_mesh,
c2d198ebe2cd8c70b0886e60d98b327f1934aa0e,kitchen cabinet,complete,False,bbox_inertia,open_mesh,
c2d966559ee73ca0f88779a2de90d8158f85e4fb,kitchen cabinet,complete,False,bbox_inertia,open_mesh,
c2dff928bfe8dd26f95b33b5c7ac8c325e3feb93,wall lamp,complete,False,weld_or_static,open_mesh,
c2f412d6053a51a162ad0c42eb0116d30cd181be,wall mirror,complete,False,weld_or_static,open_mesh,
c2febcc32890f66534eec8364ae9ba1ec6802615,wall mirror,complete,False,weld_or_static,open_mesh,
c309eda1f978f3721f8664b12f8a9c2414df3252,throw pillow,complete,False,bbox_inertia,open_mesh,
c311ceedf2a5fc73069efdd11796c40b0a7c7472,flower,complete,False,bbox_inertia,open_mesh|center_of_mass_out_of_bounds|inertia_not_positive_definite,
c319c6d6f92102a6f1418837565970fa554e3a7c,armchair,complete,False,bbox_inertia,open_mesh,
c32d0662ddc6b737900a1d186cbf844b869daf22,soap dish,complete,False,bbox_inertia,open_mesh,
c32d5dd6751249c2517774929590e50a01d56a6c,kitchen cabinet,complete,False,bbox_inertia,open_mesh,
c32f5f957504b74bdc7aea67da189e7878d6ff32,straight chair,complete,False,bbox_inertia,open_mesh,
c32fb94bb53f10fb230103eaaf503752000405fa,cabinet,complete,False,bbox_inertia,open_mesh,
c32ff30392fbcb9a780efaf3b88dbbdb7a49de07,ceiling lamp,complete,False,weld_or_static,open_mesh,
c33165b9d06aab9e2e162cd54b047883a80d5f00,console table,complete,False,bbox_inertia,open_mesh,
c339ce2c5238151c747159b815e0e77a857f4029,end table,complete,False,bbox_inertia,open_mesh,
c33bb78d33c0975795ca887e4df65b982fdb49ee,potted plant,complete,False,bbox_inertia,open_mesh|inertia_not_positive_definite,
c34d55162d1b20d077c536fbafd0a1430680222a,chest of drawers,complete,False,bbox_inertia,open_mesh,
c35b7327609100ad9504c9f4a73c745fd1185c0e,tv stand,complete,False,bbox_inertia,open_mesh,
c35bb16753d55d5118dd8901eb3ca45e2ce14b80,wall mirror,complete,False,weld_or_static,open_mesh,
c35f419e02cc47f5c6c0e782963afc31c172b61a,bathtub,complete,False,bbox_inertia,open_mesh,
c36224a62661a3f9842446e535882c489ddbba8c,loudspeaker,complete,False,bbox_inertia,open_mesh,
c362dd75f39f848e00fe66bc2b69be7964ad4d04,"candlestick.n.01,candle",complete,False,bbox_inertia,open_mesh,
c36462b8244ce01c07c03e1c6e08bd2c69a2af1e,throw pillow,complete,False,bbox_inertia,open_mesh,
c366e25f8eedfeff6ebe1991e712b91ef235031f,book,complete,False,bbox_inertia,open_mesh,
c37347cedb69c15f2a8fd0b16c58f1276beabd74,desk,complete,False,bbox_inertia,open_mesh,
c37e1c6105bc43c44c14b8fb371b0d3c843ec313,potted plant,complete,False,bbox_inertia,open_mesh|center_of_mass_out_of_bounds|inertia_not_positive_definite,
c39181c455b8df6ac1b8112a8d2d7bc4a493d8e7,console table,complete,False,bbox_inertia,open_mesh,
c39792ff1a0b330389efdc0f2113e4d50d6e96e3,wall art,complete,False,weld_or_static,open_mesh,
c39af48a8e98b050068a7a01f87d1358c6a8831c,pendant lamp,complete,False,weld_or_static,open_mesh,
c39dc0b9f1bb9173e74c1842874690e236dc5f40,wall art,complete,False,weld_or_static,open_mesh,
c3a372194b1a0aeb8bec96ccda8e75701c4f65eb,chair,complete,False,bbox_inertia,open_mesh,
c3a37bd25b300803d89fbc845f7c88286cd3051a,wall mirror,complete,False,weld_or_static,open_mesh,
c3a6db9251980820f1e2ddcabebf8d21f059e0a4,vase,complete,False,bbox_inertia,open_mesh,
c3a726217d3a5aea52bebf82925a734ef322e529,chest of drawers,complete,False,bbox_inertia,open_mesh,
c3ac47826153213d9f0be074e52d2c5993487645,wall lamp,complete,False,weld_or_static,open_mesh,
c3b2adbd3b89bdcd01f1e813bc4d2e06975ec727,microwave,complete,False,bbox_inertia,open_mesh,
c3bb69cc0d810d1d784e523f38de24fef5f1c244,weight,complete,False,bbox_inertia,open_mesh,
c3bfe9d9969b21fac01b8bb7b9399a0047feef73,stool,complete,False,bbox_inertia,open_mesh,
c3c56c69215fd5ae4a01d8035128425533e80b8e,sofa,complete,False,bbox_inertia,open_mesh|degenerate_faces,
c3c743ba30c2c5488903064178e52a7b61297dc0,nightstand,complete,False,bbox_inertia,open_mesh,
c3c8a9a0e1f2037d9e82d2286748cb576b1fd738,vase,complete,False,bbox_inertia,open_mesh,
c3ccb52aabc1a2543dee20239c88cd307340c134,hanging cabinet,complete,False,bbox_inertia,open_mesh,
c3db13f077c3e9d28bcedb5bf5d7b547a43a752b,chandelier,complete,False,weld_or_static,open_mesh,
c3e4907f9a360d0c32a6c74b1b27ad715128bba0,bulletin board,complete,False,bbox_inertia,open_mesh,
c3e5c53a8c1281cabe3c83892292de2d4cb8e842,sofa,complete,False,bbox_inertia,open_mesh,
c3e86272081ba94fa291016bfa8b1651e2ba394f,rug,complete,False,bbox_inertia,open_mesh,
c3fdb13cd96d001010a51bf5cacd47503c75df7e,chest of drawers,complete,False,bbox_inertia,open_mesh,
c3ff91dd214e64922a0cb77de309be52e32d67ed,pendant lamp,complete,False,weld_or_static,open_mesh,
c40df2998fcea3687deebb651759eb24a23e5922,hanging cabinet,complete,False,bbox_inertia,open_mesh|center_of_mass_out_of_bounds|inertia_not_positive_definite,
c41e7d7d088f1794f6e78781f6698faf445f5c83,refrigerator,complete,False,bbox_inertia,open_mesh,
c426ef21a586b2ebcb15e351fc976c6d6dc941c8,rug,complete,False,bbox_inertia,open_mesh,
c42c9cc7db0f5e58e14f3d6acfff94c9b2c5f488,book,complete,False,bbox_inertia,open_mesh,
c43cfcfcf9b8cb403e4145b10d6e2377abb39822,hamper,complete,False,bbox_inertia,open_mesh,
c43f70f9eb68eb55669209d08659ba76a5d3c3b1,showerhead,complete,False,bbox_inertia,open_mesh,
c4423cf1fade284d5fa91fea7e50a15d54c9cc2d,swivel chair,complete,False,bbox_inertia,open_mesh,
c444bd4ee4524c01839e9b0e1632eb4396b1910c,wall art,complete,False,weld_or_static,open_mesh,
c4472ca217b9e9950127380da08708effce795b8,throw pillow,complete,False,bbox_inertia,open_mesh,
c44931cecf8bc5a93911345b82669fe2ed60acf8,"stove.n.01,oven",complete,False,bbox_inertia,open_mesh,
c44c0bcf893a572611c4aac52b4c06d515ddaf69,toilet,complete,False,bbox_inertia,open_mesh,
c461ecb62efa4ef74eb34fb8152acf8cc8ac427d,potted plant,complete,False,bbox_inertia,open_mesh,
c464ab09fc9fa93ea63c9cfcec3cc93f67cf27e7,table lamp,complete,False,bbox_inertia,open_mesh,
c4776ee9f31d7ab3177be970e35e3f76c44e0f8c,vase,complete,False,bbox_inertia,open_mesh,
c4851ca365614ca521cf0f1418ae2fdeb8480d0e,kitchen cabinet,complete,False,bbox_inertia,open_mesh,
c48a311bef7cdf4ed738ef197a49da93a1ee5913,flower,complete,False,bbox_inertia,open_mesh,
c48c42dccc86b2f952e52a76e46ae4cdf7744a18,refrigerator,complete,False,bbox_inertia,open_mesh,
c492bd41185b54c67b1616ac3ffd920be0d77977,rug,complete,False,bbox_inertia,open_mesh,
c493273348e661dce9c1690dc54fc625ab9cf834,tv stand,complete,False,bbox_inertia,open_mesh,
c493ea94142950e6965d31222ad8321f7aed4f61,ceiling lamp,complete,False,weld_or_static,open_mesh,
c49874090f582f64d96ed42150c527408b58af9b,chandelier,complete,False,weld_or_static,open_mesh,
c498d4ff8a6506991025a1a036943ad3f82c62ac,chest of drawers,complete,False,bbox_inertia,open_mesh,
c4a76da68c72eec12f07b0f047a21a130872a0ba,vase,complete,False,bbox_inertia,open_mesh,
c4acd52f08d53a00c431d867bf75aaa036dd79c6,window blind,complete,False,weld_or_static,open_mesh,
c4c03cef798d0326eb19c50f6b4c9dc31b3d29a6,wall mirror,complete,False,weld_or_static,open_mesh,
c4d2556b341f612e226156792dff2eb13d752ca0,mantel clock,complete,False,bbox_inertia,open_mesh,
c4dbbac8d1c199dbd41b237578d5665751599fa6,wall shelf,complete,False,weld_or_static,open_mesh,
c4dde9b2280f0318ce9b59e388883bcb101d6654,cabinet,complete,False,bbox_inertia,open_mesh,
c4e50fe4d7750a52962c0b90fd8ab6c5a3702c19,wall art,complete,False,weld_or_static,open_mesh,
c4e89d8e4bd9aca08367071724d19d1844e07e21,basket,complete,False,bbox_inertia,open_mesh,
c4ea785cbf5c58bd600131838c3cedb2fec57761,mantel clock,complete,False,bbox_inertia,open_mesh,
c4ecfbcaaf89dae847ab4bc4d126c010b82a5dc3,step stool,complete,False,bbox_inertia,open_mesh,
c51126c979fc4d2133d7814b1504057be44d6740,throw pillow,complete,False,bbox_inertia,open_mesh,
c51427dcd8e4dbfbaee0e6bdc26f489a12b6706c,bench,complete,False,bbox_inertia,open_mesh,
c515d4ceb42ceacdbc4c38b0f9bc635bc1fc239f,wall art,complete,False,weld_or_static,open_mesh,
c51b02a7778f072f5b1478635682222b0b4cd8c3,wine bucket,complete,False,bbox_inertia,open_mesh,
c52452b350951c3985cda3e780b11002133e9e7d,table lamp,complete,False,bbox_inertia,open_mesh,
c527dc4e30fd5614024a1ac6b98a3a001ae99bad,wall sign,complete,False,bbox_inertia,open_mesh,
c530b0594e9d724f34319e5bda3df575ef2a5af5,wall art,complete,False,weld_or_static,open_mesh,
c530e9e489c0e3f7859d1d34325faa69a0795289,potted plant,complete,False,bbox_inertia,open_mesh,
c53a6264d95993c81875f988e49d9699ea414db7,towel rack,complete,False,bbox_inertia,open_mesh,
c53f8c9652f6caf6fff6a42e17117d024586d89c,bookcase,complete,False,bbox_inertia,open_mesh,
c54489d31fda59e0b89fdf1da56efbb704c5cf64,throw pillow,complete,False,bbox_inertia,open_mesh,
c547e4f30bb766fbc780ad43e058efcb183f53ff,buffet,complete,False,bbox_inertia,open_mesh,
c54816423cdd8e3e699b411d028aba1e5aef3f2c,armchair,complete,False,bbox_inertia,open_mesh,
c54e11bdecf809c38c699a781a745036e4c5b8f6,wall art,complete,False,weld_or_static,open_mesh,
c5518a32252e621fcb1d32275d0e505d9d8d0e67,bookcase,complete,False,bbox_inertia,open_mesh,
c553e1bf34813a58c5960856672f950c0df68e1a,plant,complete,False,bbox_inertia,open_mesh|center_of_mass_out_of_bounds|inertia_not_positive_definite,
c563959687e9e7cc78d81c07e1765f9091f517ae,drying rack,complete,False,bbox_inertia,open_mesh,
c56b1556e1583e9043c632895cf43d602f3a9469,car,complete,False,bbox_inertia,open_mesh,
c56d01344e3aefc9502f050ef8db91e8aef28cad,wall art,complete,False,weld_or_static,open_mesh,
c573a0b830810d34c543f2f530dc5572b22bfcfd,desk,complete,False,bbox_inertia,open_mesh,
c574b9e0894f44074ded5ef28fc1df111c7c488a,coffee table,complete,False,bbox_inertia,open_mesh,
c57ead736b5283dd715db70a50b140b2fea1e296,wall clock,complete,False,weld_or_static,open_mesh,
c580422cc99dcf25fede3a1c3e041d781891b40d,ottoman,complete,False,bbox_inertia,open_mesh,
c5844462115398e25206a58ce202d227fa51f00a,dollhouse,complete,False,bbox_inertia,open_mesh,
c5860056d697b9c74a6655622350e1aae2cb8dc2,"toilet brush.n.01,toilet brush holder",complete,False,bbox_inertia,open_mesh,
c5882194a48af24d8166d2fde153d6a4ad723b30,potted plant,complete,False,bbox_inertia,open_mesh|invalid_volume|center_of_mass_out_of_bounds|inertia_not_positive_definite,
c58f80fee5a4b2d9463effc9618e33b68eb7a9c5,armoire,complete,False,bbox_inertia,open_mesh,
c591c70a1493babeaa31a1465eb356201a44b4ce,china cabinet,complete,False,bbox_inertia,open_mesh,
c599885fbfa5229ee9b7d254bd4c55544d58650a,rug,complete,False,bbox_inertia,open_mesh,
c59a5e54e8082f4a2e4ace78e0940d290b55df65,wall art,complete,False,weld_or_static,open_mesh,
c59cf522b4edfea37ceddb0ad7b315491f52606b,easy chair,complete,False,bbox_inertia,open_mesh,
c5a8536eec3ec49e438db690aa3a24d969a8da25,flower in vase,complete,False,bbox_inertia,open_mesh,
c5ade2980883d832809b93a9da1b881ec5602ed9,wall clock,complete,False,weld_or_static,open_mesh,
c5bbf890c455acf8a8289a564179f5ee49701d2f,bath mat,complete,False,bbox_inertia,open_mesh,
c5c936056c0737da2379462f9ac6a4169803a52a,bench,complete,False,bbox_inertia,open_mesh,
c5cfee504a6981913ed99661a89fc226f2b8bfc2,glass,complete,False,bbox_inertia,open_mesh,
c5e3284569580394e2ef6085b001f5b4a875ea70,telephone,complete,False,bbox_inertia,open_mesh,
c5e608ebbdfd0ca139c610e2ecbf9acf67456d99,wall art,complete,False,weld_or_static,open_mesh,
c5f1f1cbdefa78aeac4b7c4bc1a4bdf6961fef81,table lamp,complete,False,bbox_inertia,open_mesh,
c5f8140c2c12b63edb31cd47ea966575926fcacc,wall mirror,complete,False,weld_or_static,open_mesh,
c5fcff661840480b412a5c4a8fdfb0d58d262ad5,swivel chair,complete,False,bbox_inertia,open_mesh,
c5fe7eaaa71f5cc7e2bc468d56bbdd3685b24224,chest of drawers,complete,False,bbox_inertia,open_mesh,
c5ff5698a48415c704891bf4b3356c31ac773721,microwave,complete,False,bbox_inertia,open_mesh,
c605855fd97f1798eef75a9c99ed30df8450fe6a,throw pillow,complete,False,bbox_inertia,open_mesh,
c607cb721e91c7b298b08b86ddd796f578947884,wall art,complete,False,weld_or_static,open_mesh,
c609f6e7d2119414087787a969f0f1c16fa26aff,wall lamp,complete,False,weld_or_static,open_mesh,
c60f1138e86d8eab2a55efab7c63264ee8d951bd,end table,complete,False,bbox_inertia,open_mesh|center_of_mass_out_of_bounds|inertia_not_positive_definite,
c619270772ebbdf9ecfa9f8c2cf80098aaaec32c,space heater,complete,False,bbox_inertia,open_mesh,
c61e8e4d12958dd3489d22fa51c47f14622034e2,tv stand,complete,False,bbox_inertia,open_mesh,
c62155e1d545b39ead13ef7fde2d426783cb3ef4,clothing rack,complete,False,bbox_inertia,open_mesh|inertia_not_positive_definite,
c621611c1fbe83bd85aa8412f8320bb89fcca2dd,pathway light,complete,False,bbox_inertia,open_mesh,
c624a8c123222a482db257dd5d10e4fc550d0738,rug,complete,False,bbox_inertia,open_mesh,
c624e2fa4f1d962515c51ffbb2e1d20c7b5cc560,wall art,complete,False,weld_or_static,open_mesh,
c62509f7f96cb4c6d1d6b23b585fe911983ddfd1,coffee table,complete,False,bbox_inertia,open_mesh,
c62a15562a28312af165e840b363cd317c1b468a,wall lamp,complete,False,weld_or_static,open_mesh,
c62bd3f57959ef6e18c81d003f3c55fdde452e52,chair,complete,False,bbox_inertia,open_mesh,
c6331fbf864d354263f7bcd5f3dcc638d8989d61,window shade,complete,False,bbox_inertia,open_mesh,
c65b3c89025f610838382692f1e298ede78e35ab,sofa,complete,False,bbox_inertia,open_mesh,
c65b5e4533cf2fc2a8c145dddddfc79ba394c25a,flower in vase,complete,False,bbox_inertia,open_mesh|inertia_not_positive_definite,
c65ed8df95e4e7789495aa1b620c3f3be5d6061f,wall art,complete,False,weld_or_static,open_mesh,
c660936d5a679d0077dc6ceb13c2f589f17fc84e,bar stool,complete,False,bbox_inertia,open_mesh,
c66a7ad447cd8e4d09fc31e0f28832ae398d0676,table lamp,complete,False,bbox_inertia,open_mesh,
c6727c642c3dd018f4ae964f7ed8fccf95a0e204,bar,complete,False,bbox_inertia,open_mesh,
c677a8bc97aee16aac025979f5c14a953859b9bb,buffet,complete,False,bbox_inertia,open_mesh,
c67c6e75945f75cbc530feb9568548802a1648a6,desk,complete,False,bbox_inertia,open_mesh,
c680b3d7f7c7f4415ba590e80c71a0a272ae5480,microwave,complete,False,bbox_inertia,open_mesh,
c6939e705b5d024be79b76af8d8b432e9ea0e480,throw pillow,complete,False,bbox_inertia,open_mesh,
c69fe8aa018381208a63fbbe63cce722d62c4fb8,bench,complete,False,bbox_inertia,open_mesh,
c6b8fb24f7554b1ef08ded1227b1d1ea866fd2b3,gift box,complete,False,bbox_inertia,open_mesh,
c6c32788d47e71bc607010762e70695ca856b7cc,potted plant,complete,False,bbox_inertia,open_mesh,
c6d2a57b75f4f798434d9f887cde208f30274db4,throw pillow,complete,False,bbox_inertia,open_mesh,
c6d58aa6bf7cda1a540d1756c0ef5ead3cedf6d5,sofa,complete,False,bbox_inertia,open_mesh,
c6dfd9242c58888e5fe7e0a6bf9d5ad739a5230c,table lamp,complete,False,bbox_inertia,open_mesh,
c6e1fe068f7ce33aaf1d0b95d736be1488e3c278,throw pillow,complete,False,bbox_inertia,open_mesh,
c6e2268863e1ad826feed40bfee065582fd5f0b2,buffet,complete,False,bbox_inertia,open_mesh,
c6ee2a801e720442092ed6497935cc067158e761,desk,complete,False,bbox_inertia,open_mesh,
c6f1458e0bcabb5ed4ff8ad1086d192bd04997e1,hanging cabinet,complete,False,bbox_inertia,open_mesh,
c6ffbbcdb60a0cf942ce85663aa54754cd760551,sink cabinet,complete,False,bbox_inertia,open_mesh|center_of_mass_out_of_bounds|inertia_not_positive_definite,
c700ab9d2434c38355eb1318ee868040efbc4bf4,nightstand,complete,False,bbox_inertia,open_mesh,
c704f340a1e05311492912024355e34f1bb9433e,end table,complete,False,bbox_inertia,open_mesh,
c707408215afcc11910353f0ccbe67eb53cb1e49,cup,complete,False,bbox_inertia,open_mesh,
c707fe930cb93082c969e8f42adbd65dfea3097a,table,complete,False,bbox_inertia,open_mesh,
c70bd1ccbbc01c9e8354858deb36b5a61df1b0ae,floor lamp,complete,False,bbox_inertia,open_mesh,
c70ef2f552fd561ae25806cfe63d5d7e07ac6f76,tv stand,complete,False,bbox_inertia,open_mesh,
c71222582b58b14c0dfc64f55bdb8a44b34f3959,cup,complete,False,bbox_inertia,open_mesh,
c7153e360791c536c5ffc3ba85ee92dab5b52528,makeup mirror,complete,False,bbox_inertia,open_mesh,
c717fbe8f10ad354c83f9cfc7ce154ae2fcdf96c,plate,complete,False,bbox_inertia,open_mesh,
c719364e77cbe6e37b8dcc2e4f855bffa4b9a2ba,plant,complete,False,bbox_inertia,open_mesh|inertia_not_positive_definite,
c71e0b537b049ab7967fad21b3115ba2ca03c3fb,armchair,complete,False,bbox_inertia,open_mesh,
c71ff97be911ee5e2438bf3ddcf15350942dbad7,buffet,complete,False,bbox_inertia,open_mesh,
c721894f13f6808b4626396e31728ac8bcdc35c9,"letter.n.02,wall decor",complete,False,weld_or_static,open_mesh,
c72676cb17859f9eaad814671dafbe58432615c2,table lamp,complete,False,bbox_inertia,open_mesh|degenerate_faces,
c72ec873acc923626e4543ee4e4db18733fd10b7,throw pillow,complete,False,bbox_inertia,open_mesh,
c734bb27bf982ac93171eea697977e81df54ab41,wall art,complete,False,weld_or_static,open_mesh,
c73d90cf472ce9ae4e2899812ef72817336b1349,"pestle.n.03,mortar",complete,False,bbox_inertia,open_mesh,
c73f8b5dd9353b05bdc81872432e0851cc2d6ab5,tv stand,complete,False,bbox_inertia,open_mesh,
c7442c4162a5372fcbbcdba379a24967e35f5f97,floor lamp,complete,False,bbox_inertia,open_mesh,
c747e7e6bfe668e9dc89267e4a05097f920d319a,shower curtain,complete,False,weld_or_static,open_mesh|center_of_mass_out_of_bounds|inertia_not_positive_definite,
c7564571e612aed3f444a3066b7c063671a1bb29,wall art,complete,False,weld_or_static,open_mesh,
c76350e8a36b01b0d49406c64d5009cbfd8b874b,"letter.n.02,wall decor",complete,False,weld_or_static,open_mesh|invalid_volume|center_of_mass_out_of_bounds|inertia_not_positive_definite,
c76bb8afa2d70a152cdb982b7f55e06664689816,wall mirror,complete,False,weld_or_static,open_mesh,
c76cf29427780abebb11688b4815cbe59d54819a,console table,complete,False,bbox_inertia,open_mesh,
c77e8ffcb85d5d91694bfe37516ef9880890716c,desk,complete,False,bbox_inertia,open_mesh,
c78e9fb3aea7fb010ca3cb21b1281fb13ba0c854,table,complete,False,bbox_inertia,open_mesh,
c790785989744470af26ac5023bd3b1cd989fab7,wall art,complete,False,weld_or_static,open_mesh,
c794d49c6cf213ee5dd21ed796adac85f1b12a74,"toilet brush.n.01,toilet brush holder",complete,False,bbox_inertia,open_mesh,
c79e3948d6cb3361e23866d0826e6860ac34525a,pendant lamp,complete,False,weld_or_static,open_mesh,
c7a970b36a90760399672531f4a75e0ffe9ba35e,armoire,complete,False,bbox_inertia,open_mesh,
c7a9fcbab796f68f91b16ab2bc5edd05f477d26f,potted plant,complete,False,bbox_inertia,open_mesh|center_of_mass_out_of_bounds|inertia_not_positive_definite,
c7b206f8413b0a72c277040bba3db00f7b94e287,crib,complete,False,bbox_inertia,open_mesh,
c7b44f8bcad61222912d6fec0aa4b2b1f654fdf0,easy chair,complete,False,bbox_inertia,open_mesh,
c7b59499334f445f2b1680cfad3fb3656eac554b,wall art,complete,False,weld_or_static,open_mesh,
c7c5a1b22bc45672ee746040a0113a80f8e85531,armoire,complete,False,bbox_inertia,open_mesh,
c7cbe030340ce3c254503bf5317f26090c223dc4,armchair,complete,False,bbox_inertia,open_mesh,
c7cd117550688ee734436bca9b49d5c7c2217207,toilet bag,complete,False,bbox_inertia,open_mesh,
c7dd0598b672fed1d924aa236d0a41e4e7fb1c33,sofa,complete,False,bbox_inertia,open_mesh,
c7f45cada6b754881b3d15a7d15349def842ea00,"bar stool.n.01,chair",complete,False,bbox_inertia,open_mesh,
c800ff5b3c40d93b26a1934a64c5fd4009c5cea2,coffee table,complete,False,bbox_inertia,open_mesh,
c8052c588ae53d7f74bb87fcc1f6d3e085d1b9f4,wall mirror,complete,False,weld_or_static,open_mesh,
c8066b282efeea5f6d7930a742cb57ffdec6105b,chest of drawers,complete,False,bbox_inertia,open_mesh,
c816dc1bb177a739c7c52bbca6097e7e627a2214,washbasin,complete,False,bbox_inertia,open_mesh,
c81836ef5cde283959fd70a8c001b6f5a534906e,straight chair,complete,False,bbox_inertia,open_mesh,
c82a08279ca1a84d891e9bc0928fd461c1e41cd2,carafe,complete,False,bbox_inertia,open_mesh,
c849ecee298ddecee48ef3bdffe99fb238dfc364,fireplace,complete,False,bbox_inertia,open_mesh,
c84ab7b8a498c482026664bb468aea0ef038ede3,flat bench,complete,False,bbox_inertia,open_mesh,
c859b2b52d3f2acdde6a00b4f0767f63e0bccad5,wall mirror,complete,False,weld_or_static,open_mesh,
c85cb53d51c50dedb4d0063ce0f4a168890352b3,sink cabinet,complete,False,bbox_inertia,open_mesh,
c861ed337a09ac9607d9ae9e97b6971571111b2c,stool,complete,False,bbox_inertia,open_mesh,
c8626f2d3bbeb2f1601a2af656c4610cd99e56fa,vase,complete,False,bbox_inertia,open_mesh,
c867632190daa97c735174f48c994c977bd1f991,sofa,complete,False,bbox_inertia,open_mesh,
c867cf9d2313577f6f800484cae73997961a2732,clothes tree,complete,False,bbox_inertia,open_mesh,
c86becd5f5e8bc33b33937ff71935a09e156da17,dining table,complete,False,bbox_inertia,open_mesh,
c86e7f32a692444a8ff2a19e3cd29ce6ecc9c444,"stairway.n.01,stairs",complete,False,bbox_inertia,open_mesh,
c87d13e0fbf284ac63d7a9b28fb069a564ddac5c,table,complete,False,bbox_inertia,open_mesh,
c87f57064df4c06a1966bc97c883c3dee3d457d6,ceiling lamp,complete,False,weld_or_static,open_mesh|center_of_mass_out_of_bounds|inertia_not_positive_definite,
c883ba2ee1868f4f0e0ab2cc4eeb15e9c8bc08b5,bathtub,complete,False,bbox_inertia,open_mesh,
c8867a24eb06b87f5cbca53b65b290cf5ae57b67,cabinet,complete,False,bbox_inertia,open_mesh,
c88b5430ff8675fc3774b2dd9ae78bc92e1edc1c,fireplace,complete,False,bbox_inertia,open_mesh,
c89ad9df5af596d19da02bea32f469ecb872e57d,cup,complete,False,bbox_inertia,open_mesh,
c8ab5d20473a75069e085146e58d351ccb84c4ec,end table,complete,False,bbox_inertia,open_mesh,
c8af5b98558601d1ea284a89c3578eb39e061c00,vase,complete,False,bbox_inertia,open_mesh,
c8af8fc4308499f356185a32b60d704c9c36e686,potted plant,complete,False,bbox_inertia,open_mesh|inertia_not_positive_definite,
c8b5bac9217dd13b6eb65e0cb4dfaa2852fce3db,shoe,complete,False,bbox_inertia,open_mesh,
c8bbb9cc378c3034f8a31bd0e19e51bb8290bda6,easy chair,complete,False,bbox_inertia,open_mesh,
c8d16af73e07db7b9ff1aea7bc583f22f9166d72,picture frame,complete,False,weld_or_static,open_mesh,
c8d544f1415086d808deb2050de0e589eb9c6af7,wall mirror,complete,False,weld_or_static,open_mesh,
c8def276d3e5500320bc309a59d3affdfed293ec,table lamp,complete,False,bbox_inertia,open_mesh,
c8e109051b6ed7b877d8b7dbfbbf2b2c536490ed,pan,complete,False,bbox_inertia,open_mesh,
c8e52cc537e216597dde1b7b5fcb753101385ed5,paper organizer,complete,False,bbox_inertia,open_mesh,
c8e785bf9aac6cf897c3f80375351aa536a60b7a,"candle.n.01,candlestick",complete,False,bbox_inertia,open_mesh,
c8fb797c719f23fc3c1c3ea765b77db120674df1,"letter.n.02,wall decor",complete,False,weld_or_static,open_mesh|invalid_volume|center_of_mass_out_of_bounds,
c90407872e08305f4ad17bcc225c602ae52e6722,wall lamp,complete,False,weld_or_static,open_mesh|inertia_not_positive_definite,
c912ae482a3516bcb8430ec7e4ff70092dc991dd,armchair,complete,False,bbox_inertia,open_mesh,
c916c53e95731e6ef750dba40c754f6d5ffec90e,bed,complete,False,bbox_inertia,open_mesh,
c91d1e8a292fcf7cc68bebc32087710d26f91f6c,flower in vase,complete,False,bbox_inertia,open_mesh|center_of_mass_out_of_bounds|inertia_not_positive_definite,
c922bca1cc2a51a06322c7039b57981fe0d9087a,stool,complete,False,bbox_inertia,open_mesh,
c925a9673c67c046620c859c725d51c7d693c1bc,potted plant,complete,False,bbox_inertia,open_mesh|inertia_not_positive_definite,
c92c6f54fc159759c8cfbab35343b611b49cf26b,bathroom scale,complete,False,bbox_inertia,open_mesh,
c93296b28cdb2be23fbb30e09662ce94a13b3b85,wall sign,complete,False,bbox_inertia,open_mesh,
c9370a61991cbf725dffa8eb6c846527188a8085,stool,complete,False,bbox_inertia,open_mesh,
c93c37e06f4c53ebac1a6697d9c3e4ad653cefe9,ceiling lamp,complete,False,weld_or_static,open_mesh,
c940633bf604b8d2f274ab83828d9ede95672ac8,bookcase,complete,False,bbox_inertia,open_mesh,
c948a0fa20f053e0b721c5e2afd6de59a920cd42,throw pillow,complete,False,bbox_inertia,open_mesh,
c94a0e798aa88b0a8669da5ee3304e23705fb8dd,ceiling lamp,complete,False,weld_or_static,open_mesh|center_of_mass_out_of_bounds|inertia_not_positive_definite,
c94c6de12e2d82e101d38dbff301d11dd7b8f5ae,l-shaped couch,complete,False,bbox_inertia,open_mesh,
c94e1bba463878d1aadb7c56ff87cb8258b75ae8,wall art,complete,False,weld_or_static,open_mesh,
c95829d613a9a780c467c06f0402984dbbc8db06,wardrobe,complete,False,bbox_inertia,open_mesh,
c95a77cb5c2b67768b566f45b25ccd726be5bead,end table,complete,False,bbox_inertia,open_mesh,
c95d0ac8c043493a0b0c13f11d3b83d12c0a24f9,cabinet,complete,False,bbox_inertia,open_mesh,
c9660f1fa1ce4bb74a8f6a643973f41bded296c4,l-shaped couch,complete,False,bbox_inertia,open_mesh,
c96b2c23c84e0cafea2843ea938842942e9a1912,bar stool,complete,False,bbox_inertia,open_mesh|degenerate_faces,
c96b33101041fa3ab53246e8b73fc9d37d092a1a,wall art,complete,False,weld_or_static,open_mesh,
c96d9c01eeaef13563d832710c5717cd77d78648,cabinet,complete,False,bbox_inertia,open_mesh,
c9790fcb07f496b87971a297ba59be2f0a91b46b,wall art,complete,False,weld_or_static,open_mesh,
c97b5df7e6a67fbf94d1d24b2b7337c6b228f025,telephone,complete,False,bbox_inertia,open_mesh,
c98c22aebe84fd3875bc5399daed635c9f990c9d,throw pillow,complete,False,bbox_inertia,open_mesh,
c9ac589dbef66b3e367d7851638a845e7ddc3600,wall art,complete,False,weld_or_static,open_mesh,
c9b182bd0b8f66bb311a3438d0e1b4ece1b28076,bookcase,complete,False,bbox_inertia,open_mesh,
c9b8e053dee2b88b060d5045f461c4ec07d49aff,table lamp,complete,False,bbox_inertia,open_mesh,
c9bff5b46ed61531f468e5840373b0506bdff74b,chain saw,complete,False,bbox_inertia,open_mesh,
c9c976bb79564ee9ff40f05649d7140c000927f0,floor mirror,complete,False,bbox_inertia,open_mesh,
c9ccea681c48845b9deda9c8cbefd968e049cbcf,gazebo,complete,False,bbox_inertia,open_mesh,
c9d140d976657e8d058bd6bc3dc068b87daf9260,book,complete,False,bbox_inertia,open_mesh,
c9d4c6f3dba4ab9b4949ac310ddf1b7775a56365,wall mirror,complete,False,weld_or_static,open_mesh,
c9daa7db4a9e3e69470769a107c91c96db36a1c2,wall art,complete,True,weld_or_static,,
c9ed3384decbb55af2abc48652ecd05c82c7b568,"letter.n.02,wall decor",complete,False,weld_or_static,open_mesh,
c9f521edcabaa21444d1fd2c48d6b854ce40b208,umbrella,complete,False,bbox_inertia,open_mesh,
c9fe5514c6cfa1614b11b6e98dd8328f2705eb54,wall art,complete,False,weld_or_static,open_mesh,
ca02e37f8330139e66d6ca97279fad38658e29b6,club chair,complete,False,bbox_inertia,open_mesh,
ca14539a775c809106bacaf4d8e79407de8707c3,toiletry,complete,False,bbox_inertia,open_mesh,
ca1d9e341342fd9a6fe8c74f1bebda2a06610339,wall art,complete,False,weld_or_static,open_mesh,
ca241f59f18a484bb401df1ee05f2b1ff2fdf24c,tv stand,complete,False,bbox_inertia,open_mesh,
ca299a4043f2e747175f75db672324997a75b81b,wall art,complete,False,weld_or_static,open_mesh,
ca2e3f978e57f15629649965fe52e0ea962998cf,nightstand,complete,False,bbox_inertia,open_mesh,
ca3188ece53f81ff6a663a7ddc17c6b0d2532f06,chaise longue,complete,False,bbox_inertia,open_mesh,
ca48b12c9b33f1c72d3af87e064f61b7cd197c31,buffet,complete,False,bbox_inertia,open_mesh,
ca4a303ea73d3e4c8c681077655eeca97f2d4b08,window shade,complete,False,bbox_inertia,open_mesh,
ca575083f0e3e86f0b93184a3ecf7f52e8612c3d,table lamp,complete,False,bbox_inertia,open_mesh,
ca5c6dba3e3d11e1d460ab441a36d68fb04857f8,club chair,complete,False,bbox_inertia,open_mesh,
ca5f5dfd4564353aee167464dae2c409c42634b6,wall clock,complete,False,weld_or_static,open_mesh,
ca6176eeba1cae0107bd8cce4905b5422f808b92,globe,complete,False,bbox_inertia,open_mesh,
ca96d02f5d9657036ae3a695069eb5bed1dde5cd,l-shaped couch,complete,False,bbox_inertia,open_mesh,
ca9e1558a070e2b21d78dc13c3271b347e165750,wall art,complete,False,weld_or_static,open_mesh,
caa025e170f62cafa6fb28af82b0206646c442f7,bookcase,complete,False,bbox_inertia,open_mesh,
caa55ec125c0724617816b6bdb87976191a63073,easy chair,complete,False,bbox_inertia,open_mesh,
caa70356253b48e397de80caf15ebb145e23ef51,potted plant,complete,False,bbox_inertia,open_mesh|center_of_mass_out_of_bounds|inertia_not_positive_definite,
cab394212d39fd2760c820003ea5dd7511e4727e,armoire,complete,False,bbox_inertia,open_mesh,
cab463553928979537ae6c6097cc5d0ecca9d802,tv stand,complete,False,bbox_inertia,open_mesh,
cab5c469578139918a771dae6fceb5d58c2dafd2,weight,complete,False,bbox_inertia,open_mesh,
cac04279e6d51203058f8f64ebad61e4f4a376dd,"stove.n.01,oven",complete,False,bbox_inertia,open_mesh,
cac179602cd4e10c8b206477c77df3750018091c,ashcan,complete,False,bbox_inertia,open_mesh,
cacca75ff25d59f01deba6bac2d55bb28b9651ea,nightstand,complete,False,bbox_inertia,open_mesh,
caccd96c7d52335d94ed7a57d3f38eef0c831c80,potted plant,complete,False,bbox_inertia,open_mesh|center_of_mass_out_of_bounds|inertia_not_positive_definite,
cacff07bc87bf20cdadf4a2d19ef037065549b65,coffee table,complete,False,bbox_inertia,open_mesh,
cad3220ee0d123ee63b787674074a2ae7c711705,bar stool,complete,False,bbox_inertia,open_mesh,
cad4f138344f6fc378d72b05e0584155649f1ad6,coffee table,complete,False,bbox_inertia,open_mesh,
cad6f1790fae059000e8966a3498bdfc481351c6,rug,complete,False,bbox_inertia,open_mesh,
cade0f4d5e8bdff87e8f88c296229b14e3dffb1a,bench,complete,False,bbox_inertia,open_mesh,
cae4c60830bba615ff533dc23ffee6e6e5c7d14e,refrigerator,complete,False,bbox_inertia,open_mesh|center_of_mass_out_of_bounds|inertia_not_positive_definite,
caed7dd8a8edb05d31940f5afaee64180fea28ab,wall art,complete,False,weld_or_static,open_mesh,
caf1a5e788a8914448778e7af00410128af46a84,ashcan,complete,False,bbox_inertia,open_mesh,
caf281fc61ef48ec1800d2eec6d5adca4a70f652,wall art,complete,False,weld_or_static,open_mesh,
caf437fa65ab3954bd8757ad9e2bb79e4e267a0e,flower in vase,complete,False,bbox_inertia,open_mesh|inertia_not_positive_definite,
caf8285d2c660bcbdb8801b046f766c18b6e1c79,ceiling lamp,complete,False,weld_or_static,open_mesh,
cb027637a3a3db4070f53c1ac004a37fae7f2fa0,wall hook rack,complete,False,weld_or_static,open_mesh,
cb02cc90b207289dfd2ab4deeaddea38c6198d09,valve,complete,False,bbox_inertia,open_mesh,
cb143444f831ecf796490c5c9572cdfec841d7dd,piano,complete,False,bbox_inertia,open_mesh,
cb1fe77ce721dc4841cd5fa3f69573856c5fa45d,chaise longue,complete,False,bbox_inertia,open_mesh,
cb23e3fa4797f9cf727fdd33aa35d1d27bc507e3,plant,complete,False,bbox_inertia,open_mesh|center_of_mass_out_of_bounds|inertia_not_positive_definite,
cb2542f1a43bea622ab9ee5320f97da00dc28c7f,candlestick,complete,False,bbox_inertia,open_mesh,
cb3626861ee7d70bd63f933029a48012f48ca92b,alarm clock,complete,False,bbox_inertia,open_mesh|degenerate_faces,
cb3a89381371408755e503bf75b888a7c807494f,bench,complete,False,bbox_inertia,open_mesh,
cb3bc57620d155f9dfafdd1872b96420f51b6ffb,l-shaped couch,complete,False,bbox_inertia,open_mesh,
cb3c78e27d6c41029e427fe05d5b2f08b60bd132,washer,complete,False,bbox_inertia,open_mesh,
cb3dd8f2c8de396606e0794f6effc921aff7235d,dishwasher,complete,False,bbox_inertia,open_mesh|degenerate_faces,
cb3ded4460b53bfe63437e8d950482cfc8f88610,armchair,complete,False,bbox_inertia,open_mesh,
cb40ac8eeef13613222677455fec827b139ac010,wall art,complete,False,weld_or_static,open_mesh,
cb47ce31bd4309c8b3c99a1d53db43f7046cb489,potted plant,complete,False,bbox_inertia,open_mesh|inertia_not_positive_definite,
cb53d7dc4a7ac71cd26c4ac7938d9e990bf404a0,wine rack,complete,False,bbox_inertia,open_mesh|center_of_mass_out_of_bounds|inertia_not_positive_definite,
cb58e240c34ab4b813a15a126e4eed094316861d,wall art,complete,False,weld_or_static,open_mesh,
cb6be8e627768ec48d7dd72608093ed2da3372d8,wall decor,complete,True,weld_or_static,,
cb73b8d7a7eba06c5070a71263b39705724e9f7b,nightstand,complete,False,bbox_inertia,open_mesh,
cb8876f147bea043a2d2da3815e33fc54fb47367,end table,complete,False,bbox_inertia,open_mesh,
cb99e067e7b29c10b0dd4af17b50969a94e1796c,glass,complete,False,bbox_inertia,open_mesh,
cb9b5a9ee8e0eb6cacd1eb98cfe65cced77ad54f,potted plant,complete,False,bbox_inertia,open_mesh|degenerate_faces,
cba2876e0d64126946169da1d9ed044e48f9e232,trunk,complete,False,bbox_inertia,open_mesh,
cba8f0a243f059b07e393e14b7ad81fa0ac053f5,flower in vase,complete,False,bbox_inertia,open_mesh|center_of_mass_out_of_bounds|inertia_not_positive_definite,
cba9e9085ee9f5b6a90d378c0d01561de7b0d583,window curtain,complete,False,weld_or_static,open_mesh,
cbadc2e21f271fb6e529484d47385de37f8164d9,door,complete,False,bbox_inertia,open_mesh,
cbb4633c95d4b985f10188b8d62be4a90593b07d,nightstand,complete,False,bbox_inertia,open_mesh,
cbb4de8e657ae4e18d9c1e2fc6e7696908da221f,wall hook rack,complete,False,weld_or_static,open_mesh,
cbb6c88a961ceb766b4fef14cdbe236464be0881,wall art,complete,False,weld_or_static,open_mesh,
cbb88687e92551e439e3dcf5810a8626ca4bfb15,wall art,complete,False,weld_or_static,open_mesh,
cbc0bd4099c9137debcba2d7ce1aa0989ca6439f,garage door,complete,False,bbox_inertia,open_mesh|degenerate_faces,
cbc8b75de1f3f1ec1d4ad261e8e27842aeb33b68,printer,complete,False,bbox_inertia,open_mesh,
cbca8f4c29dcb2f7e16f8a621e11d6c321516eb7,l-shaped couch,complete,False,bbox_inertia,open_mesh,
cbd631b198c3c9fe74533ef037b4249e45d05797,television receiver,complete,False,bbox_inertia,open_mesh,
cbe7567842652e9e27eb421afc713a37d05f19d0,chandelier,complete,False,weld_or_static,open_mesh,
cbf24a57c8dbf816d950b907413f3deef3725627,wall art,complete,False,weld_or_static,open_mesh|invalid_volume|center_of_mass_out_of_bounds|inertia_not_positive_definite,
cbf66246fbbe6ec055a967d3618ae4129b4d5c68,throw pillow,complete,False,bbox_inertia,open_mesh,
cc0725a4e72499499722e95245b78abfbc19b946,wall clock,complete,False,weld_or_static,open_mesh,
cc0f520d665802f240bd5d7c55fb1e3fa8cad17a,flower in vase,complete,False,bbox_inertia,open_mesh|center_of_mass_out_of_bounds|inertia_not_positive_definite,
cc134e0336ed2ca3e5c804ec1c4cfda866aa1e84,chandelier,complete,False,weld_or_static,open_mesh,
cc14e69c23cc87bb054562b214dadaf0a5d84509,wall decor,complete,False,weld_or_static,open_mesh,
cc15f4f67e55963a009abe0f4fe10148cb632f2f,handcart,complete,False,bbox_inertia,open_mesh,
cc17054d09c889e72d32457505e032dedf054b71,wall art,complete,False,weld_or_static,open_mesh,
cc22182ec83fb0d00a1fbd5e1b6b550d1beae125,wall art,complete,False,weld_or_static,open_mesh,
cc238b28d54e7452ba790f3332d4ba0f6da18b82,coffee table,complete,False,bbox_inertia,open_mesh,
cc2dad4684d908d0f19c4919b21ce0a724586a05,wreath,complete,False,bbox_inertia,open_mesh,
cc348226a283543116d1069f1d928ee1261c8542,"letter.n.02,wall decor",complete,False,weld_or_static,open_mesh,
cc34d2bd7d33c5dd311fae8268857ee35dcbab47,chest of drawers,complete,False,bbox_inertia,open_mesh,
cc45171d0d70742f0730eeeda8ebffdbf956854f,mat,complete,False,bbox_inertia,open_mesh,
cc48920ec3355dff3e8d1a26a7328884e74028e7,armchair,complete,False,bbox_inertia,open_mesh,
cc5281d4600eb70647018d02c92032abf391535f,vase,complete,False,bbox_inertia,open_mesh,
cc57668f1affa1e9b866ce5af34ee20c7e7a0649,toy box,complete,False,bbox_inertia,open_mesh,
cc5900bba23d7c46daece6f7a24cd20a491ebc0d,throw pillow,complete,False,bbox_inertia,open_mesh,
cc591e0bfc275461ad38bf335cf940a3e47ac0f5,chest of drawers,complete,False,bbox_inertia,open_mesh,
cc63802212507b3c1b5c24a7a38561fa4c9107d1,wall art,complete,False,weld_or_static,open_mesh,
cc755f02f1fff52b71c345502a103954cd399f87,pendant lamp,complete,False,weld_or_static,open_mesh,
cc75c57d650ebbdbe15542f83666b417d24f9ae4,toilet,complete,False,bbox_inertia,open_mesh,
cc77404cecfd8b9ef01d2f46634013c200b25492,wall art,complete,False,weld_or_static,open_mesh,
cc779956c36e5f3b15a84918b2fa40295f1c4773,throw pillow,complete,False,bbox_inertia,open_mesh,
cc85c356e547d86975d71f5405415e1019706178,kitchen cabinet,complete,False,bbox_inertia,open_mesh,
cc8e882049590405d2562d3984f105bef060f99b,chair,complete,False,bbox_inertia,open_mesh,
cc90affb5036b91b64564a50865593eedad00e75,cabinet,complete,False,bbox_inertia,open_mesh,
cc916aa81e794cea2f80fd42864aa66b285334c4,ironing board,complete,False,bbox_inertia,open_mesh|center_of_mass_out_of_bounds|inertia_not_positive_definite,
cc93f4155757ef3543b782171b136b4ff1b77b6d,potted plant,complete,False,bbox_inertia,open_mesh|invalid_volume|center_of_mass_out_of_bounds|inertia_not_positive_definite,
cc9929ee326793bba8cc58e9120ef2262f087ca4,plate,complete,False,bbox_inertia,open_mesh,
cca778ed931d78560cbbb483f7d0804721433f1f,sofa,complete,False,bbox_inertia,open_mesh,
ccb6d8d8284a84493a815182e5ce3e3dddd3ad70,armchair,complete,False,bbox_inertia,open_mesh,
ccb76c83b981fc6f627b66ba20f3013ab866c47f,nightstand,complete,False,bbox_inertia,open_mesh,
ccb9832038076a5eab66b99388a161ac51242091,armchair,complete,False,bbox_inertia,open_mesh,
ccc06ee1769fdf79d951a31f3f061030cf33e17e,bath mat,complete,False,bbox_inertia,open_mesh,
ccc209c29fe66cecea49f496e8f8131a9d16a105,wall art,complete,False,weld_or_static,open_mesh,
ccc3a05acbdd0ca79a82f36a71cd775f2781eb62,bookcase,complete,False,bbox_inertia,open_mesh,
ccc8eeed121cb0930adf6b38231b4c9ad2c72391,potted plant,complete,False,bbox_inertia,open_mesh|invalid_volume|center_of_mass_out_of_bounds|inertia_not_positive_definite,
cccc049db3ef5417dc934e267c4fbe40d6eb3691,plush toy,complete,False,bbox_inertia,open_mesh,
ccd60eb60ea53a4cbf906346c2501c4797de638a,rug,complete,False,bbox_inertia,open_mesh,
ccd92dda462cb380a92851ccfe000079bc3c82c8,drawer unit,complete,False,bbox_inertia,open_mesh,
ccdac06a414e99b7c79e268bafb18f8c2efac07b,car,complete,False,bbox_inertia,open_mesh,
ccf3f0ee76dd2263f77ad90a7cec59da84e047c8,kitchen cabinet,complete,False,bbox_inertia,open_mesh,
ccfcf2b2b639e4b5d4e5d5eb7632dc3115d22e58,swivel chair,complete,False,bbox_inertia,open_mesh,
ccff98d18bbcfb5784a02a4cd8b00fd038d67612,window curtain,complete,False,weld_or_static,open_mesh,
cd067341d326cb51208e2a97ef46a78291747e28,potted plant,complete,False,bbox_inertia,open_mesh,
cd17a7b8d78ee79bc52015841577a2652f9e0625,armoire,complete,False,bbox_inertia,open_mesh,
cd196cef130b539fc5f2596f6acf43384a63a515,cabinet,complete,False,bbox_inertia,open_mesh,
cd1a32857dd7bbc7d78d214f727a0f07cb71d76c,wall mirror,complete,False,weld_or_static,open_mesh,
cd1b52c5ef8ed6a07592b9810e79c153939c0260,flower in vase,complete,False,bbox_inertia,open_mesh|inertia_not_positive_definite,
cd1e01f62757950172c472d02062353055490ac0,chair,complete,False,bbox_inertia,open_mesh,
cd2e333e291c64ac4acec135ff84956ecabd875d,chest of drawers,complete,False,bbox_inertia,open_mesh,
cd34f9ba863367e2d2dc066ad1f70f68de2c5153,shoe,complete,False,bbox_inertia,open_mesh,
cd36fe3b97dec2b21a153e4348213068f9d6f989,storage box,complete,False,bbox_inertia,open_mesh,
cd463940bfb1d224688f7ea6e1d7c2caae0ecd1c,wall decor,complete,False,weld_or_static,open_mesh,
cd4ffae2b879d72de5eb67e2876f7c3fd7a3a740,cabinet,complete,False,bbox_inertia,open_mesh,
cd5dbde963194db5714c6389bb045cbd9fc980cb,piano,complete,False,bbox_inertia,open_mesh,
cd6c203e0ef405f1d545f2a32eff3ca1072ade24,basket,complete,False,bbox_inertia,open_mesh,
cd6cfef40870510516a4cdc79c3168924284cbec,armoire,complete,False,bbox_inertia,open_mesh,
cd6e3f3bba7b28d2fe66389b1a7db7329911d0e6,window shade,complete,False,bbox_inertia,open_mesh,
cd743d72e27ab591706521942259495acd8a819a,laptop,complete,False,bbox_inertia,open_mesh,
cd765bd0476ff2a04eb0c6bee77366e0cf11ef1d,roof,complete,False,bbox_inertia,open_mesh|center_of_mass_out_of_bounds|inertia_not_positive_definite,
cd77c8f1b272d2776dc5f7a89dad82a1cdb4ebc8,teapot,complete,False,bbox_inertia,open_mesh,
cd8049f41e41f8fa0c381197cf1abd18c2fd49d4,showerhead,complete,False,bbox_inertia,open_mesh,
cd8537add9993d876ff40a7998a168ec0609aa0f,l-shaped couch,complete,False,bbox_inertia,open_mesh,
cd88a7acd6170502cae92b5054f0ea1327376a03,desk,complete,False,bbox_inertia,open_mesh,
cd98be236fae4658bc279ff1796e05ba5a6c24ca,dining table,complete,False,bbox_inertia,open_mesh,
cdb63a5f77c85faf0f00e7481463a25e926bec78,armchair,complete,False,bbox_inertia,open_mesh,
cdcbb79d18ce406593cc699cb35a2adc9fddc99e,sofa,complete,False,bbox_inertia,open_mesh,
cdcf14da5274eb889d420672ab4b49de3ee631ce,refrigerator,complete,False,bbox_inertia,open_mesh,
cdd46cec56a2f6218462dd9a2ae8cb55cfcb3dca,"candle.n.01,candlestick",complete,False,bbox_inertia,open_mesh,
cdd7e787c588639f7f7418656396df152f8a2a81,chest of drawers,complete,False,bbox_inertia,open_mesh,
cde4deb2051ece9aa0dc3bda6d70c3c1be201f57,wall art,complete,False,weld_or_static,open_mesh,
cde5bbb1a0639dd9740186ded76385c2ae393a0f,table lamp,complete,False,bbox_inertia,open_mesh,
cdec830fb0498fc971906849b06036f4d31059a9,flower in vase,complete,False,bbox_inertia,open_mesh,
cded5a507a3834e1168b4d5da82aec47e969403b,coaster,complete,False,bbox_inertia,open_mesh,
cdfb64659a6083fe8bf747b1040bb913be7a10ae,stool,complete,False,bbox_inertia,open_mesh,
cdfeb91604e7de537a26d4a3b048326d5f12d44d,rug,complete,False,bbox_inertia,open_mesh,
ce2d69b59d1d5ac58fc77d479d76fb71fa80aaea,potted plant,complete,False,bbox_inertia,open_mesh|center_of_mass_out_of_bounds|inertia_not_positive_definite,
ce2dc2e1d79662a1ff1479dbae1a6b989f666542,pendant lamp,complete,False,weld_or_static,open_mesh|center_of_mass_out_of_bounds|inertia_not_positive_definite,
ce32a87a585cb4308eeeb1e7a1e0428c0fbbedc9,wall mounted screen,complete,False,bbox_inertia,open_mesh,
ce33c1228cfca3da78e22645019258d7a92af3a9,bottle,complete,False,bbox_inertia,open_mesh,
ce35562fcce77597734c4d84aad960884c2be9d1,rug,complete,False,bbox_inertia,open_mesh,
ce3c93331de8937c264e3796f37e2603fe716a72,throw pillow,complete,False,bbox_inertia,open_mesh,
ce403cb3bfb6c40048b3a64d5e0496fd7d10cf39,wall art,complete,False,weld_or_static,open_mesh,
ce514fe2653e527bfa11b0e0752ef54d36f5c6e3,throw pillow,complete,False,bbox_inertia,open_mesh,
ce5c83fae05999ddb756ebb1560bec750abda067,armchair,complete,False,bbox_inertia,open_mesh,
ce61fbc040047115787d2c1f04997431fd4e494c,tv stand,complete,False,bbox_inertia,open_mesh,
ce64089b08a3ba3e5a2c4c8e70c627c71c64cccc,"bar stool.n.01,chair",complete,False,bbox_inertia,open_mesh,
ce71146541be5cfb40af0d4dfbb2504443176b5d,chair,complete,False,bbox_inertia,open_mesh,
ce7242be275461697c6f726e71927d2873354f63,end table,complete,False,bbox_inertia,open_mesh,
ce7eeea9920237a74e708fff98610fd738ab9ce5,wall art,complete,False,weld_or_static,open_mesh,
ce84e86311acac3aa2a5a1f86bcf204130e9030c,bookcase,complete,False,bbox_inertia,open_mesh,
ce8c564ea9c0c35b4471f30d0a05a1e42b2c2e4b,tumbler,complete,False,bbox_inertia,open_mesh,
ce96d6b53e54faf6d567fc6d1a0c5c4ddc4111ec,bathtub,complete,False,bbox_inertia,open_mesh,
ce9a682c6b8e7c3c0d12917829c3ca118b947035,beanbag chair,complete,False,bbox_inertia,open_mesh,
ce9b5a6d7845b08abfa23b91f60d038e9dce2cb3,l-shaped couch,complete,False,bbox_inertia,open_mesh,
ce9c5810fc2943f1487a73b60e163d1d56f7a5c8,coffee table,complete,False,bbox_inertia,open_mesh,
ceaa4d9ba59855573d809bbfdc885170312f3ff3,jar,complete,False,bbox_inertia,open_mesh,
cebd08a46fe07e84fb32f9985f824aa280a08b0d,wall clock,complete,False,weld_or_static,open_mesh|invalid_volume|inertia_not_positive_definite,
cebe167583e0b96752d0ebfe2ff704e65aa6629a,armchair,complete,False,bbox_inertia,open_mesh,
cece0c7af35159dbcb8c33a084d522d585a8ec3c,sink cabinet,complete,False,bbox_inertia,open_mesh,
ced229a3a764f65b462c085e3e373a6069f1e18f,throw pillow,complete,False,bbox_inertia,open_mesh,
ced455da4cae7c68aa79926a738645301871cf1b,wall art,complete,False,weld_or_static,open_mesh,
ced8302d0499c4e88074123d385c00cb7074f2a0,nightstand,complete,False,bbox_inertia,open_mesh,
cee1e41a478c3ea7e733d3d2f6207bfdd1b54af8,dressing table,complete,False,bbox_inertia,open_mesh,
cee439204aed040770718c03f39a0c6f6063746f,shelving,complete,False,bbox_inertia,open_mesh,
cef6e1271932445aa8e4933b380dc3199cbfdb8f,table lamp,complete,False,bbox_inertia,open_mesh,
cef8b074f18d2a05bbfaab27fe1a69037e5e6757,bath mat,complete,False,bbox_inertia,open_mesh,
cefabfad2cb33b1e8fa4dfd4d785d1ab62392441,lantern,complete,False,bbox_inertia,open_mesh,
ceffe245cfafb39a815c278977e2a9819db90cd6,console table,complete,False,bbox_inertia,open_mesh,
cf038f1e4d1f373f8a83548608adfaf132d970ec,toilet paper holder,complete,False,bbox_inertia,open_mesh,
cf106cb69689e6a38c8a070abb80de39300f3cf1,table runner,complete,False,bbox_inertia,open_mesh,
cf12af67b32e99b6409cb812b29375631ba7d7cf,sink cabinet,complete,False,bbox_inertia,open_mesh|center_of_mass_out_of_bounds|inertia_not_positive_definite,
cf2ccf35f30d7f7a463a0ef5eefc18a90ea7d2fe,desk,complete,False,bbox_inertia,open_mesh,
cf2ec95dfe4f8f92bbcb5e6eff9cb5112d9ccd37,wall mirror,complete,False,weld_or_static,open_mesh,
cf3140a9b17b1de888dc3670dd00799488566d19,bookcase,complete,False,bbox_inertia,open_mesh,
cf36c41219efc8643180fce192fa44bc104f7b1d,shelving,complete,False,bbox_inertia,open_mesh,
cf3c5c2359fa0439eda2ba4ccb08638250277bf6,gym equipment,complete,False,bbox_inertia,open_mesh,
cf407c13f7dcb63c55edb4d371e25f5bc88e1761,window curtain,complete,False,weld_or_static,open_mesh,
cf45d6d5a1ab37d5df44d93a9fccb1ff02ec211d,spice rack,complete,False,bbox_inertia,open_mesh,
cf5da8f8914274162f015e5d35af9c16240b77ad,wall art,complete,False,weld_or_static,open_mesh,
cf5f6ce2795c22441f4ca58af9f24f6aface8ba8,table lamp,complete,False,bbox_inertia,open_mesh,
cf628cbc7e1faf1fb02bbfacf52dc5ab9f71a9e9,nightstand,complete,False,bbox_inertia,open_mesh,
cf7544857e0592d00a81322ad80fff8319fc1bff,table,complete,False,bbox_inertia,open_mesh,
cf7c3bcacb1577219b9bd4742a13b1b8d70ee324,console table,complete,False,bbox_inertia,open_mesh,
cf8fa382afa5b18e36be4b3987dbd473877ad977,base cabinet,complete,False,bbox_inertia,open_mesh,
cf9af550b2eaf084ce16868f9559da84233a2e15,wall art,complete,False,weld_or_static,open_mesh,
cf9e4449561266d491f1d50c1b6e8a62c4a6e54f,wall shelf,complete,True,weld_or_static,,
cf9fb707f111d08c80f8d4aa84793567ce13daf3,chest of drawers,complete,False,bbox_inertia,open_mesh,
cfa2a50e86c181cf1fd4a5fb7da54926406dafd7,wall art,complete,False,weld_or_static,open_mesh,
cfa7b1f2fa4730e9962c7fef97094fab3baccad9,magnet,complete,False,bbox_inertia,open_mesh,
cfa828eda507f07bda0a4ae48dad583b9f6f4c07,chest of drawers,complete,False,bbox_inertia,open_mesh,
cfa905cae2b12e877d73b9f7d9011ea29a7aad26,soap dispenser,complete,False,bbox_inertia,open_mesh,
cfaa0aae3d38e8a5398763d3a6f9bd2342431d14,end table,complete,False,bbox_inertia,open_mesh,
cfb5eb726e60197b99e9c384f64437a3900b6ce4,window curtain,complete,False,weld_or_static,open_mesh,
cfb936ead974440cf048cde240683881fbe1cd44,throw pillow,complete,False,bbox_inertia,open_mesh,
cfba3ddc51c5c21b0ec4e4ec63fb2d28e34c2ffe,kitchen island,complete,False,bbox_inertia,open_mesh,
cfc3a88b73f146fdfdee4bfba8d1398f0d5d4358,wine rack,complete,False,bbox_inertia,open_mesh,
cfc49a5387109e753b5df46e6ed18e88c370661d,wall art,complete,False,weld_or_static,open_mesh,
cfcb3d204d92b039136f28eadba5a7d408edfbae,washer,complete,False,bbox_inertia,open_mesh|degenerate_faces,
cfcd5e10947538265eb2e26effddbffc21209b3d,basket,complete,False,bbox_inertia,open_mesh,
cfd6bbc559b530501e4c2792bfa16f4df3932ac6,chaise longue,complete,False,bbox_inertia,open_mesh,
cfd8f4b2d212696fd219492294adfc2d115925fc,shoe rack,complete,False,bbox_inertia,open_mesh,
cfd95e9ce4b94224ad7455a87c623a35d25fa7b1,potted plant,complete,False,bbox_inertia,open_mesh|inertia_not_positive_definite,
cfe1579f158ba17487382ff69c160a116bcf5f53,pendant lamp,complete,False,weld_or_static,open_mesh|inertia_not_positive_definite,
cfeb7e530ff927219de3ec37515bddf33f113755,"stove.n.01,oven",complete,False,bbox_inertia,open_mesh,
cff3440eeafa282d657a1c299ea3f76605a88fd2,rug,complete,False,bbox_inertia,open_mesh,
cff54dd6df371fea7a23bda408acec1ed26488c6,bookcase,complete,False,bbox_inertia,open_mesh,
cffa1925ce57187311ce3bdc6a0a61ec554b75ee,rug,complete,False,bbox_inertia,open_mesh,
cffcb37402b9d492f38a14cb1cb1176470bbccf2,ashcan,complete,False,bbox_inertia,open_mesh,
cfff5e4dbe561eb58ff2f87dbb3e82eff2aa1eea,chandelier,complete,False,weld_or_static,open_mesh,
d0013d74e62fab22d3ebf6788dc6d7aacb13a6ae,tumbler,complete,False,bbox_inertia,open_mesh,
d00915bfdfeb9a984ad1bbb4546541a8e2a0249b,railing,complete,False,bbox_inertia,open_mesh,
d013183b915887390add467c73cfc20e61d4dd24,shower curtain,complete,False,weld_or_static,open_mesh,
d015e61bece2fc81cddeadd8bd55d97005846874,chest of drawers,complete,False,bbox_inertia,open_mesh,
d01ca47331a0ac7ed385e9ded000a2853a3f1b40,table lamp,complete,False,bbox_inertia,open_mesh|invalid_volume,
d046b17dbfb2503a92fae261596d05b2966710b4,coffee table,complete,False,bbox_inertia,open_mesh,
d04768e5c4c17fc846bdfc195926680dd4cce836,wall art,complete,False,weld_or_static,open_mesh,
d04a9639ef6144f44945d0f4e783cac521d8e3cc,chest of drawers,complete,False,bbox_inertia,open_mesh,
d056a84bfef15ca420141fee70de425946287adb,dining table,complete,False,bbox_inertia,open_mesh,
d06c4e7cdfc08578e0d7f16725f4453c93a401ce,nightstand,complete,False,bbox_inertia,open_mesh,
d06dc7b6fa1496ac5d5fb849f12ac0d767121011,railing,complete,False,bbox_inertia,open_mesh,
d06e4785642aa011202d9343517d48812b48e0cc,basket,complete,False,bbox_inertia,open_mesh|center_of_mass_out_of_bounds|inertia_not_positive_definite,
d07a77d448600e810a41f6e3aa27583f84d9e09b,radiator,complete,False,bbox_inertia,open_mesh,
d07b8ac145fb657379b11d2ed85d52fcd7294dfb,bench,complete,False,bbox_inertia,open_mesh,
d07c137b8cf1bddecae95ef376c297b65f204961,wall art,complete,False,weld_or_static,open_mesh,
d08e3e468ded4cf5d92e6f42c1eb56b37c9c360e,soap dispenser,complete,False,bbox_inertia,open_mesh,
d08ee488820a3b9dbdc24b8c0ae38b2ca39e94f0,railing,complete,False,bbox_inertia,open_mesh,
d094a9f0faddcdaa0cb4d2506a9fb7d5bf70fcdf,desk,complete,False,bbox_inertia,open_mesh,
d09e802e1433f67df014386783a93db85eedef8e,cup,complete,False,bbox_inertia,open_mesh,
d0a06a5a905aee68c410b6ca8714bde74a834df5,teapot,complete,False,bbox_inertia,open_mesh|center_of_mass_out_of_bounds|inertia_not_positive_definite,
d0a90cf190c1fc60f0446c1855ab5e4dcfa51125,sink cabinet,complete,False,bbox_inertia,open_mesh,
d0ab850dc53a25aceb23fb4c60eccc1314948468,umbrella,complete,False,bbox_inertia,open_mesh,
d0ac83197c815743638fdeca4530127d8f20d4c0,cabinet,complete,False,bbox_inertia,open_mesh,
d0aea1daeed26a22b41d634e7f06952209667a6d,floor mirror,complete,False,bbox_inertia,open_mesh,
d0b556764051e5ea4800252b4b9ba5210ab28a32,wall art,complete,False,weld_or_static,open_mesh,
d0b763c2936590d5a7a3a41b0358db070c9c69a1,window curtain,complete,False,weld_or_static,open_mesh,
d0bd61d559ecb7403b4068fb6060dd85aea4e85e,wall art,complete,False,weld_or_static,open_mesh,
d0d0b35b624093de1de8ea73a013a8782fcff152,flower in vase,complete,False,bbox_inertia,open_mesh,
d0d1e39f55d3c03661b9716a6db1532568711f52,shower stall,complete,False,bbox_inertia,open_mesh,
d0d608870026a708eb52b2599117a5f260424d22,mantel clock,complete,False,bbox_inertia,open_mesh,
d0dc7882a85d22ca3629f912b0bfe4e5997713ce,chandelier,complete,False,weld_or_static,open_mesh,
d0ded626b8b40f7ff903610f78b25ada6868f115,basket,complete,False,bbox_inertia,open_mesh,
d0e5598ddf4052659dffe5de382ed38646fe8049,club chair,complete,False,bbox_inertia,open_mesh,
d0e9a70969310ca5b09c46606d1c8959edba16f5,desk,complete,False,bbox_inertia,open_mesh,
d0f73838a7772e446c6952ae69dcb11779e1928f,cabinet,complete,False,bbox_inertia,open_mesh,
d0fb2a8efef25e8a9bf6d7ccc076585471e9899b,coffee table,complete,False,bbox_inertia,open_mesh,
d0fcbd969e1e93da41a1f6561a02a803daf52aed,table lamp,complete,False,bbox_inertia,open_mesh,
d0fe779d6d9f152945ca1929693e1fc0b7473a1e,wall lamp,complete,False,weld_or_static,open_mesh,
d10f38a2dc4e62e0ea76da21da6b67f600be8fcc,coffee table,complete,False,bbox_inertia,open_mesh,
d10ff3f71a5e1a0534fc43132d54b5a083b8d17f,bar stool,complete,False,bbox_inertia,open_mesh,
d11646ab8b4ec43840f2b4065dabd6c9a070e32e,potted plant,complete,False,bbox_inertia,open_mesh|center_of_mass_out_of_bounds|inertia_not_positive_definite,
d11e39cce9747f1f2e8bc87e2fdf278e6315ff04,window curtain,complete,False,weld_or_static,open_mesh,
d125841bc86be546c81943dbf7e6e6fb74cc9b04,cake stand,complete,False,bbox_inertia,open_mesh|inertia_not_positive_definite,
d1283e4d8b8607080dce6c9b72a1c2899e262327,bench,complete,False,bbox_inertia,open_mesh,
d12d56b3f8c4c9629c2a3b19b5c09d0f7934645e,sofa,complete,False,bbox_inertia,open_mesh,
d13be6893c60fabc31729e397e85952d552d3d55,china cabinet,complete,False,bbox_inertia,open_mesh,
d14e1d5cb087cf36434a49d051df7973c0d67725,wall art,complete,False,weld_or_static,open_mesh,
d15217ebbc7c951edfdc9da15dfa5fb5d9ebc12a,nightstand,complete,False,bbox_inertia,open_mesh,
d15420918c690dbe0c1e62db3e69a94db6ad109a,chest of drawers,complete,False,bbox_inertia,open_mesh,
d15b4271c882f6ef33099a24b26b33af7b380522,rug,complete,False,bbox_inertia,open_mesh,
d15bc06438ff74a4d256d31392873f4b531dcdb1,end table,complete,False,bbox_inertia,open_mesh,
d160e323f1d5a92394de74865aef8938f986d344,monitor,complete,False,bbox_inertia,open_mesh,
d161f89dbda03dc3ff807fd144e448fa6bbc32ca,nightstand,complete,False,bbox_inertia,open_mesh,
d16a9e9691ca82f2d658d18cc064101337a6a0aa,armchair,complete,False,bbox_inertia,open_mesh,
d16ee0031a895fd7a1f34ebb0dc69c89c3050b0d,wall art,complete,False,weld_or_static,open_mesh|invalid_volume|inertia_not_positive_definite,
d16effe38b05286d600cd543f0e8d5a197f33e2e,alarm clock,complete,False,bbox_inertia,open_mesh,
d16ff57d10f241153e3a6346be65058d6a843496,end table,complete,False,bbox_inertia,open_mesh,
d17e5570249b7ddb8e6bd201144d66f128db8a65,sink cabinet,complete,False,bbox_inertia,open_mesh,
d1806c6ba8044a629588fdf14302d35932e63370,rug,complete,False,bbox_inertia,open_mesh,
d18433a62ef38aab61189e0a413bd014c0461c9b,purse,complete,False,bbox_inertia,open_mesh,
d19a110579145ade0ca988b02b7db98c48429c5a,wall art,complete,False,weld_or_static,open_mesh,
d19eba5ce4f2e7ca6c3166312c236f1297fa2590,nightstand,complete,False,bbox_inertia,open_mesh,
d1a70d769420b582d349243fabf32b18844ebf0e,alarm clock,complete,False,bbox_inertia,open_mesh,
d1bb1e76ecd549767fd650aa211e3ce29be75ad6,refrigerator,complete,False,bbox_inertia,open_mesh,
d1cbd32d503a0f310f4a095033491f314e368877,bath mat,complete,False,bbox_inertia,open_mesh,
d1ccd28ed1f245d4849edf2b0acec336d2141d6a,wall lamp,complete,False,weld_or_static,open_mesh,
d1d1e0cdaba797ee70882e63f66055675c3f1e7f,bookcase,complete,False,bbox_inertia,open_mesh,
d1d3542887f4bc9da14060afc1e332c155a0cd48,sink cabinet,complete,False,bbox_inertia,open_mesh|center_of_mass_out_of_bounds|inertia_not_positive_definite,
d1dcd1f97add20cdfae40490897226bb2d4d6e7f,bookcase,complete,False,bbox_inertia,open_mesh,
d1f85a83cd9d47209bad6f29f8c567afa0f19478,picture frame,complete,False,weld_or_static,open_mesh,
d1ffe4ca631f9b52bc24f09f1d83aa92bedc030b,coffee table,complete,False,bbox_inertia,open_mesh,
d20e542b79d75fe5e6d69227f9a7ca6bf76ae60f,wall art,complete,False,weld_or_static,open_mesh,
d213d8ab611456a8c8d1f8b1f76bd075d9070f48,desk,complete,False,bbox_inertia,open_mesh,
d2154590829ecd21d2293baf0dff612b42214bcd,rug,complete,False,bbox_inertia,open_mesh,
d21c69f7458db0d693af0c6fd164710ec1633f3a,chandelier,complete,False,weld_or_static,open_mesh,
d23846c841ccdff4c2e16e9515e1a3f89ab0ee83,picture frame,complete,False,weld_or_static,open_mesh|center_of_mass_out_of_bounds|inertia_not_positive_definite,
d2434e91b15302c672f0c9866e9f229c232e92e9,wall clock,complete,False,weld_or_static,open_mesh,
d243d0e5024766d879081074f7fedf1b3629b5af,"candle.n.01,candlestick",complete,False,bbox_inertia,open_mesh,
d256e964a99cfc1e7f16dbfe50835c157c7d3be6,wall mirror,complete,False,weld_or_static,open_mesh,
d266da3005a4309968c9ea9405b9eca788571408,sofa,complete,False,bbox_inertia,open_mesh,
d2678474a0cc066877cce47d349a81c4c2f6c75f,throw pillow,complete,False,bbox_inertia,open_mesh,
d26c1dae7b72f89004449d5e87432a12b2911958,slide,complete,False,bbox_inertia,open_mesh,
d26ce04e8e3f3dce915387fd82d1703a6d5d5b99,floor lamp,complete,False,bbox_inertia,open_mesh,
d27b473462f23bc9da16989586a5d5ee4f23f07e,crib,complete,False,bbox_inertia,open_mesh|center_of_mass_out_of_bounds|inertia_not_positive_definite,
d27c8acce0461d67f97f4a97ef584f49b9ec12ee,table,complete,False,bbox_inertia,open_mesh,
d2818154274729e634a586fb7d55ddf296173f32,wall art,complete,False,weld_or_static,open_mesh,
d289f008095915d4435e67624e9b8c1bc1a58c61,footstool,complete,False,bbox_inertia,open_mesh,
d29068621d79dfd804706cec522734681a9866f8,shed,complete,False,bbox_inertia,open_mesh,
d291be0a1ac8b87e4fb7cf444849fa3619b0041f,rock,complete,False,bbox_inertia,open_mesh,
d294c9a5b9a28083a3bd1af2fc2b5c7b55fe1c7e,computer screen,complete,False,bbox_inertia,open_mesh,
d2a166e8ce6c464c51da9da9f0aeb45423ec210e,flower in vase,complete,False,bbox_inertia,open_mesh|invalid_volume|center_of_mass_out_of_bounds,
d2ae5957360187e875bf79838dfeb31f2d736128,tv stand,complete,False,bbox_inertia,open_mesh,
d2b4666b2269be4477b0f25a6e59caafb2513d5f,broom,complete,False,bbox_inertia,open_mesh,
d2b5744445ef2337c921f65fa727c2be74e87550,footstool,complete,False,bbox_inertia,open_mesh,
d2b6c5c1ffa14ba7884adc6e3eca91ddf6674caa,sink stand,complete,False,bbox_inertia,open_mesh|center_of_mass_out_of_bounds|inertia_not_positive_definite,
d2c0aeb28407ba01f6934b50e7078b6a7103f49a,spectacles,complete,False,bbox_inertia,open_mesh|center_of_mass_out_of_bounds|inertia_not_positive_definite,
d2c1d07b7acb5e2b41eb1d2e2f1dad418c05d3cb,"bar stool.n.01,chair",complete,False,bbox_inertia,open_mesh,
d2c8b1afb605c01df14dc02dc83c10309f7b479d,wall art,complete,False,weld_or_static,open_mesh,
d2d44412052fb3c3548694ef5ddbc1433704ceb4,sink cabinet,complete,False,bbox_inertia,open_mesh,
d2d4f34f92eaa9ef1fdfd9b9b380ecbb5869d58c,wall art,complete,False,weld_or_static,open_mesh,
d2d5bdc4f299e6a6c4d994e001b8d89ad0e6f75c,vase,complete,False,bbox_inertia,open_mesh,
d2d6e99d58f28f41b8c1208013009ae3c02f8a3f,nightstand,complete,False,bbox_inertia,open_mesh,
d2e1e139bb1f21390b5e121f66fb11e421d43086,bar stool,complete,False,bbox_inertia,open_mesh,
d2e2e98dd002a31d402bde12c44e824dfc751d49,sculpture,complete,False,bbox_inertia,open_mesh,
d2e50646aab51ba8a218153d5ba2431393759c76,sculpture,complete,False,bbox_inertia,open_mesh,
d2eb225c6c89b774a3e62fa15737ce4362f0086f,wall lamp,complete,False,weld_or_static,open_mesh,
d2f420a8573cbad568ce299925077ad1cd0edc76,lantern,complete,False,bbox_inertia,open_mesh,
d2f7d40d8e1a56ede42103027842e000d9cacd3e,bookcase,complete,False,bbox_inertia,open_mesh,
d2fe9b09a3bb6b36e75680f384823673aa631f19,ashcan,complete,False,bbox_inertia,open_mesh,
d3064870d4e8d00b37a7acd77add1b45afda7e28,cabinet,complete,False,bbox_inertia,open_mesh,
d3079b3a755acc38a91677687285327f5f50fa4e,rocking chair,complete,False,bbox_inertia,open_mesh,
d30ef4bd3c7ca65180c52df39037d7fafe7c74f6,console table,complete,False,bbox_inertia,open_mesh,
d3130dfc0953142f76fa092b068690719d8f35e1,wall art,complete,False,weld_or_static,open_mesh,
d314acbdc90de2a33367e1d012472af438b14a18,wall art,complete,False,weld_or_static,open_mesh,
d31ee1dad266ed4ef07fc074e8ddd28663a91767,sofa,complete,False,bbox_inertia,open_mesh,
d321d37b753c0f807771015b349f38dd74d8561e,wall decor,complete,False,weld_or_static,open_mesh,
d3258fcd8d8eaaeda8b7c05b4753b543d2b3788b,floor lamp,complete,False,bbox_inertia,open_mesh,
d327bd7ba027444c790778cbea7692962ba3e3f3,throw pillow,complete,False,bbox_inertia,open_mesh,
d329ac5ca3b61ec2543ed2f531df782ab7100283,chandelier,complete,False,weld_or_static,open_mesh,
d32a2d363c1302cc6742d8b91b446fbd6e18158e,wall clock,complete,False,weld_or_static,open_mesh,
d33e14be1d6a9f73c32760fbd0b2a9a972201c42,floor mirror,complete,False,bbox_inertia,open_mesh,
d344e96d26c7f5ca8ffcad826d39617635f81def,notebook,complete,False,bbox_inertia,open_mesh,
d34539104b7eb3776fa7e3259c2b5ba6e21154a1,armoire,complete,False,bbox_inertia,open_mesh,
d34aca2483aff11d473b2d8f23a3e6a9fbc1ddf9,sink cabinet,complete,False,bbox_inertia,open_mesh|inertia_not_positive_definite,
d34badf1d6a7112aed615c8a40b50dfa3c03c81b,wall art,complete,False,weld_or_static,open_mesh,
d34c43bbc021b075835eb995bd142fb6fb18930d,coffee table,complete,False,bbox_inertia,open_mesh,
d34f979a73e41403450d0b6b7d14d8b79f8f1fd9,flower,complete,False,bbox_inertia,open_mesh,
d35907d5ba40cef9835aea3cbb808e9a92d9cbaa,desk,complete,False,bbox_inertia,open_mesh,
d36ceee09705df0153d06a91b00dc59d9fb5d7b5,motorcycle,complete,False,bbox_inertia,open_mesh|inertia_not_positive_definite,
d374f65973f4f02bd19ccd748eab044dac1a5dd3,stool,complete,False,bbox_inertia,open_mesh,
d37560d3af2a7c1b45cf7d77ee4cbe2d24ba050f,dining table,complete,False,bbox_inertia,open_mesh,
d37da0cd2feb68051462bb483a7f7e3bf3b9fbac,pendant lamp,complete,False,weld_or_static,open_mesh|center_of_mass_out_of_bounds|inertia_not_positive_definite,
d392ddc9ff79100b8b64cc3d577db758a5e83b03,ashcan,complete,False,bbox_inertia,open_mesh,
d39581c5bb89c0c0bd903b0c8d8c6b2b778d7a00,chair,complete,False,bbox_inertia,open_mesh,
d39736049ec9c4ee18b48ea42b636b343fa71f84,wall art,complete,False,weld_or_static,open_mesh,
d39d83b10a9034353d5b5fdb3d39dde23aef98a6,kitchen cabinet,complete,False,bbox_inertia,open_mesh,
d3aaaa4c5f6f4c0f8ac9acffa625b527bf1ddc89,sofa,complete,False,bbox_inertia,open_mesh,
d3b1439bf4a338a6df4e4421c2186835667fac5d,cabinet,complete,False,bbox_inertia,open_mesh,
d3b23323cf402e1677f657015f2743e77a16b378,end table,complete,False,bbox_inertia,open_mesh,
d3c1ac67d6edeabac8984f6429a544f9ce1769ad,end table,complete,False,bbox_inertia,open_mesh,
d3cd758b209f9b187fa3bc9d99c486ba0f3903bc,kitchen cabinet,complete,False,bbox_inertia,open_mesh,
d3d2da9dd341d78c1536200b130180b40971bab8,vase,complete,False,bbox_inertia,open_mesh,
d3d614a849fe60629ad08cbb757826389fe5f7d5,television receiver,complete,False,bbox_inertia,open_mesh,
d3d78b3c184b0a2a42f552b753bd72c37a5debce,wall mirror,complete,False,weld_or_static,open_mesh,
d3d9a98182829d6501e0ee32e51505763063a80c,buffet,complete,False,bbox_inertia,open_mesh,
d3e1c8921b0c33bad0036877bcb9572230b938dd,pendant lamp,complete,False,weld_or_static,open_mesh,
d3f12685332d8eca3048fffe9b748d52f2a5648e,chandelier,complete,False,weld_or_static,open_mesh,
d3f3a4308082c28692654ce01935a6cb1ada8918,armchair,complete,False,bbox_inertia,open_mesh,
d3fd1b00ebe22586ca981e3107a0b1f70d6d41c2,china cabinet,complete,False,bbox_inertia,open_mesh,
d4073b022df84fbfddbc7eb98ce65da3a7f3b92d,wall mirror,complete,False,weld_or_static,open_mesh,
d413be1b49919287e484dd5cb5658c56b05aebf5,book,complete,False,bbox_inertia,open_mesh,
d42845fcb849d16bf4f04e8d35e84a32702d1896,throw pillow,complete,False,bbox_inertia,open_mesh,
d42d4f924fafaf8c326cca055aa6f21b0852d32f,chest of drawers,complete,False,bbox_inertia,open_mesh,
d42d9f3103225755aa1d93a71c4c235353a4dcbc,clothes tree,complete,False,bbox_inertia,open_mesh,
d43823d5aaedf212a93be9d714b8344e36685bbe,wall mirror,complete,False,weld_or_static,open_mesh|degenerate_faces,
d43fd7d5734792803a3e5d76f8ae28e00c90c589,chair,complete,False,bbox_inertia,open_mesh,
d44476ba09967949e9ba513843777ee539f1738d,wall art,complete,False,weld_or_static,open_mesh|invalid_volume|inertia_not_positive_definite,
d445bb243f12ba89fc91c9d2265408b5cd635632,console table,complete,False,bbox_inertia,open_mesh,
d447061c7789c13313115d238476550cf86215c8,window curtain,complete,False,weld_or_static,open_mesh,
d44836372348cee4bb44eefe9cdc2459f78e0ca1,"shoe rack.n.01,cabinet",complete,False,bbox_inertia,open_mesh,
d45dd6a62736c91ccfeaa54ad57847589712d8cb,bowl,complete,False,bbox_inertia,open_mesh,
d45e6fea873ce5afed4d0f3f4b40399451499343,hanging cabinet,complete,False,bbox_inertia,open_mesh,
d463ac21f74cef85dd8bb9ddb81d710d461f9efd,nightstand,complete,False,bbox_inertia,open_mesh,
d46961f14aaeedea60f9d8a57fb06fa034210b66,wall art,complete,False,weld_or_static,open_mesh,
d46d68c38dd2d64388be98b66b665b7db512f1ab,bathtub,complete,False,bbox_inertia,open_mesh,
d46d7261aa80655e3f2583b0b752e26d86d6271d,bath mat,complete,False,bbox_inertia,open_mesh,
d471c921cc836e859553b73f293d3d231424437b,pendant lamp,complete,False,weld_or_static,open_mesh|inertia_not_positive_definite,
d47861b542c4f2e8fe9adcf86d55e26e12d1a213,armoire,complete,False,bbox_inertia,open_mesh,
d47aecdf01b6f6c79c7e3cad1c246e57a0c063f2,ashcan,complete,False,bbox_inertia,open_mesh,
d47bdbbcede11afcf57ec639041c5d5580e8a4ef,highchair,complete,False,bbox_inertia,open_mesh,
d489de70ad597c650913dbe17205b1000362d3da,dining table,complete,False,bbox_inertia,open_mesh,
d48d3a58153e25d8f0fc1b5c65453f3475851a24,armchair,complete,False,bbox_inertia,open_mesh,
d48ea55950745a4301f0c3917d8274d6166a7bd3,whiteboard,complete,False,bbox_inertia,open_mesh,
d4960da019b35da664905c729de7bd9fa233ff51,cup,complete,False,bbox_inertia,open_mesh,
d496c90e0671543e2543357dd8282a5542105fe2,flower,complete,False,bbox_inertia,open_mesh,
d49b5af81692c71857c83b3424aeaa8b97ea434b,storage box,complete,False,bbox_inertia,open_mesh,
d49fed23ebc56b2debce7783a311b0a1a5c4f02f,loudspeaker,complete,False,bbox_inertia,open_mesh,
d4a9c9138b69975461ef71e2c22a891e410ad8df,rug,complete,False,bbox_inertia,open_mesh,
d4aaaae7ca7fe4fcfce72bed8787079e27695f00,l-shaped couch,complete,False,bbox_inertia,open_mesh,
d4ba31e433421a8ef008208e9b868da12e24a5a5,sink cabinet,complete,False,bbox_inertia,open_mesh,
d4be2070fe68495a7608a962260aabc0fa3b4794,flower in vase,complete,False,bbox_inertia,open_mesh|center_of_mass_out_of_bounds|inertia_not_positive_definite,
d4bff7307857a9634e9785ce7febc342217cce7c,end table,complete,False,bbox_inertia,open_mesh,
d4c717f5c9cbf60d86c6b418baad6fc1d91c48f6,stool,complete,False,bbox_inertia,open_mesh,
d4c936c5a9a20fcfe79fb3fcdd4e6d11ac191a84,chair,complete,False,bbox_inertia,open_mesh,
d4cda80842a9885beb1a8c87116a21b0e03f9d65,wall lamp,complete,False,weld_or_static,open_mesh,
d4d4b5fca698aa8e5edc74f14a0c51bf392741bd,grandfather clock,complete,False,bbox_inertia,open_mesh,
d4dcf91c7aa0caf8927bb247fae99fd4662e27db,ceiling lamp,complete,False,weld_or_static,open_mesh|center_of_mass_out_of_bounds|inertia_not_positive_definite,
d4df5ca9b6a655539e93634c5084a14e1c692f59,potted plant,complete,False,bbox_inertia,open_mesh|inertia_not_positive_definite,
d4e0d78439767eedfbf0a3ab83301d472c8c13cf,desk,complete,False,bbox_inertia,open_mesh,
d4e3e02c7f173b63983be9dd6754f3dc053f5490,rug,complete,False,bbox_inertia,open_mesh,
d4e455d57c0a14006668b55dfb35b7973c8a0639,bidet,complete,False,bbox_inertia,open_mesh,
d4ea8bd1106cdb831513e091e9f9b05435fba45b,towel,complete,False,bbox_inertia,open_mesh,
d4eb192f94e20f4142c8d8ac3d4e0a4cef899bd4,wall art,complete,False,weld_or_static,open_mesh,
d4ebde3c7ae568ebdbd24d4fad290a58efc9ecfb,wall mirror,complete,False,weld_or_static,open_mesh,
d4f0429789d732f2e171162e5d8dab26d013d5a4,blackboard,complete,False,bbox_inertia,open_mesh,
d4f54f53d983c87d9b36a64c5e5ab98a899f4280,dressing table,complete,False,bbox_inertia,open_mesh,
d4ffac01fb53b35fb167619a53badcfcfdbbdcdf,wall art,complete,False,weld_or_static,open_mesh,
d502ba2ae3d3aa9ba8acb4fefc8ccb030915f77c,chest of drawers,complete,False,bbox_inertia,open_mesh,
d509c926d21460ac52201489ce3f5cd327d4cfc1,footstool,complete,False,bbox_inertia,open_mesh,
d50c7922ee21c5ce6522074ae46b74e34fd81ab8,armchair,complete,False,bbox_inertia,open_mesh,
d50d6e37d649a5d0263a6698f3cd337df02af8cf,toaster,complete,False,bbox_inertia,open_mesh,
d513cae1f9aa5168446802b6da7f935a5b316d9f,rock,complete,False,bbox_inertia,open_mesh,
d516aeceef849a09918f3b92e3fb422b7b29e64c,picture frame,complete,False,weld_or_static,open_mesh,
d52301544c422bcf636ba41e4b108d50998d7d6f,tv stand,complete,False,bbox_inertia,open_mesh,
d52372a1fd345dda86ea80c9ae5672af49ff98dd,cabinet,complete,False,bbox_inertia,open_mesh,
d5283d7fe8cf91f273d341bf259e1f3df3b349be,floor lamp,complete,False,bbox_inertia,open_mesh,
d529daa3c4583eaa496b217f911be88d02b5857d,wall art,complete,False,weld_or_static,open_mesh,
d52bc0f0607293fe0a3caaa055e5c6e106dc3685,wall mirror,complete,False,weld_or_static,open_mesh|center_of_mass_out_of_bounds,
d530e76bb97f1eb61a8560d43f7595c6cc5b2d5e,"candle.n.01,candlestick",complete,False,bbox_inertia,open_mesh,
d539b5571a6a8f2bb60bbe4144fdc8f234439c44,wall art,complete,False,weld_or_static,open_mesh,
d53bf639c1b1b20a63d1d1ceb5948cacfae47fba,coffee table,complete,False,bbox_inertia,open_mesh,
d53ef954eec463d3d2dc301dfd37183665c4d432,wall art,complete,False,weld_or_static,open_mesh,
d54c345c38c55edfc062126cb032b8a4c9d55d83,playhouse,complete,False,bbox_inertia,open_mesh|degenerate_faces,
d54fb0566cff44496a98bd0592fd847cdde7aeb0,ottoman,complete,False,bbox_inertia,open_mesh,
d558257abea5960a54bf8174027f000aca6ba994,table lamp,complete,False,bbox_inertia,open_mesh,
d564a9dfddaed66661ac318ff1e3c7b62b99f0ee,chandelier,complete,False,weld_or_static,open_mesh,
d56888c13b7c25e4c3e4c4dd7cedec7c30c82750,wall mirror,complete,False,weld_or_static,open_mesh,
d56bbaf6b66a98dacb36d50e2a95862c8a65220a,chandelier,complete,False,weld_or_static,open_mesh,
d570962fbecf8ce6a51e46fb7eea6e4418fd911e,armchair,complete,False,bbox_inertia,open_mesh,
d571d8f6a39fef7153ebb8ee723e4f0279fd3ca4,throw pillow,complete,False,bbox_inertia,open_mesh,
d574291a31078bdacfe2ccbe04e2153188f6af6a,coffee table,complete,False,bbox_inertia,open_mesh,
d575a3572a1e16cb6d618b314d5479638dbbb8aa,floor mirror,complete,False,bbox_inertia,open_mesh,
d57e3132eb49a7e0a3e6971f304a6d52951a4f74,wall clock,complete,False,weld_or_static,open_mesh,
d580d53a0875ec4fc4aedb6b5e725b20ea4a778f,swivel chair,complete,False,bbox_inertia,open_mesh,
d582c45ed97d66f52ed7acbe62b7ab5f953ccdbe,chair,complete,False,bbox_inertia,open_mesh,
d5931f56dd8f440528a813e363dac41b1b234c06,rug,complete,False,bbox_inertia,open_mesh,
d595ed74fb59b637c5175d3d775421788ab9cfed,armoire,complete,False,bbox_inertia,open_mesh,
d599a7a59c32fa7cbba3ffa320de452a331c131e,buffet,complete,False,bbox_inertia,open_mesh,
d59a8ac639d80f1dd4fe8e9864c088896cd4cec0,plant,complete,False,bbox_inertia,open_mesh|center_of_mass_out_of_bounds|inertia_not_positive_definite,
d59aeca61474ca9ab9ba96ddfa0ac8268153a9f2,"stairway.n.01,stairs",complete,False,bbox_inertia,open_mesh,
d5a343c5e4eae2837bbb9398981536c250d3efd8,tv stand,complete,False,bbox_inertia,open_mesh,
d5a43db547983557d4796ef21587ff986fc38094,throw pillow,complete,False,bbox_inertia,open_mesh,
d5a5480ce6fc74aa5cb74f6b16c2dea8cb90544e,bottle,complete,False,bbox_inertia,open_mesh,
d5a65235abfa2c1307eb1ba6ee12cc6a5b34208e,picture frame,complete,False,weld_or_static,open_mesh,
d5aacec3d3632e8f50c118dd2c9981f27ed917a2,wall shelf,complete,False,weld_or_static,open_mesh,
d5abcbb09dc457dc655cf0cf71475e6f149e2036,"toiletry.n.01,perfume.n.02,bottle",complete,False,bbox_inertia,open_mesh,
d5b37a44f3aa6278012e0a95d548ab9e806af326,table lamp,complete,False,bbox_inertia,open_mesh,
d5ba163ba97f94c7aa4a4a625eb0547b8894e1a5,bookcase,complete,False,bbox_inertia,open_mesh,
d5ba22e5c7328d0791fffe08a5db43203a490ebd,storage bench,complete,False,bbox_inertia,open_mesh|inertia_not_positive_definite,
d5c5e640f1c2a0b20c9c8a53d5bfed23da35f925,pathway light,complete,False,bbox_inertia,open_mesh,
d5cbf59bbda4034360222434bd46e2e7b9d448c9,plush toy,complete,False,bbox_inertia,open_mesh,
d5d3d6b8376d50b96e2c1f4333847dcbd4724b59,armoire,complete,False,bbox_inertia,open_mesh,
d5d5ef5f9fa82ba0b352a7431a0bf7724b6cfcca,armchair,complete,False,bbox_inertia,open_mesh,
d5d870c220cc0c2cb1dec56015f875245c2fea32,wall art,complete,False,weld_or_static,open_mesh,
d5e11c847f609140b3ede018d0cbaea7a65ccba0,swing chair,complete,False,bbox_inertia,open_mesh|center_of_mass_out_of_bounds,
d5e647fdb3fe99a18906a67e83344081f1852446,ceiling fan,complete,False,weld_or_static,open_mesh,
d5e6d322825700e4e3144a9900608e5f0a095ed8,faucet,complete,False,bbox_inertia,open_mesh,
d5e7611efce9ec9b59775b58a7cee45bfffffe3e,lantern,complete,False,bbox_inertia,open_mesh,
d5f0014aa089653a8c5a142ab966d73a9af40298,board game,complete,False,bbox_inertia,open_mesh,
d5f2768323f5856e72a1a58c88c15ea863645ffc,throw,complete,False,bbox_inertia,open_mesh,
d5f9fe56273d8974db4318e39053b063523a4eed,wall art,complete,False,weld_or_static,open_mesh,
d60340031eacc7eba62900753ddb800d5d022e69,coffee table,complete,False,bbox_inertia,open_mesh,
d60417798e378363746b65f16113d01ee1b5164f,armchair,complete,False,bbox_inertia,open_mesh,
d60ba70ec8b1b5faedcf3998713fb94ebb9c4bb2,bottle,complete,False,bbox_inertia,open_mesh,
d60fbdc8c2c70c5d9e0372159480dfca523af81c,bookcase,complete,False,bbox_inertia,open_mesh,
d611839d8be8482407edc9dcd52c22ae57e9b5c7,seat cushion,complete,False,bbox_inertia,open_mesh,
d6128825db57eb2c2c2c097ce60d96e551c66e1a,bar stool,complete,False,bbox_inertia,open_mesh,
d6189c1cfc1e10376309aaa049f36275e5c2990a,bread-bin,complete,False,bbox_inertia,open_mesh,
d61cec3ebf7dbeed1589b832ffd425f6493a81cc,wall art,complete,False,weld_or_static,open_mesh,
d621c3a39d9291f0943531204d68e705633986c9,chest of drawers,complete,False,bbox_inertia,open_mesh,
d622dba2c1587ccb4d4f0400ab91dc05ff63a170,potted plant,complete,False,bbox_inertia,open_mesh|center_of_mass_out_of_bounds|inertia_not_positive_definite,
d626f06f76dd513ed68c75b639ca25f5a9448bc2,pendant lamp,complete,False,weld_or_static,open_mesh,
d632e3cdb902f44ea70d6b4f43ec6180fadb42f5,sofa,complete,False,bbox_inertia,open_mesh,
d6386d425a18ff82d7016d9b7ccde8f977f6c475,basket,complete,False,bbox_inertia,open_mesh,
d643b51ebcf17bafc51085f3b015e43db0a3c013,throw pillow,complete,False,bbox_inertia,open_mesh,
d648a3d42925f6e091ceb5b78ffa8f9bc96cf746,wall art,complete,False,weld_or_static,open_mesh,
d64b292957a43247fa3792f6bd1d575466dcf769,throw pillow,complete,False,bbox_inertia,open_mesh,
d64e9f430e1e2531199e72c58439eff62545c68b,throw pillow,complete,False,bbox_inertia,open_mesh,
d650bb9e3708a544c3905361281bbbe124bf7cd9,window shade,complete,False,bbox_inertia,open_mesh,
d651b87abc8e23c36120e257916b466a06980a3c,wall art,complete,False,weld_or_static,open_mesh,
d654e248d2468a3763df7b9f76169e31af01f6cd,"letter.n.02,wall decor",complete,False,weld_or_static,open_mesh|invalid_volume|inertia_not_positive_definite|degenerate_faces,
d656ac9b8d3b46decf4ec025a1011c46e2c4d41b,"letter.n.02,wall decor",complete,False,weld_or_static,open_mesh,
d6616b8610b7d4684a57ccbbbdf38ff1eaf2f934,swivel chair,complete,False,bbox_inertia,open_mesh,
d6624608fa15c1bfe4e424eba4c5dd455bc84050,potted plant,complete,False,bbox_inertia,open_mesh|inertia_not_positive_definite,
d6636a4cf2325eccf283df0ec8631a7242a92c0c,planter,complete,False,bbox_inertia,open_mesh,
d66d6349603904a5c4af4fdd70e1cdae7e9a1239,wall art,complete,False,weld_or_static,open_mesh,
d6817416bf73fe80273fba7d3a106b2b13fc5108,track lighting,complete,False,bbox_inertia,open_mesh,
d68aaf2484eec4c754d3b6e07adc09293d8b36de,kitchen island,complete,False,bbox_inertia,open_mesh,
d6956b8b26b5caf9452a24fca8062712b663e421,window curtain,complete,False,weld_or_static,open_mesh,
d69b8a31c2f9d1448ca955d4113fa73005f2f31e,desk organizer,complete,False,bbox_inertia,open_mesh,
d69bd1c14375fc45cbc95d89852e0028262eb122,vase,complete,False,bbox_inertia,open_mesh,
d69f8d3465a8d12a541d7178e35f10fc3206806d,table lamp,complete,False,bbox_inertia,open_mesh,
d6a04461b9855cd6fa6a6a234b30d2039a4d3848,throw pillow,complete,False,bbox_inertia,open_mesh,
d6a4bbcc213289c3d7b48e7dd6ab0d376319ddb6,desk,complete,False,bbox_inertia,open_mesh,
d6a8ea7841967baf3eb2dcb20eff191c0382c9cb,armoire,complete,False,bbox_inertia,open_mesh,
d6b64f90f38cb86d99b4183d901b8bd65271d79c,wall lamp,complete,False,weld_or_static,open_mesh,
d6c09c2eef40f4a2b96cb8dcc6ba9218bc54f393,desk,complete,False,bbox_inertia,open_mesh,
d6d0ed14781ff55e7ad32b5072afd116314f4bb5,pendant lamp,complete,False,weld_or_static,open_mesh|center_of_mass_out_of_bounds,
d6d5f7bfb37f9296d34b712ad4e5091afe53678b,water heater,complete,False,bbox_inertia,open_mesh,
d6e29581f87c612e34c92192481a2b953e6222b3,hamper,complete,False,bbox_inertia,open_mesh,
d6e625531765561676efdaf7c8ac013cf59d7eb9,storage bench,complete,False,bbox_inertia,open_mesh,
d6eaf5609d6ee953bceba5c225cd2a76645fff19,armchair,complete,False,bbox_inertia,open_mesh,
d6f28598e8233ac9ba7bcbf9b8ab6f73ec3716e6,wall lamp,complete,False,weld_or_static,open_mesh,
d6f67d8a56bfc0e57297a4d76f4f738238ea1909,pendant lamp,complete,False,weld_or_static,open_mesh,
d6f74ac26ab18691b1c20529a58fec8e9fae7179,wall art,complete,False,weld_or_static,open_mesh,
d6f84b02f76e72be86c7e9b374c6781752270735,armoire,complete,False,bbox_inertia,open_mesh,
d6f9b4561838f68f34d3fc36a7b700bc2c180253,swivel chair,complete,False,bbox_inertia,open_mesh,
d6fb40dab042c5f7030eac9aba3b4634a80b2af2,wall lamp,complete,False,weld_or_static,open_mesh,
d6fbbd2e532ae8be5d00c14c71e9a581cf00fdce,table runner,complete,False,bbox_inertia,open_mesh,
d700760e13786bbd16cbcb2e8ee85dd3d35cb97e,floor lamp,complete,False,bbox_inertia,open_mesh,
d7089d30b95cbba0e404a8e6c13871bd7e0d4555,wall lamp,complete,False,weld_or_static,open_mesh,
d71013980e2f77e88ede9ee9248ed9366185256d,rug,complete,False,bbox_inertia,open_mesh,
d717e4a4c5476cbdb3720f587123aa69cc038744,end table,complete,False,bbox_inertia,open_mesh,
d71c1dcf721ac9b424b25ff44ab21ed0fd9d5c35,bookcase,complete,False,bbox_inertia,open_mesh,
d71f5bab673455e03c0653e125ce31a1ba75e7a9,ceiling lamp,complete,False,weld_or_static,open_mesh,
d73e42643f1ef45804acbef1680aef5604ef28bd,pendant lamp,complete,False,weld_or_static,open_mesh|center_of_mass_out_of_bounds|inertia_not_positive_definite,
d74335d420e30b73fe0f8859cef6e5701b0d0360,chest of drawers,complete,False,bbox_inertia,open_mesh,
d74e338401fc667977e033b522c0803739dfe318,pendant lamp,complete,False,weld_or_static,open_mesh,
d74f356b4fead16544e302afc480d660ab559571,throw pillow,complete,False,bbox_inertia,open_mesh,
d7532105066ae5e01e62368c8e3532afd4fbd19f,dvd player,complete,False,bbox_inertia,open_mesh,
d753dfd9c564b83ca2f2d1e9206629997c6b0405,ashcan,complete,False,bbox_inertia,open_mesh,
d75867a5c05d6d9c604b153e5da23b071585d0fd,"bar stool.n.01,chair",complete,False,bbox_inertia,open_mesh,
d762b383e9fe4e0288b5364c3902180fe48a8880,wall art,complete,False,weld_or_static,open_mesh,
d76325dcc617bf02a92182fbcacb2894fd4c1964,range hood,complete,False,bbox_inertia,open_mesh|center_of_mass_out_of_bounds|inertia_not_positive_definite,
d766c690bf1665c69c8dc8aeea0ecfa63e4ab218,towel rail,complete,False,bbox_inertia,open_mesh|invalid_volume|center_of_mass_out_of_bounds,
d772e6c435b37a704e022c32107bdc4500cf3a1f,"letter.n.02,wall decor",complete,False,weld_or_static,open_mesh,
d774d73ff9eee60c8f41c0ad1e50eb6782392102,footstool,complete,False,bbox_inertia,open_mesh,
d780135a6d8e950bb35d69a2f7dc3b7a2a024592,rug,complete,False,bbox_inertia,open_mesh,
d790856f55b49979608732aeec398624fc350cec,ceiling lamp,complete,False,weld_or_static,open_mesh,
d7935524f77495197276f874f1c1a737e8c98e7a,basket,complete,False,bbox_inertia,open_mesh,
d79618d0a592a3433f372d4cefac5e577c7aca01,throw pillow,complete,False,bbox_inertia,open_mesh,
d7a3dde8404ee343b4f7e1415055a5af0330bbe6,dining table,complete,False,bbox_inertia,open_mesh,
d7a473eabd6845566195218aba52ebc0a609d6c6,wall art,complete,False,weld_or_static,open_mesh,
d7acb5cc12b5fa0cd777d9bc01580b1541ced761,swimming pool,complete,False,bbox_inertia,open_mesh,
d7adce8c8d4943534d9a4423f22cf570ec24e163,swivel chair,complete,False,bbox_inertia,open_mesh,
d7af6403ae8eebdfdaa2a3f371c155f0e94bba8b,armchair,complete,False,bbox_inertia,open_mesh,
d7b8594541014144aca68b4bf28d747263b549e4,nightstand,complete,False,bbox_inertia,open_mesh,
d7c529f704cf707af8e0e51d0f19af4e568c54fe,basket,complete,False,bbox_inertia,open_mesh,
d7c839146e84643d034b5eff9b1142e5445af7af,bathtub,complete,False,bbox_inertia,open_mesh,
d7c99d0d3c242c6ab4550a3c2b4af559faf80381,swivel chair,complete,False,bbox_inertia,open_mesh,
d7cec0e53dadbc4291064708c84e3614b79ac3c9,desk,complete,False,bbox_inertia,open_mesh,
d7cff6be2c6d625f006c525c88cec4ec25c8a2c3,washer,complete,False,bbox_inertia,open_mesh,
d7d8654b50cbe24a72d81deabb2f317a0905e534,throw pillow,complete,False,bbox_inertia,open_mesh,
d7dd74fa6671e9d30d15c880a17365ed2f293160,rug,complete,False,bbox_inertia,open_mesh|degenerate_faces,
d7ee769668bf3f5045775a3a1a1761a32e3537ba,lantern,complete,False,bbox_inertia,open_mesh,
d7fd25440d82e45d3d994cc560206a1f96c2af99,wall art,complete,False,weld_or_static,open_mesh,
d804dd9c4f2f418d7e792acec70ab7a4358a50b3,wall mirror,complete,False,weld_or_static,open_mesh,
d80b960ac5f15a404c90b594a716fc78e550cb4b,nightstand,complete,False,bbox_inertia,open_mesh,
d80f27979b4199054d9fb8becceff6d3a383d16c,nightstand,complete,False,bbox_inertia,open_mesh,
d81029cb1ea56418f5a5c286b8679668268c20cc,wall lamp,complete,False,weld_or_static,open_mesh,
d81799a9c43ba143db89c6bfbeecce8bb3d200f3,curtain rod,complete,False,bbox_inertia,open_mesh|invalid_volume|center_of_mass_out_of_bounds,
d8288b42ead30dcc56f4440236d293c6cd5b7746,wall art,complete,False,weld_or_static,open_mesh,
d83237bdd18f44cf5062f3c35983a86dad0f814c,wall decor,complete,True,weld_or_static,,
d83424d0d492ca9cb708a73ad04b59f8eec8487f,armchair,complete,False,bbox_inertia,open_mesh,
d84033d406982f2b102b4c2b83c4e500fe479c8a,wall art,complete,False,weld_or_static,open_mesh,
d844cf11bdaa1246053d5e83170fdea4dd750f0d,refrigerator,complete,False,bbox_inertia,open_mesh,
d8554bf96f7e9058f1cbad9db0e699a69fbb5e68,wall lamp,complete,False,weld_or_static,open_mesh,
d85dcec1887a20aa8be3384a4f1b9b4883baa4b5,wall art,complete,False,weld_or_static,open_mesh,
d8689b540adfc74ee2d96e8b33313714feae8a56,armchair,complete,False,bbox_inertia,open_mesh,
d869cd12e539239280c22b82c7a0d0136c0f80c1,desk,complete,False,bbox_inertia,open_mesh,
d8728a32827000d2e90dd9ce863ab9134cae51cb,end table,complete,False,bbox_inertia,open_mesh,
d8814a0e0e3935fa2b36aa1af3e5f968d595a49b,sink cabinet,complete,False,bbox_inertia,open_mesh,
d886d10e71a0365a725abcf139142223409f7b4f,end table,complete,False,bbox_inertia,open_mesh,
d89842d5adcefd6d5118e33dab7647fa98b310d0,kitchen cabinet,complete,False,bbox_inertia,open_mesh,
d898715b817ee6c34958abada9ca65d8a40439e5,china cabinet,complete,False,bbox_inertia,open_mesh,
d8a65a864e42dd091cc08f25992f51a11533fd6c,floor mirror,complete,False,bbox_inertia,open_mesh,
d8a9ab0770f17ef8709b94ef138472901652067f,wall clock,complete,False,weld_or_static,open_mesh,
d8ab78934f1f04bc6bb3babbe1337a27cc8cdf80,wall art,complete,False,weld_or_static,open_mesh,
d8affb00a94ec35bfbb59e5224436c93451a2f59,console table,complete,False,bbox_inertia,open_mesh,
d8b1ffef0fd65c4b545af36254821b955d6716f8,table lamp,complete,False,bbox_inertia,open_mesh,
d8b29a7849dcae6c2a016b4f76d4e918def7ca65,coffee table,complete,False,bbox_inertia,open_mesh,
d8bf69588c8da9284c2d02ab812c0c36d2c6340b,kitchen cabinet,complete,False,bbox_inertia,open_mesh,
d8c33846cd05fc87c20b3d76cd0012566591b10f,wall art,complete,False,weld_or_static,open_mesh,
d8c37d9a81407ce46553e80c7d0b1ef07a743c26,pendant lamp,complete,False,weld_or_static,open_mesh,
d8c69d1b7344c16d6c68fe033dc81022630de9fc,wall mirror,complete,False,weld_or_static,open_mesh,
d8ccdb920a4b7a4e9d8b8a580629c45903ec0cb8,rug,complete,False,bbox_inertia,open_mesh,
d8dfd3e5683d86a7d9db8a8f7d3260b87ea8213f,"stairway.n.01,stairs",complete,False,bbox_inertia,open_mesh,
d8e3ee46b61694958a24ae70fc740f9197aef41e,jug,complete,False,bbox_inertia,open_mesh,
d8eacb7733589ca38c7bc17c7e6d88d46f778162,console table,complete,False,bbox_inertia,open_mesh,
d8f8ec2820ae04366a78bfd49e7393c3a388696a,picture frame,complete,False,weld_or_static,open_mesh,
d8fdce86b522b1610e08007cd3082b52aa560e9d,lantern,complete,False,bbox_inertia,open_mesh,
d909ba8437542f28b7527326fa11fdf98f414f3b,potted plant,complete,False,bbox_inertia,open_mesh,
d913cb3dbe11f1cb3af5b23ba7c75a610d5c851a,l-shaped couch,complete,False,bbox_inertia,open_mesh,
d913eb66da3fa49ca0690dbf057279c4a05ccbfa,chest of drawers,complete,False,bbox_inertia,open_mesh,
d919f8b1bdf5976ed57aef04d87ffb21234e32c0,wall art,complete,False,weld_or_static,open_mesh,
d926629f8641f3ec2cdc5d6b17fd74b4133aede8,armchair,complete,False,bbox_inertia,open_mesh,
d92ae5e390a927ec9c56fc22bbfe0292a612fb49,wall art,complete,False,weld_or_static,open_mesh,
d92f26c58b92c75b976b5b95feb1bc0d1039e7b0,coffee table,complete,False,bbox_inertia,open_mesh,
d93b39bf851b818497d29bfdf60d4526b2aac0af,pendant lamp,complete,False,weld_or_static,open_mesh|center_of_mass_out_of_bounds|inertia_not_positive_definite,
d946cb7fdeeb63eefb33fa3ee04b98d3a44bc966,carafe,complete,False,bbox_inertia,open_mesh,
d947b3470b9ad07875b2e03fb0f3d365b04fe1a2,wall art,complete,False,weld_or_static,open_mesh,
d94ca9c2481d2a92c27a4cfa6c31969e9fd2b56b,chest of drawers,complete,False,bbox_inertia,open_mesh,
d959903a7b709cb037958ea246bde455f9858772,swivel chair,complete,False,bbox_inertia,open_mesh,
d96243bc179651b7469f0e0a4ab6fa72e261bbf4,chair,complete,False,bbox_inertia,open_mesh,
d9625f7af14bacbddb76cbdf569e80631b40b7f9,"candlestick.n.01,candle",complete,False,bbox_inertia,open_mesh,
d96755bbcc3c92e1cc4a9a796ae485dc9c05a6fc,sofa,complete,False,bbox_inertia,open_mesh,
d96b2b9537c7c721d5a79b375aefbfacecd04f65,chest of drawers,complete,False,bbox_inertia,open_mesh,
d96dbe3e2ea1a3188616584e41703c11ea4ce662,table,complete,False,bbox_inertia,open_mesh,
d97263f23707276962a32f4bebc880c741b15f42,bench,complete,False,bbox_inertia,open_mesh|center_of_mass_out_of_bounds|inertia_not_positive_definite,
d97a5f104f7d0acaa9fb3cd559eacc7d79c21a83,flower in vase,complete,False,bbox_inertia,open_mesh|inertia_not_positive_definite,
d97ae87265bdc52de376c669e2b2ab4025f6d425,throw pillow,complete,False,bbox_inertia,open_mesh,
d97c7ae5ab600872266f89c8a5b375ce72ecf3f9,nightstand,complete,False,bbox_inertia,open_mesh,
d9820cf28b3281876e3af6a16aa5df12a33729f4,end table,complete,False,bbox_inertia,open_mesh,
d983d1c179f32bdb1edb214c941f8b33079fa410,chest,complete,False,bbox_inertia,open_mesh,
d98d5dd004c3547e4765d56d731f6d97aeb33de6,"letter.n.02,wall decor",complete,False,weld_or_static,open_mesh|invalid_volume|center_of_mass_out_of_bounds|inertia_not_positive_definite,
d992f567db2bda04d0280a3292f5c4f68d9c169f,wall mirror,complete,False,weld_or_static,open_mesh,
d99680f97f88dabd6c5673da13a446895b5417e9,swivel chair,complete,False,bbox_inertia,open_mesh,
d9994281ab7f328ac518e700c4ac5628625e0eb5,plaything,complete,False,bbox_inertia,open_mesh,
d9a2866b5b36ed12b7aff0769e5f1066e7417774,dining table,complete,False,bbox_inertia,open_mesh,
d9a4d76b2575486fcdcad8f2b79e34af90ad1ba7,ceiling fan,complete,False,weld_or_static,open_mesh|inertia_not_positive_definite,
d9b079742dc4662f77fe5295152e5e2fcd6817f0,wall mirror,complete,False,weld_or_static,open_mesh,
d9bac4f8cf65e0b83e5c61e706d743e3fe578609,end table,complete,False,bbox_inertia,open_mesh,
d9bb7b877902e57c55c11735723da50d4ff4ead7,sofa,complete,False,bbox_inertia,open_mesh,
d9c1f769e3706be6e0dcaf0acd8ddd0815297af6,wall art,complete,False,weld_or_static,open_mesh,
d9cc6c3c756cc51292541705a4a153df613d302f,armchair,complete,False,bbox_inertia,open_mesh|center_of_mass_out_of_bounds|inertia_not_positive_definite,
d9d97893c7448d727a5c586f18f57698ce81cf64,bookcase,complete,False,bbox_inertia,open_mesh,
d9e51bfaf58b88c3024ddbc4fa8c6a7433d52092,wall art,complete,False,weld_or_static,open_mesh,
d9e9413b06f44aaef5190821a2955f528946178d,overnighter,complete,False,bbox_inertia,open_mesh,
d9eaaf3aafe844aa8494db180d22a53ad2a01f8a,soap dispenser,complete,False,bbox_inertia,open_mesh,
d9eeae92d87296aa2f9a8ec1e2b8f729b861de62,throw pillow,complete,False,bbox_inertia,open_mesh,
d9fe07900fcc239469de2210d9bcfcdba8b8fd54,wall clock,complete,False,weld_or_static,open_mesh,
da00dad8c5dcd9ae0472f497179172268b1da19c,sofa,complete,False,bbox_inertia,open_mesh,
da06e4266205dbcaaa469ae0b03e6cc49222a256,mantel clock,complete,False,bbox_inertia,open_mesh,
da0a26c659788c40d9402e40f498b69fed4f97da,bench,complete,False,bbox_inertia,open_mesh|inertia_not_positive_definite,
da0efbb3c1d8989b23d18681cdb04e49da9ef9d2,ashcan,complete,False,bbox_inertia,open_mesh,
da12ddee162bc245d492d39ac6e675f03789ed07,faucet,complete,False,bbox_inertia,open_mesh|inertia_not_positive_definite,
da1cddb10d235eb771f138a5d173da551406c125,throw,complete,False,bbox_inertia,open_mesh,
da2157ae8ca4a7b67ee6a45988fda2628f9db124,file,complete,False,bbox_inertia,open_mesh,
da278008d11c3914894de0ab83c6b26d1902297d,swivel chair,complete,False,bbox_inertia,open_mesh,
da29f67f9ed90652128b715ef29b0d1636da5d6a,cafeteria tray,complete,False,bbox_inertia,open_mesh,
da2ef1fcd5473bc2b967f50c63e80390190c5833,mobile,complete,False,bbox_inertia,open_mesh,
da41d51ec38f1faf445441b6b286f301c16c5d97,audio system,complete,False,bbox_inertia,open_mesh|inertia_not_positive_definite,
da563ad88ad4606e27514b55efb1032ccd9fa5b2,shower faucet,complete,False,bbox_inertia,open_mesh,
da5808d15d8c00f8b358672b2279c5c3dc1f22f4,chest of drawers,complete,False,bbox_inertia,open_mesh,
da5b2008622dbad313d0f320c1513841497dc1e2,shopping bag,complete,False,bbox_inertia,open_mesh,
da6ab8a359f639f9bbd92f51bf7ffc89f65714ee,desk,complete,False,bbox_inertia,open_mesh,
da706e109b2ac86b1d3aa580861b7935c40a36bf,window shade,complete,False,bbox_inertia,open_mesh,
da76633c400abd9f926df655f907666e2119b280,chest of drawers,complete,False,bbox_inertia,open_mesh,
da79e0bf2e7f7c777b226234b982498a964f7f90,kitchen cabinet,complete,False,bbox_inertia,open_mesh,
da7af7fe20888d74c1ace7b6e3984bce41153e4a,rug,complete,False,bbox_inertia,open_mesh,
da7f5e58294c0b934e1bccaa03f3694275bc9ffc,desk organizer,complete,False,bbox_inertia,open_mesh,
da812f26d2448c343cd750d57078fc8d3f251435,throw pillow,complete,False,bbox_inertia,open_mesh,
da85d22712981495da746c292c8e6964344639ce,wall art,complete,False,weld_or_static,open_mesh,
da909ae4a0f2411ddfe5f499f11bee8cec508197,wall art,complete,False,weld_or_static,open_mesh,
daa2bae8cc5b6febde6578bf827b310107619caa,armoire,complete,False,bbox_inertia,open_mesh,
dab1618febb08ddf95ad9edc4e547646a4d01a0c,wall clock,complete,False,weld_or_static,open_mesh,
dab955e709dda5c446bfba2e7a8e4b2107185fd9,nightstand,complete,False,bbox_inertia,open_mesh,
dac0123e9d6221c693fa0715a5eef70c1369101d,chair,complete,False,bbox_inertia,open_mesh,
dac239021012ec77f30a0fbc7526c4ade3348ab3,console table,complete,False,bbox_inertia,open_mesh,
dac9f126f273e5fcd4d9bb25b3aa96cd623aa59f,cabinet,complete,False,bbox_inertia,open_mesh,
dacd5ec9bab8e856bd255328dc4974dfa702d02a,wall art,complete,False,weld_or_static,open_mesh,
dad9e55721b563e24e25d575b256536985f1569c,dining table,complete,False,bbox_inertia,open_mesh,
dadfdb82be460718cb75c21d1270af6dca285398,wall art,complete,False,weld_or_static,open_mesh,
dae79e07aa34f02cd3d9a626f730664e8ff1dc43,kitchen cabinet,complete,False,bbox_inertia,open_mesh|inertia_not_positive_definite,
daf22e426300f5b1676128b22affd6a5cb40a285,chest of drawers,complete,False,bbox_inertia,open_mesh,
daf23a42563540e0aa495b3a1f9ac34d2ba04ce9,wall art,complete,False,weld_or_static,open_mesh,
daf3d41fa1677e0a8eabc296f9a01d4db7e0de93,bed,complete,False,bbox_inertia,open_mesh,
db00e9a4f735191f39d6e884b840775549367ce8,cafeteria tray,complete,False,bbox_inertia,open_mesh,
db0276e56963d73e78a53c3d384a13226a2c6c05,loudspeaker,complete,False,bbox_inertia,open_mesh,
db064ef059f7bb0af9f1036e7649e4835a9ff4f5,kitchen cabinet,complete,False,bbox_inertia,open_mesh,
db0c5731c4c75419c4aff346557aeb7345b0eb5a,table,complete,False,bbox_inertia,open_mesh,
db0def7ecf1593f24049ab59995f606c3568bd89,ceiling lamp,complete,False,weld_or_static,open_mesh,
db0f0f6634045144058b3432657510f0ca905352,throw pillow,complete,False,bbox_inertia,open_mesh,
db19f85684c964132250926f988da86ac513baa6,armoire,complete,False,bbox_inertia,open_mesh,
db234c4cb0f0833ae253d5c9b77d68c89e0842a3,wall art,complete,False,weld_or_static,open_mesh,
db256923d176b8dabf697f80067949282ac57326,pool table,complete,False,bbox_inertia,open_mesh|degenerate_faces,
db26848a7c31fc6c4bece7ffaebf295e6290066d,end table,complete,False,bbox_inertia,open_mesh,
db275b633e6f8388587c94ec3f70110ca397afce,loudspeaker,complete,False,bbox_inertia,open_mesh,
db2898f0ca03bd9754d809c8fa66b6b183222671,bookcase,complete,False,bbox_inertia,open_mesh,
db2f10d91d5a3a26ce56a6f9eb178c66ebc989a8,potted plant,complete,False,bbox_inertia,open_mesh|inertia_not_positive_definite,
db34005cb679bf40042c16feef5ee4104f4e5a66,trellis,complete,False,bbox_inertia,open_mesh,
db360d1335005af5d247884ecb78fa6977addc6a,desk,complete,False,bbox_inertia,open_mesh,
db3caf35f39b02b207b3803e98482e4ef0bdf774,wine rack,complete,False,bbox_inertia,open_mesh,
db592834ff9c6f21b06f6285319b5c5b1596afd1,buffet,complete,False,bbox_inertia,open_mesh,
db5a42bfb05b92d60fe280d48eb5493d8e9210b7,throw pillow,complete,False,bbox_inertia,open_mesh,
db5f37340adc4983c0c111b2fcd1642e0df68225,wall art,complete,False,weld_or_static,open_mesh,
db74ce14813eb0d5c54c8992806b22fb846ee34c,kitchen cabinet,complete,False,bbox_inertia,open_mesh,
db7e3b363964d8cb60ea617944a2d47635ffd157,pendant lamp,complete,False,weld_or_static,open_mesh,
db82825fb83c19cbe830e9ddd27fa18c664ace66,storage box,complete,False,bbox_inertia,open_mesh,
db8288398b2513371f31aff4e2e6271dd08476af,flower in vase,complete,False,bbox_inertia,open_mesh|center_of_mass_out_of_bounds|inertia_not_positive_definite,
db82fd156da01fb0e243236bcc4981fd3cf3a284,gift box,complete,False,bbox_inertia,open_mesh,
db860c12d185fbac12969570f103bc55ab7ae781,jar,complete,False,bbox_inertia,open_mesh,
db8b6fc147451292f029e99c0aa7f3413dc694be,wall art,complete,False,weld_or_static,open_mesh,
db8cdcb8bef2ed4b90208b4ebc19a42a07d2fb4f,table lamp,complete,False,bbox_inertia,open_mesh,
db91828e9f89095b603445ec5f03859a798a88e9,wall art,complete,False,weld_or_static,open_mesh,
db99ea06891a3dbce721816075f0f8de683dbde1,armoire,complete,False,bbox_inertia,open_mesh,
dbaf471314440f77d069d09e56fd02d3ed70a99e,potted plant,complete,False,bbox_inertia,open_mesh,
dbbe721ce024f8196460a685cda583c9e4d70303,lantern,complete,False,bbox_inertia,open_mesh,
dbc3b8d7b076436fdd6aef159aa4242a31020d4b,wall art,complete,False,weld_or_static,open_mesh,
dbc51b634eba6fabcda98e914361de9d7764a671,throw pillow,complete,False,bbox_inertia,open_mesh,
dbcd7791f12e9e9ae40e8ea77a8203bf66cb50a1,book,complete,False,bbox_inertia,open_mesh,
dbce8b7313cd8c2c3689cf4083956ba734228e01,bar stool,complete,False,bbox_inertia,open_mesh,
dbd14647ad22209b0d5555aa73f1de758c24575a,rug,complete,False,bbox_inertia,open_mesh,
dbd4172666fceefa473a17e4a844353fb54f392d,gazebo,complete,False,bbox_inertia,open_mesh,
dbdfb654815d60d03a61ac7af859360fa3210900,armchair,complete,False,bbox_inertia,open_mesh,
dbe367f20357458727f2f40e77ef04d6cb38bc24,rug,complete,False,bbox_inertia,open_mesh,
dbf3a191fdf33afd45bc5f7b2f206bbf36ee9751,ceiling lamp,complete,False,weld_or_static,open_mesh,
dbff59126e53774521d09fcab51d422c2a847252,ball chair,complete,False,bbox_inertia,open_mesh,
dc0437ee8be91708f3a9311812565d9690a7a352,coffee table,complete,False,bbox_inertia,open_mesh,
dc053d1212b867ffee642809e9e4ce612c7fdeb4,cup,complete,False,bbox_inertia,open_mesh,
dc07f853077fb9f32ceefe36e4e7764b60011416,bar stool,complete,False,bbox_inertia,open_mesh,
dc0a5a90950dac4a95060b75c8be7302178bdee9,footstool,complete,False,bbox_inertia,open_mesh,
dc0e7ac263fa4ffb85c38e67f684bb9611364fb0,lantern,complete,False,bbox_inertia,open_mesh,
dc1b0c9c13b839cd87370d9e2b18a532f0171bd0,desk,complete,False,bbox_inertia,open_mesh,
dc1d8cd55b0eb4be8519a83cce15fa61353266c7,wall art,complete,False,weld_or_static,open_mesh,
dc2321d990868a82857d03c1b9946611d55afd51,wall art,complete,False,weld_or_static,open_mesh,
dc246851100fbde0134d5dedc2b8609b009515ec,bathtub,complete,False,bbox_inertia,open_mesh,
dc2bf6dbff44a99b087ba5c987bab9ac4e28e53b,cabinet,complete,False,bbox_inertia,open_mesh,
dc34ac3ceaaf4ce057b1f3709ab162a3af4bb4a4,armchair,complete,False,bbox_inertia,open_mesh,
dc3942016710852ec295b80aa926326ca7fa731c,wall clock,complete,False,weld_or_static,open_mesh,
dc3ac0c3aa4a47cbcd5348e4a7d3fec88e925862,potted plant,complete,False,bbox_inertia,open_mesh,
dc3c58471d8cccdbb8ede8e9b558e3f1dd934069,chaise longue,complete,False,bbox_inertia,open_mesh,
dc41ea64ac9a206a0689a0117c09b1706cbef6ce,table,complete,False,bbox_inertia,open_mesh,
dc4b6a1b56faf0b0ac679141c9c53f1449bf984a,tv stand,complete,False,bbox_inertia,open_mesh,
dc5034d8e547d0512e828be6b87fc654a6297746,wall art,complete,False,weld_or_static,open_mesh,
dc5f3665a3ddd34d4e845f0d0d661d5223e26687,guitar,complete,False,bbox_inertia,open_mesh|degenerate_faces,
dc66e76569d4eaf7b5492ccf534bc6b57239b989,easy chair,complete,False,bbox_inertia,open_mesh,
dc6837563f4b5990c246cb4a6ae2f6247bfd5ce3,wall art,complete,False,weld_or_static,open_mesh,
dc6c3ab063df8f3c175d0746b5df21237659281d,shower stall,complete,False,bbox_inertia,open_mesh,
dc6ff12f11e047419ed8cd446a9a3f63e1dcc59e,wall art,complete,False,weld_or_static,open_mesh,
dc704bb098f08b7a784d4b4f650c9e9c679cc64a,blackboard,complete,False,bbox_inertia,open_mesh,
dc7a121a993b06d55804753af69ebc241069c9c2,fence,complete,False,bbox_inertia,open_mesh,
dc7a4ef39408cdfc7e9dce48757bde5cbe4ee2c1,desk,complete,False,bbox_inertia,open_mesh,
dc7b19d815f88e6974514ba3b34fb9b6b9b52a8c,chandelier,complete,False,weld_or_static,open_mesh,
dc83a543aa76b9e91efe1d927a3075ab2817bcda,chaise longue,complete,False,bbox_inertia,open_mesh,
dc8c0884341279d6fce22bc121dca894ca71be98,wall art,complete,False,weld_or_static,open_mesh,
dc8d0a4e26bdefb8b569e2a517274d113f261ef2,wall art,complete,False,weld_or_static,open_mesh,
dcb6b6c9ff3574fd71b3148b5683259639964316,chaise longue,complete,False,bbox_inertia,open_mesh,
dcbb308c375e044129e5e5a8723960b0dafd9c9b,mixing bowl,complete,False,bbox_inertia,open_mesh,
dcbea81e77e676cd98dba9b8a74d3b52a3e35c1e,chest of drawers,complete,False,bbox_inertia,open_mesh,
dccdaa5fec1f799d31288d95e46aa723ffbd3574,wall art,complete,False,weld_or_static,open_mesh,
dcce812338b1c2a4cd4deda1b1896ce272c4b68f,clothes tree,complete,False,bbox_inertia,open_mesh,
dccf4f0724add1d24511d9353a2c959487df35e6,chest of drawers,complete,False,bbox_inertia,open_mesh,
dcd2233f52efa5c8186ca4a748b17a28256ac703,storage bench,complete,False,bbox_inertia,open_mesh,
dcd5367db3883b20304a049a5da922136e292edb,refrigerator,complete,False,bbox_inertia,open_mesh,
dcd6c945759d4cee6a53f4cd00452a52d94336d2,throw pillow,complete,False,bbox_inertia,open_mesh,
dcd76354984278781aa927a2864fbc66156de83b,straight chair,complete,False,bbox_inertia,open_mesh,
dcdb1e2d961f1a6648e45d5058fe93c2ef2f7791,cup,complete,False,bbox_inertia,open_mesh,
dce63427a7ab03bf69ae6c448ee7d162de9d26b7,kitchen cabinet,complete,False,bbox_inertia,open_mesh,
dcf21cfb6accef783b78323e30d5a976319f5541,coffee table,complete,False,bbox_inertia,open_mesh,
dcf802843f29f3dcd8286dcc83b862f8cf890ab7,potted plant,complete,False,bbox_inertia,open_mesh,
dd00b36439864cbfa47440f93d6fc81f91a164d3,table,complete,False,bbox_inertia,open_mesh,
dd04a3a817e2bf67a6b037d2a079b5d80afb0258,clothing rack,complete,False,bbox_inertia,open_mesh,
dd06f2c3881f6491c605dff6757742733b81c402,armchair,complete,False,bbox_inertia,open_mesh,
dd14820cdb03beaa408d21b2e0a2fa14e6fc2000,footstool,complete,False,bbox_inertia,open_mesh,
dd28ed0244e64fe27f9bd694de69af22b15b93aa,console table,complete,False,bbox_inertia,open_mesh,
dd295fef0c5d275a25f80090cbe03d2d729d2b8e,toy box,complete,False,bbox_inertia,open_mesh,
dd3c29d0d8f9ab311bbec6c04df69730f7d34a4f,cabinet,complete,False,bbox_inertia,open_mesh,
dd4411e848660c6aca6a99390fbe4cea8de358d5,coffee table,complete,False,bbox_inertia,open_mesh,
dd47ac72bfbf13e5802cc437a2874730a1672d0a,car,complete,False,bbox_inertia,open_mesh,
dd4f6d12515c8ef7623dbadef1e91e37a82f6cba,tv stand,complete,False,bbox_inertia,open_mesh,
dd62a6aafabe4bcc5dc49e61a5d5c87019e1b4c3,vase,complete,False,bbox_inertia,open_mesh,
dd6408cd8b1418a1023cca114f5f08b00a4df070,table lamp,complete,False,bbox_inertia,open_mesh,
dd6582ab19f006bd12a8acc846461662735fbc00,hanging cabinet,complete,False,bbox_inertia,open_mesh|center_of_mass_out_of_bounds|inertia_not_positive_definite,
dd665def2d6a4b899e40affc18c777799f0d65fd,kitchen cabinet,complete,False,bbox_inertia,open_mesh,
dd6b1d07e8da51c89fd29a9094f65c27beef8926,armchair,complete,False,bbox_inertia,open_mesh,
dd7020ee1b0faeca3b3295e6abc9f3fa4a1a1d13,potted plant,complete,False,bbox_inertia,open_mesh|invalid_volume|center_of_mass_out_of_bounds,
dd779084e98fec0516dae5f4f944f4ef3e60ff35,chandelier,complete,False,weld_or_static,open_mesh,
dd77fa0584028e80a2b7991f3ff7e08c9e1960fd,wall art,complete,False,weld_or_static,open_mesh,
dd7a0e11ff03bed9fb8e392d55b27335efa364b7,table lamp,complete,False,bbox_inertia,open_mesh,
dd7ba81dec1b0d179969f3913fb1964102e42b74,bowl,complete,False,bbox_inertia,open_mesh,
dd8223f1a7ea2da666681328b6febd74cddcce76,wall art,complete,False,weld_or_static,open_mesh,
dd83b91f8d62270340c5fecc8b58aafd157fc451,beanbag chair,complete,False,bbox_inertia,open_mesh,
dd894ab72e311be546c446beb80fc0fc2eafd452,wall mirror,complete,False,weld_or_static,open_mesh,
dd8b05c7422c12ad6a6728f496b73c271de994cc,bed,complete,False,bbox_inertia,open_mesh,
dd8b4002ae494881c8ba42e06507531ae06d3d3c,cabin,complete,False,bbox_inertia,open_mesh,
dd8e8ed4f1adb59e1ee9a9fc66a3403245f9855f,clothing rack,complete,False,bbox_inertia,open_mesh,
dd9683feefbd9e892570f3478c91f31c21fcb916,wall art,complete,False,weld_or_static,open_mesh,
dd9b0f2f6b703b5cdd20d5d6479ce4835581d4c2,basket,complete,False,bbox_inertia,open_mesh,
dda8408e11f13bed146eeca5cede9b8e7110c8e8,railing,complete,False,bbox_inertia,open_mesh,
ddb12acb4121c7da12250e33726fef740aac08d6,console table,complete,False,bbox_inertia,open_mesh,
ddb526ebf9ba0ff2da18f671bb9d5b5e394cb869,flower in vase,complete,False,bbox_inertia,open_mesh|invalid_volume|inertia_not_positive_definite,
ddb620d8f77255d9912a52361f8d8f485977efc9,ceiling lamp,complete,False,weld_or_static,open_mesh|inertia_not_positive_definite,
ddc58d7fc1d5efb5424af4bd4adcca01c1e96918,flower in vase,complete,False,bbox_inertia,open_mesh|center_of_mass_out_of_bounds|inertia_not_positive_definite,
ddd0c97dc2930ce7161187a00d002fc5cfa4c612,throw pillow,complete,False,bbox_inertia,open_mesh,
ddd7c5ecd2bfa8e6a2df8bdac20dd01a27b25028,gift box,complete,False,bbox_inertia,open_mesh,
ddd93a5bcd4c806764adaf90e78e72de7eca4042,kitchen cabinet,complete,False,bbox_inertia,open_mesh,
dddd1984dc7d6d3214e3a00c4d16953ee4ef1338,clock,complete,False,bbox_inertia,open_mesh,
dddf20d1f2e70eb7a9e24a3fe88d668d01f1feda,wall art,complete,False,weld_or_static,open_mesh,
dde601823da961329b32944b1f12b3aca1535d28,desk,complete,False,bbox_inertia,open_mesh,
ddfb5432b9a7a3a035e0a8d8b0545f6c074fc12e,potted plant,complete,False,bbox_inertia,open_mesh,
ddfde7cfe571e69b3e7b3598bdb11fb5e21ff7ac,wall art,complete,False,weld_or_static,open_mesh,
de01eed53db947a8c1812df10188c1f0dec88d0f,candlestick,complete,False,bbox_inertia,open_mesh,
de04619c0521fca50c810b76358f6429d632d279,chair,complete,False,bbox_inertia,open_mesh|inertia_not_positive_definite,
de12508d7a41d6d19cfbea65cdc044c6a1f4d7b6,toilet,complete,False,bbox_inertia,open_mesh,
de265a1735dcff9dd247bef674803fdc80861c33,armoire,complete,False,bbox_inertia,open_mesh,
de2910b67b17dba478964391c0dabbaadbf8c4fd,chair,complete,False,bbox_inertia,open_mesh,
de2b7f0bebe42b3ec6d54d8e4de9e5856d9c79da,wall art,complete,False,weld_or_static,open_mesh,
de3067a831219cc8fbeacaaf1fb263d9ae27ed05,firepit,complete,False,bbox_inertia,open_mesh|center_of_mass_out_of_bounds|inertia_not_positive_definite,
de377f3a0aca03bea595b5859322b9c6ebdbfee6,pendant lamp,complete,False,weld_or_static,open_mesh,
de3886237f4ed3e67d5041629ef4857f75c1f655,wall mirror,complete,False,weld_or_static,open_mesh,
de42fc775fe641e492de90b98e5ca87861d4ca61,table lamp,complete,False,bbox_inertia,open_mesh,
de47820f2dc539102408f43243369f2a952b7b2f,kitchen island,complete,False,bbox_inertia,open_mesh|center_of_mass_out_of_bounds|inertia_not_positive_definite,
de4c07542babc2f77245d343aee1e6e5acb0941f,throw pillow,complete,False,bbox_inertia,open_mesh,
de4c59c5fbc1228e4483ee1a4294c9ed6d322042,wall art,complete,False,weld_or_static,open_mesh,
de51c3824f68373875c9a21e1139aecfbcf9c5f3,wall art,complete,False,weld_or_static,open_mesh,
de69a7b4e62b31f695624352494a14893148eae3,bicycle,complete,False,bbox_inertia,open_mesh,
de81f09f7ef720bf28aea2fdcc64c0fc8462abc1,potted plant,complete,False,bbox_inertia,open_mesh|invalid_volume|center_of_mass_out_of_bounds,
de825775de1209e8d628d66d80d5b0af61f88463,wall mirror,complete,False,weld_or_static,open_mesh,
de8991d1328cb1a9e7e3042a7a281672586f0131,loudspeaker,complete,False,bbox_inertia,open_mesh|degenerate_faces,
de93384180b00685bcbbb67c1e75a14f173ae95d,plate,complete,False,bbox_inertia,open_mesh,
de9418f513608474295f7d3d2d6077e2d78e67c3,table lamp,complete,False,bbox_inertia,open_mesh,
dea27cd0e303f87744985853c3c431732801bfec,crib,complete,False,bbox_inertia,open_mesh,
deae2fd69a0752bc5da79083dad3a4b9f7317da6,potted plant,complete,False,bbox_inertia,open_mesh|inertia_not_positive_definite,
deae6afb3e14ad1c829bb9f89d3eae8a34272c42,glass,complete,False,bbox_inertia,open_mesh,
deb2c3bb6d8f548ca506534676945209a3c79f76,potted plant,complete,False,bbox_inertia,open_mesh|center_of_mass_out_of_bounds|inertia_not_positive_definite,
deb504e03d0f03367a43169f9b898cf2c7fd481a,plant,complete,False,bbox_inertia,open_mesh|center_of_mass_out_of_bounds|inertia_not_positive_definite,
dec7a995ecf6360cb68d15b80403d604a143e389,armchair,complete,False,bbox_inertia,open_mesh,
def0e2f486f734a804a6b11ea6c45d91a475facd,range hood,complete,False,bbox_inertia,open_mesh,
defe405f45ef55bfc876b2d25b30762478d9a819,nightstand,complete,False,bbox_inertia,open_mesh,
df0294d1d608ecb3d5caa16d901a41acf0215969,tv stand,complete,False,bbox_inertia,open_mesh,
df07c2ce247722c7e96a1722c9a73fab473e2c53,"letter.n.02,wall decor",complete,False,weld_or_static,open_mesh|invalid_volume|center_of_mass_out_of_bounds|inertia_not_positive_definite,
df0b84e7d00c96fe62e3bb814df31567796c61cb,potted plant,complete,False,bbox_inertia,open_mesh,
df1143314811ca2cdd583753344b3365693e574c,"candle.n.01,candlestick",complete,False,bbox_inertia,open_mesh,
df1b35b83e9be8e408971f2afc6c836387c8df95,table mirror,complete,False,bbox_inertia,open_mesh,
df21f89b4559be781d3f70f41832c90ed035d0ef,coffee table,complete,False,bbox_inertia,open_mesh,
df2bb6e9b40f141a109b14313a357d9e4fd62624,strainer,complete,False,bbox_inertia,open_mesh,
df2e4c4fe307ad310fc5b5d093b44cca049aa043,"bar stool.n.01,chair",complete,False,bbox_inertia,open_mesh,
df2fe25e7cff70c579c26846f310e5bde241847f,ceiling lamp,complete,False,weld_or_static,open_mesh|center_of_mass_out_of_bounds|inertia_not_positive_definite,
df3ba3caf8c1321195b13e23ee8642b09d1a9323,hamper,complete,False,bbox_inertia,open_mesh|center_of_mass_out_of_bounds|inertia_not_positive_definite,
df3fb250b2b43074ac6f90f8d570bf9bbcfd201f,table mirror,complete,False,bbox_inertia,open_mesh,
df43875279fa8ba60adf1cfec4e5fbc7f353525e,nightstand,complete,False,bbox_inertia,open_mesh,
df442f882b2418f21617712b6fd5989cbd8e54a5,sink cabinet,complete,False,bbox_inertia,open_mesh|center_of_mass_out_of_bounds|inertia_not_positive_definite,
df46b2a0ab60e373d6cd05ebc0821b4eb23cf43f,swivel chair,complete,False,bbox_inertia,open_mesh,
df4c4aab0fce2f22206379976df8cc3a758a44c7,chair,complete,False,bbox_inertia,open_mesh,
df4db6abfa9250164ee856f137ebae9f34cff325,buffet,complete,False,bbox_inertia,open_mesh,
df627574b5a2c413296b2765f6889e25012a3ec5,chair,complete,False,bbox_inertia,open_mesh|invalid_volume|center_of_mass_out_of_bounds|inertia_not_positive_definite,
df62d7e394181a9529004fe07e714eb42312bd17,rug,complete,False,bbox_inertia,open_mesh,
df653a0f0eec2d5edcfff4f33ec57157c4cf71d6,wall mirror,complete,False,weld_or_static,open_mesh,
df66d6d6858bd4c1c7a5965e54e60e7407365bdc,table lamp,complete,False,bbox_inertia,open_mesh,
df67345cedaab86582d28c630e7c2744b93df17c,wall art,complete,False,weld_or_static,open_mesh,
df6a2cace8d3bad5cf340cf80e8adec3e3d28026,wall shelf,complete,False,weld_or_static,open_mesh,
df7b1008225b105b1cf4e67004b5a00e23cc35b8,nightstand,complete,False,bbox_inertia,open_mesh,
df7dab185fd22a82b5411a401570b5549e77b3ff,end table,complete,False,bbox_inertia,open_mesh,
df88e5b8b52b8477d45e19a1d1f272d340b6536e,wall art,complete,False,weld_or_static,open_mesh,
df8a40f42e9850da8378548301fa21986c934939,chair,complete,False,bbox_inertia,open_mesh,
df913b62fdd7ff50ba22210b3dd697861dd91a89,nightstand,complete,False,bbox_inertia,open_mesh,
dfa7a62e5be41b97c5f2e2fc372c6a2a54264ec1,sofa,complete,False,bbox_inertia,open_mesh,
dfae7906d8b3395a7645056b7ab9aff1986f96df,candle,complete,False,bbox_inertia,open_mesh,
dfb105709f967015cc2e35a8c828d8edd8cf26fa,wall mirror,complete,False,weld_or_static,open_mesh,
dfb649e1686006d09163e4eb1d2a86621e8f6d22,wall mirror,complete,False,weld_or_static,open_mesh,
dfb6b709d9076bfebd5d7d330a16f304293cc463,towel rack,complete,False,bbox_inertia,open_mesh,
dfba8399c26d06600f33cdc7dfedcb0f60708b4c,cabinet,complete,False,bbox_inertia,open_mesh,
dfbad821a292e7522046cf89878b7bb44951d211,"stove.n.01,oven",complete,False,bbox_inertia,open_mesh,
dfcbfd3a7de15b9689dc0580c38f2f0896b6647d,vase,complete,False,bbox_inertia,open_mesh,
dfdae55e517fbb38ab1b9e59a7d5127bafe1e2d9,rug,complete,False,bbox_inertia,open_mesh|degenerate_faces,
dfdffa7b19819983c8c73c7c90831877f05f77b7,armchair,complete,False,bbox_inertia,open_mesh,
dfeb3a781d1168ddfbac4e212433b20b815ebb19,wall art,complete,False,weld_or_static,open_mesh,
dfefd7abfc58df9f16eac562b399e52add53386f,wall clock,complete,False,weld_or_static,open_mesh,
e001c1e50c34546d8f6fb2b715ed40fde72cde76,espresso maker,complete,False,bbox_inertia,open_mesh,
e005cbb7de96d0ab84ceb9d2dd6ed418e2bcc17e,easy chair,complete,False,bbox_inertia,open_mesh,
e00628619687958612f02048a9c44e86829b9659,purse,complete,False,bbox_inertia,open_mesh,
e0065d23c476ee49cce613cc83541b2181eb6ed6,fireplace,complete,False,bbox_inertia,open_mesh,
e00975f6de5015107944634171269d8700c136a7,bathtub,complete,False,bbox_inertia,open_mesh,
e01080481e334e84ed9fb1100964dea0a9695c99,rug,complete,False,bbox_inertia,open_mesh,
e014a107c1f020ae48c970064f75606724f946b7,trellis,complete,False,bbox_inertia,open_mesh,
e01929cba686f70fe4500a2222fa57c7dfe82ef3,weight,complete,False,bbox_inertia,open_mesh,
e020acee67a2954cdce8928a9b0f5f653fa7cc31,chandelier,complete,False,weld_or_static,open_mesh,
e0214b176c483f50f701115aa182cf5926bb57bf,rug,complete,False,bbox_inertia,open_mesh,
e0350efb3c6ee8c12f0dfb25769deb6637c6236c,wall clock,complete,False,weld_or_static,open_mesh,
e0403fbd528f79fd0ac6c9dbc42ace8284553c91,bookcase,complete,False,bbox_inertia,open_mesh,
e0486f8e03441481436254ea00d35fed866c68d3,tv stand,complete,False,bbox_inertia,open_mesh,
e04afc942fb4fa85672a7776a6e513bd6d50b46a,umbrella stand,complete,False,bbox_inertia,open_mesh,
e05307a26092f2cb589a1662cf705db8235a20ba,chandelier,complete,False,weld_or_static,open_mesh,
e060ac3af230d491039bb04e6839a130014a99fd,pendant lamp,complete,False,weld_or_static,open_mesh,
e06c9b37dd552c672716eef31af3e2e1b58ecce2,mantel clock,complete,False,bbox_inertia,open_mesh|inertia_not_positive_definite,
e073005a5e9c826bea7bb60485c7c7fc12901017,armoire,complete,False,bbox_inertia,open_mesh,
e077c2e8312260345bb72e48046e0fbce4a828f2,club chair,complete,False,bbox_inertia,open_mesh,
e0781c2fab1ae5276952867ac7d1757ca0558113,desk,complete,False,bbox_inertia,open_mesh,
e0786b4bdea146df2edb04ec60a92a7fadc4f6bd,wall art,complete,False,weld_or_static,open_mesh,
e08dadedb92429c11bf0b8ce9ab02551fc1b4d83,mirror,complete,False,weld_or_static,open_mesh,
e0904825b1054930b43c7c9c1a4340e24845c989,chest of drawers,complete,False,bbox_inertia,open_mesh,
e09a7ae82b44ef7f0b895613a1e16bcb01558b81,chair,complete,False,bbox_inertia,open_mesh,
e09e0120a0baf76d04f78798f740919f72f8a3fc,television receiver,complete,False,bbox_inertia,open_mesh,
e0a215e268886dde314b134f63c2a7ea2f9a6d41,wall art,complete,False,weld_or_static,open_mesh,
e0b35909e989ceb443828e0027795babd8ec8823,wall art,complete,False,weld_or_static,open_mesh,
e0ba0f943fe851ef01d90bbab215daceccc4ec63,whiteboard,complete,False,bbox_inertia,open_mesh,
e0ba3fcf740c17fd0f6caf10720845fed5a3fee9,mirror,complete,False,weld_or_static,open_mesh,
e0baad8025ad1003e826cd416cc98ddb87710594,bar stool,complete,False,bbox_inertia,open_mesh,
e0c58f0e9cfa8fffaa6707541a2e7a79754a99be,chest of drawers,complete,False,bbox_inertia,open_mesh,
e0ca9afd51fbf04f53db66069f7085e327daacd0,sink,complete,False,bbox_inertia,open_mesh,
e0d5b8aea675e79541af41ec6cbd4e132d82cd37,nightstand,complete,False,bbox_inertia,open_mesh,
e0de0c88028406936ea5c1576a1a112e6ca678bc,wall art,complete,False,weld_or_static,open_mesh,
e0e3a0e2063464e0ed033315746dca3f62401549,throw pillow,complete,False,bbox_inertia,open_mesh,
e0f22c6d4674c6bd8c00969d7045171650003e13,stool,complete,False,bbox_inertia,open_mesh,
e0f3013db216b5802619886f9abe8d2a74d44886,faucet,complete,False,bbox_inertia,open_mesh,
e0f3252bb31b826fcbe1be187b9a6c9463566d7e,toiletry,complete,False,bbox_inertia,open_mesh,
e0f64d2d1d4e25753a65d100654254d9177b2536,rug,complete,False,bbox_inertia,open_mesh,
e102c85032933084b9cf7af4a75c9f33ba6ccf3b,bowl,complete,False,bbox_inertia,open_mesh,
e1085698f8090a287a6115006d23e8f6dc68e92b,armoire,complete,False,bbox_inertia,open_mesh,
e1139d8a4dcd3f1934ef70bbf013c2a61e06bdb4,wall art,complete,False,weld_or_static,open_mesh,
e118f0c11de2a81156ba58882cc17f28acc703af,chair,complete,False,bbox_inertia,open_mesh,
e118fd6332d76572b3b70773139da0c16ab45ed1,bar stool,complete,False,bbox_inertia,open_mesh,
e11bc1a6cc288417841efe0269d29fef3db82983,mixer,complete,False,bbox_inertia,open_mesh,
e1242b1819433157e856ee67d384f0733587d5ed,"candlestick.n.01,candle",complete,False,bbox_inertia,open_mesh,
e136a5efece6d9a91a9026540ea9e3021d77ce8b,dressing table,complete,False,bbox_inertia,open_mesh,
e14277deea40140eef220e7c75c291dbaf39efbe,cup,complete,False,bbox_inertia,open_mesh,
e15516cdcba0af259eb8714411809ce4a7d7fe6a,wall art,complete,False,weld_or_static,open_mesh,
e15810c87815c5e6f8d9b09dcf46cf058ba2924d,footstool,complete,False,bbox_inertia,open_mesh,
e1605e5e2c8bded985d3cf861a4d3ada64624e3d,sculpture,complete,False,bbox_inertia,open_mesh,
e16b4469b195e36ae3f7bda7f7b07248a5391af4,wall shelf,complete,False,weld_or_static,open_mesh,
e1725f63ab8658c1a31edbf0be78375fa93770ee,wall clock,complete,False,weld_or_static,open_mesh,
e17c6ae756035c27bb5e084b51ff72dc8f90480c,hamper,complete,False,bbox_inertia,open_mesh,
e187f111615ab6d4bf39ca23b40e1eab4a5618a3,camera,complete,False,bbox_inertia,open_mesh,
e18a6c4fc77cfe4fd53465286de6ee7cec2f2a1b,end table,complete,False,bbox_inertia,open_mesh,
e18ae6c638ec54e7e75a4dc9a1b2a3e81f220d6e,chest of drawers,complete,False,bbox_inertia,open_mesh,
e194cb80e9941fcf08be2185146d4dccf9d532c2,tv stand,complete,False,bbox_inertia,open_mesh,
e1a752e5ef276782f79dc6054d4bca6dd22aef40,record player,complete,False,bbox_inertia,open_mesh,
e1a9587a529745ce4862afb74f40e7be72e87779,ashcan,complete,False,bbox_inertia,open_mesh,
e1b703e78962df6a81b81acab566c6a202b17197,wine bottle,complete,False,bbox_inertia,open_mesh,
e1bd0f66a94b27878f1114d2341c3abce3491189,armoire,complete,False,bbox_inertia,open_mesh,
e1be5af5eeee3237cdb3ce589b80ccb86b6c150b,globe,complete,False,bbox_inertia,open_mesh,
e1bfc46d8a3d14c3d5ea2bd1d3541fca34ae2d9b,gym equipment,complete,False,bbox_inertia,open_mesh,
e1c1bad84e5f13ad43ee5c702656ac412df0d088,casserole,complete,False,bbox_inertia,open_mesh|center_of_mass_out_of_bounds|inertia_not_positive_definite,
e1c6826f0b01ab57f3fde2c9844c19b8df78b2b0,plaything,complete,False,bbox_inertia,open_mesh,
e1d30ae83996db2ab653f342d27a5b316b762979,mixer,complete,False,bbox_inertia,open_mesh,
e1d51fa2fae90a92cbb8876689336c9ae07cb5a9,end table,complete,False,bbox_inertia,open_mesh,
e1d968f387df48e1f1f3c5df126e497f4884e924,ashcan,complete,False,bbox_inertia,open_mesh,
e1e545b7e7332273e95d9e6217b20843c0baa94d,wall mirror,complete,False,weld_or_static,open_mesh,
e1e834b37e41af97478c1e9c3e4cc7274647e1bc,chandelier,complete,False,weld_or_static,open_mesh,
e1f6b67461b3994599ea96b5f132c2de4c162ea0,countertop,complete,False,bbox_inertia,open_mesh,
e1f70b4c0af191879fbc3e1a268831c9a9474fd6,air conditioner,complete,False,bbox_inertia,open_mesh,
e204459fc66073fd8832ec0c5f5f9c018ae2f440,book,complete,False,bbox_inertia,open_mesh,
e20d47940ec1fb39f5cbad2e6bb4fd323303af82,serving cart,complete,False,bbox_inertia,open_mesh,
e21bdd880d7b2406b24073a9e9097cf825a8c151,sink cabinet,complete,False,bbox_inertia,open_mesh|center_of_mass_out_of_bounds|inertia_not_positive_definite,
e223ba3d7758a2cc688c949ff6688971f4f169fa,wall art,complete,False,weld_or_static,open_mesh,
e2326f7a62a47565f695fdee881a87c451c92ac2,end table,complete,False,bbox_inertia,open_mesh,
e237c1dfb659e130ac1048cd9fb7249b5094be80,hamper,complete,False,bbox_inertia,open_mesh,
e23900a7ab95332b710fc79bbfcc91416e3de1d6,window blind,complete,False,weld_or_static,open_mesh,
e24154474f97c0dfe9e2f6d745c2216a2bebee58,wall art,complete,False,weld_or_static,open_mesh,
e2441f79ede3e2c30f23a5b37e675c3689c36f75,throw pillow,complete,False,bbox_inertia,open_mesh,
e244441476058881bd67d5b165a1988e0ea4e9c5,table lamp,complete,False,bbox_inertia,open_mesh,
e24449e3c2ce454a904c6a7011488632a6b1c875,wall art,complete,False,weld_or_static,open_mesh,
e2470c29a511a8c9f4937a689ee1b9127974a61b,dining table,complete,False,bbox_inertia,open_mesh,
e24cb1a2f2c4a167e82e80066b467940ae18bf9f,table lamp,complete,False,bbox_inertia,open_mesh,
e25b1dc0669b7a1948b6c000ab4aec0244e37fcc,stool,complete,False,bbox_inertia,open_mesh|center_of_mass_out_of_bounds|inertia_not_positive_definite,
e26bc61bb239cfd5baebbe979936f598d90dc736,bookcase,complete,False,bbox_inertia,open_mesh,
e26bd35821a4e268590e2bd6c3bc2954b6b8b039,ceiling lamp,complete,False,weld_or_static,open_mesh,
e27168a25a7f6c85b3d9b1b59f8d947c12230801,hanging cabinet,complete,False,bbox_inertia,open_mesh,
e2734a076694702a2a214f85f99d62426c676a77,wall mounted screen,complete,False,bbox_inertia,open_mesh,
e27bd844321a8dff81c1d5895f978ba7742da524,throw pillow,complete,False,bbox_inertia,open_mesh,
e27eb6626e9ccedc342a14a983e1311a494547b4,plant,complete,False,bbox_inertia,open_mesh|center_of_mass_out_of_bounds|inertia_not_positive_definite,
e285909f3131c0e700c1482c269b814f9bf67972,window blind,complete,False,weld_or_static,open_mesh,
e287e12ce31d87baa7b6faadf574ebd5aae505f0,glass,complete,False,bbox_inertia,open_mesh,
e28e4250250841cd11fa2e474765b8fce7e85958,floor lamp,complete,False,bbox_inertia,open_mesh|center_of_mass_out_of_bounds|inertia_not_positive_definite,
e2928a4b7d6ae07bed4062b518c1f8018be240d1,bench,complete,False,bbox_inertia,open_mesh,
e29fd41ad3961ea2f48e0c27935de496b81bf276,window curtain,complete,False,weld_or_static,open_mesh,
e2a365604a32d1002bdb5c41c6d6d7b13a3adb56,wall clock,complete,False,weld_or_static,open_mesh,
e2b781131bcf9aff9b7f8c8b38c1dd8502f0a27e,coffee table,complete,False,bbox_inertia,open_mesh,
e2b811fc128ab35c043cfcc0b27e02d4bbd945a5,end table,complete,False,bbox_inertia,open_mesh,
e2b864afaedc066a273e9328d90288c6aba3f989,chandelier,complete,False,weld_or_static,open_mesh,
e2c788b53e83b08b6bf4aa0816fb82ed402cd26f,bed,complete,False,bbox_inertia,open_mesh,
e2ccbc72bf0fd7d7c0ac172153fa5441393463b8,chest of drawers,complete,False,bbox_inertia,open_mesh,
e2dced5ca4ac21becfa850bebaad8af4a8063438,wall art,complete,False,weld_or_static,open_mesh,
e2e151d63d805daa33161f1f22356622daeed2d5,planter,complete,False,bbox_inertia,open_mesh,
e2e482db368c04670761f413a6e5b5dea0f3fcbe,nightstand,complete,False,bbox_inertia,open_mesh,
e2e4b13a78d3952baa2d6c7cd54cfcc710174e5f,soap dish,complete,False,bbox_inertia,open_mesh,
e2e72c270d6dae987e03d7f2ce4c3e185e51a1fc,double bed,complete,False,bbox_inertia,open_mesh,
e2eb84f537fd943a9ae1490d7d2b4837ef529614,chair,complete,False,bbox_inertia,open_mesh,
e2f0531cba31ce0f40c15ecff463e9e7f5f606ef,flower in vase,complete,False,bbox_inertia,open_mesh,
e2f243346d7a2c02a492adba3098b3e732417ebf,throw pillow,complete,False,bbox_inertia,open_mesh,
e2fb258d0c591f90f6e63ec30fa0ff25fa17d817,rug,complete,False,bbox_inertia,open_mesh,
e2fc4ce7367b1e8b5a36f3b4fe67b76eef514b82,nightstand,complete,False,bbox_inertia,open_mesh,
e2feb988770fa45b6e58493829df5c8f267c8b28,wall art,complete,False,weld_or_static,open_mesh,
e300d942e595a51a1922c758af7a0188ff7a05cc,shower faucet,complete,False,bbox_inertia,open_mesh,
e30359735b80ed225da578f66fb6872ab40b27a1,plaything,complete,False,bbox_inertia,open_mesh,
e30598bb70b1aa6472016340ba788b07b6aced9d,potted plant,complete,False,bbox_inertia,open_mesh|center_of_mass_out_of_bounds|inertia_not_positive_definite,
e310629754396b0366b5017c4ad7292834f58cfb,wall sign,complete,False,bbox_inertia,open_mesh,
e31c6a01275c5f73355ba8d3e5dffd7362a01c2f,table,complete,False,bbox_inertia,open_mesh,
e31d1ccdc0fcc256970b3137834e56371645502e,armrest,complete,False,bbox_inertia,open_mesh,
e31f1c50a7c640558b9bdf926c2ed9e5d6175c53,wall decor,complete,False,weld_or_static,open_mesh,
e323e34ea0539ed1e6ce1f8ea843d32b2e3cd3f3,sculpture,complete,False,bbox_inertia,open_mesh|invalid_volume|inertia_not_positive_definite,
e325d90bb531eabc16607c416f1e9defd7cb25a7,"candlestick.n.01,candle",complete,False,bbox_inertia,open_mesh,
e32c46f75f40ef08078b38d9eb5b756e4add2607,wall lamp,complete,False,weld_or_static,open_mesh,
e332bed7b24ffe5e507ab93223afcdbe11484cab,"bar stool.n.01,chair",complete,False,bbox_inertia,open_mesh,
e3336af016f47fccf39e1683a8f537fef5efe05d,television receiver,complete,False,bbox_inertia,open_mesh,
e33bad4ffd6713bbed50be821dbb0f7bd5711d99,picture frame,complete,False,weld_or_static,open_mesh,
e33d9290a0833c81db2e7e55a80d86ea0aea6082,wall clock,complete,False,weld_or_static,open_mesh,
e3479ce73271171bdaa163968c50500719ed4d72,cup,complete,False,bbox_inertia,open_mesh,
e347fb6231e4afd401f57bdd8cc05f498c211768,wall art,complete,False,weld_or_static,open_mesh,
e3533436f9a753e199ffdf3794d42e5c715dac89,chair,complete,False,bbox_inertia,open_mesh,
e35afabb046d0fe5870360b247978ffce72c5d8c,table lamp,complete,False,bbox_inertia,open_mesh,
e35c5a45f542139d2b045623fa6670d402a342a6,bedclothes,complete,False,bbox_inertia,open_mesh,
e3631a629a1ac3b71a75dff721192b90d26246e0,bookcase,complete,False,bbox_inertia,open_mesh,
e365d8e54023e62f4bb2022f52285844700fca22,wall mirror,complete,False,weld_or_static,open_mesh,
e3678e7cafb50959d7eea98068a98c6b00ce1e09,wall sign,complete,False,bbox_inertia,open_mesh,
e36ff98ffd950600311ae58c7d1c5be8a03787ef,drawer,complete,False,bbox_inertia,open_mesh,
e37a7e22a925c06882a73fd84b074ec0958c61ca,stool,complete,False,bbox_inertia,open_mesh,
e38673f1648b9606a41abc76b90c9681b6c7fefb,wall art,complete,False,weld_or_static,open_mesh,
e38e343fc8704345c2994f67cfbd587f26160367,nightstand,complete,False,bbox_inertia,open_mesh,
e39154e6536b8ec6aaaf2815172021b5797b30e1,wall lamp,complete,False,weld_or_static,open_mesh,
e39ee7136f40f7028bb66470f065859485f57454,footstool,complete,False,bbox_inertia,open_mesh,
e3a4be0be1d60a6d4efd1d9824f6705945540e40,window curtain,complete,False,weld_or_static,open_mesh|invalid_volume|center_of_mass_out_of_bounds,
e3a9a3640530a7d89f786120418ad336de40d03b,bench,complete,False,bbox_inertia,open_mesh,
e3b923e21c853d905da18ebabc2980a80ce4e185,ceiling lamp,complete,False,weld_or_static,open_mesh,
e3bc2db72abec4b9c0a5ed3ba7d4958e4f826e7b,pathway light,complete,False,bbox_inertia,open_mesh,
e3ca4616713c8ffa6e9292f63e5c5eea48a06675,chest of drawers,complete,False,bbox_inertia,open_mesh,
e3d12cbfbbc6405329d010928c738dee3ce3be67,armoire,complete,False,bbox_inertia,open_mesh,
e3d8c7485b594d0ddf81302c96585d585089df27,tissue box,complete,False,bbox_inertia,open_mesh,
e3dfeaae3312a8c21fdac34ceac931557437efaf,"candlestick.n.01,candle",complete,False,bbox_inertia,open_mesh,
e3e90be72788cf5f13a14d46f0f5fea24b27b8f1,range hood,complete,False,bbox_inertia,open_mesh,
e3ea77bd63ceaa2d05ff5d18c85d854526fe6267,table,complete,False,bbox_inertia,open_mesh,
e3fd946c45edefb08bb36c29f7755c4a90c67caa,throw pillow,complete,False,bbox_inertia,open_mesh,
e3ff1721c0fb9adbb31f2cce97501f7e62033476,potted plant,complete,False,bbox_inertia,open_mesh|inertia_not_positive_definite,
e40bb0530125c96c725422b9d5e32339be52eb6f,end table,complete,False,bbox_inertia,open_mesh,
e40eb85bbfeb96330fa43d3a766676fd4bb9fb3e,chest of drawers,complete,False,bbox_inertia,open_mesh,
e418bc9c9caeb8a0c4488d110f3f8e8bd0d6a87b,shelving,complete,False,bbox_inertia,open_mesh,
e41fb9d079791e99e3ff9e216c5e4416a9a83570,kettle,complete,False,bbox_inertia,open_mesh,
e4258a74474114a9e2677548124b209cf0f6ae43,dining table,complete,False,bbox_inertia,open_mesh,
e42c7020155fee0bfb7653312c45b746cbd28593,mobile,complete,False,bbox_inertia,open_mesh,
e432bd2619cb6eb619e6bf72ffa6a39892c92b7d,armoire,complete,False,bbox_inertia,open_mesh,
e44df9da1d1dc76692270af0c831f48a1b6fa480,lantern,complete,False,bbox_inertia,open_mesh,
e4537a197bb32f397f7f53c519f8caa3ffd5a6f2,table lamp,complete,False,bbox_inertia,open_mesh,
e456ba18f1afa22b9e77921850248593d4de4022,hot tub,complete,False,bbox_inertia,open_mesh|center_of_mass_out_of_bounds|inertia_not_positive_definite,
e460bdb42d7cc2ecf568be1a36df376b8ab69d05,wall art,complete,False,weld_or_static,open_mesh,
e46d683380db1069cea53aaec940d9c400c9b61d,book,complete,False,bbox_inertia,open_mesh,
e47ded5e48492aa11fde1cb6df59f7b80ad2cbf9,table,complete,False,bbox_inertia,open_mesh,
e489c6919b900727d6d64019751a5ce30ec96a1a,air conditioner,complete,False,bbox_inertia,open_mesh,
e49a7f87d0fae0885266d002e7e50e70904c1d8f,basket,complete,False,bbox_inertia,open_mesh,
e49e82d6cd6885276228ffeada17ee5d033cf585,armchair,complete,False,bbox_inertia,open_mesh,
e49ec0db22ed30a46206d04ac116474a049716eb,mantel clock,complete,False,bbox_inertia,open_mesh,
e49f0397502cfd5d80e6a1b852e82f462e49e733,throw pillow,complete,False,bbox_inertia,open_mesh,
e4a0e3eac59e3865872a50e3dece64893429aaad,wall art,complete,False,weld_or_static,open_mesh,
e4a620eb48a82e173b67521939bbd0c5c59f5359,paper organizer,complete,False,bbox_inertia,open_mesh|inertia_not_positive_definite,
e4bf06896b67fc56bbded3bbd2086ad6dcdb7746,buffet,complete,False,bbox_inertia,open_mesh,
e4c49b444dda05bdac79ad01ec10f82b735b62a1,potted plant,complete,False,bbox_inertia,open_mesh|inertia_not_positive_definite,
e4c6209a0e33607b0dc3cb2885828ff1b26ee9af,table lamp,complete,False,bbox_inertia,open_mesh,
e4c6be2ca11e36101c00ac1ecc0be31577076366,sofa,complete,False,bbox_inertia,open_mesh,
e4d71fe4b464289121824da8eaf37338f1917544,armchair,complete,False,bbox_inertia,open_mesh,
e4e965768b08f8480af7d9abaa42ffa6f2125999,mobile,complete,False,bbox_inertia,open_mesh,
e4eae29cc79080c718b2050da593ae8a648c0411,bowl,complete,False,bbox_inertia,open_mesh,
e4f6dfda92befece946bd5d72a7cb16ff45ac3e6,footstool,complete,False,bbox_inertia,open_mesh,
e508dea90d0bde6fa225fc17e1deb2d6d8554e77,mantel clock,complete,False,bbox_inertia,open_mesh,
e509208447f919a6bac349aca072f118f633ca67,wall clock,complete,False,weld_or_static,open_mesh,
e50a99c14e92f6485f82139c338779df903955d2,wall art,complete,False,weld_or_static,open_mesh,
e523bc3991e941c0b50c1504e5c0da3811688bb9,sofa,complete,False,bbox_inertia,open_mesh,
e529ddcb1306b1177e7caf9862c438ff96fb9994,binder,complete,False,bbox_inertia,open_mesh,
e52aacbf00b74415e9a718d963ddb7c43535be30,throw pillow,complete,False,bbox_inertia,open_mesh,
e52cdde15b765abe471b24f2c4077bae64797397,ashcan,complete,False,bbox_inertia,open_mesh,
e52ee0b894645123ac91a63ef2737b3fab39c47c,wall mirror,complete,False,weld_or_static,open_mesh,
e5371dec8e064b3a3611ec880315a8e519e0e03b,bowl,complete,False,bbox_inertia,open_mesh,
e53d3d94ac2ad856f8646a569913ca2ac63feffc,"candlestick.n.01,candle",complete,False,bbox_inertia,open_mesh,
e5414fa203791927db32f4ce2e6e015fefdcf699,chandelier,complete,False,weld_or_static,open_mesh|center_of_mass_out_of_bounds|inertia_not_positive_definite,
e54416914c5256c648c9a66ae1151721347e8af6,guitar,complete,False,bbox_inertia,open_mesh|degenerate_faces,
e54dc3d50f38ea25737f674b04d8581fdeca9ff5,throw pillow,complete,False,bbox_inertia,open_mesh,
e54dd57eee02819a0bf23cd193bda1864b8e88eb,wall hook rack,complete,False,weld_or_static,open_mesh,
e55406dff300de474e7a08711a7e75afd3495004,toiletry,complete,False,bbox_inertia,open_mesh,
e5555804f9333132585f095c3644e15ca8aa3c0b,hamper,complete,False,bbox_inertia,open_mesh,
e5562c171fa549aae14853d5175ab72739946032,shoe,complete,False,bbox_inertia,open_mesh,
e55837deeee56fc0f7ba46ce32e7076dfc415db4,chaise longue,complete,False,bbox_inertia,open_mesh,
e55f661996542719d10d80f5f06b6bca4a62d0b0,"stairway.n.01,stairs",complete,False,bbox_inertia,open_mesh,
e56819a302075d53ac8e2e72c9957b2b3b72439e,window curtain,complete,False,weld_or_static,open_mesh,
e5777bceca4c7475b98a3ba411843352e66a15a6,ottoman,complete,False,bbox_inertia,open_mesh,
e57c3b4a26b3e66a4970aaa5e2433464b9e37e27,china cabinet,complete,False,bbox_inertia,open_mesh,
e586ce33ed5105f3eccad9b2c3d2c11d9f0d27d6,wall shelf,complete,False,weld_or_static,open_mesh,
e58b65178e79d0ea46d60521aa1137344bf6b036,throw pillow,complete,False,bbox_inertia,open_mesh,
e592c826575570ea0984c28e77e66b4b57fde65d,wall art,complete,False,weld_or_static,open_mesh,
e59804c7aa6a80c0a474699b47507fae10a082b1,whiteboard,complete,False,bbox_inertia,open_mesh,
e5995f3c403907857acb6d7db6f52c16306bf96c,"letter.n.02,wall decor",complete,False,weld_or_static,open_mesh,
e59eb9ad05cebfe81c6d8e25aeb7bdb4cfd67115,"bar stool.n.01,chair",complete,False,bbox_inertia,open_mesh,
e5a276f78693d29c6452046b7333b2600da60da0,flower,complete,False,bbox_inertia,open_mesh|center_of_mass_out_of_bounds|inertia_not_positive_definite,
e5a3564ec98cab466b427097150536e18bb657e4,china cabinet,complete,False,bbox_inertia,open_mesh,
e5a65a86337ab025e3fbae520946c2eecf80e8ba,potted plant,complete,False,bbox_inertia,open_mesh|center_of_mass_out_of_bounds|inertia_not_positive_definite,
e5b9d327cc02b0632214bfe346b56e5fa5c586ca,pendant lamp,complete,False,weld_or_static,open_mesh,
e5c0975d4c5bae809e505e440e74a449d503f4e2,dining table,complete,False,bbox_inertia,open_mesh,
e5c1e0d74d6c45b3f4ee1a58e2ff81032d3d3019,radio receiver,complete,False,bbox_inertia,open_mesh,
e5c7f8e56d6daea02f856696230a1d3fac56e49d,pendant lamp,complete,False,weld_or_static,open_mesh,
e5dbb561af98eb3200ef3591b63df0c8dbf7c062,table runner,complete,False,bbox_inertia,open_mesh,
e5dc7a8a5601d4d26ece19878d8d7b6407129c63,bottle,complete,False,bbox_inertia,open_mesh,
e5e0a3fa5bf301911dbb5f403eebbd5c5adf9fb1,tv stand,complete,False,bbox_inertia,open_mesh,
e5e5164617d57163bf0a422c90ace89bca38a1bf,chest of drawers,complete,False,bbox_inertia,open_mesh,
e5e90a9c090c1aa9ce55a90726f5de5d42d80f2b,table,complete,False,bbox_inertia,open_mesh,
e5f4cd6d3514d7f672ee16c7df0043f650fb911d,chest of drawers,complete,False,bbox_inertia,open_mesh,
e5f534ab6b697ae4191486de3811bd57329110d8,fireplace,complete,False,bbox_inertia,open_mesh,
e5fee3ab7d52dab4a333ddc7bb7b294102c82902,wall lamp,complete,False,weld_or_static,open_mesh,
e5ff4ca19237863e4f0e52bf57f1ef70523d036a,wall art,complete,False,weld_or_static,open_mesh,
e60ece3d5728a69027a6d6e64e68f8a8b77b8632,armchair,complete,False,bbox_inertia,open_mesh,
e61006034ace841a2557906caafb69d41718aa89,chandelier,complete,False,weld_or_static,open_mesh|center_of_mass_out_of_bounds|inertia_not_positive_definite,
e63f2f68c0d0de795e8a71d0f834b637502bb7db,wall art,complete,False,weld_or_static,open_mesh,
e6441c18a83cdca55a0a555a56a8c89a7bd821f7,shower curtain,complete,False,weld_or_static,open_mesh|center_of_mass_out_of_bounds|inertia_not_positive_definite,
e6457ccaac67b796ef057aec87c6b72adfcedc95,bowl,complete,False,bbox_inertia,open_mesh,
e64c9947229ecf6b7c49986729f3020409233c71,picture frame,complete,False,weld_or_static,open_mesh,
e651abc9be26e612f3e974fc4a21ed88b0666a42,clock,complete,False,bbox_inertia,open_mesh,
e65b74cf5cbb7c4230ef5601f522fdfa12a657a9,coffee table,complete,False,bbox_inertia,open_mesh,
e6721c1f71a614592b41e3bb81f6125be1e685bb,wall art,complete,False,weld_or_static,open_mesh,
e67b8bae5860c46a255d876323c61622085e3e84,clothes tree,complete,False,bbox_inertia,open_mesh,
e69b1d450585bdc223ffc8b035d980c5b880c920,nightstand,complete,False,bbox_inertia,open_mesh,
e6a24c5d82ac274c29caa24dc71c18c5c5481a56,notebook,complete,False,bbox_inertia,open_mesh,
e6a3c45c472aa8c432c5c2d2e878c52356e2fed9,coffee table,complete,False,bbox_inertia,open_mesh,
e6a532d693d673c9f5ca30fc0836e6c086ea446e,hot tub,complete,False,bbox_inertia,open_mesh,
e6afa230cb48f17a5417b74b880c4f0d4624ac00,wall art,complete,False,weld_or_static,open_mesh,
e6b9ed47b137a8ca891f8f8347935ef0eeefcd97,flat bench,complete,False,bbox_inertia,open_mesh,
e6c19c53b61b9805afcf9bd1661d1dc19b9a0a00,wall mirror,complete,False,weld_or_static,open_mesh,
e6c56d3d8f05d0deee568a413785dfe8492f9b15,window blind,complete,False,weld_or_static,open_mesh,
e6c5be6f7bdf45f128034eb34f8431eaf99c72fa,throw,complete,False,bbox_inertia,open_mesh,
e6d682af1b4e3975835907959f868dbce4fcedad,ceiling lamp,complete,False,weld_or_static,open_mesh,
e6df36f9715e7dbb8c856dfc123e0fef19bd7fb7,shower curtain,complete,False,weld_or_static,open_mesh,
e6ea73c14802b1137b7a4eb158729cbab017ef9c,trunk,complete,False,bbox_inertia,open_mesh,
e6eed5cd7d1357bd2e5957e8b05590643543f8c2,casserole,complete,False,bbox_inertia,open_mesh|center_of_mass_out_of_bounds|inertia_not_positive_definite,
e6ef267498a05d4261dbb35febb36e611f2bb2b2,rocking chair,complete,False,bbox_inertia,open_mesh,
e6f556728f4209db41e6226e13a1b571b3e58032,wall clock,complete,False,weld_or_static,open_mesh,
e6f5b9672c45eb2e038cc1783748ab7691fa679e,end table,complete,False,bbox_inertia,open_mesh,
e70c10dcf3fba2bc23352f8cbbc7d2cd24608144,dining table,complete,False,bbox_inertia,open_mesh,
e70cce397f9d6cb12542e6de70baeff0fc7e17e3,chair,complete,False,bbox_inertia,open_mesh,
e70ea42b5270583ea34fe50123b841d79a380e19,jug,complete,False,bbox_inertia,open_mesh,
e71c35ba3eb4a3a9ad538d92c797d3799954c8fd,faucet,complete,False,bbox_inertia,open_mesh,
e71ee8d90325473815326211abf957847eb873ae,table lamp,complete,False,bbox_inertia,open_mesh,
e720c72b446d020def4f5dc3b57bad04ce33fbba,toaster,complete,False,bbox_inertia,open_mesh,
e726400daa4521c93b85a0e8e8bb239fcb7635e7,tablet computer,complete,False,bbox_inertia,open_mesh,
e73109d574e1da1984c833d2e353fe359a9bcbf0,toilet brush,complete,False,bbox_inertia,open_mesh,
e7315a170b0ec5278e79d31226a09beef4c356ee,cabinet,complete,False,bbox_inertia,open_mesh,
e731fbf018152a31b13eb29c1f97081695e2ddfe,flower in vase,complete,False,bbox_inertia,open_mesh|center_of_mass_out_of_bounds|inertia_not_positive_definite,
e735551c7b806cc4a9e480f7c951cb5fac81a0ed,mat,complete,False,bbox_inertia,open_mesh,
e73b6628e229eecbdd5d0d93437696a84efd9fbe,storage box,complete,False,bbox_inertia,open_mesh,
e73c99996443b0c74a9c191625573afff84f5dc7,wall art,complete,False,weld_or_static,open_mesh,
e73e8a96ec832253c564dda235bff03d8a493810,tray,complete,False,bbox_inertia,open_mesh,
e75ef0dda24f64e476346684b086db454a65eda6,rug,complete,False,bbox_inertia,open_mesh,
e76018462e2f1b1babc29e09428d53b5c742120a,rug,complete,False,bbox_inertia,open_mesh,
e763f363f249bea1a35ad1b1a54a8772a1a15e47,bulletin board,complete,False,bbox_inertia,open_mesh,
e76fc6fbfe3be64fc2092a113f79920cc290d281,countertop,complete,False,bbox_inertia,open_mesh,
e773f6b54137ce8acdf013c000fc8dbf29071e1d,end table,complete,False,bbox_inertia,open_mesh,
e77fdd847315d42f536995b42866e90cc305a79b,ashcan,complete,False,bbox_inertia,open_mesh,
e7813f051747532da5871685105b47d735bbe6b6,wall art,complete,False,weld_or_static,open_mesh,
e7840601d8b63a3391abde3a4c1f4983bd60f7ab,alarm clock,complete,False,bbox_inertia,open_mesh,
e7841aefc77c8cdefc35e1bcdd02e06988126377,potted plant,complete,False,bbox_inertia,open_mesh,
e7881eb13a2b975d32a465ac4ddc1cd030bb8ce2,sofa,complete,False,bbox_inertia,open_mesh,
e78a53714b2f2c852218bf69e78488d329abb351,wall mirror,complete,False,weld_or_static,open_mesh,
e78b327a70c087cb4f8209213a721490b7d355b5,floor lamp,complete,False,bbox_inertia,open_mesh,
e78cd5226bde2fd145dbc897fff209bdca7af20c,nightstand,complete,False,bbox_inertia,open_mesh,
e78d4d8f8c2afd8893edbef8413eb022b58c7596,easy chair,complete,False,bbox_inertia,open_mesh,
e79cc86164f770f3b04f9186b8a60754cf6a5837,bar stool,complete,False,bbox_inertia,open_mesh,
e7a5fd02d13cdea6ca9b993769e3f5b3c0b36e4b,end table,complete,False,bbox_inertia,open_mesh,
e7acb1bad5a0e0d409cd8c8dc2ba82e3d823bd07,potted plant,complete,False,bbox_inertia,open_mesh,
e7af9fee904b6d58efdcd8208a2d01d1f481af60,hamper,complete,False,bbox_inertia,open_mesh,
e7b5486297f2cfdaf1f4398fac6e425913f3124f,coffee table,complete,False,bbox_inertia,open_mesh,
e7ba564ec743c9317f5be11402d3689a7954eb7f,step stool,complete,False,bbox_inertia,open_mesh|center_of_mass_out_of_bounds|inertia_not_positive_definite,
e7c0a88838318f18b932d3d165f939ad19a2d8cc,throw,complete,False,bbox_inertia,open_mesh,
e7cdc7c7606c32dfa595f61cd24581fa84f4544c,china cabinet,complete,False,bbox_inertia,open_mesh,
e7deef0795b11cc81ad640905bb01b526a14117b,chair,complete,False,bbox_inertia,open_mesh|inertia_not_positive_definite,
e7ea0c6034c9c3eba1fd80422f546c1a1675f1d0,window curtain,complete,False,weld_or_static,open_mesh,
e7ecadfd54d74638d1de977ac7b04dfd1702d6af,wall art,complete,False,weld_or_static,open_mesh,
e7f213cbf8ae43a568d85ff720e5630abb466a1e,plant,complete,False,bbox_inertia,open_mesh,
e7f247969ee88cc3aba4d0534849ff00749701a0,nightstand,complete,False,bbox_inertia,open_mesh,
e7ff7baed5818e9f167113c81b84da6c2a503944,wall art,complete,False,weld_or_static,open_mesh,
e7ffdf18bea72d67b5f3e2010c1db4c9f5664050,wall mirror,complete,False,weld_or_static,open_mesh,
e802547f60351086248b98b793cc7d1cd02ac86d,bench,complete,False,bbox_inertia,open_mesh,
e80c209372079afca611d98cd98597e79afa2c65,armchair,complete,False,bbox_inertia,open_mesh,
e81684f7e86116a81839f19a68c4b7e7b50d18ac,nightstand,complete,False,bbox_inertia,open_mesh,
e823268a535d8d7aaaf7db9e7cf769c689e7b4f0,bowl,complete,False,bbox_inertia,open_mesh,
e8239fcbdf7da6dcf4007267097030f61fa13933,table lamp,complete,False,bbox_inertia,open_mesh,
e83e7b87c5d3b188d547ddac07caf71ac6f2d69c,footstool,complete,False,bbox_inertia,open_mesh,
e83fe805af15db5a03148696e76e94a694ef08dc,end table,complete,False,bbox_inertia,open_mesh,
e844128a8ac14233b368655be2b4f14bd4e4098d,ceiling lamp,complete,False,weld_or_static,open_mesh|center_of_mass_out_of_bounds|inertia_not_positive_definite,
e8499c7327a3ad17e04a77e70979463b884846ee,refrigerator,complete,False,bbox_inertia,open_mesh,
e84b5f0fab3668fb80c467e3e4c1837a8eb82f46,rock,complete,False,bbox_inertia,open_mesh,
e84f2079afd9459ad7f7213ce33c23bb61dc4948,ashcan,complete,False,bbox_inertia,open_mesh,
e854259fffbf36831f919f60482edf28c9b92ba4,swing bench,complete,False,bbox_inertia,open_mesh,
e8547e73e4873b76eff0eb2b6488e815d7dbf41c,hanging cabinet,complete,False,bbox_inertia,open_mesh|center_of_mass_out_of_bounds|inertia_not_positive_definite,
e856ac6c1bea94c6032251d81f1379fff6cf5a75,wall art,complete,False,weld_or_static,open_mesh,
e85b54d8ecc9bd3db676672374632b6f2038d7fa,wall mirror,complete,False,weld_or_static,open_mesh,
e8609a2f305e5da4b15fbac5187a228dba3e3fa3,kitchen cabinet,complete,False,bbox_inertia,open_mesh,
e86fb9c3c9243acca5078c3830dad4569b8a72af,wall art,complete,False,weld_or_static,open_mesh,
e8798c56bd14fcc690d39a1ef6a670cfa15c2938,shower curtain,complete,False,weld_or_static,open_mesh|center_of_mass_out_of_bounds,
e88ac3ccc000a7f1076e0ae35b089df476f9f2d4,lantern,complete,False,bbox_inertia,open_mesh|degenerate_faces,
e89d2c57fe1f9bda6ad7ebb109505be1ce409380,basket,complete,False,bbox_inertia,open_mesh,
e89da2a180cee8db1e4e81f8bd7b30081d402c1f,"board game.n.01,chess",complete,False,bbox_inertia,open_mesh,
e8a51eed69104c79ccc952d96f590e5f51034e38,toiletry,complete,False,bbox_inertia,open_mesh,
e8a54e4ef65ff6c8bee726c0ba12ea742011ac2d,chair,complete,False,bbox_inertia,open_mesh,
e8a8d169c17b2f14008e10642994c92ea35b3946,wall art,complete,False,weld_or_static,open_mesh,
e8af4d236d2dc2a9838f1c7a098806bd6b11a85b,wall art,complete,False,weld_or_static,open_mesh,
e8d1d9f34ad866896c2b6c0147982a23c3a91a06,pendant lamp,complete,False,weld_or_static,open_mesh,
e8d6fdd7c590fec96e683671ce188f4e51a442a7,canister,complete,False,bbox_inertia,open_mesh,
e8d803e28bb5ae44a6b5a956ab28325f907af6dd,sofa,complete,False,bbox_inertia,open_mesh,
e8e05338d973e1845aea18072e1086cadaf6a1e6,wall art,complete,False,weld_or_static,open_mesh,
e8e0945e9f720d7b472986924483c661d172794c,armchair,complete,False,bbox_inertia,open_mesh,
e8f626ea806e5f41098dee0689468b08b1f6f8ad,firepit,complete,False,bbox_inertia,open_mesh,
e901cfaa0ece5480b0dc999e5fbb24422b1e64dc,barbecue,complete,False,bbox_inertia,open_mesh,
e903b2fc42ecaa04ba1facfed58e4e7ae4795c51,spectacles,complete,False,bbox_inertia,open_mesh,
e90b8e22e998c42978d40fc56a6c82f05206f85b,chest of drawers,complete,False,bbox_inertia,open_mesh,
e91b6f39a66357efcfe47f709d6314b5152d0917,floor lamp,complete,False,bbox_inertia,open_mesh,
e91f9db75c0e3679b4bdd1d012ceb0819bb287f5,double bed,complete,False,bbox_inertia,open_mesh,
e9247bd57832e5c20a09bdf7e0257899cff54f51,wall art,complete,False,weld_or_static,open_mesh,
e928e8bd2f9012623b5a7d73e18f35b8a1df21f5,chopping board,complete,False,bbox_inertia,open_mesh,
e9319c9b8db448dd87220d541e1851d0e3a8acd4,wall mirror,complete,False,weld_or_static,open_mesh,
e9393fb84e42e59d93ba261275daf119df0cde2e,dining table,complete,False,bbox_inertia,open_mesh,
e946025ab4168c75d712294a44f37f11cd90ec2c,wall art,complete,False,weld_or_static,open_mesh,
e95529e06e74138d77422ac04f7c575cc3ff6f40,chaise longue,complete,False,bbox_inertia,open_mesh,
e955d9e0ec677d4252d2c111542e8e00e40b8790,handle,complete,False,bbox_inertia,open_mesh,
e965778391dc6e1e46d7bc3bb48b58030e1e1c9a,wall art,complete,False,weld_or_static,open_mesh,
e96698321c8c3b7624a5ace5eed829b9eca191c1,rug,complete,False,bbox_inertia,open_mesh,
e97ac736be601bdb39e71245cbc3be8050417f7f,coffee table,complete,False,bbox_inertia,open_mesh,
e97c2fdce464cebb4a72fcdb9bf009468ecbe30e,printer,complete,False,bbox_inertia,open_mesh,
e97d688a2e3203ae2eb687915b8b280f6652beec,towel rack,complete,False,bbox_inertia,open_mesh,
e982d3a9cfef8a5bc3e2202e1ba69b8b93c0c67c,potted plant,complete,False,bbox_inertia,open_mesh|center_of_mass_out_of_bounds|inertia_not_positive_definite,
e98b0eed4926c2fec2d9d5230ba796174e17c937,wall art,complete,False,weld_or_static,open_mesh,
e98c48cf9c55fde9623443bb26fe7258c24b90e5,wall lamp,complete,False,weld_or_static,open_mesh,
e993db4b61482ed497b6fad0e16a92b1f455a87a,window blind,complete,False,weld_or_static,open_mesh,
e99a85fea330ded959c456ac63824608c55c4a2b,glass,complete,False,bbox_inertia,open_mesh,
e9ab2d22094095d82f532d0001b85ac71eeff494,armchair,complete,False,bbox_inertia,open_mesh,
e9b2d3685968b69c60f5e058c220412eaffaea1c,armoire,complete,False,bbox_inertia,open_mesh,
e9c171e162d8a2b4157b7ef611e85ed23004ed19,table,complete,False,bbox_inertia,open_mesh,
e9c2274e86266e98759762f1b251efc4336ee873,umbrella,complete,False,bbox_inertia,open_mesh,
e9c78bce74ccebc2c7299d799afa0950c5e4cd35,throw pillow,complete,False,bbox_inertia,open_mesh,
e9c94b4ebe33b33bd4dcb8877169c1333542ca89,sink cabinet,complete,False,bbox_inertia,open_mesh,
e9caae3ba8240bec38d242ed0aa4d6e08743c788,fireplace,complete,False,bbox_inertia,open_mesh,
e9cfdff55695403cc4d9b5380d29073ec851c0ce,wall art,complete,False,weld_or_static,open_mesh,
e9d4710af951e1175449b01451a6a49cb6231949,wall art,complete,False,weld_or_static,open_mesh,
e9edb28d115791f19325770915a00290c1e8da6d,rug,complete,False,bbox_inertia,open_mesh,
e9ee3acf2be7b9ad67b98d771068c71834874f69,rug,complete,False,bbox_inertia,open_mesh,
e9f91f33df243e50fe8130e5544d4cfbd0218faa,wall mirror,complete,False,weld_or_static,open_mesh,
e9fc98585a8c737dfbda4a575d19dfa0d1176abd,flower in vase,complete,False,bbox_inertia,open_mesh,
ea0200d78c2699f025cc8ec86930842e214bd6d2,potted plant,complete,False,bbox_inertia,open_mesh,
ea0f21e3217988b734874df1670de699e55c9eff,"bar stool.n.01,chair",complete,False,bbox_inertia,open_mesh,
ea1077f65aea8ec9e385ff8ef1a385e01a20a77b,glass,complete,False,bbox_inertia,open_mesh,
ea1565e02e6aeb63328999895bdc151f4e769b16,pet house,complete,False,bbox_inertia,open_mesh,
ea21d1fc5ed78e1a0c2ec72acdecbf7ca7983ffe,candle,complete,False,bbox_inertia,open_mesh,
ea22d748aa6d8af300958911768331e73595d532,rug,complete,False,bbox_inertia,open_mesh,
ea233d6e83ef6d189dc92600b820430307b58cea,potted plant,complete,False,bbox_inertia,open_mesh|center_of_mass_out_of_bounds|inertia_not_positive_definite,
ea23fd912c7410bdfe5d963c4b99c9fa83e9561a,pendant lamp,complete,False,weld_or_static,open_mesh,
ea3cbeac2a678e4633d56f7ec4aeb6bb46cb9857,sink,complete,False,bbox_inertia,open_mesh|invalid_volume|center_of_mass_out_of_bounds|inertia_not_positive_definite,
ea402f38c075752d6858cfc8fe8a29193d277e8e,wall art,complete,False,weld_or_static,open_mesh,
ea4826625a4ad17e2bd2f4013acdb1c26b568999,desk,complete,False,bbox_inertia,open_mesh,
ea5889a373395a5e43a5303555b4958d4705b7ae,rug,complete,False,bbox_inertia,open_mesh,
ea59288352caed64987a543d8dfaab41b2ea078a,table lamp,complete,False,bbox_inertia,open_mesh,
ea5d3ca45a495eba8168a2303efbcdeda57f5c5f,wall art,complete,False,weld_or_static,open_mesh,
ea5d508ed930bac843d729a15da80aa04a374cde,chest of drawers,complete,False,bbox_inertia,open_mesh|inertia_not_positive_definite,
ea5ec37b381d5b1151ac375cd882c99af858e937,tv stand,complete,False,bbox_inertia,open_mesh,
ea620cdc8d7f3669b588e22a7c280f64b253050e,wall art,complete,False,weld_or_static,open_mesh|invalid_volume|inertia_not_positive_definite,
ea6d29c94e79d4406e0f25dedc7c6986d4ce811f,storage box,complete,False,bbox_inertia,open_mesh,
ea6e8bcb737311f4fd53e3223e4cb6fa9d066de2,chair,complete,False,bbox_inertia,open_mesh,
ea80179da71f7ead050c38b83bb66b385150e3d9,sculpture,complete,False,bbox_inertia,open_mesh,
ea816e83b8b6895186b9b486eea931f9f70dcc29,tv stand,complete,False,bbox_inertia,open_mesh,
ea892acadaa42fd0acd653f3a3fa2ddb9c68936c,armchair,complete,False,bbox_inertia,open_mesh,
ea914da3fb162d3fc9d32be28ebf215dc3743a74,pendant lamp,complete,False,weld_or_static,open_mesh,
eaa14741cf7e8328ff4a261fcc8984e4c22325fc,soap dish,complete,False,bbox_inertia,open_mesh,
eaa4fe83b8eb1623c813932dbb269f5a3c73ae5e,rug,complete,False,bbox_inertia,open_mesh,
eab1a7b6a78e81693dae1ca4e1e993f081e0be20,end table,complete,False,bbox_inertia,open_mesh,
eac0f0b99f0473fea0b330049d7651d81aafd3f5,wall art,complete,False,weld_or_static,open_mesh,
ead061a7175f0ae5cbd6912f79a4b5139d7095f5,desk,complete,False,bbox_inertia,open_mesh,
ead365ee0f62fd7ab510ffb80417061b626087b7,bathtub,complete,False,bbox_inertia,open_mesh,
eade7e268f40bd14940a6b767baf0a76d0b264e7,cabinet,complete,False,bbox_inertia,open_mesh,
eae23b6121e974982ec521d9118e0034134c37f8,tv stand,complete,False,bbox_inertia,open_mesh,
eaec5282f4c09e8d460bb6ae9fbb1e70f79d5970,wall art,complete,False,weld_or_static,open_mesh,
eaf49472219845b70e3354e80d499319ae5cdd0e,nightstand,complete,False,bbox_inertia,open_mesh,
eaf5d6b91e4806848c3f394cea2a36e9a7204662,throw pillow,complete,False,bbox_inertia,open_mesh,
eaf68a8a76fbd548ed20c01a67e66f491ce7708a,bar stool,complete,False,bbox_inertia,open_mesh,
eaf719f5dd094990daa3e96831f847f47733587f,desk,complete,False,bbox_inertia,open_mesh,
eafe55e230f8ffe3f5705d50678f5bb9b6f27bf1,pendant lamp,complete,False,weld_or_static,open_mesh,
eb1dd9f10b531626ba6b1c6d1088c74700edad9a,"candle.n.01,candlestick",complete,False,bbox_inertia,open_mesh,
eb1fbd5c7e9bcb4166c60fc016627ab8c23c396a,ottoman,complete,False,bbox_inertia,open_mesh,
eb266a87765e0bc3c3bc80f0cb942f8c4f991109,spicemill,complete,False,bbox_inertia,open_mesh,
eb5676653be0e7a23bfc0a2bede897d5e9745e84,ceiling fan,complete,False,weld_or_static,open_mesh|inertia_not_positive_definite|degenerate_faces,
eb57734324ac3bf975417e72a0b9bd7a0b095526,bathtub,complete,False,bbox_inertia,open_mesh,
eb5b7096fe0619a9831f98bacfbbe0a0130c4e8e,kitchen cabinet,complete,False,bbox_inertia,open_mesh,
eb666a39a15497803a138f231dbe12d48b61f303,throw pillow,complete,False,bbox_inertia,open_mesh,
eb6720d78383292a6b0e4b753ad004a37cfee943,fireplace,complete,False,bbox_inertia,open_mesh,
eb6a73a8cbd7df887187a2b9fad7fae1e5753d93,sink cabinet,complete,False,bbox_inertia,open_mesh,
eb6aa6ead94ef785c022795b36da765ac1c1cbe1,desk,complete,False,bbox_inertia,open_mesh,
eb75e6007ed56a7dafc699f170ce01463177d67b,picture frame,complete,False,weld_or_static,open_mesh,
eb7c9f75aa07667bedceb4eced18cba1e65f336c,armchair,complete,False,bbox_inertia,open_mesh|inertia_not_positive_definite,
eb7e52d194bb442ed1ef04ff6830ae0c1f2423f1,camera,complete,False,bbox_inertia,open_mesh,
eb8cb02b56ad09de936d980820429398608d94c8,table,complete,False,bbox_inertia,open_mesh,
eb9f9ecf8e2aeac2f0e5a82c08ea90935e547380,chest of drawers,complete,False,bbox_inertia,open_mesh,
ebaf3c0ad07112ee47f633324ebd69bf65302ac8,potted plant,complete,False,bbox_inertia,open_mesh|center_of_mass_out_of_bounds|inertia_not_positive_definite,
ebb6136dba027318ba32c409a85e1086fc6da230,wall art,complete,False,weld_or_static,open_mesh,
ebc14c3e81c0d9a43771ba9f6e03da9c8aa6e0ac,pendant lamp,complete,False,weld_or_static,open_mesh,
ebc89a771a73e87f3d8debd1d762158f3f051cb3,bench,complete,False,bbox_inertia,open_mesh,
ebcbc9105cb08694adb8dd6f7a154ac70774da7f,bar stool,complete,False,bbox_inertia,open_mesh,
ebcc3000f12eeb8d39d16b1724097ffac6d4bc13,end table,complete,False,bbox_inertia,open_mesh,
ebce1f2f3ee46a07b1a94a554202b18e684dd6cc,bread-bin,complete,False,bbox_inertia,open_mesh,
ebd23b41e938e127bf1b67608dd9b99a3466b958,hamper,complete,False,bbox_inertia,open_mesh,
ebd523b942e6ff3c08c7fe222da0ccbd8c54ab49,swivel chair,complete,False,bbox_inertia,open_mesh|degenerate_faces,
ebdc1c859bc54bc67a2dba4fb9eda25ec1e3abf7,chest of drawers,complete,False,bbox_inertia,open_mesh,
ebe0ebef0e0181e8a06838dec7413e9b774e2257,toy box,complete,False,bbox_inertia,open_mesh,
ebe3bf614471d72e1fb24c34b3bcedf5382f34c8,showerhead,complete,False,bbox_inertia,open_mesh,
ebe666c00f31e06e0c8cd52744a47ed226021aa0,coffee table,complete,False,bbox_inertia,open_mesh,
ebe89b21c4795fc783dec6f69fd2b1db691e27d1,range hood,complete,False,bbox_inertia,open_mesh,
ebe95e90df6cefd0e3af6dbc320b82323535a540,tray,complete,False,bbox_inertia,open_mesh,
ebe9eb8ef6d434f3ed19104907bd93073afc4cf3,rug,complete,False,bbox_inertia,open_mesh,
ebf13b3eef1e2f66c8bb5a238d0b4b2d2a5d69c7,wall mounted screen,complete,False,bbox_inertia,open_mesh|center_of_mass_out_of_bounds,
ec088effb528763544f8201107af6a5337af0141,buffet,complete,False,bbox_inertia,open_mesh,
ec09eff22b5cba63c206b16a960ab411411d2488,carafe,complete,False,bbox_inertia,open_mesh,
ec15acff720b9c1e994640475f2b56ae5e78c2fe,wall mirror,complete,False,weld_or_static,open_mesh,
ec18a3aa141da6cc66cd7e3cc90909fb071481bc,chest of drawers,complete,False,bbox_inertia,open_mesh,
ec2e7b7f73623dbc8d590c5873d7bda8c77fafac,railing,complete,False,bbox_inertia,open_mesh,
ec392b4f3d4968a83003ee8c17854be753eca8c3,desk,complete,False,bbox_inertia,open_mesh,
ec39e735365743fed95312d888ac4e1990d70e67,sofa,complete,False,bbox_inertia,open_mesh,
ec44b99d2e75b597a7a8ccfcee8871dad740fa28,buffet,complete,False,bbox_inertia,open_mesh,
ec4b8a7f7ec511809ba17d18a95cd5deac04a45f,rug,complete,False,bbox_inertia,open_mesh,
ec565b0671596a1104c7204001ad6086bd49e9f4,magazine rack,complete,False,bbox_inertia,open_mesh,
ec5696be45d44b2510cc356672117115056bfec8,chair,complete,False,bbox_inertia,open_mesh,
ec5a7b51f7301d831b35da3e857ce1e189e34cce,potted plant,complete,False,bbox_inertia,open_mesh|center_of_mass_out_of_bounds|inertia_not_positive_definite,
ec6d929832a895b456fd6cca745a18c192c41f4b,refrigerator,complete,False,bbox_inertia,open_mesh,
ec77fb346bac3130f1c259cf28ec04c1e8edce3e,wall mirror,complete,False,weld_or_static,open_mesh,
ec7a01d8f3ffeb6d66d38caf2f01c3c70a80188a,console table,complete,False,bbox_inertia,open_mesh,
ec8290e25052875609487ff91cdf4888f524d647,"bar stool.n.01,chair",complete,False,bbox_inertia,open_mesh,
ec8a7b995cbe7d447021c400fa29e465f89bd632,end table,complete,False,bbox_inertia,open_mesh,
ec97b7791dbdf482a17c2eefb8d2ed0030f0deba,pendant lamp,complete,False,weld_or_static,open_mesh,
ec97c8297cfd755ee3ab2a1d8476d60d0afe84eb,bowl,complete,False,bbox_inertia,open_mesh,
ec985fadeb6b4dbaaeb3cb9daef9dbed3eda7c35,buffet,complete,False,bbox_inertia,open_mesh,
ec9ae9e69daef8b6d63a902d678fc4d3a183ef10,table lamp,complete,False,bbox_inertia,open_mesh,
ec9c7467f293bdb29cc6b57796f343609770bc7c,potted plant,complete,False,bbox_inertia,open_mesh|center_of_mass_out_of_bounds|inertia_not_positive_definite,
eca537900f6061acbb8198bccd78f0241505227c,wall mirror,complete,False,weld_or_static,open_mesh,
ecb02bc25335bc3002379a0f5adcd4495e7c2223,dining table,complete,False,bbox_inertia,open_mesh,
ecb23145bd23ff3a6f57ede3b897564481da9faa,wall art,complete,False,weld_or_static,open_mesh,
ecb6b622714934a54601cbde0c23dafd684c3e43,rug,complete,False,bbox_inertia,open_mesh,
ecbd9f5366385b14a468ae59696a516013286808,nightstand,complete,False,bbox_inertia,open_mesh,
ecc45a24529ad5a90d670a48e6b2140c553f5190,floor lamp,complete,False,bbox_inertia,open_mesh,
eccf8ba37c804b9067e675f09eec2c13e951f61c,washer,complete,False,bbox_inertia,open_mesh,
ecd7c0f6d92bd9fd9daee111398e7f5f36de5661,towel rack,complete,False,bbox_inertia,open_mesh,
ece35962bf526099b9c50ed0105561b6bd9cba9f,cabinet,complete,False,bbox_inertia,open_mesh,
ecf01604cd0958929fb26e0be43329844fa20e55,desk,complete,False,bbox_inertia,open_mesh,
ecf2cc5c0a73f390769e491fce8c1ad34613d325,wall mirror,complete,False,weld_or_static,open_mesh,
ecf9c55086b8956599d460605eead478a796465b,bar stool,complete,False,bbox_inertia,open_mesh,
ed0490764c26067b1a4aba532e33fda83c210146,end table,complete,False,bbox_inertia,open_mesh,
ed0aa64bada991d110a2a35fda90dadeaec63be4,lamp,complete,False,bbox_inertia,open_mesh|degenerate_faces,
ed33312cf48e36158d4609a146edbd0249e20cd5,cabinet,complete,False,bbox_inertia,open_mesh,
ed3890167aedfeb71af4b995fb92ce17bef66639,window curtain,complete,False,weld_or_static,open_mesh,
ed3ac6c284f74cdb9212dbfb8f166c8602df82a4,armoire,complete,False,bbox_inertia,open_mesh,
ed40273cbd12ff87551ca3cfcd6f1098d6aab3f2,kitchen cabinet,complete,False,bbox_inertia,open_mesh,
ed469783669b43814b2a723e50aeb711d9f92539,bar,complete,False,bbox_inertia,open_mesh,
ed4ed55a08fac410b09e2d1f351d84893eaa7136,sofa,complete,False,bbox_inertia,open_mesh,
ed52ec3c148b723afe956fad2587b437720a6860,wall art,complete,False,weld_or_static,open_mesh,
ed5d8d7d8aa62c17a9028ad333a2c2c79ea6635d,rug,complete,False,bbox_inertia,open_mesh|center_of_mass_out_of_bounds|inertia_not_positive_definite,
ed5f9d17e062354b417e92ba2b4a816661a43141,camera,complete,False,bbox_inertia,open_mesh,
ed630ea0019020334e7980e4bd2af50eebb026a3,table,complete,False,bbox_inertia,open_mesh,
ed7a108e14606219a13cd2a857added8a2b80239,floor lamp,complete,False,bbox_inertia,open_mesh,
ed841aa434aac95fc352d09b4ff36f65f5f01966,rug,complete,False,bbox_inertia,open_mesh,
ed844f9299e98d600fa64ba5432ff9ffc2c88430,bookcase,complete,False,bbox_inertia,open_mesh,
ed86643dde6d762a7a002dd94e66c4b4da2d4298,soap dispenser,complete,False,bbox_inertia,open_mesh,
ed8faaff035e3b9dc1097cd26fb15f1aadf47192,wall art,complete,False,weld_or_static,open_mesh,
ed943cd8dc7cedb573fb99c899be31601eb384f7,cabinet,complete,False,bbox_inertia,open_mesh,
ed95c877f692c3fad1b50a96e21ea1e02101dd42,bookcase,complete,False,bbox_inertia,open_mesh,
ed95f32cc00075ceed5bd4b593d2a06a444c0eec,cup,complete,False,bbox_inertia,open_mesh,
ed9c1eee1aab9068b5a67388f7d3dcde0472500b,chair,complete,False,bbox_inertia,open_mesh,
edac4829501b7064951b3e1b3ac2aaae5c1fe251,kitchen island,complete,False,bbox_inertia,open_mesh,
edb498492d6def925ba805ad97a8fc2b02e2aa1c,sofa,complete,False,bbox_inertia,open_mesh,
edc27665cc853ca3cdb3535c9231bf2c2b6b27e2,armchair,complete,False,bbox_inertia,open_mesh,
edcaad6754e1873c7a77a00913cc17f8bbdedd5d,wall art,complete,False,weld_or_static,open_mesh,
edcf785887ea16b28cbd481b349b1d64523ced51,table lamp,complete,False,bbox_inertia,open_mesh,
edd29c09710bf64c66065b6d884f573bc48682f5,sink cabinet,complete,False,bbox_inertia,open_mesh|inertia_not_positive_definite,
edd3385b54bd71f78712dd32183fdab902b88f8c,doormat,complete,False,bbox_inertia,open_mesh,
edd34596d5125eee65145548657413120b6c94cf,wall mirror,complete,False,weld_or_static,open_mesh,
eddd6a55069a845d5c9d18ed0a0d709885ad2a6e,table,complete,False,bbox_inertia,open_mesh,
ede7989fd3e2832cc7ccfafc332b582ce9d676ce,rug,complete,False,bbox_inertia,open_mesh,
edf190bde948f0a9563431f27102d88a533a3b0a,chest of drawers,complete,False,bbox_inertia,open_mesh,
edf5a667080ed733fda55514ee18a8081f9dcf9c,notebook,complete,False,bbox_inertia,open_mesh,
edfa72764d7e160fc8bc0ef4bd2ee480c4b6dca6,throw pillow,complete,False,bbox_inertia,open_mesh,
edfe028d82c6a568a78c955b3c8cd9199d946ad8,crib,complete,False,bbox_inertia,open_mesh,
edfeaf0a0d10011024b0a35b28c8219894076cec,table,complete,False,bbox_inertia,open_mesh,
ee030efb15ade53752e31312e42acabcf837fcb2,sofa,complete,False,bbox_inertia,open_mesh,
ee06a781bc8796d23c0f27564110f677cff7779d,kitchen cabinet,complete,False,bbox_inertia,open_mesh,
ee183f1fc138f6269b7d1ab90dd22969538a22aa,swivel chair,complete,False,bbox_inertia,open_mesh|degenerate_faces,
ee1d2c59808673d3b12c4f4cecb244f320e69add,chaise longue,complete,False,bbox_inertia,open_mesh,
ee2b1c47ba5094e8013f3794d9324fed5c71d16e,surfboard,complete,False,bbox_inertia,open_mesh,
ee38d57831a5ad411133f09f80e119641e50a0de,window curtain,complete,False,weld_or_static,open_mesh,
ee3ad06cf6a0b2b7fcc0f3cc0247f718ca90fe6b,wall mirror,complete,False,weld_or_static,open_mesh,
ee3e3d88531626aaed09ac7a8e910f7f032bc4c8,"kitchen appliance.n.01,slicer",complete,False,bbox_inertia,open_mesh,
ee3f42b9c1d188d103625187a0335f7818d0cdf8,club chair,complete,False,bbox_inertia,open_mesh,
ee40f3189cef7223efba7b28ffe3a49625f3fa86,chest of drawers,complete,False,bbox_inertia,open_mesh,
ee4b6239be4a2513feccbe0a96c2a59cda30b1ee,chest of drawers,complete,False,bbox_inertia,open_mesh,
ee51901dcbac477d664dde61d6986af177006f3b,weight,complete,False,bbox_inertia,open_mesh,
ee54179f9613e32a9e8a4d93f1680caa483d50ea,chaise longue,complete,False,bbox_inertia,open_mesh,
ee5aa790cae1f2406bc74a8c55d3b158420fbeb1,wall art,complete,False,weld_or_static,open_mesh,
ee5d696b11d2ccb24a36cbbae2507384f0bb92f4,bulletin board,complete,False,bbox_inertia,open_mesh,
ee5e350cfb35b8127df8563179964fe87f24ed86,wall art,complete,False,weld_or_static,open_mesh,
ee713cb62278a2a3242515429c97d2fa2102c445,table,complete,False,bbox_inertia,open_mesh,
ee797ab2a5264a8f127954931f7f3e45ebbe8a7b,wall hook rack,complete,False,weld_or_static,open_mesh,
ee7b9e4cf5c533737ebd058f7950ca632db5bc62,potted plant,complete,False,bbox_inertia,open_mesh|center_of_mass_out_of_bounds|inertia_not_positive_definite,
ee98fccde070292795afc79f792b1fdccd0017e1,chest of drawers,complete,False,bbox_inertia,open_mesh,
ee9ef1e3553783623560845de2f6161161d46f60,wall art,complete,False,weld_or_static,open_mesh,
eeac8f67026d5c6a8cccf81a9db10b6623a28fca,fireplace,complete,False,bbox_inertia,open_mesh,
eeb48ac51bb3acbec10b0fd4c097aa70d62986fd,wall mirror,complete,False,weld_or_static,open_mesh,
eeb67e8266a03ad7b2ccf44eac53d8778c5e3984,coffee table,complete,False,bbox_inertia,open_mesh,
eebb35940885f412144d525d4b4552727cf0da68,hanging cabinet,complete,False,bbox_inertia,open_mesh,
eec33a95190f033d18766ef0363b443892609f33,bathtub,complete,False,bbox_inertia,open_mesh,
eed320bf8d4d824d7e72c2bdb85ddd3e7b7690e3,refrigerator,complete,False,bbox_inertia,open_mesh,
eed84c1d8226520981101dc256ec780d601088c5,table lamp,complete,False,bbox_inertia,open_mesh,
eeda7487eff03967edba26410e0eb38ba3fcb5b9,lantern,complete,False,bbox_inertia,open_mesh|center_of_mass_out_of_bounds|inertia_not_positive_definite|degenerate_faces,
eedc440b949be844592cf2de757aa728f882ab11,dining table,complete,False,bbox_inertia,open_mesh,
eedc60093cc3519ed6b7891469ad7097bd9867c0,cabinet,complete,False,bbox_inertia,open_mesh,
eedddd6c9c1cd129827937511551cce239fafbe8,potted plant,complete,False,bbox_inertia,open_mesh|center_of_mass_out_of_bounds|inertia_not_positive_definite,
eee59ebbc41d1c62f94d465788d71e351e7500c2,pathway light,complete,False,bbox_inertia,open_mesh,
eeef5d9d901029b97e3e7898d15a626377232a14,swivel chair,complete,False,bbox_inertia,open_mesh,
eef2341f3bed67078f416269ea1b8a6252a21d45,dishwasher,complete,False,bbox_inertia,open_mesh,
eef3db56fba979e8543edc586b3749e9383fcdc7,throw pillow,complete,False,bbox_inertia,open_mesh,
ef0afcefdb8571790e79d33ae36bec6f60fabd2c,swimming pool,complete,False,bbox_inertia,open_mesh,
ef109fb2b790aff1ef35dbd0cfa485af31d53c9a,tv stand,complete,False,bbox_inertia,open_mesh,
ef1c3bc55155be752c2f261c14c3d04fc88bf043,pendant lamp,complete,False,weld_or_static,open_mesh|inertia_not_positive_definite,
ef23addc11dac03e7cb5b0db0971eea10e1c28a8,wall art,complete,False,weld_or_static,open_mesh,
ef2e10b0b642cdb7742470452fc01bd4a64f9ee2,wall art,complete,False,weld_or_static,open_mesh,
ef301ca7e1638883dfcbe35bf451d4f05b727371,wall clock,complete,False,weld_or_static,open_mesh,
ef3151692db4b6ac209ff1f493246e2f47be6a16,wall art,complete,False,weld_or_static,open_mesh,
ef32e2cd6dd99d883f627e238f55ad0766240d44,"stove.n.01,oven",complete,False,bbox_inertia,open_mesh,
ef36438c658fab0080157a178f5cdf7e4ec1862d,wall art,complete,False,weld_or_static,open_mesh,
ef36da95427cba04a8bfa5766b11dd170c5f0e31,throw,complete,False,bbox_inertia,open_mesh,
ef3d2bbe523dc2a99de4caeb0f706fb781bbd70a,projector,complete,False,bbox_inertia,open_mesh,
ef40c7caf4d983d5202311bba245db98790db004,bedclothes,complete,False,bbox_inertia,open_mesh,
ef43ca54e75207b5b9854dc27e7069e8b2dcc15d,dining table,complete,False,bbox_inertia,open_mesh,
ef4ef1a757e871e774b4f1a73c55906bea1dae7f,desk,complete,False,bbox_inertia,open_mesh,
ef5e6d723f4929ed1ed175781801e390569e7e9a,"toilet brush.n.01,toilet brush holder",complete,False,bbox_inertia,open_mesh,
ef5f1b9208feab193c638fd13ec9f5a1a671be80,ceiling lamp,complete,False,weld_or_static,open_mesh,
ef65c930c62e036c22ecbdfd26e4c9e5f052c8f9,frying pan,complete,False,bbox_inertia,open_mesh,
ef70ae8ed5ecc9acc9cc786e36b95b366cf95d50,desk,complete,False,bbox_inertia,open_mesh,
ef77ce4011d1236705688d74763c078a013ba7b9,wall art,complete,False,weld_or_static,open_mesh,
ef7b7f9ffe265b7cf39282afa925d9db4e0fdef3,wall mirror,complete,False,weld_or_static,open_mesh,
ef99d4c3836c69227f283a986815683d31b4caca,ceiling lamp,complete,False,weld_or_static,open_mesh,
ef9b08bbb9663f62e17996599a2f5887906ead5b,door,complete,False,bbox_inertia,open_mesh,
ef9caa695b25f0f494565190124ee19d77965e25,dining table,complete,False,bbox_inertia,open_mesh,
efae3a49f3ac0374763ed6407520bdeb699df4b8,sofa,complete,False,bbox_inertia,open_mesh,
efb2da80f1e8fa4129d7784f11baaa6ed6e116ed,jar,complete,False,bbox_inertia,open_mesh,
efb43e8fe3f3676e24825ad26cfd166737d1ae6c,coffee table,complete,False,bbox_inertia,open_mesh,
efb6c3459f50063f68e22e251177dd585ab22026,swivel chair,complete,False,bbox_inertia,open_mesh,
efb81055c59a1405078d571d047428f23e65101f,"letter.n.02,wall decor",complete,False,weld_or_static,open_mesh|invalid_volume|inertia_not_positive_definite,
efb8d9f40f02f756ddcd767fb4bfa081cc9ac520,kitchen island,complete,False,bbox_inertia,open_mesh,
efc0201c33f516285eea7f5ad4516fed892a4ba6,tissue box,complete,False,bbox_inertia,open_mesh,
efcf1f36229805bf808017e52e0aacdb4d731a4a,sofa,complete,False,bbox_inertia,open_mesh,
efd96c251b994fc62746d841a68390bea941b4a5,wall shelf,complete,False,weld_or_static,open_mesh,
efde761c88df576e063623dc3835c5fbe6bfceca,"stove.n.01,oven",complete,False,bbox_inertia,open_mesh,
effaac7a0ffcf86001a1f171803f46e43408d49a,barbecue,complete,False,bbox_inertia,open_mesh,
f0027755bd94035989d29a683874df8755979ee7,clothes tree,complete,False,bbox_inertia,open_mesh,
f00c52aab84c33101af70b8fdfc9d8f1a49ef331,potted plant,complete,False,bbox_inertia,open_mesh,
f018166600fafb4377f477b7fcdd41db9a87f6ce,hanging cabinet,complete,False,bbox_inertia,open_mesh|center_of_mass_out_of_bounds|inertia_not_positive_definite,
f025ddbddf010d750d973a09f03dfea80a849f07,console table,complete,False,bbox_inertia,open_mesh,
f02ec9e8f331df6f7ab2ed06534dab7cab5cbda3,lawn mower,complete,False,bbox_inertia,open_mesh,
f031282428e3a90b28d2283ec8bb39ba553d66c6,armchair,complete,False,bbox_inertia,open_mesh,
f034265418c7bd611d800160f9c43089bd90b0ac,gazebo,complete,False,bbox_inertia,open_mesh,
f03a9160a43f06d49d579eb58f6ed63740afa2e4,mantel clock,complete,False,bbox_inertia,open_mesh,
f040a5e7efbeb978c90b76b5ac1e412d65416a36,wall art,complete,False,weld_or_static,open_mesh,
f041e88852a943e9dbb2bd2c922ff9227d073cde,chair,complete,False,bbox_inertia,open_mesh,
f043ff8e22b9b110996b6c6d671be77f5ed04b53,potted plant,complete,False,bbox_inertia,open_mesh|invalid_volume|center_of_mass_out_of_bounds|inertia_not_positive_definite,
f0445464b0b253539065418da867b5ecb54bfb84,wall art,complete,False,weld_or_static,open_mesh,
f046652109824dd1aef179680d7d5c897303b1ff,tablet computer,complete,False,bbox_inertia,open_mesh,
f051410f7352c01b4ca09825d57d007df8221981,throw pillow,complete,False,bbox_inertia,open_mesh,
f05b5a7549814c8452f11eb553c4663d1b6ad5b7,pendant lamp,complete,False,weld_or_static,open_mesh,
f05bd29fb90510885dfdcd048dd7af8234dd7d01,bookcase,complete,False,bbox_inertia,open_mesh,
f0666ba5cfeec0ea4a577211377f854fcc7b9822,chair,complete,False,bbox_inertia,open_mesh,
f06b3e37fdf66bd189666db1386d52c2a757ec51,christmas tree,complete,False,bbox_inertia,open_mesh|degenerate_faces,
f06c68f87b5d56cb825f7029249c1eea91dace92,throw pillow,complete,False,bbox_inertia,open_mesh,
f06dc2beca9bdfaf900c469af3c22309acc1bb27,pendant lamp,complete,False,weld_or_static,open_mesh|degenerate_faces,
f06e2727948c85bce51796fb4091137df9fe22f2,table runner,complete,False,bbox_inertia,open_mesh,
f06e59e6905948c5acd166a73e54bc34aaf0aada,"stove.n.01,oven",complete,False,bbox_inertia,open_mesh|center_of_mass_out_of_bounds|inertia_not_positive_definite,
f06fb81bca5985254c9fb024c86544bb9684dc5a,wall lamp,complete,False,weld_or_static,open_mesh,
f0709f38f89e62afc6569574298400b912bf4407,chair,complete,False,bbox_inertia,open_mesh,
f07e005f3acb1f0b37cc65d6286b279092bfe955,end table,complete,False,bbox_inertia,open_mesh,
f08c543e483e80ca970c47b69511452310eeea69,coffee table,complete,False,bbox_inertia,open_mesh,
f08e9f0057a74950b3b2637c4a462ca7e258b28a,armchair,complete,False,bbox_inertia,open_mesh,
f08f0908cdece2c62dbfcb53e7e7a7d5f3a261bf,"stove.n.01,oven",complete,False,bbox_inertia,open_mesh,
f09c7563bd90cba5290b4f0d4bc81c33b2cbaf18,table lamp,complete,False,bbox_inertia,open_mesh,
f09c80231adac99a5ea0ceebab6465b531f660db,ceiling lamp,complete,False,weld_or_static,open_mesh,
f09d8b0034985941ac1890c8c0e7d32ecc003f75,wall art,complete,False,weld_or_static,open_mesh,
f0aefc7dcac192761cf696918086d2a21f9a5ee4,potted plant,complete,False,bbox_inertia,open_mesh|center_of_mass_out_of_bounds|inertia_not_positive_definite,
f0b8bacb93a554d4dc4a19da56e7ea883d39f59d,fireplace,complete,False,bbox_inertia,open_mesh,
f0ba4441429787fe8c15827ad4db233c4c743b3e,potted plant,complete,False,bbox_inertia,open_mesh|invalid_volume|center_of_mass_out_of_bounds,
f0bb593437ae75e3c1d663fd2cf47e353f37bf1a,wine rack,complete,False,bbox_inertia,open_mesh,
f0c1f2fc880187d25f9c334ebd100bb63400b140,nightstand,complete,False,bbox_inertia,open_mesh,
f0cb0140f0cfbebc78cd1b95c66bedc70d12f48f,chair,complete,False,bbox_inertia,open_mesh,
f0ccef0db54849d5d6f5ef2eca07de07830d0c3d,shower caddy,complete,False,bbox_inertia,open_mesh,
f0d044e427713818c8a0d9ee84f33e0266007fd1,picture frame,complete,False,weld_or_static,open_mesh,
f0d0666d5aac2ad9d896e5b6bc9c7f6be8b579ea,sink,complete,False,bbox_inertia,open_mesh|invalid_volume|center_of_mass_out_of_bounds|inertia_not_positive_definite,
f0d2a3176e6f71e2d0eadb9c5d99c3de5986c7f6,chandelier,complete,False,weld_or_static,open_mesh|center_of_mass_out_of_bounds|inertia_not_positive_definite,
f0d31b0988e86c312ee6b1c23715b2dd47c3d93b,floor lamp,complete,False,bbox_inertia,open_mesh,
f0d3570a14bff4ab4fcde493390106905dea9c9a,trellis,complete,False,bbox_inertia,open_mesh,
f0d7d0f5ed8c1079d28f6035e934b454a50bc34b,sofa,complete,False,bbox_inertia,open_mesh,
f0f0160ab7aa000031abb11510fc9080b92556ed,sofa,complete,False,bbox_inertia,open_mesh,
f0f2a95ef6f5d9d0a6801ddfbacc39441659ddda,flower in vase,complete,False,bbox_inertia,open_mesh,
f0f7e3ddf79817135625955cf726e2b940f60c74,wall shelf,complete,False,weld_or_static,open_mesh,
f0fa57bb82a301ada2509ea7f9767fce1d939633,sculpture,complete,False,bbox_inertia,open_mesh,
f0fa7f02f87161cdf2fe16cf7b9922f5017bba73,pendant lamp,complete,False,weld_or_static,open_mesh|center_of_mass_out_of_bounds|inertia_not_positive_definite|degenerate_faces,
f0fcdbcf659234717b03b5ff7fd76c1bbd7302ad,glass,complete,False,bbox_inertia,open_mesh,
f10182a2634ce1e05135d0245c107778505abb72,wall mirror,complete,False,weld_or_static,open_mesh,
f1060281ecb9903623755e30cf227200b71742dc,wall art,complete,False,weld_or_static,open_mesh,
f10eae3f3df155bdb519f2a7aa3443f51f111717,wall art,complete,False,weld_or_static,open_mesh,
f1200ce457e3656b60e9420e1b3eafc880c4be9b,window blind,complete,False,weld_or_static,open_mesh,
f136b5e672caff760c6c478c876b4b63f30a5dde,wall lamp,complete,False,weld_or_static,open_mesh,
f1472cfab8e5e70a0112813a8379743200bf5347,nightstand,complete,False,bbox_inertia,open_mesh,
f15f17f8ab0d82dca4d865e1a0bf9b519e226abd,end table,complete,False,bbox_inertia,open_mesh,
f161fe4fd2234d49ab5e452f7b4d869ae276330e,vase,complete,False,bbox_inertia,open_mesh,
f16d84784094d5618b4147424339d2ede8b22163,glass,complete,False,bbox_inertia,open_mesh,
f172324eef47eb930d2d10f6ddce5852d6e44941,plush toy,complete,False,bbox_inertia,open_mesh,
f1877225cf5f605f5805218b62941853f14c9d41,armchair,complete,False,bbox_inertia,open_mesh,
f1889a63bcd92db795556274f8222178905195a6,ceiling lamp,complete,False,weld_or_static,open_mesh,
f189f07dd84f84ec694f21df8c35e07d392c6486,chest of drawers,complete,False,bbox_inertia,open_mesh,
f190677272ce20e5b7129842c3ba28c4ce8a2eba,wall art,complete,True,weld_or_static,,
f198316e42f3f913fc79f8e431b0475e29962c35,picnic rug,complete,False,bbox_inertia,open_mesh,
f19bbcfbd82fa3925ebd452b5bdc4de442ffe148,armchair,complete,False,bbox_inertia,open_mesh,
f19f4eb60204eef42a4dc3b073ef9006916a2c0b,armoire,complete,False,bbox_inertia,open_mesh,
f1a090d794cf38e36a584e07672edf7ad1a70f8a,coffee table,complete,False,bbox_inertia,open_mesh,
f1a8ee1d325c42f3b1867c37051d8d9c5b7ae023,armchair,complete,False,bbox_inertia,open_mesh,
f1a9538a3f629465471e2a9c7983ea4f2de96058,wreath,complete,False,bbox_inertia,open_mesh,
f1aac17b9f3bca148ad965b01a18e2858a88e1a6,wall art,complete,False,weld_or_static,open_mesh,
f1b26d26f03db8b784b3fbc0ccdef3bbc080069a,toilet,complete,False,bbox_inertia,open_mesh,
f1d6e648da6a766b84a7a0c5b3f9df93a09a1579,throw pillow,complete,False,bbox_inertia,open_mesh,
f1de6498f43789e1c27150b3ae1f9b5bfc051775,sink cabinet,complete,False,bbox_inertia,open_mesh,
f1e102110798e180df90e6bdd7f570c118e60ee7,roof,complete,False,bbox_inertia,open_mesh|inertia_not_positive_definite,
f1e7dc995b7154e3949102fb32cfc6b5423497d0,ball chair,complete,False,bbox_inertia,open_mesh,
f1ef260c5ae58308cac79ca7307f7f6cc96c0f25,wall art,complete,False,weld_or_static,open_mesh,
f1f48b2a0b525fee2a739b2bad7a216a12bb8e05,ashcan,complete,False,bbox_inertia,open_mesh,
f200bfd1a62d3d18ae73e0006eaf1c09da084d0d,rug,complete,False,bbox_inertia,open_mesh|center_of_mass_out_of_bounds|inertia_not_positive_definite,
f200dda7ff76473e0a7264e1a2a115900c5c8778,gym equipment,complete,False,bbox_inertia,open_mesh,
f218edab9215f41ded402c33c1f7f8341bb3389a,soap dispenser,complete,False,bbox_inertia,open_mesh|inertia_not_positive_definite,
f219023b86de82c9e1e6bc946168ab9ccfe42bb2,throw pillow,complete,False,bbox_inertia,open_mesh,
f21b19baeb780987ab7a450e89ffaa95f7c9ee96,wall art,complete,False,weld_or_static,open_mesh,
f227ff7f9fb5cd79326383afc70a02eb1077f19b,"drawer unit.n.01,file",complete,False,bbox_inertia,open_mesh,
f22ca4b1483d8a7f284080f545dd7f244918cbbe,swing bench,complete,False,bbox_inertia,open_mesh,
f22cf30d79e9972df3854055944f0217355d62b5,kitchen cabinet,complete,False,bbox_inertia,open_mesh,
f22f4bfdd4be46c5a4e0f84c30cc4c03aec50768,bathroom scale,complete,False,bbox_inertia,open_mesh,
f23f7a49dd96c77752d37a55b7308f60a52e46ba,floor lamp,complete,False,bbox_inertia,open_mesh,
f241dee9e941d76422357e42149e0ad5902df1ae,end table,complete,False,bbox_inertia,open_mesh,
f248657dd92aa27babbebe36ee6d44efaf3b4660,wall mirror,complete,False,weld_or_static,open_mesh,
f25cf740f8e3cf689982238eb89491800f1e1a86,wall art,complete,False,weld_or_static,open_mesh,
f2659098f38a17e014343c77fd9affaaaea2f84b,laptop,complete,False,bbox_inertia,open_mesh,
f26b000e45fa07004a6260e3fdf205b9115a8731,bar stool,complete,False,bbox_inertia,open_mesh,
f2724f8efec0ec93aed225a032368fd3643e8927,base cabinet,complete,False,bbox_inertia,open_mesh,
f274d7f5c7fdc3931fb991ec7ce5de274b67d19e,table lamp,complete,False,bbox_inertia,open_mesh,
f28187af5a45ddad0a895b4c2104650665c63a98,shower caddy,complete,False,bbox_inertia,open_mesh,
f295d8ee41af6246c186b4bc8ee355d0f58dc02f,shower curtain,complete,False,weld_or_static,open_mesh|center_of_mass_out_of_bounds|inertia_not_positive_definite,
f2973f4839d826120e55c99a9e9c23610f214041,spoon,complete,False,bbox_inertia,open_mesh,
f29b95797c5c26bc3ffeb344b8d04a4b30b3086b,wall art,complete,False,weld_or_static,open_mesh,
f2a3d83d81db5a25abc9b8e3de1712d25d30e125,throw,complete,False,bbox_inertia,open_mesh,
f2b138146858900bdf089963bf1feef5ea5a60ab,toilet,complete,False,bbox_inertia,open_mesh,
f2bad92c971eaffdd1812db430aed6f7d1196f46,fireplace,complete,False,bbox_inertia,open_mesh,
f2c9b514d391f05b83a80d6698b7606c0e8bd447,wall art,complete,False,weld_or_static,open_mesh,
f2ce18328ea8ff1bda758f7f006af96c06a49864,printer,complete,False,bbox_inertia,open_mesh|degenerate_faces,
f2cfa0103cf69be3a0e367fd4cd968d0cac14233,potted plant,complete,False,bbox_inertia,open_mesh|inertia_not_positive_definite,
f2dffed56052aefe0a3c93bfb91c3b4b08317f2e,end table,complete,False,bbox_inertia,open_mesh,
f2f57cdf70b24f088e53c421cef1dfc1a606367e,wall mirror,complete,False,weld_or_static,open_mesh,
f2fde7a5cc2b4fd4f5d3415bb9a505df58c1cb67,armchair,complete,False,bbox_inertia,open_mesh,
f30335133a2922f7c19372367d106c696a74fab2,end table,complete,False,bbox_inertia,open_mesh,
f303d22d219dfb8878d74923c6d147fa02d0f64d,wall mirror,complete,False,weld_or_static,open_mesh,
f3067e788df2d34e996d66b11be70fa7ef3ffd45,end table,complete,False,bbox_inertia,open_mesh,
f31944479cf24b76c9416ed126fb2fda3cd1fabf,guitar,complete,False,bbox_inertia,open_mesh,
f31dab1a7497cf3cdac6084a566aade5836423ba,table lamp,complete,False,bbox_inertia,open_mesh|center_of_mass_out_of_bounds|inertia_not_positive_definite,
f31ef1c4bac9f129d3cb2d29016846c0102a81b3,wall art,complete,False,weld_or_static,open_mesh,
f32d564516054688e436525f51eaa9827095fc5c,table lamp,complete,False,bbox_inertia,open_mesh,
f344d0fce7b7f10c89b65d7c62b462c6d1507f8f,wall lamp,complete,False,weld_or_static,open_mesh,
f34f0d10253c0c019544a7f845c31409c1a88e24,club chair,complete,False,bbox_inertia,open_mesh,
f34f5c491dd0dab687e6090f674c3c4cdec1f888,roaster,complete,False,bbox_inertia,open_mesh,
f3501c9f2e9bc96d7aef82379ecdcaf46934430a,bar stool,complete,False,bbox_inertia,open_mesh,
f359e92c249c96d0121f40252c856f99008f9c2e,wall mounted screen,complete,False,bbox_inertia,open_mesh,
f35e6809f0a6753ca965a30e6bbb5013d988b286,wall art,complete,False,weld_or_static,open_mesh,
f3611bdf5295f762467c98607dc33485c45b9d31,wall clock,complete,False,weld_or_static,open_mesh,
f365569f79dbb2461c8d7232dfc33bd988d75e77,throw pillow,complete,False,bbox_inertia,open_mesh,
f3676b1fade7fa49209743acd4898d30939c4ea7,wall art,complete,False,weld_or_static,open_mesh,
f369cc8d533d4f409dc600f770df6bc4e5eb4d47,wall art,complete,False,weld_or_static,open_mesh,
f3730be66647ef3908608ea2b504e11c5340cd64,potted plant,complete,False,bbox_inertia,open_mesh|center_of_mass_out_of_bounds|inertia_not_positive_definite,
f376eee2893560e6d4e96fedfb32c29aece8ea3f,chest of drawers,complete,False,bbox_inertia,open_mesh,
f379c11757a750c4d77389c528bedbe9b2a6b542,nightstand,complete,False,bbox_inertia,open_mesh,
f385c0a53d1381993b8a1d90fc784aa0dadec362,air conditioner,complete,False,bbox_inertia,open_mesh,
f38789e88b2f8b182f9f5ee8211f1a5b987703cb,wall shelf,complete,False,weld_or_static,open_mesh,
f38f3c7a91ef9a7186507bea94aad3e2e25073b8,floor lamp,complete,False,bbox_inertia,open_mesh|center_of_mass_out_of_bounds|inertia_not_positive_definite,
f39368598bfaaeb04851ccc63ce863b953ac7a6d,telephone,complete,False,bbox_inertia,open_mesh,
f3975a3b4c00365b22e807ba2ae6a6730d5be736,toilet,complete,False,bbox_inertia,open_mesh,
f3997de7cc15e74685d604fbd63a9cefea73a829,ceiling lamp,complete,True,weld_or_static,,
f3a44ddf958c20d90a14a0be660a587c0a3123c4,bookcase,complete,False,bbox_inertia,open_mesh,
f3b8f5e1fd45ea0496a8e5091dbd7c23e87910b2,kitchen cabinet,complete,False,bbox_inertia,open_mesh,
f3b9745381984f8f20cb891a647afb531dcfc5d6,"toilet paper holder.n.01,toilet tissue",complete,False,bbox_inertia,open_mesh,
f3bb9e051a7c247dbeef435fa599abb81117c967,dressing table,complete,False,bbox_inertia,open_mesh,
f3bfb48a6fe7e9770b1f8b534c0599af6f06d3aa,wall art,complete,False,weld_or_static,open_mesh,
f3c89960070fe66026ced7add3861aefe3a9bd07,wall art,complete,False,weld_or_static,open_mesh,
f3e01d91881ec4bbafc3481ce19d85eaaff6d2f5,wall art,complete,False,weld_or_static,open_mesh,
f3f0ba385795940710491c8f1dadf03567904888,table lamp,complete,False,bbox_inertia,open_mesh,
f3f4adf2cb7decf3710b6c304f6da96c4cf2c59f,play area,complete,False,bbox_inertia,open_mesh,
f3f916bb4b25c171757663ff648f542183f39472,rug,complete,False,bbox_inertia,open_mesh,
f4007c38d282f04fb0510f305199e7ed8c2dddb9,wall mirror,complete,False,weld_or_static,open_mesh,
f401c614970ada44d00ce79eb53eb5f5522df350,kitchen cabinet,complete,False,bbox_inertia,open_mesh,
f405e03cb69947886728e539a099a3d4fe87c5b6,ceiling lamp,complete,False,weld_or_static,open_mesh,
f40c65a2d8eda8a2d4a496ccef36fc7a80e7ba04,nightstand,complete,False,bbox_inertia,open_mesh,
f40da9faa496401f03b9c114a0f06ab50fc84079,armchair,complete,False,bbox_inertia,open_mesh,
f42347f11463777e6d6e0e7521186bbde6cd8243,rocking chair,complete,False,bbox_inertia,open_mesh,
f427ee2c7b7482af6c00918245cad73df5241a94,vase,complete,False,bbox_inertia,open_mesh,
f43392aecce70c2def775a5a3bb92bdd63f8c978,console table,complete,False,bbox_inertia,open_mesh,
f4363e1e9eccfb9c31b5fd8319aeb7c44ae766af,wall mirror,complete,False,weld_or_static,open_mesh,
f43925f8de7745790102cdc7c43d05857fef4e3d,club chair,complete,False,bbox_inertia,open_mesh,
f4404a6bf0d014d267e6e6121b760d75497c85b0,jar,complete,False,bbox_inertia,open_mesh,
f444a672f6316410bd1cb26e6088d964f3619056,"letter.n.02,wall decor",complete,False,weld_or_static,open_mesh,
f4516669f6211ba19ad3b565caac0f471f781918,television receiver,complete,False,bbox_inertia,open_mesh,
f45a995da28588d8cc7fa62ccbb32e4c81ba7cf8,swivel chair,complete,False,bbox_inertia,open_mesh,
f45ffeea06efea70eb1f1e8fdf53a980dbb4aa5a,hanging cabinet,complete,False,bbox_inertia,open_mesh,
f4791ce40dbb8b07724e9024efbd8db267edf1ac,ashcan,complete,False,bbox_inertia,open_mesh,
f4855befb9b31731993d18453b87b05c0aaa267f,wall mirror,complete,False,weld_or_static,open_mesh,
f4890fa990296b58a88d82bea9a4a7f2bf848015,desk,complete,False,bbox_inertia,open_mesh,
f4912cd94bb4f8ccd9f18681f1ce614a5e24f606,ceiling fan,complete,False,weld_or_static,open_mesh,
f493df0a3c6a78965d4a87cd38a4e5c5edccdd9c,"stove.n.01,oven",complete,False,bbox_inertia,open_mesh,
f496db2790f62f73d925353aa772000aed9570de,vase,complete,False,bbox_inertia,open_mesh|degenerate_faces,
f497d186a78b367238f5cf26d5475f4338eded11,cabinet,complete,False,bbox_inertia,open_mesh,
f49e74ce1475c1125559222251ec1391d82b428a,pendant lamp,complete,False,weld_or_static,open_mesh,
f4a3649bf357b03de81d8859ec747eb0c1db1245,dvd player,complete,False,bbox_inertia,open_mesh,
f4a45868e5b9f545314d1b123a4b68f4458ba1f2,sofa,complete,False,bbox_inertia,open_mesh,
f4a83043ae6c0853df581ffbb91e4d4ba61ce9b8,coffee table,complete,False,bbox_inertia,open_mesh,
f4b84b285fdf37b677197cad41b45037294ce67e,wall art,complete,False,weld_or_static,open_mesh,
f4bc230471d6dd823233c7305235aa2ed2a4f98b,armoire,complete,False,bbox_inertia,open_mesh,
f4deee1a0a742d2bd0003ca6457d8eac032a6693,plant,complete,False,bbox_inertia,open_mesh|center_of_mass_out_of_bounds|inertia_not_positive_definite,
f4dfb1284c71db8a36d38366191b11bffc1a0aad,"stairway.n.01,stairs",complete,False,bbox_inertia,open_mesh,
f4e4d2ff2ff87127c3f8de45020555ad074c21c7,wall art,complete,True,weld_or_static,,
f4e99f50290a20b571200040b7acb933218c980e,table,complete,False,bbox_inertia,open_mesh,
f4ece64f13f86cff6e46b210c38c8f3b3d396408,toiletry,complete,False,bbox_inertia,open_mesh,
f4ed79fe7493f976c65ef6ce0d054869a6744e8d,wall art,complete,False,weld_or_static,open_mesh,
f4f31a18f05088794f03176bdf289513a2b9669f,wall art,complete,False,weld_or_static,open_mesh,
f500bfd0abef11745a337dd31a9cbb25e41644a4,rug,complete,False,bbox_inertia,open_mesh,
f507d379c85631542fd31a8ded587f47c962d4c1,ashcan,complete,False,bbox_inertia,open_mesh|degenerate_faces,
f508cfe6158b41feaf8f329726ebb9a877ac8af5,swivel chair,complete,False,bbox_inertia,open_mesh,
f50dad3091de4f60ff90e427df471a5d3de413fa,bathtub,complete,False,bbox_inertia,open_mesh,
f512a5671a794c26fd0bfabcf33bf4cc33b4203c,chandelier,complete,False,weld_or_static,open_mesh,
f5190e93461abfd5af55b308cfb873abb0dc44fe,wall art,complete,False,weld_or_static,open_mesh,
f51c9355d6f6e8f0aeaad4dc29ad86fca9fa234a,candle,complete,False,bbox_inertia,open_mesh,
f51e066d210a34e439921cec1d7b52a339fc298c,piano,complete,False,bbox_inertia,open_mesh,
f51fd63c6cd12ee673b94946d1450c6afc8713be,vase,complete,False,bbox_inertia,open_mesh,
f52acce6de591668fafb96e5f5ab0bbdc8bb9e06,wall art,complete,False,weld_or_static,open_mesh,
f52ff625e7f8890ea439ecedfd2de437874882f1,blackboard,complete,False,bbox_inertia,open_mesh,
f53423fa07febf84479b44d1ac4ee9a029b6a707,bedclothes,complete,False,bbox_inertia,open_mesh,
f53605efea794b6b75444b22dee928492d7e7f79,club chair,complete,False,bbox_inertia,open_mesh,
f53678c774829a81bbc52b1c82537aa953b3c2bd,window curtain,complete,False,weld_or_static,open_mesh,
f5392f1b1caa4aa74bfd589a93bb1cc1467425d2,makeup mirror,complete,False,bbox_inertia,open_mesh,
f541fe1f620505852560ab5f4e8bce9cfb66c713,rug,complete,False,bbox_inertia,open_mesh,
f542e38053638c71346cc597bf50a9ce650cbfd5,"bathtub.n.01,shower stall",complete,False,bbox_inertia,open_mesh,
f5522d21cc9297703236f32a16e5cecad83fe53b,jar,complete,False,bbox_inertia,open_mesh,
f559458e3821903732eabf9d77d297d4ea22e67a,wall art,complete,False,weld_or_static,open_mesh,
f564f2a2e73741e74899b75e16df4d8555a0cae3,basket,complete,False,bbox_inertia,open_mesh|invalid_volume|inertia_not_positive_definite,
f5726f2e407d3c64105ae2f86398cd413bf745c6,chest of drawers,complete,False,bbox_inertia,open_mesh,
f5774307cd8b7e70e4735aaf411f109ff4f7fc00,wall art,complete,False,weld_or_static,open_mesh,
f57a3f79ec71a075d7f30c57debb2ac6a41db024,bookcase,complete,False,bbox_inertia,open_mesh,
f57ae04324005d0ec3f831110c9b6b0a12470d62,kitchen cabinet,complete,False,bbox_inertia,open_mesh,
f589182a989168ab691b31d2513eb5218ec3ba52,pendant lamp,complete,False,weld_or_static,open_mesh|degenerate_faces,
f58947f958c50e143449786ec29f1fdbaf9a7570,bookcase,complete,False,bbox_inertia,open_mesh,
f598c7088bedbbc208a2ed8d292de22eee9f1bff,wall art,complete,False,weld_or_static,open_mesh,
f59aabd5d9837237e6d4dc314840db2efeb870d0,window shade,complete,False,bbox_inertia,open_mesh,
f5a154e8d963064a8e43960374e4b5be523d68b0,refrigerator,complete,False,bbox_inertia,open_mesh,
f5a1703c1f1532d6221289abf502e6010fdde3f5,fireplace,complete,False,bbox_inertia,open_mesh,
f5bf7b0f14752c987cd026abe7b1238fb25ff9b3,armoire,complete,False,bbox_inertia,open_mesh,
f5cec0553cf0fd427865f0c6e85212ca7159ce5e,wall shelf,complete,False,weld_or_static,open_mesh,
f5d30765219e9a8ac3a49fcabd6fdd56980893e4,chest of drawers,complete,False,bbox_inertia,open_mesh,
f5d48c5f67601ec6c03942a27f9d52fdd14b40f7,table lamp,complete,False,bbox_inertia,open_mesh,
f5d710a001f0b36bbd2b34d584101ffde31cba36,wall art,complete,False,weld_or_static,open_mesh,
f5de755a3643d796d234a70bee135a779d2e1a9f,rug,complete,False,bbox_inertia,open_mesh,
f5e43bb03760185aa65fcb543000743c26eebb04,rug,complete,False,bbox_inertia,open_mesh,
f5e9460870ed5da0fe1df653542b4b19a1a7bf6e,chopping board,complete,False,bbox_inertia,open_mesh,
f5ea33d88db89a8d119dfe2270375eb90c78f0bf,coffee table,complete,False,bbox_inertia,open_mesh,
f5f539757fefb13f032531561ca079adbe81b468,ladder,complete,False,bbox_inertia,open_mesh,
f5fd38513f70da066615a1de84e751cdf70bb91d,chest of drawers,complete,False,bbox_inertia,open_mesh,
f5fda3b7f27ba99c244297121f71616cb831d79a,wall art,complete,False,weld_or_static,open_mesh,
f6063bea0305f452aaaf33c0e8d6f671a71b765b,step stool,complete,False,bbox_inertia,open_mesh,
f609fa5d4d665f3677917e3c41da51f4aab20d8c,armchair,complete,False,bbox_inertia,open_mesh,
f60b880c50641292ae0673d5d2900f6f8e8ac6bd,table lamp,complete,False,bbox_inertia,open_mesh,
f619d4aebe06e15ef0e68fad7f84e8765639e6f6,wall clock,complete,False,weld_or_static,open_mesh,
f62c25664dc172b273d07ec39163e21a0e6483e8,throw pillow,complete,False,bbox_inertia,open_mesh,
f62fd6b788832d70f2d620315ae07a47e9d0da79,hamper,complete,False,bbox_inertia,open_mesh,
f637f110fbed653b7983d9fc6a6d53795b384461,sink cabinet,complete,False,bbox_inertia,open_mesh,
f6402c587fa67fbdba921024206525ee86432449,kitchen cabinet,complete,False,bbox_inertia,open_mesh,
f643a439d53a23a84950b7e95f15ad5edda59379,ceiling lamp,complete,False,weld_or_static,open_mesh,
f645034c4539d35096c1b6191bbfdf7699b4ea6e,bar stool,complete,False,bbox_inertia,open_mesh|center_of_mass_out_of_bounds|inertia_not_positive_definite,
f64c95f817b5a6c06dcbf46d51d2fea07672c050,planter,complete,False,bbox_inertia,open_mesh|inertia_not_positive_definite,
f65bef6e2d71f13653706ddfb5a0721d6e6ac575,storage box,complete,False,bbox_inertia,open_mesh,
f66c25db877fecf82d1337bb761a763d53259df9,faucet,complete,False,bbox_inertia,open_mesh,
f670913b903c696d06b6d478e57e63d2f8919c5e,clothes tree,complete,False,bbox_inertia,open_mesh,
f6729ecc234cbae90a9e82e469a83e8551847cc0,pendant lamp,complete,False,weld_or_static,open_mesh,
f675b766da561cf3ecc12c7f03b2c6c38c36c608,pendant lamp,complete,False,weld_or_static,open_mesh,
f6797d9694d2fba73f752e12bffd625548423783,rug,complete,False,bbox_inertia,open_mesh,
f67be0e4422a8abda3ea8ef6c428484adc290223,wall mirror,complete,False,weld_or_static,open_mesh,
f67e0621273b7a530c00764195df0cc8ce1772af,desk,complete,False,bbox_inertia,open_mesh,
f6853182c26e4d30f2164293adfa77986faae26c,window curtain,complete,False,weld_or_static,open_mesh,
f68d3d5d97fec3128fb897500b9428d0abe7f6a6,window shade,complete,False,bbox_inertia,open_mesh,
f692a20305f3fbb2a73438eab6e11ed202364339,rug,complete,False,bbox_inertia,open_mesh,
f6956517c9c0eebb905bf38ba5f672b6f3e1008f,wall art,complete,False,weld_or_static,open_mesh,
f698ff7c8d59bc3ba09f7fe2903fff5f7e34ef52,wall art,complete,False,weld_or_static,open_mesh,
f69ed3c4095bd94a80bc2f645f8ebdf03f6541ce,window curtain,complete,False,weld_or_static,open_mesh|invalid_volume|center_of_mass_out_of_bounds,
f6a0af9cc8d9e2b7a716a49cb3b8c4dbb4347830,wall lamp,complete,False,weld_or_static,open_mesh,
f6a629f5356539b09a3aff56ae5f779c7e842122,table,complete,False,bbox_inertia,open_mesh,
f6b5bf924de25d8ca15fe6e233045025e21c2be6,armchair,complete,False,bbox_inertia,open_mesh,
f6d1ac8f634ad47743c32018d3bda90d941a8abd,trunk,complete,False,bbox_inertia,open_mesh,
f6dd10eac07db3b0241b5fa04af399f1ecab71d1,table lamp,complete,False,bbox_inertia,open_mesh,
f6dff1b372baf384b3356f72a2299ea32a2af3fa,wall mounted screen,complete,False,bbox_inertia,open_mesh,
f6e1b91a12a782b87acc2369e613399bd6fd1574,throw pillow,complete,False,bbox_inertia,open_mesh,
f6e5e215cc9de5d43eda03fe3805394759e13a03,rug,complete,False,bbox_inertia,open_mesh,
f6e731a6956e06bc91178b1d219c08529e2baec0,roof,complete,False,bbox_inertia,open_mesh,
f6e8b04eea37c329c197cd9b6535b1b7642f0eef,ceiling lamp,complete,False,weld_or_static,open_mesh,
f6ebdd545514a311062aabe02c49a5a4098bc3aa,tv stand,complete,False,bbox_inertia,open_mesh,
f6ee4bdfdf655563a4c4bf0332c85745013ae1ff,fence,complete,False,bbox_inertia,open_mesh,
f6f04c9393d729583a1e8d4f578e1f7a86b8982e,end table,complete,False,bbox_inertia,open_mesh,
f6f3ca1c5069e8368681ad5bd4dfd0f524d991ed,showerhead,complete,False,bbox_inertia,open_mesh,
f6fcc984009f9416729641d35f0151295d0619ee,pendant lamp,complete,False,weld_or_static,open_mesh,
f703fe7330478ef72a64a1ceaa1dd112399da10e,bowl,complete,False,bbox_inertia,open_mesh,
f7045c2419175307b53c4509deafe4b412cd5afd,bookend,complete,False,bbox_inertia,open_mesh|center_of_mass_out_of_bounds,
f70c9cd37e4949edaa532254729fb3153ff6a76f,file,complete,False,bbox_inertia,open_mesh,
f714af314e5c3e5571e580ff30be7b2f17732221,pendant lamp,complete,False,weld_or_static,open_mesh,
f71a047404d2f54ad39e369f3a00cb9155bc50ae,china cabinet,complete,False,bbox_inertia,open_mesh,
f71c22e2956fcc6e97ace5d6bc9334ddcd1842c1,sink cabinet,complete,False,bbox_inertia,open_mesh,
f722b112aa56dd8a45dcac5a0b93a28576f2fec8,stove,complete,False,bbox_inertia,open_mesh,
f72c0e86085c6b6f48b82d47d5066248be8b7c4a,console table,complete,False,bbox_inertia,open_mesh,
f730d83fb57d625fe15827a9bb8f51cea74bdcf1,wall art,complete,False,weld_or_static,open_mesh,
f7384d6b7be9f030670dabb3b0f5215e6ff0ba98,window curtain,complete,False,weld_or_static,open_mesh,
f7411ceab74991d377e79d79664120d67ff53b71,floor lamp,complete,False,bbox_inertia,open_mesh,
f7695ad4af96588f474d7effe8e03b59c42889a5,throw pillow,complete,False,bbox_inertia,open_mesh,
f7701ca4696f7d1696a11a489706cecc21ca763b,tv stand,complete,False,bbox_inertia,open_mesh,
f7740384615905ee595ccf9f3a38f720762f816a,coffee table,complete,False,bbox_inertia,open_mesh,
f779d8fa89bc6886d256dd62697938fcb4a36f77,desk,complete,False,bbox_inertia,open_mesh,
f78585adeb7c1651efcc6c6cd3153306e80469d4,dining table,complete,False,bbox_inertia,open_mesh,
f78d13384c14c8fbcd35b05a4d0c6505513c2e90,wall art,complete,False,weld_or_static,open_mesh,
f79736b4217fdb4d125233cee62491a2207009bc,wall art,complete,False,weld_or_static,open_mesh,
f7a3c91894ed1f035dcc2f4f42ad3e5da0dbbfa0,place mat,complete,False,bbox_inertia,open_mesh,
f7ae15751ee5eb673578283fe5325e114943393f,end table,complete,False,bbox_inertia,open_mesh,
f7b333ae9d12c2e7575facf3671e05c7f4272f31,pendant lamp,complete,False,weld_or_static,open_mesh,
f7c6b788f7ff03952fbc5ec6af0caed4c4fb9cee,table,complete,False,bbox_inertia,open_mesh,
f7c7dc703c9e8e14f0b13814b002cfed603060e4,desk,complete,False,bbox_inertia,open_mesh,
f7cbd0f2f4701dc8662afd133976884a58df3215,pendant lamp,complete,False,weld_or_static,open_mesh,
f7cc06b10d286f084b1ceee474af9cea8b11b862,table,complete,False,bbox_inertia,open_mesh|degenerate_faces,
f7d1deb06de0465cfd7725eba9ab1c1287fb1bf5,wall art,complete,False,weld_or_static,open_mesh,
f7d6b3403cb014638d6796293e9bf43499fb042b,swing bench,complete,False,bbox_inertia,open_mesh,
f7da462319d0c7c38346e1dc0295bcd75ccae952,"wall art.n.01,sign",complete,False,bbox_inertia,open_mesh,
f7da57b5fb990420ede600ef329670fda0731955,throw pillow,complete,False,bbox_inertia,open_mesh,
f7dd7bd228c2036cf45951c3d956163357a6094a,chest of drawers,complete,False,bbox_inertia,open_mesh,
f7e970a71d2da31cb78fc933f0db82c1c7ad60b2,pet house,complete,False,bbox_inertia,open_mesh,
f7ee6c8391e90873c461cc15f93f1b067270b620,bookcase,complete,False,bbox_inertia,open_mesh,
f7f6f8c3ca10d014a1753a95c72c3b3bb3205969,picture frame,complete,False,weld_or_static,open_mesh,
f7f92f26039016b6fd3f81fd631bdd2d9437f0bb,table,complete,False,bbox_inertia,open_mesh,
f80ff0ccbc8ad674971dc8a339b291a8a8af26d6,wall lamp,complete,False,weld_or_static,open_mesh,
f8102ea07d331232d204362501a61f30350a5f83,wall mirror,complete,False,weld_or_static,open_mesh,
f81b77c4d79348328d944d69ba7a493ef106fc51,loudspeaker,complete,False,bbox_inertia,open_mesh,
f81d76ec51de5b21a4abaea60c7920110bbbae6b,wall art,complete,False,weld_or_static,open_mesh,
f83e14742826646382bb8a1968bbf2a70bb74735,throw pillow,complete,False,bbox_inertia,open_mesh,
f84624a16fc343ce94373e0ec45362127c70451a,desk,complete,False,bbox_inertia,open_mesh,
f84ebe846a70fa5f623ab76042761defa245bc15,ceiling lamp,complete,False,weld_or_static,open_mesh,
f8566bd61efc1299e3deb8b5185c1fb528bfba86,wall mirror,complete,False,weld_or_static,open_mesh,
f87a58959316378d0fa51f98f848384e465c6537,wall mirror,complete,False,weld_or_static,open_mesh,
f87c00e6e729f39bc0a6cf8a7762489dd147f4a9,gym equipment,complete,False,bbox_inertia,open_mesh,
f881803c939b961e066d7282382e92e6f7f98f51,buffet,complete,False,bbox_inertia,open_mesh,
f882fd4f125f85643ad8b03f3db42ca556275126,balcony,complete,False,bbox_inertia,open_mesh|invalid_volume|inertia_not_positive_definite,
f8841b14029099df9c23089d844c979084514c38,wall art,complete,False,weld_or_static,open_mesh,
f888c98f7f06c2edbce8d41ce8d38c043ecd5bd2,wall art,complete,False,weld_or_static,open_mesh,
f88cd9de04a1183bfcc38c61506bcc2e92c6a167,pendant lamp,complete,False,weld_or_static,open_mesh|center_of_mass_out_of_bounds|inertia_not_positive_definite,
f89f390efa6e2cf65b4833f6320eec8648d0d8e9,wall art,complete,False,weld_or_static,open_mesh|invalid_volume|inertia_not_positive_definite,
f8a1e9ad71428615e74490c8fe10d309b527ee55,coffee table,complete,False,bbox_inertia,open_mesh,
f8a9c7497f063378e4cef9d413f2012f3fa1d344,picture frame,complete,False,weld_or_static,open_mesh,
f8aa61c06228b4a2b01786c63ce8906b2d20c1ca,chest of drawers,complete,False,bbox_inertia,open_mesh,
f8b01d51b06fcba41cd2a7fa3f3f3a358df0b6a5,plush toy,complete,False,bbox_inertia,open_mesh,
f8b8235c6e241b3ef1922a7560736535d9c9219c,kitchen island,complete,False,bbox_inertia,open_mesh,
f8c1be8fafd7d652e850774aa20a4e33feddea4c,desk,complete,False,bbox_inertia,open_mesh,
f8c3bcfb71e73f96ad040bd10b75e3e03d2045dd,nightstand,complete,False,bbox_inertia,open_mesh,
f8c471802c4fd0622b2367a4f2ae7c58652aece7,globe,complete,False,bbox_inertia,open_mesh,
f8c685aa18a741e46b60a4e10150e36e61be9d0b,kitchen cabinet,complete,False,bbox_inertia,open_mesh,
f8c8a7a9cf0761ed95881dc14259b12d090d8b55,sofa,complete,False,bbox_inertia,open_mesh,
f8d4f892a20bc53f98f87de7715eed4e80fb0c81,wall art,complete,False,weld_or_static,open_mesh,
f8e37093ef38211864cbbb39ecdb78083984abd7,bar stool,complete,False,bbox_inertia,open_mesh,
f8f59a88b68db4e184b05c80edf949eae38ea082,exercise bike,complete,False,bbox_inertia,open_mesh|inertia_not_positive_definite,
f9106be97a1c9ea06b8ac1ddf0e3aa60b1fe2a94,end table,complete,False,bbox_inertia,open_mesh,
f9145f003f76977ed4be0f220c0f3a6b1023529c,potted plant,complete,False,bbox_inertia,open_mesh|center_of_mass_out_of_bounds|inertia_not_positive_definite,
f91a4b62ee3859ad3119ad04be8b60f65ead389e,coffee table,complete,False,bbox_inertia,open_mesh,
f923c8705c69ff525e17a5c5b66ac0cd3268d929,umbrella,complete,False,bbox_inertia,open_mesh,
f926c93e4a75dfebb9dc4afc1ae2efff644b9620,bouquet,complete,False,bbox_inertia,open_mesh|center_of_mass_out_of_bounds|inertia_not_positive_definite,
f927182d95b842ce7ae5898ffd9963b5c4733796,armoire,complete,False,bbox_inertia,open_mesh,
f927a93bc2b01b15f8392dc97fd998cfac22f9bf,stool,complete,False,bbox_inertia,open_mesh,
f927fc27c1c9849c5206f7fc15b4e7296b992572,balcony,complete,False,bbox_inertia,open_mesh|invalid_volume|inertia_not_positive_definite,
f92bb105d2e672da6813a66d5948b28367e91a6f,pitcher,complete,False,bbox_inertia,open_mesh,
f935bfb3451765fe24cc7a4d7511917588ab9a9d,wall art,complete,False,weld_or_static,open_mesh,
f93767512d04a4fcdbb274ad1e1072e17a5fc23d,table lamp,complete,False,bbox_inertia,open_mesh|inertia_not_positive_definite,
f937bf55ac89732d2a6154a8ace7555806236ad0,socket,complete,False,bbox_inertia,open_mesh,
f9417515e538be1c4c84dd484f7dfc03bbbb9ed8,telephone,complete,False,bbox_inertia,open_mesh|degenerate_faces,
f94591c6f69e25dab9b3d1dec0a04887cae8b16f,jewelry box,complete,False,bbox_inertia,open_mesh,
f95755853e145f6b14ecaac7610c68cbb027bf85,wall art,complete,False,weld_or_static,open_mesh,
f9587f9e73a94b8f1ae3547e3fe0521188cc7922,end table,complete,False,bbox_inertia,open_mesh,
f95f4509ece710aa1e43a86f9a4b6c81b4f0c069,throw pillow,complete,False,bbox_inertia,open_mesh,
f970ac95f7f4e149b2a4a21bcbf2df0acff5a007,espresso maker,complete,False,bbox_inertia,open_mesh,
f983ff568379c97ee9dfa7095b02a7688fbf60a4,toilet,complete,False,bbox_inertia,open_mesh,
f98697ac731469da3050fd2da36ba8f4a4baf2cd,hamper,complete,False,bbox_inertia,open_mesh|center_of_mass_out_of_bounds|inertia_not_positive_definite,
f98c28031324740e01f300978e64aa4fd91e15fb,nightstand,complete,False,bbox_inertia,open_mesh,
f98fdcd2d73cc387c8804f8491e39c80a2ed25d4,track lighting,complete,False,bbox_inertia,open_mesh,
f9a24444a0c313313c4243e8f489729f2fcea684,bench,complete,False,bbox_inertia,open_mesh,
f9a4d26177ad3fddc283d3ddf5bdccd938e7ced8,shower stall,complete,False,bbox_inertia,open_mesh,
f9aa6e3c89a05941c1eb6859bade56571bc54a1a,armoire,complete,False,bbox_inertia,open_mesh,
f9aecdeacbd79cb2d5025786210f20e2dd38ea11,bookcase,complete,False,bbox_inertia,open_mesh,
f9b120cff94c76238053b950e8a74b66312f071f,gym equipment,complete,False,bbox_inertia,open_mesh|invalid_volume|center_of_mass_out_of_bounds|inertia_not_positive_definite,
f9b8d96daa969944c9cb86404e0092dd7cbec4c8,buffet,complete,False,bbox_inertia,open_mesh,
f9b948194f7e202ff7a854a3bba9d8c9197bc4e0,pendant lamp,complete,False,weld_or_static,open_mesh|inertia_not_positive_definite,
f9ce9e87b840524cfd4404f4a0cfc52d88f2c794,glass,complete,False,bbox_inertia,open_mesh,
f9d848fef351eff42bb48b83dc30ff9d1492261e,place mat,complete,False,bbox_inertia,open_mesh,
f9db85d8dab685dcb21142b64314eb207de68dbf,bench,complete,False,bbox_inertia,open_mesh,
f9e4db045d55326d1f78cecb4daa9338e033a8a1,chaise longue,complete,False,bbox_inertia,open_mesh,
f9edbcfde457e4966eb294ba2cb7a9161e6c405f,wall art,complete,False,weld_or_static,open_mesh,
f9f2782899a7124ae07476db3dae629cf8f5742c,sofa,complete,False,bbox_inertia,open_mesh,
fa06b996b433699c8efde64c09620cc70600bb8d,wall mirror,complete,False,weld_or_static,open_mesh,
fa110cd796675483b23577bc0ab70ec090f6ebfb,serving cart,complete,False,bbox_inertia,open_mesh,
fa26f3ac2b4003fae1a5025526aabaaaa8458d37,swivel chair,complete,False,bbox_inertia,open_mesh|inertia_not_positive_definite,
fa2f278eaa6a4d90d1d5f75387190d170eb10f3d,sofa,complete,False,bbox_inertia,open_mesh,
fa38edfc82a3a32fb84aadf0c8b88cd9cddf9141,nightstand,complete,False,bbox_inertia,open_mesh,
fa3b094872420c4714ff74284f83f6dcdf8bc2ad,wall art,complete,False,weld_or_static,open_mesh,
fa4157def4e294f4fc7c68000d99b90821e47f75,chest of drawers,complete,False,bbox_inertia,open_mesh,
fa4784999bded45e376e3807e60c0875ae5dd08e,chest of drawers,complete,False,bbox_inertia,open_mesh,
fa48e5340c1537045e720bb6ffa9b66cfc5744ba,wall art,complete,False,weld_or_static,open_mesh,
fa4b1d6372666ce51c59b0cb1d82d2c8fdc9d2ab,armoire,complete,False,bbox_inertia,open_mesh,
fa4d3f93f58c79cfa36d5065c771e3fa8ffa3e10,stool,complete,False,bbox_inertia,open_mesh,
fa5104644c1c022b94118ec648bf70a48395fdb2,"paper towel.n.01,paper towel holder",complete,False,bbox_inertia,open_mesh,
fa5562e2e06d5c189107ed10f1c3e05552cb1bb2,kitchen cabinet,complete,False,bbox_inertia,open_mesh,
fa58c13910355dac154c515fa953d665c81372e0,potted plant,complete,False,bbox_inertia,open_mesh|inertia_not_positive_definite,
fa5c8c836453388913b0017c4a2e33304373bc31,vase,complete,False,bbox_inertia,open_mesh,
fa606f3aa667fb76d8b48db78dba5e78c02692b8,table lamp,complete,False,bbox_inertia,open_mesh,
fa70256704101482e0a6bb0e3b93acbdb2ce8fe7,wall hook rack,complete,False,weld_or_static,open_mesh,
fa73b902e5dd017b68d67f478dab0c58aa2e7e74,bookcase,complete,False,bbox_inertia,open_mesh,
fa786f463631d9e8ab7b794d8df610a233a445eb,armoire,complete,False,bbox_inertia,open_mesh,
fa789e8081853b39572baec1fbffedb9f2f3af7f,ceiling lamp,complete,False,weld_or_static,open_mesh,
fa7ddb625c1390cb1a63d2ab5dfef8d41ae6c63c,cabinet,complete,False,bbox_inertia,open_mesh,
fa8073e4e2b614342046f5c5bab1440a7c8d2dc9,"bar stool.n.01,chair",complete,False,bbox_inertia,open_mesh,
fa80d3d5d5a0e0cbec3f990d0bdd49829c889583,shopping bag,complete,False,bbox_inertia,open_mesh,
fa81b1a9889aee823c0cb2948c68b29bce5065de,chair,complete,False,bbox_inertia,open_mesh,
fa82e8aaf9cc3a11b4e6d8912d14af0972794683,footstool,complete,False,bbox_inertia,open_mesh,
fa8dfbcc33cf12400e2d1b3bd8304cd7981db6b7,cocktail shaker,complete,False,bbox_inertia,open_mesh,
fa965e7b3496016f5ed476c4c2aa6f288397b9fe,table lamp,complete,False,bbox_inertia,open_mesh,
fa992e8a80eb119d468fc7e67b73cdfb559c4613,ashcan,complete,False,bbox_inertia,open_mesh,
fa99367f5fb7ecda5a48ed3960415a36419f93e9,swivel chair,complete,False,bbox_inertia,open_mesh,
fa9fad081c332992f46a272b980da186e2a15619,bookcase,complete,False,bbox_inertia,open_mesh,
faa3c5c9cb8d500bc1b11cc2baeb3f49bef68b4a,picture frame,complete,False,weld_or_static,open_mesh,
faa789307cfd5512b7b0bf87527e803b6623769b,swivel chair,complete,False,bbox_inertia,open_mesh,
faaede19c7088ee8a686700742c614c96e47f413,"candle.n.01,candlestick",complete,False,bbox_inertia,open_mesh,
fab3e8e5223d512a551ed0826310e31a81cc9fee,armchair,complete,False,bbox_inertia,open_mesh|degenerate_faces,
fab65e048c066cfe2d5624e018e4e9074930f050,headboard,complete,False,bbox_inertia,open_mesh,
fabf0ec8dfd8af2033e7d28e54d2e2671835d684,wall mirror,complete,False,weld_or_static,open_mesh,
fac95c4954bad0428057008ef9ecf18226e185c5,barbecue,complete,False,bbox_inertia,open_mesh,
face4d88f43a4f81a0ea9ea4d2599483c6ed700d,jar,complete,False,bbox_inertia,open_mesh,
fada3076b2676b4f7139b3b33dd30e4917d81fcc,chest of drawers,complete,False,bbox_inertia,open_mesh,
fada88f1337faf8187a7853084724ddcc3068260,stool,complete,False,bbox_inertia,open_mesh,
fae4ebe70c14f70c6bd57039568534b5d809ab18,chair,complete,False,bbox_inertia,open_mesh,
faedb8346a1f6b74360ac5a45e0be59d37e13d55,kitchen cabinet,complete,False,bbox_inertia,open_mesh,
faefe63ba896c06920aa6d23b05ab83f3d6d37ea,washer,complete,False,bbox_inertia,open_mesh|center_of_mass_out_of_bounds|inertia_not_positive_definite,
fb06fb4559ecea7881e280af95b4b92e58270ff2,throw pillow,complete,False,bbox_inertia,open_mesh,
fb10f5c28cc55822c0b662f8b78a70f39093dec2,chest of drawers,complete,False,bbox_inertia,open_mesh,
fb17a5c931581c4f2b39af93065b2ff238672cfc,throw pillow,complete,False,bbox_inertia,open_mesh,
fb1ea1c31768d05397cce1bdc3e6cf2655555dd4,end table,complete,False,bbox_inertia,open_mesh,
fb227c11d11cce96646739bba47c9997510d9e35,ceiling lamp,complete,False,weld_or_static,open_mesh,
fb281b442f22eb29079c899c225dd865cdec6786,pendant lamp,complete,False,weld_or_static,open_mesh,
fb2f28a9daf7ae1b086ab46286ad5910d8889f92,chair,complete,False,bbox_inertia,open_mesh,
fb2f74adad7f712babad7f809f8da2e0463d0443,wall art,complete,False,weld_or_static,open_mesh,
fb3b5c03ef2dedb9f43f4ebe94f61a6202e3492c,wall mirror,complete,False,weld_or_static,open_mesh,
fb43121461f64e0e21ca253a07bf0a766fb5d158,footstool,complete,False,bbox_inertia,open_mesh,
fb4b685d7fad41f234069e88f1fc1d10134bded1,throw pillow,complete,False,bbox_inertia,open_mesh,
fb4d2c586c34570093fa23c350231f4d47debcde,"letter.n.02,wall decor",complete,False,weld_or_static,open_mesh|degenerate_faces,
fb5398a981d8c151a1186a5558d3cf8a6f7df68f,aquarium,complete,False,bbox_inertia,open_mesh,
fb6cd45d769a41b859a9c2de31d93e905af7436d,chair,complete,False,bbox_inertia,open_mesh,
fb6e8980c03c35515125f7ce3ca9ae9b6a5e10a4,rug,complete,False,bbox_inertia,open_mesh,
fb70790459d37a146d65ec9e2ac5c0c73c2e19ac,tv stand,complete,False,bbox_inertia,open_mesh|degenerate_faces,
fb757ae376be045ec538f416544191b47e05bbb8,chest of drawers,complete,False,bbox_inertia,open_mesh,
fb785bc8eb9b29d764bbcf3cff75e4e9b4f7e6b1,rocking chair,complete,False,bbox_inertia,open_mesh,
fb79f09241b6c217d9129123f824ac515ffdd91e,radio receiver,complete,False,bbox_inertia,open_mesh,
fb79f341d16bfb71aae8fe0ff025fe646e9248ee,shower stall,complete,False,bbox_inertia,open_mesh,
fb7aa17b6fb609a6e9c1bcbacad1580ecbe69c21,swing chair,complete,False,bbox_inertia,open_mesh,
fb8325020112cbf94b481e2524f9975ad7a45de1,chest of drawers,complete,False,bbox_inertia,open_mesh,
fb9d12344952cb2e228fe7a678329f138db2915c,motorcycle,complete,False,bbox_inertia,open_mesh|inertia_not_positive_definite,
fbbfeb5d105e75f1c970e39cde8ea7eb8bcaec7d,armchair,complete,False,bbox_inertia,open_mesh,
fbc0d929238a02e5c6efd8c061f86674b31263c2,ceiling lamp,complete,False,weld_or_static,open_mesh,
fbd0daa5fe42f6d882143f8d4010ea59c6b822f6,nightstand,complete,False,bbox_inertia,open_mesh,
fbdd16e50ec7771ba869990f18a90dfb744f100a,table lamp,complete,False,bbox_inertia,open_mesh,
fbdd36ee1ac69cf70143314fa7276e0dd9235730,wall art,complete,False,weld_or_static,open_mesh,
fbe1da92b4ec1d1ab6540aca91a52c64d42a6229,printer,complete,False,bbox_inertia,open_mesh,
fbeea099466186ec2d4af811c7ab24169c822092,flower in vase,complete,False,bbox_inertia,open_mesh,
fbf471c28742c0448154c4030d1ec088fe6c3ac5,wall art,complete,False,weld_or_static,open_mesh,
fbf828b972d59baba95d1a54e1f95442d7ea0b46,vase,complete,False,bbox_inertia,open_mesh,
fbfd1be7be3ffb73366b375589c1537225d64de8,shelving,complete,False,bbox_inertia,open_mesh,
fc040dfa1829155fc4f46ad9fc0061cac3772621,armoire,complete,False,bbox_inertia,open_mesh,
fc05e7ac46a9c7694f68561f9854500f0feb34fc,footstool,complete,False,bbox_inertia,open_mesh,
fc0ff877237969033d32f3ce1012b4221011e2c2,nightstand,complete,False,bbox_inertia,open_mesh,
fc2502e8def05199c4ccd92d3f7db44cb9ffb373,potted plant,complete,False,bbox_inertia,open_mesh|center_of_mass_out_of_bounds|inertia_not_positive_definite,
fc25875bc3e862dd82ebaa5db30461c8aa72d662,wall mirror,complete,False,weld_or_static,open_mesh,
fc2ac6f89a91654a06f2116ec2f2479e3107365c,medicine chest,complete,False,bbox_inertia,open_mesh,
fc2d461dfe96f499d7c38306747b8000e111b13f,vase,complete,False,bbox_inertia,open_mesh,
fc2f2dad7f1e2b5d7ea65182b33d31fe3ae3f2e6,bench,complete,False,bbox_inertia,open_mesh,
fc3183e8a0e448595f89cfd19f59205c6d22cb3c,nightstand,complete,False,bbox_inertia,open_mesh,
fc321262b774bd9c95c006b57dec5aef6c6b9abb,toilet,complete,False,bbox_inertia,open_mesh,
fc3a8896e25e5cc58df58d8e24a75c935ca161ba,potted plant,complete,False,bbox_inertia,open_mesh|invalid_volume|center_of_mass_out_of_bounds,
fc4c24323baf711f6a78c9cbd02dd590e8778c8a,potholder,complete,False,bbox_inertia,open_mesh,
fc52e7a8c3582fe2f488374fdf68e496d7ff8a74,sofa,complete,False,bbox_inertia,open_mesh,
fc5ee1471a2ef875cefdbe28ef3d6d33d5fffddf,stool,complete,False,bbox_inertia,open_mesh,
fc64d679a53ebcc94fed2536c715d0b1b21ec95f,throw pillow,complete,False,bbox_inertia,open_mesh,
fc71f5447c513b19a3c7218beb81ffdd47423173,window blind,complete,False,weld_or_static,open_mesh,
fc76031e0be0d585348c23239356a7f52468410e,wall mirror,complete,False,weld_or_static,open_mesh,
fc7a691be30049009fd939cca2d71310db4e664d,wall art,complete,False,weld_or_static,open_mesh,
fc7aa20f701c43d63e98d1eeadefdc10148197d4,table lamp,complete,False,bbox_inertia,open_mesh,
fc7c48ca1077e55e2060d3b0622ccfd008c3ff6a,chair,complete,False,bbox_inertia,open_mesh,
fc8695af4a0e4381a9162cfb2600affcc3085980,table lamp,complete,False,bbox_inertia,open_mesh|center_of_mass_out_of_bounds|inertia_not_positive_definite,
fc9b3aefa0d4bf73d3dafac3e9e4aa4497e1aa6f,rug,complete,False,bbox_inertia,open_mesh,
fc9f8dd33db0aad0f8179a4e1e448cbb46bbcddd,armoire,complete,False,bbox_inertia,open_mesh,
fca85495f061ff6ed8ea7f9c5d8757913ce438ab,rug,complete,False,bbox_inertia,open_mesh,
fca90fe43f5e272a58e8d20c5e205447250fb231,hanging cabinet,complete,False,bbox_inertia,open_mesh,
fcae3d93545969544b5aec155f56fda69f1a2f9a,cup,complete,False,bbox_inertia,open_mesh,
fcb2d13a1d0e84a2ec046dad8317166fe84ecc89,basket,complete,False,bbox_inertia,open_mesh,
fcba0d8624077ffc72bf5d1cedad457d94b9fa77,wall mounted screen,complete,False,bbox_inertia,open_mesh,
fcbaaa911318bd2d90773e9c8890a73ffcd1b604,shower stall,complete,False,bbox_inertia,open_mesh,
fcbec27e89a114dc373e08baa90f20bb503ecf3e,wall decor,complete,False,weld_or_static,open_mesh,
fcbf6292b5868850e9834cff597dcdf404cacca5,wall art,complete,False,weld_or_static,open_mesh,
fcc046afe57d8d3616e206364b7b7f20d04d9fdb,dining table,complete,False,bbox_inertia,open_mesh,
fcc28f0004ee893e16176115dfdc1be8c167e4bb,club chair,complete,False,bbox_inertia,open_mesh,
fccbc5d345b7887301b6644eddf52d58a37f65f2,"drawer unit.n.01,file",complete,False,bbox_inertia,open_mesh,
fccbc696de991f8a9547b04138db49c8ae596bf0,desk,complete,False,bbox_inertia,open_mesh,
fcd398b303ce33d4fc51caba1a897ad92c50e1c8,kitchen island,complete,False,bbox_inertia,open_mesh,
fcd3cdb03e553cd619428f7b0029ea46bd6bd977,potted plant,complete,False,bbox_inertia,open_mesh|center_of_mass_out_of_bounds|inertia_not_positive_definite,
fcd46aaa808e6c543dbb7a8992934f721f3f4dc2,throw pillow,complete,False,bbox_inertia,open_mesh,
fcd4cfd15f790272e5ce95bab3c62de87beb3142,serving cart,complete,False,bbox_inertia,open_mesh,
fcd760829a9e1029ca97a138b40f8ff3e018db80,plant,complete,False,bbox_inertia,open_mesh|center_of_mass_out_of_bounds|inertia_not_positive_definite,
fcddb0da814290f80b7796f72678dcb176e1046b,floor lamp,complete,False,bbox_inertia,open_mesh,
fcdffc361e210e9f362b697d3e0a679d5b3416ca,candelabrum,complete,False,bbox_inertia,open_mesh,
fce6857ea4c5e4637e43cc579da50c4967c22449,wall sign,complete,False,bbox_inertia,open_mesh,
fcfb0f1835ea7bc4381c8744aec2671153dc76fd,sewing machine,complete,False,bbox_inertia,open_mesh,
fd06d6e82abf64426f965c46b9a125caa23d874e,wall art,complete,False,weld_or_static,open_mesh,
fd0c0ff8a8550172efb5d3487c1c8aacb4a6f5d3,seat cushion,complete,False,bbox_inertia,open_mesh,
fd0cb5464b2b94f6d3ebad9cb2533a0ce6b36d20,floor lamp,complete,False,bbox_inertia,open_mesh,
fd185349ff7313c6c2d66670b3e55001364284e1,end table,complete,False,bbox_inertia,open_mesh,
fd1c5635fdff4ff6387c551e98b5c4c19ca6f878,wall panel,complete,False,bbox_inertia,open_mesh,
fd1cc760af86331967d7f8d0004c68849dec6288,coffee maker,complete,False,bbox_inertia,open_mesh,
fd1e99da9dbf160083155092b75012e1f9724d5c,table lamp,complete,False,bbox_inertia,open_mesh,
fd4af8210457005f636be7ad9f8d47327c3dee1d,rug,complete,False,bbox_inertia,open_mesh,
fd4d24d3442b2cd0f52dc63b62ee44244e7ccb0e,wall art,complete,False,weld_or_static,open_mesh,
fd4e4f3981b13556a4e92de5efb8b107a92851aa,wall art,complete,False,weld_or_static,open_mesh,
fd4eab6ad6b9085a2cab8f918366c957c0f75c51,picture frame,complete,False,weld_or_static,open_mesh,
fd5a8b90230c3a8f36f95aec4636d2a7e2a66b6d,car,complete,False,bbox_inertia,open_mesh,
fd5b1103e2d293b6e9e99b38f0f52dc567c5a2a7,pendant lamp,complete,False,weld_or_static,open_mesh,
fd5cb20554cd63527123cc7f23974c7433c9fbeb,dining table,complete,False,bbox_inertia,open_mesh,
fd5e67ad7478cc3c74ca410885df5f1ac20db8e5,window curtain,complete,False,weld_or_static,open_mesh,
fd60745108c2bae82be7fa631ac73df6fd6125ab,end table,complete,False,bbox_inertia,open_mesh,
fd6165b9b20129332320d81436353e5f887a5ed1,rug,complete,False,bbox_inertia,open_mesh|degenerate_faces,
fd763e1ae97291f1eadeac9e31e627ae34925737,window curtain,complete,False,weld_or_static,open_mesh,
fd773312233cde1d417cc17d479c24b55005a1e9,bed,complete,False,bbox_inertia,open_mesh,
fd798f8e278b90dcf95c5a61d568111a9b486dc0,telephone,complete,False,bbox_inertia,open_mesh,
fd80fe5af467034c4b5df520b0738277e3f22606,floor lamp,complete,False,bbox_inertia,open_mesh,
fd87954c7df415df7b45e87491915022a11c579d,armchair,complete,False,bbox_inertia,open_mesh,
fd8d2fe025eec667866cae0c9908a8f1cc486228,throw pillow,complete,False,bbox_inertia,open_mesh,
fd8e6858ced0ffa64b22da9b8e0c5932e706b24a,shoebox,complete,False,bbox_inertia,open_mesh,
fd8e82f013bf0b3cbeac233a43db84f119e5e431,dining table,complete,False,bbox_inertia,open_mesh,
fd940fdb42b1b8e6648dbb410f30c33be5a9f24f,wall art,complete,False,weld_or_static,open_mesh,
fd99e8af0aab94cafa5ec73787d55cfb330623fa,flower in vase,complete,False,bbox_inertia,open_mesh,
fda44fbed88b6966a5f396842342005d0e16eccd,wall art,complete,False,weld_or_static,open_mesh,
fdab806f49bef86e24c09b072d99b218df10dfbb,ashcan,complete,False,bbox_inertia,open_mesh|center_of_mass_out_of_bounds,
fdac2f69e7e63b84606e34edaad8692b679536df,pendant lamp,complete,False,weld_or_static,open_mesh,
fdb4c4d1ebd44a38bc672262c152a9cc5c740856,lantern,complete,False,bbox_inertia,open_mesh,
fdc07a59b1ffb24d6de5646547d6fe08da8ae5a4,dining table,complete,False,bbox_inertia,open_mesh|degenerate_faces,
fdc92bc1587bfd92efbe7a431cb901c0c1892e77,bench,complete,False,bbox_inertia,open_mesh,
fdd21bfd043b04019d8f4ed769177ae197c76fec,bookcase,complete,False,bbox_inertia,open_mesh,
fdd50522921663008c1e52e04905ec78aec1c622,kitchen cabinet,complete,False,bbox_inertia,open_mesh,
fdd91608c418ead483b7a0bbd78a82a6306f36d0,treadmill,complete,False,bbox_inertia,open_mesh,
fddd230b40d4c0cba89985b2a5a60f33c0cd756e,hanging cabinet,complete,False,bbox_inertia,open_mesh,
fdf7479cc9da8f4486359f66965869b5c58c74ed,hanging cabinet,complete,False,bbox_inertia,open_mesh,
fdfc8999f57d75dd53328b22615f578b7bceff93,desk,complete,False,bbox_inertia,open_mesh,
fdff40599039bd8e6b84c2fd2f993ef81e651fe3,wall decor,complete,False,weld_or_static,open_mesh,
fe031b5ce89f53f5d8a5cf56196ded4e60a77e4c,birdhouse,complete,False,bbox_inertia,open_mesh,
fe0df1e54d596626b2fdb77e8d7e2afc5b938ec8,rug,complete,False,bbox_inertia,open_mesh,
fe22d8c4dd51d96c589eb195af9cab114d85cc65,swing bench,complete,False,bbox_inertia,open_mesh,
fe2f537712c8741402437354c5a6c63dc3332f35,"toilet brush.n.01,toilet brush holder",complete,False,bbox_inertia,open_mesh,
fe3175f522dfcfe3d206c6d9bcc80f60790360fd,potted plant,complete,False,bbox_inertia,open_mesh|center_of_mass_out_of_bounds|inertia_not_positive_definite,
fe32c67755ef33b14368149fcb195ae7a611f38f,armchair,complete,False,bbox_inertia,open_mesh,
fe50d2ba4cbf24dda5f3d6aaed50a3860b102a3d,coffee maker,complete,False,bbox_inertia,open_mesh,
fe60eb8057f11a492d30d1080d6f35a7e6304b2f,xxxwall shelving,complete,False,bbox_inertia,open_mesh,
fe6a04f91f6d8c9d44b6c1ec30350ae3b12c6ef0,wall mirror,complete,False,weld_or_static,open_mesh,
fe6aa447cd586bbba1243ff4e5ab7fe74a40f675,armchair,complete,False,bbox_inertia,open_mesh,
fe6abead08c939b4d883a4843aeed17f80dc0107,console table,complete,False,bbox_inertia,open_mesh,
fe6c8a9d716dc203ebe5e7d439217dc03ff5a3c1,picture frame,complete,False,weld_or_static,open_mesh,
fe6cf9fe1d9ca360f68401e1acb61a74f4987430,seat cushion,complete,False,bbox_inertia,open_mesh,
fe799ce4f050da99c88ef6f994b2197d874cf67d,wall lamp,complete,False,weld_or_static,open_mesh,
fe7b72e6b526937ab2124a4691ad6e1510429ef0,coffee table,complete,False,bbox_inertia,open_mesh,
fe7bd204726280681e2e10a20fcf6033fce9c8a9,throw pillow,complete,False,bbox_inertia,open_mesh,
fe7eddf6a29810bab781b5ddd983d5f12d41bab6,wall shelf,complete,False,weld_or_static,open_mesh,
fe989c1324374b664c439d5faf1db3eddd761701,rug,complete,False,bbox_inertia,open_mesh,
fea22a2f360f47c36578e3f793525e53c28f0a10,throw pillow,complete,False,bbox_inertia,open_mesh,
fea8e9ef588c762c08dcf93005a250674219c48c,wall lamp,complete,False,weld_or_static,open_mesh,
fead0a77067515bd384f322f81592d868093c8ce,vase,complete,False,bbox_inertia,open_mesh,
feb130d3499f00724fa2263e3552d1c70dac6582,armchair,complete,False,bbox_inertia,open_mesh,
feb39fbc538b7a42b64d274baae3b8f10d8eb8b7,chest of drawers,complete,False,bbox_inertia,open_mesh,
feb414e9a23d7083e984cd8464f13464011f15d4,kitchen cabinet,complete,False,bbox_inertia,open_mesh,
fec094de1a401fd3361ead910c8cbb4ea99ae273,wall shelf,complete,False,weld_or_static,open_mesh,
fec1c753e6494a3f936b3684041e3140eff6e09a,"letter.n.02,wall decor",complete,False,weld_or_static,open_mesh,
fec1f039592db9aa823057d88f52730780fea593,wall art,complete,True,weld_or_static,,
fec5ab3dd9ef0cc40101a0976ffdd9c326610f46,footstool,complete,False,bbox_inertia,open_mesh,
fecdd6611218eb6c6a9d5e1cd3643f58a149a7fa,straight chair,complete,False,bbox_inertia,open_mesh,
fed2a84682713eabe2b8d0e1e950d891c7442d5f,nightstand,complete,False,bbox_inertia,open_mesh,
fed4eb525402998d5d53ad41649cc0d767aa6d99,chair,complete,False,bbox_inertia,open_mesh,
fed9e08e5cff089f3c27df8610f90f63f936f41d,wall art,complete,False,weld_or_static,open_mesh,
fedbb1f00ae06425db033fcccd9d3655717083a8,safe,complete,False,bbox_inertia,open_mesh,
fee0808f962dcbc1dd94f823b9ea30d194f47718,table runner,complete,False,bbox_inertia,open_mesh,
fee1901e7cdc5740b0d8764fdc12a42a13787b7e,refrigerator,complete,False,bbox_inertia,open_mesh,
fee7833a7a83e0475fdac238a97c153d634292f7,rock,complete,False,bbox_inertia,open_mesh,
fef66685e5945a740f974d07b66c142a2968c348,wall clock,complete,False,weld_or_static,open_mesh,
ff07ab7a595a3b2045d75c5d01fd93fa7fca3d16,kitchen cabinet,complete,False,bbox_inertia,open_mesh,
ff0fc2690041f405f828629827f55ca90218ad48,storage box,complete,False,bbox_inertia,open_mesh,
ff10cb92d3dbd50abc4b4aac608055945bdb31e7,vase,complete,False,bbox_inertia,open_mesh,
ff36dbd3fbe694604a1d4cf7b373ccb361529e7c,end table,complete,False,bbox_inertia,open_mesh,
ff3f501d99144ddb7e9aca99702f609ae6754a4c,rug,complete,False,bbox_inertia,open_mesh,
ff4c58065dcfa580b68f9e8de77e3d16ce2156d2,chest of drawers,complete,False,bbox_inertia,open_mesh,
ff4c7ccdb086d00be7ffd5a7e57d0064531304ce,footstool,complete,False,bbox_inertia,open_mesh,
ff669aa38f01ecdebf16fc376b4d5606c1d1bef3,armoire,complete,False,bbox_inertia,open_mesh,
ff698a0cb15de8749c925c8aae3e8cdb8e88aa8f,kitchen cabinet,complete,False,bbox_inertia,open_mesh,
ff6db99061b0d2d0745a399411e484d35385e2b0,throw pillow,complete,False,bbox_inertia,open_mesh,
ff7366f18451584f3e0f84494b90dc32e97cd9da,wall mirror,complete,False,weld_or_static,open_mesh,
ff7522d6066aec06e4c8a19cec3e6c56a7a3adca,wall mirror,complete,False,weld_or_static,open_mesh,
ff7ac44857ed740b2e18b59fe3b0ebce25f34ad0,console table,complete,False,bbox_inertia,open_mesh,
ff7de843876d16a1aae1f89893b99a8de13e826c,pendant lamp,complete,False,weld_or_static,open_mesh,
ff8845442c8d60bbcfdc5b7b0eb9ea08f7a85cf0,straight chair,complete,False,bbox_inertia,open_mesh,
ff8c73dced13943b8c4a0cfb52daa30882e42963,chest of drawers,complete,False,bbox_inertia,open_mesh,
ff8fae4529f904e46d0c0cf4fcd9cb5bf36ee3bd,chair,complete,False,bbox_inertia,open_mesh,
ff91b5657b7a07fd20f8fc54c3797da1a28cfb23,wall art,complete,False,weld_or_static,open_mesh,
ff950ba0a28b727b62847969d4b4e175e870416e,kitchen cabinet,complete,False,bbox_inertia,open_mesh|inertia_not_positive_definite,
ff99082d57e34fd0d48d6ea426c4f5de700ecb79,mat,complete,False,bbox_inertia,open_mesh,
ffa1b3baa11cd5cee0cafd1aa6c6d374a371e400,bookcase,complete,False,bbox_inertia,open_mesh,
ffb44e74fd5223fe28edce2117e26f841c8c9448,desk,complete,False,bbox_inertia,open_mesh,
ffc533304d539d5dae1ff1ee85a494e6df241c5b,rug,complete,False,bbox_inertia,open_mesh,
ffd0c436ccdf4cc56de91d5a90a86e64402f53bc,wall art,complete,False,weld_or_static,open_mesh,
ffd5d856642f1a686d533ad41029edd975271a7e,window blind,complete,False,weld_or_static,open_mesh,
ffdeb9fd68534d011e087672596421f9d00dada0,loudspeaker,complete,False,bbox_inertia,open_mesh,
ffe7f188905db704b89da68a2a15e721d074c7be,table,complete,False,bbox_inertia,open_mesh,
ffed38b647eeda9899a4a97f26de1f466957fc0b,armchair,complete,False,bbox_inertia,open_mesh,
ffef466940c5dbf1af90815ce2f506f68ecd25d1,mantel clock,complete,False,bbox_inertia,open_mesh,
fffc5ebffbe4ca4da3b1b4cf7ddc2af6a1c2ee97,wall hook rack,complete,False,weld_or_static,open_mesh,
xxxx007297d3xb73ax40c8xa56ex51f170cfb73f,rug,complete,False,bbox_inertia,open_mesh,
xxxx00d69168xd653x47aex95c8x4e0a56853ba2,blanket,complete,False,bbox_inertia,open_mesh,
xxxx02692de4x237dx4e06xa36ex5274ab2782d3,potted plant,complete,False,bbox_inertia,open_mesh|center_of_mass_out_of_bounds|inertia_not_positive_definite|degenerate_faces,
xxxx028aae45xe1b7x4e66x8a5axc363c56e327a,ceiling lamp,complete,False,weld_or_static,open_mesh,
xxxx028e6297xba22x4718xb4cbx1470a69a0bd6,basket,complete,False,bbox_inertia,open_mesh,
xxxx029cf0d5x2007x479bx9ae0x64038b6a6cb6,sofa,complete,False,bbox_inertia,open_mesh,
xxxx041a75a1x3270x4573x8991xd08d08e3ae14,throw pillow,complete,False,bbox_inertia,open_mesh,
xxxx04ce6371xf141x45dcx8d79xf7c193d2a1b6,glass,complete,False,bbox_inertia,open_mesh,
xxxx0702386dxa2bex48d9xb906xf82bb0a396e7,club chair,complete,False,bbox_inertia,open_mesh,
xxxx07289eaex9e77x42acxaeacxd40ba4b679c4,floor lamp,complete,False,bbox_inertia,open_mesh,
xxxx0c7cbd31xd485x4d15xa887x705923574969,towel,complete,False,bbox_inertia,open_mesh,
xxxx0d5123adxe1e7x40f8x8e05x676973968388,table,complete,False,bbox_inertia,open_mesh,
xxxx0e0ee0e0xc2a7x4710xb54axcbe6caa6d5b3,rug,complete,False,bbox_inertia,open_mesh,
xxxx0e4b25bbx2c67x40a0x9c66x8fccebe8a8d4,wall art,complete,False,weld_or_static,open_mesh,
xxxx0eb789bbx3025x428exa066x987ccfafe6ea,daybed,complete,False,bbox_inertia,open_mesh,
xxxx11742d78xf657x445bx9c24x35592b240c2d,record player,complete,False,bbox_inertia,open_mesh,
xxxx13a6deb5x2573x4fe9x9a44xd109592f75ff,candlestick,complete,False,bbox_inertia,open_mesh,
xxxx1760dfc2x8755x424dx9460x6f0ddf2a7a67,rug,complete,False,bbox_inertia,open_mesh,
xxxx17a82ccbxafdfx42d5xab4cxd07a0034b5c0,wall lamp,complete,False,weld_or_static,open_mesh|degenerate_faces,
xxxx17ca8327xc1f0x41efxb742xaab9cafdfd18,pitcher,complete,False,bbox_inertia,open_mesh,
xxxx1a9211bbxdbd2x4e77xb598xc693c6b7122e,floor lamp,complete,False,bbox_inertia,open_mesh|center_of_mass_out_of_bounds|inertia_not_positive_definite,
xxxx1ae0e97exf786x4862x8c5ex80b5044f44c0,cafeteria tray,complete,False,bbox_inertia,open_mesh,
xxxx1b6e995fx85d2x4508xb358x4efa78c51b48,wall decor,complete,False,weld_or_static,open_mesh,
xxxx1cee0a80xa9aax4bccx98a0xf9e94bb9279c,armchair,complete,False,bbox_inertia,open_mesh,
xxxx1d3141f1xa14ex4f1bxa180x6a76dcc05a5c,potted plant,complete,False,bbox_inertia,open_mesh|center_of_mass_out_of_bounds|inertia_not_positive_definite,
xxxx1e87c2fex06a2x48c4x941dxbb43908ff514,wall art,complete,False,weld_or_static,open_mesh,
xxxx1f169f22xb11fx4651xa88cx373ab6dfef2e,basket,complete,False,bbox_inertia,open_mesh,
xxxx1f2efbfcx492ax40b4x9ee0x8210915da3c7,basket,complete,False,bbox_inertia,open_mesh,
xxxx1fc8d1e9x38f3x47d6x9788xf59661ddf711,potted plant,complete,False,bbox_inertia,open_mesh|inertia_not_positive_definite,
xxxx2028ba63x306ex4a7cxbdfex547814d02b47,rug,complete,False,bbox_inertia,open_mesh,
xxxx20ce8c7dx7193x4c7fx9c23xe250553021d1,pendant lamp,complete,False,weld_or_static,open_mesh|center_of_mass_out_of_bounds|inertia_not_positive_definite,
xxxx21287dc1xbc29x461cxa3adx34d1aa08694d,planter,complete,False,bbox_inertia,open_mesh,
xxxx2141c61dx697dx461ax968fx8097100c35c2,canister,complete,False,bbox_inertia,open_mesh,
xxxx21770864xa692x4944x9c4dx4e8c8a75e7d1,potted plant,complete,False,bbox_inertia,open_mesh,
xxxx21d2f3c8xedd4x4619x90b0x62bad36c41cb,basket,complete,False,bbox_inertia,open_mesh,
xxxx226d6dffx6189x4db4xa71bx62b0cbbdff3f,wall art,complete,False,weld_or_static,open_mesh,
xxxx22f00688xa32cx46d7x9992x21f9d00248d7,table,complete,False,bbox_inertia,open_mesh,
xxxx230ea233x3f7fx40a1x848cxd6d1b0d9713b,wall art,complete,False,weld_or_static,open_mesh,
xxxx23a21e73x9c18x4952x8be6xb20ff7b1871a,hourglass,complete,False,bbox_inertia,open_mesh,
xxxx24bc2d1bx104ex4ef9x956bx10e6dbf2a8ff,armchair,complete,False,bbox_inertia,open_mesh,
xxxx26261aacx21b5x4a0cxa4ecxf4178873851d,wall art,complete,False,weld_or_static,open_mesh,
xxxx27240cbexcfbax4c0fxa07dx67f4455d7f0a,mobile,complete,False,bbox_inertia,open_mesh,
xxxx28f80079x640dx4cc1x8301xefd9a41dfaa5,wall art,complete,False,weld_or_static,open_mesh|center_of_mass_out_of_bounds,
xxxx2bd020c2xf609x41a8xbde9xa9d2de5ac584,hamper,complete,False,bbox_inertia,open_mesh,
xxxx2c997418xa75dx4644x91ebx792fb54da87d,bench,complete,False,bbox_inertia,open_mesh,
xxxx2d7fa89ax71d3x4ac7xb350xa294dd8ef99b,nightstand,complete,False,bbox_inertia,open_mesh,
xxxx2ea74d49x7f67x404bx93d8x1915363bdade,pet bed,complete,False,bbox_inertia,open_mesh,
xxxx30d28b68x4d7ex4815xa804x4c6279d5f156,nightstand,complete,False,bbox_inertia,open_mesh|degenerate_faces,
xxxx31c3e2eaxb753x40dfx9630xab5afbebd8ba,potted plant,complete,False,bbox_inertia,open_mesh|inertia_not_positive_definite,
xxxx32070234x8f71x4e7cx960fxfc5f84776d37,chess,complete,False,bbox_inertia,open_mesh|degenerate_faces,
xxxx322c56cbxdab6x4103x9cc6xb3682582bf0f,hand glass,complete,False,bbox_inertia,open_mesh|degenerate_faces,
xxxx33236ee0x42bfx40c2x8efdx120f08cbe2b3,wall art,complete,False,weld_or_static,open_mesh,
xxxx348c8a50xc87ex47c3xa75dx05bd90748dd3,clothing rack,complete,False,bbox_inertia,open_mesh,
xxxx354d66d6x42e6x420fx8c38x7f2c17de5c94,footstool,complete,False,bbox_inertia,open_mesh,
xxxx36cdfedexb506x4174xb70ex0b2299f0a5dc,wall art,complete,False,weld_or_static,open_mesh|center_of_mass_out_of_bounds,
xxxx36dbb991x6efbx46acx9696x8495ffbee9b3,wall art,complete,False,weld_or_static,open_mesh|center_of_mass_out_of_bounds,
xxxx3713898ex0dd8x429fx84c4x1b6f912a2eba,candle,complete,False,bbox_inertia,open_mesh,
xxxx3868e13cx3de2x4f51x991fx5e42b9633b0c,wall lamp,complete,False,weld_or_static,open_mesh|degenerate_faces,
xxxx38f5e324xd3eex4463xaecbxaf7244f46700,potted plant,complete,False,bbox_inertia,open_mesh,
xxxx3a4a5a54x3d01x4fc4x83dax2e90827e9c65,daybed,complete,False,bbox_inertia,open_mesh,
xxxx3a4d8840x65eax4986x98f8xb64e2fba5da6,vase,complete,False,bbox_inertia,open_mesh,
xxxx3adfe9d3x2e22x4b89x8f28x70117c6a0123,coffee table,complete,False,bbox_inertia,open_mesh,
xxxx3c6b4292x145ex4c1fxb155x5f28dfad3755,throw pillow,complete,False,bbox_inertia,open_mesh,
xxxx3df1391bx35d8x4752xad8exde9f3cf64b31,vase,complete,False,bbox_inertia,open_mesh,
xxxx3e44791axdec8x4e01xabc8x244e8337733e,wall lamp,complete,False,weld_or_static,open_mesh,
xxxx4008e213x2fccx48e6xa35ax7b760dc64fa4,luggage rack,complete,False,bbox_inertia,open_mesh,
xxxx40a2867fx4324x4791x9c25xcaae86136560,throw pillow,complete,False,bbox_inertia,open_mesh,
xxxx412de9fbxb718x47ebxa36ax6d4e0afe882e,basket,complete,False,bbox_inertia,open_mesh,
xxxx4182074fx5da9x4d19xac7dx30196c9cf450,pet bed,complete,False,bbox_inertia,open_mesh,
xxxx44429329xf583x43a3x9569xf739c2cef2ab,quilt,complete,False,bbox_inertia,open_mesh,
xxxx451ae2daxa7d3x4ea1xb66cx1f6b5bc332ae,wall lamp,complete,False,weld_or_static,open_mesh,
xxxx4541cffdx6e24x484ax8aa1x1e686c0caf42,potted plant,complete,False,bbox_inertia,open_mesh|center_of_mass_out_of_bounds|inertia_not_positive_definite,
xxxx4563c15fxf071x4882x9d49x48c9dca930ab,table,complete,False,bbox_inertia,open_mesh|degenerate_faces,
xxxx47126935x4c1ex4a75xbfa9x28190d1a805c,potted plant,complete,False,bbox_inertia,open_mesh,
xxxx477a8f1fx819cx42d3x85d6x3c29f136d0e6,wine rack,complete,False,bbox_inertia,open_mesh,
xxxx48644b6fx3794x4958xadd6xbdc44fbaf88d,desk,complete,False,bbox_inertia,open_mesh,
xxxx49b029c9x584dx47fdx8ae1x9ef375d878f0,wall art,complete,False,weld_or_static,open_mesh,
xxxx4ac1284cx8946x4b59x82cdxe253dcab0bca,potted plant,complete,False,bbox_inertia,open_mesh|center_of_mass_out_of_bounds|inertia_not_positive_definite,
xxxx4cb1866bx512fx47e3x82cfxf399d67915fb,wall art,complete,False,weld_or_static,open_mesh,
xxxx4d019c1fx9a21x4be8x8728x0b12c8b544e1,wall mirror,complete,False,weld_or_static,open_mesh,
xxxx4dfde049x5c39x476cxb431x101bdf23c481,plant,complete,False,bbox_inertia,open_mesh|center_of_mass_out_of_bounds|inertia_not_positive_definite,
xxxx4e3c4618xa567x44fax9a60x66e810ed567a,armchair,complete,False,bbox_inertia,open_mesh,
xxxx4f86f17ex88e2x4409x8659x8a1f52247395,candlestick,complete,False,bbox_inertia,open_mesh,
xxxx4f919124x72c9x46d1xacffxed5bbb2a269e,window curtain,complete,False,weld_or_static,open_mesh,
xxxx529bc1b9x55e7x4eb4xbd22x9f393d72a919,easel,complete,False,bbox_inertia,open_mesh,
xxxx532afee6xabbex4e01xb30cx8277ad6273cc,wall mirror,complete,False,weld_or_static,open_mesh|center_of_mass_out_of_bounds|degenerate_faces,
xxxx5426600exb5fdx47c9x8331x58bf7c5105cc,hamper,complete,False,bbox_inertia,open_mesh,
xxxx54c93c4fxabe2x463exafd8xcae01106dc7d,nightstand,complete,False,bbox_inertia,open_mesh,
xxxx54dca1f3x8b82x41dbxb47dxb345a313e1b8,throw pillow,complete,False,bbox_inertia,open_mesh,
xxxx54e9b51bxfd7ax4355x8728xf447c764ddd4,rug,complete,False,bbox_inertia,open_mesh,
xxxx562932e4x443cx47f7xaf2dxe60cabe20c9e,nightstand,complete,False,bbox_inertia,open_mesh,
xxxx56485f52x704fx4fdax84d0xf19fce540362,wall art,complete,False,weld_or_static,open_mesh,
xxxx565510a2xdf58x42ebxb8b2x610950cea20a,potted plant,complete,False,bbox_inertia,open_mesh|inertia_not_positive_definite,
xxxx575beb73xadbex4b2axbc06x2273ca72ce73,candle,complete,False,bbox_inertia,open_mesh,
xxxx575ccbc9x7677x434bx8bf1xf82880799acc,picture frame,complete,False,weld_or_static,open_mesh,
xxxx58555ed2xb162x4b59xb779x79d9a56f3109,purse,complete,False,bbox_inertia,open_mesh|center_of_mass_out_of_bounds|inertia_not_positive_definite,
xxxx58d3664dx750ax4875x9078x67b63ac42c67,"candlestick.n.01,candle",complete,False,bbox_inertia,open_mesh,
xxxx59b79f40x2b52x4d5axb58bx2c8d239b9a1e,vase,complete,False,bbox_inertia,open_mesh,
xxxx59f83e13xfb26x417fx9cafx9102dfd47dd3,bed,complete,False,bbox_inertia,open_mesh,
xxxx5ab79b21xbc0bx48c3x8a8dxe3114f2777bc,towel,complete,False,bbox_inertia,open_mesh,
xxxx5ae6c084xa11bx48a9xbcf2xc6a3faff10ea,wall art,complete,False,weld_or_static,open_mesh,
xxxx5b19d4e0xa35bx4a8exbe93x00f83a66b354,wall art,complete,False,weld_or_static,open_mesh|degenerate_faces,
xxxx5b90aecaxec62x4c50x96e4xbf3aeb5a1a6b,desk,complete,False,bbox_inertia,open_mesh,
xxxx5cfa0e5fx12eax4154x8364xb9ec35e7c46c,throw pillow,complete,False,bbox_inertia,open_mesh,
xxxx5fcc53a2xd71fx424ex8671x08cd2495a3f8,throw pillow,complete,False,bbox_inertia,open_mesh,
xxxx609fb6c8x44a7x4239xb341xb9880ac81843,vase,complete,False,bbox_inertia,open_mesh,
xxxx60f0faa9x5778x44c9xa5e9xcee47c7a6e86,table,complete,False,bbox_inertia,open_mesh,
xxxx61a5996cx67f4x43e0x8f00xb23baa32d0ff,rug,complete,False,bbox_inertia,open_mesh,
xxxx6234a06dx3ef9x47d9xafe6xd28e1e9524ad,wall art,complete,False,weld_or_static,open_mesh,
xxxx635e5077xbc16x4d9dx8f51x7a083ed6b3c7,stool,complete,False,bbox_inertia,open_mesh,
xxxx638af359x991fx4e3ax9d7cx10b39614bf6b,throw pillow,complete,False,bbox_inertia,open_mesh,
xxxx641b858bxbf86x48f2x8c92xfb97accf0c5a,throw pillow,complete,False,bbox_inertia,open_mesh,
xxxx6671ab0dxd8c0x432cxae1bx1cbb398d7748,potted plant,complete,False,bbox_inertia,open_mesh,
xxxx66b22b20x32c3x4916xb424x7b106cdc945c,potted plant,complete,False,bbox_inertia,open_mesh,
xxxx67393f5ex03ecx498cx9027x628f1075350c,wall art,complete,False,weld_or_static,open_mesh,
xxxx69c8e2cfx5a16x4499xbac4x97647feec4dd,wall art,complete,False,weld_or_static,open_mesh|center_of_mass_out_of_bounds,
xxxx6c1801faxa665x4b33xbf4cx00e7544ffcb7,curtain rod,complete,False,bbox_inertia,open_mesh|degenerate_faces,
xxxx6c3b8f4ax07a5x4c9exbf89x4cce25209c87,cup,complete,False,bbox_inertia,open_mesh,
xxxx6c766532xa291x4bd4xa75fx2ef35a0e008d,glass,complete,False,bbox_inertia,open_mesh,
xxxx6ca581e7x8b95x41bdxab7dx6d827d06095b,table,complete,False,bbox_inertia,open_mesh,
xxxx6cb87718x6144x4b76xb562xb99e16b34553,seat cushion,complete,False,bbox_inertia,open_mesh,
xxxx6e49bb54x629ax4f7fx88e4xe49db5341510,sofa,complete,False,bbox_inertia,open_mesh|degenerate_faces,
xxxx6f0dd30dx1271x426dx82b9xbca82d1d4301,throw pillow,complete,False,bbox_inertia,open_mesh,
xxxx6fbd367fx6cc0x471fxaa4cx55e2511d8bf7,swivel chair,complete,False,bbox_inertia,open_mesh|degenerate_faces,
xxxx6ffe1177x99fax4d71xa773x4a1a44dd25ed,throw pillow,complete,False,bbox_inertia,open_mesh,
xxxx70549301x5c59x4035xacc6xff1842008311,potted plant,complete,False,bbox_inertia,open_mesh,
xxxx7059daa3x72fdx42acxa267x9ee0ad8d6ff6,jewelry box,complete,False,bbox_inertia,open_mesh,
xxxx726d210axf386x4f1cx9980x0f46ffc56266,planter,complete,False,bbox_inertia,open_mesh,
xxxx750d5fe0xfdfcx4d44x9e6axb0ca2ca991ad,chair,complete,False,bbox_inertia,open_mesh,
xxxx7792b4a2xbe36x41bcx983dxb111291c60d6,sofa,complete,False,bbox_inertia,open_mesh,
xxxx79d23125xa11ax4f0cx9c45x01919c8d3b07,potted plant,complete,False,bbox_inertia,open_mesh|inertia_not_positive_definite,
xxxx7ad5a260x6931x4ed9xad4exd92ace5146f7,potted plant,complete,False,bbox_inertia,open_mesh|inertia_not_positive_definite,
xxxx7be8b02ax468bx40d5x9fd4x9edca1d27d1b,throw pillow,complete,False,bbox_inertia,open_mesh,
xxxx80038611x81cex4f9bx9ff4xd5c3cd9788ad,"bar stool.n.01,chair",complete,False,bbox_inertia,open_mesh,
xxxx8131008dx062bx441dx93cexb68a8ad6a8d5,wall art,complete,False,weld_or_static,open_mesh|center_of_mass_out_of_bounds,
xxxx81bde6c9x5401x43faxb12exfcd7fcc7760e,serving cart,complete,False,bbox_inertia,open_mesh,
xxxx8216ebf0x4385x4cf9xac76xddc2f469a121,potted plant,complete,False,bbox_inertia,open_mesh|inertia_not_positive_definite,
xxxx82261fccxf2d8x4aacxbf4axb3a0a222dbad,glass,complete,False,bbox_inertia,open_mesh,
xxxx8245685dx37abx4de9x9b2dx02117c0ea051,throw pillow,complete,False,bbox_inertia,open_mesh,
xxxx8568f6a7xb370x4773x8e7dxc78e3edacdc0,picture frame,complete,False,weld_or_static,open_mesh|inertia_not_positive_definite,
xxxx85e326a7x648ex4042x83f7x447577f1754a,ladder bookcase,complete,False,bbox_inertia,open_mesh,
xxxx880851daxf652x40fcx9f16x02736f576c59,chopping board,complete,False,bbox_inertia,open_mesh,
xxxx88767cf7x9e35x46acxa327x7c4ff311a7a7,potted plant,complete,False,bbox_inertia,open_mesh|degenerate_faces,
xxxx890b1588x3ebex4883xb5fax80c3aad17b16,hamper,complete,False,bbox_inertia,open_mesh|center_of_mass_out_of_bounds|inertia_not_positive_definite,
xxxx89738871x99acx4877xae92x8b914253a0c7,throw pillow,complete,False,bbox_inertia,open_mesh,
xxxx89c06feexeb4ex4182xb408x8f2f7f28b87c,seat cushion,complete,False,bbox_inertia,open_mesh,
xxxx8a64d36ax736ax4dc9x99f8xa2b68365e94e,throw pillow,complete,False,bbox_inertia,open_mesh,
xxxx8b7566a5x40eex4434x857bx526a7ce9959c,cabinet,complete,False,bbox_inertia,open_mesh,
xxxx8c029877x36d8x45e2x8f82xc159b9847528,throw pillow,complete,False,bbox_inertia,open_mesh,
xxxx8c1df49fx4ba1x43faxae0cxc1936dee9a3b,dining table,complete,False,bbox_inertia,open_mesh,
xxxx8c571039x10c0x4aaex93fbx3b776cf9410c,throw pillow,complete,False,bbox_inertia,open_mesh,
xxxx8cb9b4e9xe2b1x4e79xbf2dx1779cdf91e9e,planter,complete,False,bbox_inertia,open_mesh|invalid_volume|center_of_mass_out_of_bounds,
xxxx8e32a2a3xf43dx44a1xb203xee46cd42ac09,potted plant,complete,False,bbox_inertia,open_mesh|inertia_not_positive_definite,
xxxx8e4fe161x8dc6x430dxb9b3xf152f944c5ab,throw pillow,complete,False,bbox_inertia,open_mesh,
xxxx8fde19a1xa0bbx4e00x8173x780eab436d1c,throw pillow,complete,False,bbox_inertia,open_mesh,
xxxx8fef0b6fx2748x49e1xb5cbx543d7b04c65a,basket,complete,False,bbox_inertia,open_mesh,
xxxx907a98bfx418bx4c6dxbc7fxe259edc2b60d,chair,complete,False,bbox_inertia,open_mesh,
xxxx91982f33xb278x4c6dxbc98x360785ee2a8c,chest of drawers,complete,False,bbox_inertia,open_mesh|center_of_mass_out_of_bounds|inertia_not_positive_definite,
xxxx9335daa9x84b6x46fbxbe4cx45b6e9876382,wall art,complete,False,weld_or_static,open_mesh,
xxxx93727c8fx0854x4fdfxb2f7xf58d3f5af72f,potted plant,complete,False,bbox_inertia,open_mesh|inertia_not_positive_definite,
xxxx962ed056x74e2x4f30x98ffx26eea6a2adad,vase,complete,False,bbox_inertia,open_mesh,
xxxx96b5ab46x0f03x401fx91dfx0a0c108791ac,place mat,complete,False,bbox_inertia,open_mesh,
xxxx96e9160axf7eax4931x8f5cx5e8ab47299ca,cabinet,complete,False,bbox_inertia,open_mesh,
xxxx97260b56x56d9x46adx9c13xd5e7fa110870,hamper,complete,False,bbox_inertia,open_mesh,
xxxx973f8dd6xf39cx437dxbf3ex49a8102c8437,pendant lamp,complete,False,weld_or_static,open_mesh,
xxxx979e6d6dx9e4dx4a29xbba1xbb6bebeabdeb,"bar stool.n.01,chair",complete,False,bbox_inertia,open_mesh,
xxxx98497990x1135x47daxba4cx3178f16eb727,sofa,complete,False,bbox_inertia,open_mesh|degenerate_faces,
xxxx98ca8e24x2799x4b2ax9e55xe7d50429332e,ottoman,complete,False,bbox_inertia,open_mesh,
xxxx996984dcx59f5x4813xb4a1x3e5021c1fa1b,throw pillow,complete,False,bbox_inertia,open_mesh,
xxxx9980f374x4ef9x49c2xb14fx1fd1554b3bd1,hall tree,complete,False,bbox_inertia,open_mesh,
xxxx99b68487xa2bax4304x8767x2ec0a703d555,basket,complete,False,bbox_inertia,open_mesh,
xxxx9a0d37ffx5cadx4e16xa709x673ce8a794d3,wall art,complete,False,weld_or_static,open_mesh,
xxxx9b943299x0eabx4c50xb56fxd458bc108207,potted plant,complete,False,bbox_inertia,open_mesh|center_of_mass_out_of_bounds|inertia_not_positive_definite,
xxxx9bced4c2x856fx415cx9381x92ed933c0bb9,bench,complete,False,bbox_inertia,open_mesh,
xxxx9bdc5d53x2a89x4ff1x9518x0a450b35a71d,potted plant,complete,False,bbox_inertia,open_mesh|inertia_not_positive_definite,
xxxx9c987c6exb9f1x4848xa85bx6bfcf210554c,quilt,complete,False,bbox_inertia,open_mesh,
xxxxa066f1a9xde37x4b72xb834x68f9f9b78ae4,lantern,complete,False,bbox_inertia,open_mesh,
xxxxa14a445axaf10x4e5cx8bb1x789f8f1e60cc,kitchen appliance,complete,False,bbox_inertia,open_mesh|inertia_not_positive_definite,
xxxxa2c002d5xb19fx43b8x84acx0d631202626e,planter,complete,False,bbox_inertia,open_mesh,
xxxxa423deacx006ex4c0cxa9a0xb565b122a798,wall art,complete,False,weld_or_static,open_mesh,
xxxxa6855f05x0437x41eexb33bx95d0973cfe35,basket,complete,False,bbox_inertia,open_mesh|degenerate_faces,
xxxxa823591exe017x42f7xa1fcx0ee95fc5670c,nightstand,complete,False,bbox_inertia,open_mesh,
xxxxaca6cbf3x6e76x4d7exa46dx0f1547cbb5a4,"candlestick.n.01,candle",complete,False,bbox_inertia,open_mesh,
xxxxae2f01e3xe2c3x411dx9794xfab01d30c3f8,wall art,complete,False,weld_or_static,open_mesh,
xxxxaf473d33x3e91x4b4ex9182x033de637aafb,bed,complete,False,bbox_inertia,open_mesh,
xxxxb270429ax152bx4152x8468x6624008c3426,potted plant,complete,False,bbox_inertia,open_mesh|inertia_not_positive_definite,
xxxxb356c2a8x1d93x4c5fxac25x962a276d2dec,purse,complete,False,bbox_inertia,open_mesh,
xxxxb55e5d28x9d1ax478cxa918x328d91611f9e,potted plant,complete,False,bbox_inertia,open_mesh|degenerate_faces,
xxxxb8964ae9xd617x445ex9338xa923962f8ba0,potted plant,complete,False,bbox_inertia,open_mesh|inertia_not_positive_definite,
xxxxb8ef2baaxd21fx4695xbdc3x4dde2486271d,mirror,complete,False,weld_or_static,open_mesh|center_of_mass_out_of_bounds|degenerate_faces,
xxxxb95c14b5xd0cdx4852xb563x706a0dd828fb,throw pillow,complete,False,bbox_inertia,open_mesh,
xxxxb9bd042dx3096x4f06xb273xbc0ac020da76,rug,complete,False,bbox_inertia,open_mesh,
xxxxba5e8acax7ae0x45c5xbbc6x48fb85b326bd,wall lamp,complete,False,weld_or_static,open_mesh,
xxxxbc782b02x0cfdx46e0xb0a0xc45422544937,potted plant,complete,False,bbox_inertia,open_mesh|center_of_mass_out_of_bounds|inertia_not_positive_definite,
xxxxbcdf0625xdd05x4bb0x8c90x522f58f47de3,bowl,complete,False,bbox_inertia,open_mesh,
xxxxbe0989d6xfc2ax4516xa2c6xb497a6037fb8,wall art,complete,False,weld_or_static,open_mesh,
xxxxc04b1011xea57x4366xb19dxbe5f64f54be3,throw pillow,complete,False,bbox_inertia,open_mesh,
xxxxc0e1d9cbxea5fx4777x8b8bx0ee0f8733589,potted plant,complete,False,bbox_inertia,open_mesh|center_of_mass_out_of_bounds|inertia_not_positive_definite,
xxxxc24b125dxd5dex4ffbxa5a7xf41b4aa6707f,potted plant,complete,False,bbox_inertia,open_mesh,
xxxxc261679dx89b0x4c5ex8493x311ad698d940,armchair,complete,False,bbox_inertia,open_mesh,
xxxxc30e08f4x160ax4eb1x8845xa223d2a9b435,throw pillow,complete,False,bbox_inertia,open_mesh,
xxxxc5f5a4e6x249ex450dxb3b0x2e48a8bf816b,chair,complete,False,bbox_inertia,open_mesh|center_of_mass_out_of_bounds|inertia_not_positive_definite,
xxxxc81098ccxe330x44f9xb758x9d95f5f7bbea,wall art,complete,False,weld_or_static,open_mesh,
xxxxc8295eabx4cb6x4f98x8658x46d559a05254,towel,complete,False,bbox_inertia,open_mesh,
xxxxc93816b9xcb0ax41d6xabcex56b731b3eb1c,basket,complete,False,bbox_inertia,open_mesh,
xxxxc9dd921bx3ac3x4ec3xbd42xd1051b99b543,throw pillow,complete,False,bbox_inertia,open_mesh,
xxxxcb321f68x12e2x49baxa491x042208fe4615,table lamp,complete,False,bbox_inertia,open_mesh,
xxxxcc998956x4dc7x46b1x8b9fx984760a56878,bar stool,complete,False,bbox_inertia,open_mesh,
xxxxccb30c58x6dc6x4d15x9e92x1583d4c2562f,vase,complete,False,bbox_inertia,open_mesh,
xxxxcf52c887xd6ccx47d0xbf5fx448bc77e113d,armchair,complete,False,bbox_inertia,open_mesh|degenerate_faces,
xxxxd32eb1e2x09a7x45dcx8b7ex16a21c988ef7,napkin,complete,False,bbox_inertia,open_mesh,
xxxxd4bee1cex456ax4eb1xb87cxbe3cf2ec6ab3,console table,complete,False,bbox_inertia,open_mesh,
xxxxd4daff2ex60f1x4dc8xa1c7xdcf64fff318e,potted plant,complete,False,bbox_inertia,open_mesh,
xxxxd517c980x80cax4da0xbf58x5f70ecd7f8d4,wall art,complete,False,weld_or_static,open_mesh|center_of_mass_out_of_bounds,
xxxxd6ab189fx87bax4a29x8551x2000a3174bce,potted plant,complete,False,bbox_inertia,open_mesh,
xxxxd6dd4d47x3311x44e6xaba0x6f7193158e02,throw pillow,complete,False,bbox_inertia,open_mesh,
xxxxd71360fbxaefex4891x8c82xefbb2d701018,throw pillow,complete,False,bbox_inertia,open_mesh,
xxxxd72abb5ex5931x42ddx8fc4xb905537e8f8c,quilt,complete,False,bbox_inertia,open_mesh,
xxxxd7680404x5faex4115xa7a4x17215e5c7423,console table,complete,False,bbox_inertia,open_mesh,
xxxxd7b51f21x5eabx4ba0xa5c4xc71d874e6e9b,picture frame,complete,False,weld_or_static,open_mesh,
xxxxd8898244xc78cx4b1bxa5f6x36ace74efaaf,chair,complete,False,bbox_inertia,open_mesh,
xxxxd8a7930dx2e42x4a8bxbff9x5d6f100cd1fc,wall art,complete,False,weld_or_static,open_mesh,
xxxxda3d1590x905ex435cx96bbx53f35bd4f559,rug,complete,False,bbox_inertia,open_mesh,
xxxxdce8237exec05x4143xaf75xbd77fb6c94cd,rocking chair,complete,False,bbox_inertia,open_mesh,
xxxxde46a28cx3fcax477dx82b9x227719c98ba6,wall art,complete,False,weld_or_static,open_mesh,
xxxxdec17454x7a34x4a1axb1b4xbccb0c810a9a,pet bed,complete,False,bbox_inertia,open_mesh|degenerate_faces,
xxxxdff89276xa99ax422ex8c43x9266c5331df6,throw pillow,complete,False,bbox_inertia,open_mesh,
xxxxe0773d9ex3a59x44cexaae2x7a9b5fc0d0d7,bath towel,complete,False,bbox_inertia,open_mesh,
xxxxe1556aadx2566x4e54x822cx053db25ab06c,potted plant,complete,False,bbox_inertia,open_mesh,
xxxxe1827ba4x0e3ex41bdxbb27xef1df3236902,clothing rack,complete,False,bbox_inertia,open_mesh,
xxxxe3f9a974xfd88x433bx92c8x5f4d72d43be3,bottle,complete,False,bbox_inertia,open_mesh,
xxxxe3fab5b5xf170x401axbf07x7d5a6dec35e9,planter,complete,False,bbox_inertia,open_mesh,
xxxxe4201899xcce3x467axbcacx645044575628,ottoman,complete,False,bbox_inertia,open_mesh,
xxxxe6ecc3b1x656ax4652xbe6bxe0de1744087b,wall art,complete,False,weld_or_static,open_mesh,
xxxxe89e6353x1f54x46dexb369x94b01a246a0f,ottoman,complete,False,bbox_inertia,open_mesh,
xxxxe8c5086ex2804x4573xac75x7c822c11687f,potted plant,complete,False,bbox_inertia,open_mesh|center_of_mass_out_of_bounds|inertia_not_positive_definite,
xxxxe8d612e5xee3dx4fd8xbbf6xc5b0fb7f213c,ladder bookcase,complete,False,bbox_inertia,open_mesh,
xxxxe8ef8a2cx998ax469dxbe30xa71bf5dd9600,"candle.n.01,candlestick",complete,False,bbox_inertia,open_mesh,
xxxxea8e247cx8e90x4cd2xa6f9xc771fd0b68af,potted plant,complete,False,bbox_inertia,open_mesh,
xxxxec0a16f0x3401x4ab2x81bfx55cd9ebdf4eb,potted plant,complete,False,bbox_inertia,open_mesh,
xxxxec2c16dax7880x4711xb2aexd12b5ae0e1d5,potted plant,complete,False,bbox_inertia,open_mesh,
xxxxecb09bb6x3605x4355xbb21x16eee9b665c2,chair,complete,False,bbox_inertia,open_mesh,
xxxxed731722xceb4x4be0x8226x59294aacdf10,pet bowl,complete,False,bbox_inertia,open_mesh,
xxxxed8471c7x236cx488bxb738xb43e206f618e,wall art,complete,False,weld_or_static,open_mesh,
xxxxedd99980xebeax4c23xabb2xdf610602fc13,bookcase,complete,False,bbox_inertia,open_mesh,
xxxxee546710xfab3x45a9x91a5xd50db4cb0a16,potted plant,complete,False,bbox_inertia,open_mesh|invalid_volume|center_of_mass_out_of_bounds|inertia_not_positive_definite,
xxxxefdf1c75x32c0x4bfaxada2x48abb454466a,throw pillow,complete,False,bbox_inertia,open_mesh,
xxxxf07def29xd37dx4fe6xabf9xc6e8ffde9a87,bed,complete,False,bbox_inertia,open_mesh,
xxxxf16549ddx025ax48bdxa70dx755da3ec8608,glass,complete,False,bbox_inertia,open_mesh|degenerate_faces,
xxxxf2ce548bxccd4x48aex9518xaf99df64dd72,chest of drawers,complete,False,bbox_inertia,open_mesh|center_of_mass_out_of_bounds|inertia_not_positive_definite,
xxxxf3d34cd3x0738x4466xb38fxabf4cacc51f8,tv stand,complete,False,bbox_inertia,open_mesh,
xxxxf45a8691xe75bx4c1cx8a2fx5489a1a6f470,espresso maker,complete,False,bbox_inertia,open_mesh,
xxxxf5998fbbxb3f6x4d3cxa5d8x4736ca142d28,rug,complete,False,bbox_inertia,open_mesh,
xxxxfa501229xf083x4e96x9403xb9d72bfee777,bench,complete,False,bbox_inertia,open_mesh|center_of_mass_out_of_bounds|inertia_not_positive_definite|degenerate_faces,
xxxxfada0856x5a66x449fxad12x9db03aed918c,chest of drawers,complete,False,bbox_inertia,open_mesh,
xxxxfb675ffaxb23ax4ad2x9329x9d3679001734,bench,complete,False,bbox_inertia,open_mesh,
xxxxfc0bf81axe7b1x4b10x9537xf7f64ee0d5ed,string lights,complete,False,bbox_inertia,open_mesh,
xxxxfd0c8cbfx9cbax42e1xbba6x3d56adb64218,throw pillow,complete,False,bbox_inertia,open_mesh,
xxxxfd3476fbx13acx48dfx9654x6295bd56e2d7,basket,complete,False,bbox_inertia,open_mesh,
xxxxfd360ba4x0b85x456dx9d25x27ce62ee4202,wall art,complete,False,weld_or_static,open_mesh,
xxxxfec44175x9cb9x4b9cx9eddx518a02594ee4,wall art,complete,False,weld_or_static,open_mesh,
